id,value,flag,loop_count,retained,lookup_key
7475,539376,1,1000,1,3
2873,33837,1,1000,1,9
6785,625910,0,10,1,1
991,141842,0,10,1,15
6263,908987,1,1000,1,7
1388,578592,1,1000,1,12
3261,141895,1,1000,1,13
2023,103078,1,1000,1,7
8624,529074,1,1000,1,0
5316,124796,1,1000,1,4
9933,593322,0,10,1,13
8579,542520,0,10,1,3
2106,929223,0,10,1,10
2916,582614,0,10,1,4
5058,384232,1,1000,1,2
1310,531454,1,1000,1,14
1280,401042,1,1000,1,0
4167,477430,1,1000,1,7
951,642858,1,1000,1,7
880,842752,1,1000,1,0
1107,679964,0,10,1,3
5346,891718,0,10,1,2
604,501928,0,10,1,12
1980,873012,1,1000,1,12
4652,581097,0,10,1,12
6748,650237,0,10,1,12
2801,796358,0,10,1,1
9663,223520,1,1000,1,15
5034,486652,1,1000,1,10
6702,87816,1,1000,1,14
4854,868476,1,1000,1,6
1720,20361,0,10,1,8
8597,251571,0,10,1,5
9975,649447,1,1000,1,7
6843,285390,0,10,1,11
5581,992330,0,10,1,13
4690,687650,1,1000,1,2
1082,937136,1,1000,1,10
8260,53423,1,1000,1,4
6710,97893,1,1000,1,6
3963,92567,0,10,1,11
1673,245254,1,1000,1,9
2088,611445,1,1000,1,8
7385,159066,1,1000,1,9
5690,927843,0,10,1,10
6235,743827,1,1000,1,11
5489,963774,1,1000,1,1
2307,140775,0,10,1,3
8331,417119,0,10,1,11
7279,951155,0,10,1,15
1366,78886,0,10,1,6
3409,870226,1,1000,1,1
5628,928443,0,10,1,12
3221,92091,0,10,1,5
1669,582397,0,10,1,5
960,437403,1,1000,1,0
8274,592633,1,1000,1,2
9836,786815,1,1000,1,12
8936,891369,1,1000,1,8
5515,815896,0,10,1,11
5188,129655,0,10,1,4
3339,34016,0,10,1,11
8334,12229,1,1000,1,14
4291,43560,1,1000,1,3
5263,774519,1,1000,1,15
361,246188,0,10,1,9
7406,565509,0,10,1,14
4373,626574,0,10,1,5
7726,281662,0,10,1,14
7147,81772,0,10,1,11
3391,797253,1,1000,1,15
57,976350,1,1000,1,9
6547,164251,1,1000,1,3
8402,676294,1,1000,1,2
9186,779213,1,1000,1,2
1774,551247,0,10,1,14
8106,425632,1,1000,1,10
7245,882717,1,1000,1,13
6893,971619,0,10,1,13
6171,787711,1,1000,1,11
4947,588799,0,10,1,3
9129,475191,0,10,1,9
974,730286,0,10,1,14
8327,700244,1,1000,1,7
8798,43519,0,10,1,14
2093,842241,0,10,1,13
1636,892449,1,1000,1,4
3054,936171,1,1000,1,14
9865,709800,0,10,1,9
9691,587549,1,1000,1,11
8267,405030,0,10,1,11
217,218962,1,1000,1,9
9789,47284,0,10,1,13
747,401910,1,1000,1,11
4109,262840,0,10,1,13
9322,844383,0,10,1,10
5180,293154,0,10,1,12
6124,23601,1,1000,1,12
7190,817861,0,10,1,6
1260,754641,1,1000,1,12
9715,850317,0,10,1,3
7418,428665,1,1000,1,10
5952,903675,1,1000,1,0
6468,170987,0,10,1,4
9217,568315,0,10,1,1
6964,466766,0,10,1,4
2179,3554,1,1000,1,3
2045,861803,1,1000,1,13
5484,93165,0,10,1,12
5485,731496,1,1000,1,13
5431,88331,1,1000,1,7
726,393158,0,10,1,6
6604,404983,1,1000,1,12
168,173295,1,1000,1,8
3744,787106,0,10,1,0
1381,668252,1,1000,1,5
3215,180136,0,10,1,15
2393,207595,1,1000,1,9
6639,91005,1,1000,1,15
4499,324752,0,10,1,3
8527,397237,0,10,1,15
9298,120670,0,10,1,2
5607,110457,0,10,1,7
4117,165897,0,10,1,5
1291,323218,1,1000,1,11
717,103761,0,10,1,13
2907,741560,1,1000,1,11
5033,728092,0,10,1,9
992,747459,1,1000,1,0
2657,474787,0,10,1,1
8318,250378,1,1000,1,14
304,232244,1,1000,1,0
2208,490557,1,1000,1,0
4337,213788,1,1000,1,1
6391,620277,1,1000,1,7
1385,307607,0,10,1,9
2526,572547,0,10,1,14
921,379885,0,10,1,9
1884,711236,1,1000,1,12
1853,386542,1,1000,1,13
712,560799,1,1000,1,8
6006,172544,0,10,1,6
1759,142051,0,10,1,15
9359,317631,1,1000,1,15
3095,690198,0,10,1,7
8345,246874,1,1000,1,9
6549,220220,1,1000,1,5
2610,661096,0,10,1,2
3216,365719,0,10,1,0
2197,445451,1,1000,1,5
2121,592383,0,10,1,9
4479,458310,0,10,1,15
8581,153926,0,10,1,5
1822,635385,0,10,1,14
7114,34398,0,10,1,10
4948,611499,0,10,1,4
8708,232217,1,1000,1,4
5641,211791,1,1000,1,9
5499,19166,0,10,1,11
3322,411095,0,10,1,10
2667,114551,1,1000,1,11
3151,245989,1,1000,1,15
8962,47463,0,10,1,2
3741,677993,0,10,1,13
869,646005,0,10,1,5
4274,391834,1,1000,1,2
8811,544315,1,1000,1,11
653,277305,0,10,1,13
349,20003,0,10,1,13
1873,756214,0,10,1,1
919,266609,1,1000,1,7
5482,148858,0,10,1,10
8791,111354,1,1000,1,7
7225,437268,0,10,1,9
8396,520390,0,10,1,12
9599,845448,0,10,1,15
1204,463363,0,10,1,4
8368,799415,0,10,1,0
326,419303,1,1000,1,6
2227,499142,0,10,1,3
7771,878166,1,1000,1,11
9018,754098,1,1000,1,10
9562,93553,0,10,1,10
1846,642931,1,1000,1,6
2978,682570,0,10,1,2
1847,174979,1,1000,1,7
8845,367324,0,10,1,13
6370,388347,0,10,1,2
3292,685309,1,1000,1,12
7126,416594,0,10,1,6
8024,337813,1,1000,1,8
4353,696905,1,1000,1,1
6605,459923,1,1000,1,13
772,756086,1,1000,1,4
8918,551841,1,1000,1,6
8042,20719,0,10,1,10
4038,920914,1,1000,1,6
6805,310596,0,10,1,5
8548,777079,1,1000,1,4
4629,507970,0,10,1,5
413,665032,0,10,1,13
7204,26645,0,10,1,4
5506,850485,0,10,1,2
4280,193973,1,1000,1,8
6525,931606,1,1000,1,13
1100,624012,1,1000,1,12
9956,688284,1,1000,1,4
4836,805072,1,1000,1,4
9312,747368,1,1000,1,0
9778,354825,0,10,1,2
1443,88350,1,1000,1,3
9908,735659,0,10,1,4
2254,272798,1,1000,1,14
8377,483014,0,10,1,9
5813,224544,1,1000,1,5
9364,270663,1,1000,1,4
8848,239934,1,1000,1,0
235,755135,1,1000,1,11
5731,454604,1,1000,1,3
21,500274,0,10,1,5
6199,249148,0,10,1,7
6707,866780,1,1000,1,3
1541,880921,1,1000,1,5
4829,45666,0,10,1,13
4535,276588,1,1000,1,7
9926,746846,1,1000,1,6
78,264780,1,1000,1,14
4317,176641,1,1000,1,13
6747,547283,1,1000,1,11
9106,124885,0,10,1,2
8920,35681,0,10,1,8
9954,64855,0,10,1,2
1236,24136,0,10,1,4
7107,193117,0,10,1,3
132,217908,0,10,1,4
7582,333824,1,1000,1,14
9551,526651,0,10,1,15
8598,305236,0,10,1,6
5502,897162,1,1000,1,14
6902,767826,1,1000,1,6
7751,164625,0,10,1,7
7150,5967,1,1000,1,14
1133,549094,1,1000,1,13
9294,416235,1,1000,1,14
5612,385487,0,10,1,12
2440,918348,1,1000,1,8
4103,354581,0,10,1,7
5666,466990,0,10,1,2
8034,106520,0,10,1,2
5783,303708,1,1000,1,7
1346,926613,1,1000,1,2
6537,436431,1,1000,1,9
2008,537536,1,1000,1,8
2645,520224,0,10,1,5
5932,457306,1,1000,1,12
9192,41716,1,1000,1,8
3484,247146,0,10,1,12
5241,11464,0,10,1,9
8302,607901,0,10,1,14
8087,651771,1,1000,1,7
8332,358987,0,10,1,12
2355,279327,0,10,1,3
1988,540316,0,10,1,4
3471,517156,0,10,1,15
2527,971515,1,1000,1,15
8398,633414,0,10,1,14
2320,695343,0,10,1,0
4031,822612,0,10,1,15
9178,356985,0,10,1,10
5631,338452,0,10,1,15
5524,632407,0,10,1,4
7052,29738,1,1000,1,12
7549,606662,0,10,1,13
8902,574931,1,1000,1,6
9114,136349,0,10,1,10
5436,769354,1,1000,1,12
1027,807394,1,1000,1,3
9598,251551,0,10,1,14
310,758766,1,1000,1,6
4057,100481,0,10,1,9
8829,742912,1,1000,1,13
6457,108840,0,10,1,9
4872,666623,0,10,1,8
5562,699576,1,1000,1,10
8031,131479,0,10,1,15
4762,213787,0,10,1,10
5785,609969,1,1000,1,9
6419,694339,0,10,1,3
9553,274059,0,10,1,1
1938,378774,1,1000,1,2
6866,738222,1,1000,1,2
1953,815046,1,1000,1,1
450,277184,0,10,1,2
9296,928790,0,10,1,0
1638,768216,0,10,1,6
5345,977316,0,10,1,1
900,626094,1,1000,1,4
3933,301443,1,1000,1,13
3937,470620,0,10,1,1
3311,347813,0,10,1,15
9100,188366,0,10,1,12
6000,325850,0,10,1,0
4010,624654,1,1000,1,10
9593,160930,0,10,1,9
171,276943,0,10,1,11
7165,419413,0,10,1,13
7688,337925,1,1000,1,8
1473,573713,0,10,1,1
4676,119013,1,1000,1,4
2073,941953,1,1000,1,9
8762,196094,0,10,1,10
2991,614548,1,1000,1,15
246,49007,1,1000,1,6
133,245294,1,1000,1,5
1792,793649,0,10,1,0
5268,973432,1,1000,1,4
6077,700266,1,1000,1,13
4983,78093,1,1000,1,7
8229,356863,1,1000,1,5
368,747727,1,1000,1,0
9271,178079,0,10,1,7
575,308619,1,1000,1,15
5953,560499,0,10,1,1
5859,777642,0,10,1,3
6146,258129,1,1000,1,2
3672,940310,0,10,1,8
8415,457300,0,10,1,15
2885,541703,0,10,1,5
7104,688229,1,1000,1,0
3181,384839,1,1000,1,13
3041,290385,1,1000,1,1
54,333389,1,1000,1,6
1028,892197,1,1000,1,4
2188,761914,0,10,1,12
9651,984664,1,1000,1,3
1922,893616,1,1000,1,2
8116,785087,1,1000,1,4
9985,773461,1,1000,1,1
9130,551352,1,1000,1,10
5549,79987,0,10,1,13
2129,291106,1,1000,1,1
6347,924791,0,10,1,11
7336,19013,0,10,1,8
2242,117119,0,10,1,2
1222,211558,0,10,1,6
1257,968965,1,1000,1,9
7655,473300,1,1000,1,7
581,525461,1,1000,1,5
2302,510717,0,10,1,14
3909,269009,1,1000,1,5
4061,697318,0,10,1,13
3747,790192,0,10,1,3
502,495264,1,1000,1,6
8921,999868,1,1000,1,9
889,427697,1,1000,1,9
736,1246,1,1000,1,0
8373,988008,0,10,1,5
4386,703423,1,1000,1,2
4239,37396,0,10,1,15
4988,218550,0,10,1,12
3401,224415,1,1000,1,9
8909,4007,0,10,1,13
3411,353679,1,1000,1,3
2425,597614,0,10,1,9
8866,844988,0,10,1,2
1582,450591,0,10,1,14
7543,931257,0,10,1,7
5201,616608,0,10,1,1
4952,8094,1,1000,1,8
1423,159176,0,10,1,15
3551,407950,1,1000,1,15
5664,521588,0,10,1,0
1586,815687,1,1000,1,2
8321,583327,1,1000,1,1
7701,384817,0,10,1,5
3846,976241,1,1000,1,6
4391,239753,1,1000,1,7
6884,315766,0,10,1,4
6475,620698,0,10,1,11
1712,78361,0,10,1,0
9093,906787,0,10,1,5
2122,108690,0,10,1,10
7660,327665,0,10,1,12
2112,73689,0,10,1,0
3574,504680,0,10,1,6
7785,507114,0,10,1,9
7248,525539,0,10,1,0
6185,885983,1,1000,1,9
1359,951009,0,10,1,15
5516,752899,1,1000,1,12
9822,702322,1,1000,1,14
2454,550994,0,10,1,6
8288,751586,1,1000,1,0
1696,761779,1,1000,1,0
8729,440773,1,1000,1,9
914,688569,1,1000,1,2
2486,685770,1,1000,1,6
1516,580455,0,10,1,12
8525,875974,0,10,1,13
6378,410877,1,1000,1,10
585,576640,0,10,1,9
3844,557866,0,10,1,4
3196,157047,1,1000,1,12
766,816627,1,1000,1,14
9464,901656,0,10,1,8
4869,115518,0,10,1,5
1064,400877,1,1000,1,8
3018,284902,0,10,1,10
4096,269932,1,1000,1,0
4777,37706,1,1000,1,9
3234,51551,1,1000,1,2
5766,900709,0,10,1,6
4341,213134,0,10,1,5
7444,425467,0,10,1,4
2802,588039,1,1000,1,2
5976,391428,1,1000,1,8
9644,498755,0,10,1,12
1637,87285,1,1000,1,5
6196,177625,1,1000,1,4
6288,651499,0,10,1,0
3208,571335,1,1000,1,8
6330,393066,1,1000,1,10
4552,909163,0,10,1,8
8780,691006,0,10,1,12
2347,31837,1,1000,1,11
4072,990411,0,10,1,8
6960,477310,0,10,1,0
1643,54937,1,1000,1,11
9833,431481,1,1000,1,9
1174,718969,1,1000,1,6
5309,369393,0,10,1,13
2444,561916,0,10,1,12
7391,217887,0,10,1,15
9815,277114,1,1000,1,7
99,509017,0,10,1,3
2888,140877,0,10,1,8
9436,452459,0,10,1,12
8422,853391,1,1000,1,6
7732,246138,0,10,1,4
8712,329597,1,1000,1,8
2450,967300,1,1000,1,2
5814,402955,0,10,1,6
248,940681,1,1000,1,8
9779,30658,0,10,1,3
6920,20842,1,1000,1,8
8063,349528,0,10,1,15
9668,953784,0,10,1,4
7219,505011,0,10,1,3
697,897474,1,1000,1,9
6376,521323,0,10,1,8
7125,640630,1,1000,1,5
9406,518547,0,10,1,14
9752,454618,0,10,1,8
7094,763436,1,1000,1,6
3472,24727,0,10,1,0
3394,651840,0,10,1,2
9581,682276,0,10,1,13
2499,219121,0,10,1,3
948,359148,0,10,1,4
811,541376,1,1000,1,11
5865,810792,1,1000,1,9
9496,400950,1,1000,1,8
4772,905706,1,1000,1,4
9591,871565,0,10,1,7
7446,182326,1,1000,1,6
4135,42040,1,1000,1,7
9418,968233,0,10,1,10
3488,405642,0,10,1,0
8574,385312,1,1000,1,14
6212,984068,1,1000,1,4
4864,541369,1,1000,1,0
89,518814,1,1000,1,9
3347,49168,1,1000,1,3
5328,931531,1,1000,1,0
1695,705940,0,10,1,15
4656,934430,1,1000,1,0
7865,930930,1,1000,1,9
3550,286117,1,1000,1,14
5818,201787,1,1000,1,10
3189,491355,1,1000,1,5
443,404776,0,10,1,11
9484,17312,1,1000,1,12
7912,438111,1,1000,1,8
4208,934428,0,10,1,0
9528,469983,0,10,1,8
8452,790356,1,1000,1,4
6250,503456,1,1000,1,10
2356,825741,1,1000,1,4
7595,614298,1,1000,1,11
4404,821582,1,1000,1,4
7636,916863,0,10,1,4
3457,443396,1,1000,1,1
2453,352235,0,10,1,5
4134,216257,1,1000,1,6
6754,60064,0,10,1,2
4311,477837,1,1000,1,7
6869,612606,1,1000,1,5
3420,768149,0,10,1,12
6319,462858,1,1000,1,15
5170,789806,0,10,1,2
9398,864560,0,10,1,6
5750,699376,0,10,1,6
4548,738550,0,10,1,4
8670,820378,1,1000,1,14
3827,716582,1,1000,1,3
8557,194244,1,1000,1,13
2234,440116,0,10,1,10
5098,219756,0,10,1,10
427,328915,0,10,1,11
1939,38884,1,1000,1,3
8517,539415,1,1000,1,5
630,909116,1,1000,1,6
4098,943344,1,1000,1,2
1484,133263,0,10,1,12
4624,492721,0,10,1,0
9029,376553,1,1000,1,5
391,937668,0,10,1,7
7269,390353,0,10,1,5
6008,932866,0,10,1,8
2860,442114,1,1000,1,12
6168,900984,0,10,1,8
3252,800314,0,10,1,4
9997,799594,1,1000,1,13
2318,26128,0,10,1,14
3385,944832,0,10,1,9
7950,410982,1,1000,1,14
7239,894725,1,1000,1,7
8674,39530,1,1000,1,2
8739,650372,0,10,1,3
9431,485337,0,10,1,7
7220,261547,1,1000,1,4
330,473914,1,1000,1,10
1228,159649,1,1000,1,12
9540,131587,0,10,1,4
5409,281065,1,1000,1,1
5056,547407,1,1000,1,0
6937,571358,1,1000,1,9
1523,610421,0,10,1,3
3699,337580,1,1000,1,3
1161,855469,0,10,1,9
7581,574559,1,1000,1,13
7419,395239,1,1000,1,11
8552,387277,1,1000,1,8
259,946562,0,10,1,3
3497,228929,0,10,1,9
141,208783,0,10,1,13
3617,917289,0,10,1,1
1023,807124,1,1000,1,15
4727,78789,1,1000,1,7
2603,273859,0,10,1,11
8379,482051,1,1000,1,11
988,13575,0,10,1,12
3010,931019,1,1000,1,2
9639,518910,1,1000,1,7
9228,703776,1,1000,1,12
4498,151046,1,1000,1,2
3458,477275,1,1000,1,2
6995,76344,0,10,1,3
8219,710677,1,1000,1,11
8978,743436,0,10,1,2
8844,186166,0,10,1,12
6064,449798,1,1000,1,0
4481,918756,1,1000,1,1
9091,660431,0,10,1,3
9704,985792,0,10,1,8
6923,753772,1,1000,1,11
1340,954302,0,10,1,12
2646,759169,0,10,1,6
1114,508935,0,10,1,10
5218,654472,0,10,1,2
7267,186443,1,1000,1,3
3210,141674,0,10,1,10
792,760514,1,1000,1,8
7686,309831,1,1000,1,6
2898,343044,0,10,1,2
3588,694714,0,10,1,4
4934,397861,1,1000,1,6
8625,312773,1,1000,1,1
2633,336682,1,1000,1,9
376,260090,0,10,1,8
8018,953165,1,1000,1,2
6593,374232,1,1000,1,1
2321,413892,0,10,1,1
1306,532700,0,10,1,10
9007,878627,1,1000,1,15
9201,282261,1,1000,1,1
1498,135218,1,1000,1,10
4795,815159,0,10,1,11
5423,316126,0,10,1,15
7814,374128,1,1000,1,6
4467,906833,0,10,1,3
1529,843680,1,1000,1,9
6095,903743,1,1000,1,15
1560,512530,0,10,1,8
2190,701409,0,10,1,14
3306,909387,0,10,1,10
3138,978467,0,10,1,2
6379,160973,1,1000,1,11
8925,36074,1,1000,1,13
8128,63177,0,10,1,0
6585,859779,1,1000,1,9
6132,318920,0,10,1,4
7346,528056,0,10,1,2
1598,433890,0,10,1,14
3700,946426,1,1000,1,4
5512,529849,0,10,1,8
5362,17430,0,10,1,2
5460,10381,0,10,1,4
2070,406757,0,10,1,6
7115,490258,0,10,1,11
1130,866515,1,1000,1,10
2286,368285,1,1000,1,14
7173,54990,1,1000,1,5
1213,333946,1,1000,1,13
213,644939,1,1000,1,5
3079,793956,1,1000,1,7
724,41407,1,1000,1,4
2217,304944,1,1000,1,9
785,174957,0,10,1,1
7393,390688,0,10,1,1
6172,329498,1,1000,1,12
4284,352628,1,1000,1,12
5517,203400,1,1000,1,13
9495,349595,1,1000,1,7
7943,47733,0,10,1,7
4775,190420,1,1000,1,7
7359,641055,0,10,1,15
4175,264097,0,10,1,15
1803,514830,0,10,1,11
3081,355327,0,10,1,9
2233,616872,0,10,1,9
4884,562884,1,1000,1,4
3924,292692,1,1000,1,4
234,404358,0,10,1,10
4476,330442,1,1000,1,12
3573,691881,1,1000,1,5
6942,765324,0,10,1,14
8446,226537,1,1000,1,14
3180,839317,0,10,1,12
3907,187997,1,1000,1,3
9655,287924,1,1000,1,7
8207,281114,1,1000,1,15
2946,164577,0,10,1,2
3248,315870,0,10,1,0
9069,911086,1,1000,1,13
6026,961765,0,10,1,10
7470,970503,1,1000,1,14
9619,109860,1,1000,1,3
5665,461994,1,1000,1,1
5858,880569,1,1000,1,2
365,159278,1,1000,1,13
5996,612949,1,1000,1,12
5708,893794,0,10,1,12
9847,643351,0,10,1,7
6032,249850,1,1000,1,0
5231,332799,1,1000,1,15
2710,894776,0,10,1,6
4340,897949,0,10,1,4
7426,396439,0,10,1,2
8380,55369,1,1000,1,12
6653,455183,1,1000,1,13
2219,637366,0,10,1,11
7056,978238,1,1000,1,0
2574,383785,0,10,1,14
2581,273087,1,1000,1,5
5364,474718,1,1000,1,4
5238,837893,1,1000,1,6
3982,368476,1,1000,1,14
4645,865323,1,1000,1,5
4944,791686,1,1000,1,0
2382,265008,1,1000,1,14
748,442356,1,1000,1,12
2195,985085,0,10,1,3
9806,310038,1,1000,1,14
6721,418168,0,10,1,1
2727,865423,0,10,1,7
2171,582319,0,10,1,11
4224,351737,0,10,1,0
1285,418925,1,1000,1,5
1577,192502,0,10,1,9
4755,518112,0,10,1,3
5828,762720,0,10,1,4
7222,872458,0,10,1,6
2531,425553,1,1000,1,3
5860,706665,0,10,1,4
5599,781718,1,1000,1,15
4771,298696,0,10,1,3
838,489284,1,1000,1,6
9695,764328,1,1000,1,15
5450,27827,0,10,1,10
9292,692000,1,1000,1,12
7017,480564,1,1000,1,9
9795,48945,0,10,1,3
9930,680566,1,1000,1,10
692,810194,0,10,1,4
8197,377978,1,1000,1,5
7135,134863,1,1000,1,15
3703,20427,0,10,1,7
9372,808454,0,10,1,12
2755,322769,1,1000,1,3
8632,218355,1,1000,1,8
7957,634183,0,10,1,5
7527,283466,1,1000,1,7
5579,915991,1,1000,1,11
5300,848977,1,1000,1,4
2989,500379,1,1000,1,13
9200,469467,1,1000,1,0
6529,947386,1,1000,1,1
4191,693285,0,10,1,15
6598,521172,0,10,1,6
2570,392913,0,10,1,10
7753,846793,1,1000,1,9
5210,534504,1,1000,1,10
3849,962068,1,1000,1,9
3182,644384,0,10,1,14
6870,113016,0,10,1,6
3376,431481,1,1000,1,0
1651,998953,1,1000,1,3
1412,176980,1,1000,1,4
2882,674094,0,10,1,2
8408,144725,0,10,1,8
4622,941417,0,10,1,14
745,107527,1,1000,1,9
6040,758401,1,1000,1,8
8813,731154,0,10,1,13
4667,543013,1,1000,1,11
4450,654053,1,1000,1,2
2432,837553,1,1000,1,0
7760,926311,1,1000,1,0
8807,17386,1,1000,1,7
8501,338653,1,1000,1,5
6545,177593,0,10,1,1
3313,627013,1,1000,1,1
6479,242863,1,1000,1,15
8112,994253,0,10,1,0
4104,121892,0,10,1,8
2328,691677,1,1000,1,8
2842,867735,1,1000,1,10
582,658078,0,10,1,6
7881,28796,0,10,1,9
6128,799658,1,1000,1,0
1326,159760,0,10,1,14
9403,663922,1,1000,1,11
1845,835679,1,1000,1,5
1250,635978,1,1000,1,2
868,769213,0,10,1,4
4378,870209,1,1000,1,10
5202,323545,0,10,1,2
2758,154472,0,10,1,6
6272,624423,0,10,1,0
69,719432,1,1000,1,5
6556,221023,0,10,1,12
3377,706567,1,1000,1,1
3546,228359,0,10,1,10
1410,467845,1,1000,1,2
7037,723851,1,1000,1,13
9136,690396,0,10,1,0
7443,570966,1,1000,1,3
5067,287140,1,1000,1,11
846,750300,1,1000,1,14
9674,661779,1,1000,1,10
6872,12777,0,10,1,8
6445,439032,1,1000,1,13
4982,166308,0,10,1,6
5530,756986,1,1000,1,10
3970,244003,0,10,1,2
3195,227940,1,1000,1,11
9105,908698,0,10,1,1
3093,387657,0,10,1,5
4389,282159,0,10,1,5
111,830337,0,10,1,15
5587,590026,1,1000,1,3
9720,210409,0,10,1,8
4122,938250,1,1000,1,10
849,607286,0,10,1,1
4655,195489,0,10,1,15
9197,685870,1,1000,1,13
4411,188130,1,1000,1,11
316,185232,0,10,1,12
309,554489,1,1000,1,5
842,272203,1,1000,1,10
3085,646859,1,1000,1,13
4396,747553,0,10,1,12
2133,417218,0,10,1,5
4892,154287,1,1000,1,12
7968,327298,0,10,1,0
9170,533623,0,10,1,2
6895,324610,1,1000,1,15
1542,179651,1,1000,1,6
3931,420620,0,10,1,11
8575,499086,0,10,1,15
6996,359203,1,1000,1,4
7070,238947,1,1000,1,14
5257,163756,0,10,1,9
5677,292798,0,10,1,13
2494,54094,1,1000,1,14
6903,242200,0,10,1,7
5047,139247,0,10,1,7
6477,167373,0,10,1,13
1454,777232,0,10,1,14
8143,265697,1,1000,1,15
2777,668063,1,1000,1,9
5207,132541,0,10,1,7
7474,573395,1,1000,1,2
9159,643738,1,1000,1,7
2719,168631,1,1000,1,15
8344,212276,1,1000,1,8
993,192775,0,10,1,1
4218,956524,1,1000,1,10
7640,190869,1,1000,1,8
8484,191920,1,1000,1,4
68,597346,1,1000,1,4
4666,576831,0,10,1,10
9141,212527,1,1000,1,5
7486,878434,0,10,1,14
2760,70230,0,10,1,8
5796,942155,1,1000,1,4
1177,642421,0,10,1,9
4979,648326,1,1000,1,3
1052,967820,1,1000,1,12
9455,493783,1,1000,1,15
85,458585,1,1000,1,5
4381,413734,0,10,1,13
5023,531608,0,10,1,15
5832,100979,1,1000,1,8
455,631543,1,1000,1,7
8707,150537,0,10,1,3
5458,843789,0,10,1,2
3552,560193,1,1000,1,0
3205,939274,1,1000,1,5
4195,835005,1,1000,1,3
7120,365630,0,10,1,0
2253,721869,1,1000,1,13
3911,159539,0,10,1,7
5314,476179,1,1000,1,2
7370,102660,0,10,1,10
7467,378397,1,1000,1,11
4812,174573,1,1000,1,12
2050,426210,0,10,1,2
1399,537807,1,1000,1,7
9905,802930,1,1000,1,1
8485,138189,0,10,1,5
6458,791970,0,10,1,10
6867,850698,0,10,1,3
5378,329471,1,1000,1,2
6452,716808,0,10,1,4
3723,308416,1,1000,1,11
7468,207852,0,10,1,12
7976,113070,1,1000,1,8
8760,341691,1,1000,1,8
7866,914102,1,1000,1,10
3897,323649,0,10,1,9
6674,237253,0,10,1,2
8875,698020,1,1000,1,11
5128,875001,1,1000,1,8
4811,611095,0,10,1,11
7888,814199,1,1000,1,0
2904,341355,0,10,1,8
7984,614310,1,1000,1,0
370,154746,1,1000,1,2
9288,890122,1,1000,1,8
1583,589595,0,10,1,15
1235,189696,0,10,1,3
8585,507853,1,1000,1,9
5722,93730,1,1000,1,10
9595,763958,0,10,1,11
865,329471,0,10,1,1
6151,411955,0,10,1,7
2113,456632,0,10,1,1
8329,696512,0,10,1,9
9473,764970,1,1000,1,1
7102,547014,0,10,1,14
3077,95364,0,10,1,5
4413,465009,1,1000,1,13
8480,730104,0,10,1,0
818,962114,0,10,1,2
1689,609838,0,10,1,9
1644,228867,1,1000,1,12
676,80758,1,1000,1,4
7559,735760,0,10,1,7
378,478949,0,10,1,10
3330,361357,0,10,1,2
7910,35402,1,1000,1,6
6312,706870,1,1000,1,8
5855,660106,1,1000,1,15
801,935376,0,10,1,1
8401,247153,0,10,1,1
8623,772014,1,1000,1,15
7357,823337,1,1000,1,13
4781,12723,0,10,1,13
2796,615466,0,10,1,12
5580,677499,0,10,1,12
6266,380515,1,1000,1,10
8931,767498,0,10,1,3
3387,697477,1,1000,1,11
8692,656511,1,1000,1,4
6659,546739,0,10,1,3
679,111147,1,1000,1,7
9210,651739,0,10,1,10
859,667581,1,1000,1,11
1565,967305,1,1000,1,13
2048,208333,1,1000,1,0
6187,246031,0,10,1,11
8977,247882,1,1000,1,1
2661,814961,1,1000,1,5
6219,598606,0,10,1,11
7074,638184,0,10,1,2
6658,802620,1,1000,1,2
693,244136,0,10,1,5
176,133989,0,10,1,0
471,368845,1,1000,1,7
8130,270941,1,1000,1,2
2214,277231,0,10,1,6
5166,946962,1,1000,1,14
3692,294827,0,10,1,12
1770,300930,0,10,1,10
5292,800430,0,10,1,12
6586,954157,0,10,1,10
1573,574130,0,10,1,5
1725,146830,1,1000,1,13
5518,565465,1,1000,1,14
8837,390279,1,1000,1,5
5704,128797,1,1000,1,8
2983,901333,0,10,1,7
7377,851741,0,10,1,1
5142,902514,0,10,1,6
9504,938024,1,1000,1,0
6145,551454,1,1000,1,1
4800,903427,0,10,1,0
1403,989420,0,10,1,11
649,266635,1,1000,1,9
8672,217112,0,10,1,0
5741,600158,1,1000,1,13
4483,972192,0,10,1,3
5388,632932,0,10,1,12
3363,333973,1,1000,1,3
3365,995830,0,10,1,5
6198,52735,0,10,1,6
8582,207042,1,1000,1,6
9362,841981,1,1000,1,2
7638,773299,0,10,1,6
6958,854691,1,1000,1,14
5714,266993,0,10,1,2
3137,312814,1,1000,1,1
8393,20756,0,10,1,9
9059,119181,1,1000,1,3
3769,582224,0,10,1,9
9417,611107,1,1000,1,9
8405,869242,1,1000,1,5
536,553625,0,10,1,8
6831,172589,1,1000,1,15
2717,528093,1,1000,1,13
7194,994929,1,1000,1,10
4904,77225,1,1000,1,8
79,560798,0,10,1,15
8029,123399,1,1000,1,13
3353,567277,0,10,1,9
9371,337471,0,10,1,11
2941,514739,0,10,1,13
3241,369439,0,10,1,9
9541,882618,1,1000,1,5
6279,718600,0,10,1,7
6320,207226,1,1000,1,0
9497,237446,0,10,1,9
3393,823444,1,1000,1,1
7942,344271,0,10,1,6
6562,243815,1,1000,1,2
1887,610173,0,10,1,15
9006,920748,1,1000,1,14
6256,215910,1,1000,1,0
2811,765456,1,1000,1,11
5838,567482,1,1000,1,14
735,991127,1,1000,1,15
7,59239,0,10,1,7
4610,7709,1,1000,1,2
2241,980450,1,1000,1,1
5457,594929,0,10,1,1
5182,228851,1,1000,1,14
2617,768729,0,10,1,9
9609,113234,0,10,1,9
3988,715973,0,10,1,4
4097,748752,1,1000,1,1
4387,729435,0,10,1,3
5848,428396,1,1000,1,8
6544,394288,1,1000,1,0
3022,981125,1,1000,1,14
599,74127,1,1000,1,7
5406,813078,1,1000,1,14
3665,582427,0,10,1,1
3900,422972,1,1000,1,12
8743,661254,1,1000,1,7
198,707854,0,10,1,6
2781,102750,1,1000,1,13
9970,148485,1,1000,1,2
1123,439438,0,10,1,3
5639,604726,1,1000,1,7
8733,662571,0,10,1,13
5100,551377,0,10,1,12
3172,747262,0,10,1,4
6016,217296,1,1000,1,0
8588,781161,0,10,1,12
9576,440905,0,10,1,8
4510,759845,0,10,1,14
774,590714,1,1000,1,6
6517,457011,1,1000,1,5
6395,187876,0,10,1,11
940,332142,1,1000,1,12
6734,688030,1,1000,1,14
5970,508850,1,1000,1,2
8863,40565,0,10,1,15
1717,543400,0,10,1,5
6422,949333,1,1000,1,6
4571,264846,0,10,1,11
4383,665182,0,10,1,15
5144,703356,0,10,1,8
5024,166740,1,1000,1,0
9249,143808,1,1000,1,1
5715,172836,1,1000,1,3
5464,22729,0,10,1,8
393,417099,0,10,1,9
3693,117549,0,10,1,13
2871,997695,1,1000,1,7
3974,268529,0,10,1,6
3960,571764,0,10,1,8
2248,868493,1,1000,1,8
7552,639599,1,1000,1,0
9278,345019,0,10,1,14
9358,568253,0,10,1,14
1088,86216,1,1000,1,0
7641,972084,0,10,1,9
4705,459312,0,10,1,1
2399,434790,0,10,1,15
3440,952006,0,10,1,0
2280,482591,0,10,1,8
3469,926006,1,1000,1,13
7934,945697,1,1000,1,14
2283,553831,1,1000,1,11
7522,163531,1,1000,1,2
6109,234417,0,10,1,13
6972,78656,0,10,1,12
5594,362899,0,10,1,10
2426,701664,0,10,1,10
9208,258625,1,1000,1,8
6911,174776,1,1000,1,15
8055,122825,1,1000,1,7
5749,106409,0,10,1,5
6140,722817,1,1000,1,12
339,787011,0,10,1,3
8234,419313,0,10,1,10
9377,806882,1,1000,1,1
2139,573071,0,10,1,11
2389,214859,0,10,1,5
5900,48301,0,10,1,12
7283,708860,1,1000,1,3
5542,847751,1,1000,1,6
1905,708255,0,10,1,1
9750,580870,1,1000,1,6
6990,549269,0,10,1,14
4377,246320,1,1000,1,9
4717,615221,0,10,1,13
9934,342577,1,1000,1,14
1437,77613,0,10,1,13
684,608824,0,10,1,12
6326,227992,1,1000,1,6
2083,313773,0,10,1,3
7341,356187,1,1000,1,13
1679,740895,1,1000,1,15
102,968416,1,1000,1,6
2662,971037,0,10,1,6
9879,677140,0,10,1,7
1933,549776,0,10,1,13
1740,407701,1,1000,1,12
5537,847439,0,10,1,1
8426,699605,1,1000,1,10
6019,705475,1,1000,1,3
594,211631,1,1000,1,2
4659,824123,0,10,1,3
8226,181132,1,1000,1,2
4605,192024,1,1000,1,13
5805,909145,0,10,1,13
5135,18442,0,10,1,15
2176,130445,0,10,1,0
7707,283918,0,10,1,11
5633,131748,0,10,1,1
9585,537999,1,1000,1,1
7447,219299,0,10,1,7
8190,773648,1,1000,1,14
5821,106256,0,10,1,13
4946,742360,0,10,1,2
6886,357562,1,1000,1,6
2598,768589,0,10,1,6
6491,826564,1,1000,1,11
8104,458803,1,1000,1,8
5807,651634,0,10,1,15
5463,980706,1,1000,1,7
4960,850200,0,10,1,0
6289,769327,1,1000,1,1
8903,363962,0,10,1,7
2149,854179,1,1000,1,5
9687,174727,1,1000,1,7
6438,652448,0,10,1,6
3698,256532,0,10,1,2
5653,761662,0,10,1,5
4914,666403,0,10,1,2
902,774083,0,10,1,6
9571,448460,0,10,1,3
5920,702391,0,10,1,0
4283,720465,0,10,1,11
3934,232395,1,1000,1,14
1464,178600,1,1000,1,8
2257,312951,0,10,1,1
4088,532020,0,10,1,8
5967,663407,0,10,1,15
8441,66433,0,10,1,9
9696,889580,0,10,1,0
462,750846,0,10,1,14
4619,792203,1,1000,1,11
3784,779000,1,1000,1,8
9379,993864,1,1000,1,3
8678,799461,0,10,1,6
3949,618548,1,1000,1,13
551,893271,0,10,1,7
4927,35080,0,10,1,15
2729,763799,0,10,1,9
3956,1205,1,1000,1,4
237,213618,1,1000,1,13
1732,620830,0,10,1,4
6193,940592,0,10,1,1
4712,59636,1,1000,1,8
706,906649,1,1000,1,2
2086,656043,0,10,1,6
5048,541989,0,10,1,8
1336,50295,1,1000,1,8
421,38633,0,10,1,5
7182,342935,0,10,1,14
5509,187160,1,1000,1,5
8558,248966,0,10,1,14
4130,334030,0,10,1,2
7778,930711,0,10,1,2
2739,272557,1,1000,1,3
6447,792121,0,10,1,15
4127,102396,0,10,1,15
8836,388311,0,10,1,4
8604,602514,0,10,1,12
4346,72910,0,10,1,10
4457,570086,0,10,1,9
2153,651286,1,1000,1,9
1530,197404,0,10,1,10
1687,246040,1,1000,1,7
3237,446560,1,1000,1,5
6730,782165,0,10,1,10
7893,691618,1,1000,1,5
8209,666939,1,1000,1,1
5171,392632,1,1000,1,3
9983,199891,0,10,1,15
3848,508860,0,10,1,8
7504,52594,0,10,1,0
3518,515360,1,1000,1,14
2150,704161,0,10,1,6
9978,522097,0,10,1,10
9623,115496,0,10,1,7
7238,542967,0,10,1,6
3996,822778,0,10,1,12
4356,720045,1,1000,1,4
8178,134440,0,10,1,2
903,693634,1,1000,1,7
1678,296699,0,10,1,14
1269,838343,0,10,1,5
2732,175391,0,10,1,12
5302,70434,1,1000,1,6
1920,320971,1,1000,1,0
3254,110534,1,1000,1,6
7622,963099,0,10,1,6
8684,457397,1,1000,1,12
9122,447693,0,10,1,2
4320,127257,0,10,1,0
6325,579923,1,1000,1,5
2142,806767,0,10,1,14
1738,868612,1,1000,1,10
2245,56948,0,10,1,5
456,768980,1,1000,1,8
33,806050,0,10,1,1
8073,616048,0,10,1,9
9263,531969,1,1000,1,15
7842,698206,1,1000,1,2
8184,487274,0,10,1,8
7702,627157,1,1000,1,6
789,679407,0,10,1,5
3165,67797,1,1000,1,13
6410,37039,0,10,1,10
6073,324279,1,1000,1,9
5984,476487,0,10,1,0
8086,345002,0,10,1,6
1663,688117,1,1000,1,15
9187,645979,0,10,1,3
6013,570973,1,1000,1,13
379,171249,0,10,1,11
8258,954232,0,10,1,2
9738,808152,1,1000,1,10
2620,567571,1,1000,1,12
1843,686365,0,10,1,3
8840,204294,0,10,1,8
8424,199403,1,1000,1,8
9393,651096,0,10,1,1
7306,836441,0,10,1,10
4248,933410,1,1000,1,8
9066,849755,1,1000,1,10
3502,79617,1,1000,1,14
7440,82855,1,1000,1,0
6724,968890,0,10,1,4
1488,297485,0,10,1,0
4853,964111,0,10,1,5
5147,568153,1,1000,1,11
5496,837198,1,1000,1,8
4275,959836,0,10,1,3
1465,982798,0,10,1,9
4238,912684,0,10,1,14
2641,707010,0,10,1,1
5319,4130,0,10,1,7
7034,95296,0,10,1,10
7682,415685,1,1000,1,2
1480,171670,1,1000,1,8
2917,852519,0,10,1,5
6506,287973,1,1000,1,10
6908,788417,0,10,1,12
5923,243914,0,10,1,3
3675,897509,1,1000,1,11
6332,768707,1,1000,1,12
5503,473588,1,1000,1,15
3555,979863,1,1000,1,3
5754,542721,1,1000,1,10
6575,169553,0,10,1,15
131,861019,0,10,1,3
7923,177048,0,10,1,3
4435,588764,1,1000,1,3
2714,337323,1,1000,1,10
5146,11409,1,1000,1,10
3635,287506,0,10,1,3
5573,183138,1,1000,1,5
6088,686853,1,1000,1,8
9767,950155,0,10,1,7
9284,372927,0,10,1,4
7563,529878,0,10,1,11
6644,623637,1,1000,1,4
5051,714845,0,10,1,11
5306,743068,1,1000,1,10
9402,200003,1,1000,1,10
352,319376,1,1000,1,0
9743,177074,0,10,1,15
8150,460071,0,10,1,6
4240,352549,1,1000,1,0
58,22428,0,10,1,10
932,41678,1,1000,1,4
298,174487,0,10,1,10
9763,299917,0,10,1,3
5059,599478,1,1000,1,3
6998,568071,1,1000,1,6
8385,846888,0,10,1,1
5066,541089,1,1000,1,10
6322,806881,1,1000,1,2
1448,803425,1,1000,1,8
4867,143965,1,1000,1,3
3490,174324,1,1000,1,2
1051,313334,0,10,1,11
4299,861166,0,10,1,11
1940,26011,1,1000,1,4
6041,410487,1,1000,1,9
5837,57328,0,10,1,13
776,23512,0,10,1,8
2751,666689,1,1000,1,15
6474,381398,0,10,1,10
3492,314862,0,10,1,4
1048,633136,0,10,1,8
3729,596654,1,1000,1,1
589,423070,1,1000,1,13
3204,531151,1,1000,1,4
3480,898452,1,1000,1,8
8466,691322,1,1000,1,2
9261,391704,0,10,1,13
8783,966007,0,10,1,15
4159,735840,1,1000,1,15
2314,98612,1,1000,1,10
8657,479295,1,1000,1,1
7035,763407,0,10,1,11
18,30405,1,1000,1,2
6136,39934,0,10,1,8
8223,39928,0,10,1,15
8792,290159,1,1000,1,8
218,437940,1,1000,1,10
5853,433938,1,1000,1,13
7679,525480,0,10,1,15
2456,131656,0,10,1,8
6094,257752,0,10,1,14
3274,207982,0,10,1,10
5994,260477,1,1000,1,10
8799,958738,0,10,1,15
8326,344349,0,10,1,6
4589,131971,0,10,1,13
1421,503212,1,1000,1,13
2660,285815,0,10,1,4
7251,318249,1,1000,1,3
257,102155,0,10,1,1
7598,204620,0,10,1,14
2905,509856,0,10,1,9
9374,805762,1,1000,1,14
8476,990185,1,1000,1,12
8257,726880,1,1000,1,1
1852,433318,1,1000,1,12
401,214683,0,10,1,1
5054,762999,0,10,1,14
6746,357616,0,10,1,10
1071,224353,0,10,1,15
4818,440450,1,1000,1,2
515,981432,0,10,1,3
8135,604454,1,1000,1,7
9404,749800,0,10,1,12
9058,664358,1,1000,1,2
5343,634929,1,1000,1,15
8180,394792,1,1000,1,4
8430,240016,1,1000,1,14
4562,578496,1,1000,1,2
7755,798288,1,1000,1,11
98,405807,0,10,1,2
5668,683853,1,1000,1,4
1155,433752,1,1000,1,3
9627,931796,0,10,1,11
6483,480302,1,1000,1,3
8072,537031,0,10,1,8
4101,234696,0,10,1,5
4543,432904,0,10,1,15
1595,176677,1,1000,1,11
212,521438,0,10,1,4
5745,921744,1,1000,1,1
1917,687157,1,1000,1,13
9010,983317,0,10,1,2
8812,581397,0,10,1,12
9216,649821,1,1000,1,0
1739,416210,1,1000,1,11
345,662114,1,1000,1,9
3646,850133,1,1000,1,14
7907,192248,1,1000,1,3
1684,163492,1,1000,1,4
2509,348476,0,10,1,13
8635,497498,1,1000,1,11
2039,457531,1,1000,1,7
7422,851203,0,10,1,14
4594,77006,1,1000,1,2
7401,502020,1,1000,1,9
4689,304306,0,10,1,1
7100,592028,0,10,1,12
3795,646631,1,1000,1,3
5158,528553,0,10,1,6
539,31762,0,10,1,11
9463,687718,1,1000,1,7
7545,942114,0,10,1,9
5260,115468,1,1000,1,12
5284,402189,0,10,1,4
169,801809,0,10,1,9
743,578832,0,10,1,7
4025,747066,1,1000,1,9
7198,870281,1,1000,1,14
8301,180862,0,10,1,13
2961,856864,0,10,1,1
9462,964999,0,10,1,6
2525,893004,1,1000,1,13
8457,679551,1,1000,1,9
8014,349053,1,1000,1,14
3144,328145,0,10,1,8
4006,2149,0,10,1,6
1182,918277,0,10,1,14
1724,917129,0,10,1,12
5776,607470,1,1000,1,0
2887,612880,1,1000,1,7
2194,628147,0,10,1,2
4209,209991,1,1000,1,1
5167,650906,1,1000,1,15
1623,803590,1,1000,1,7
7090,310791,0,10,1,2
8167,584449,1,1000,1,7
1374,614295,1,1000,1,14
1911,732315,0,10,1,7
4819,983586,1,1000,1,3
1730,446770,0,10,1,2
145,27256,0,10,1,1
6823,69495,0,10,1,7
4045,52030,1,1000,1,13
705,40465,1,1000,1,1
5532,853820,1,1000,1,12
4431,768296,0,10,1,15
3805,510522,0,10,1,13
52,415043,1,1000,1,4
8164,841483,0,10,1,4
4111,966083,0,10,1,15
2614,19684,0,10,1,6
112,850537,1,1000,1,0
8725,334390,0,10,1,5
2147,589253,1,1000,1,3
8225,769538,0,10,1,1
8928,259801,0,10,1,0
7780,863060,0,10,1,4
9855,920810,0,10,1,15
6519,185981,0,10,1,7
7518,46627,0,10,1,14
3474,638351,0,10,1,2
6957,890873,0,10,1,13
8244,679019,1,1000,1,4
6833,959114,1,1000,1,1
5514,583578,0,10,1,10
8309,106769,0,10,1,5
1216,322984,0,10,1,0
9851,61845,1,1000,1,11
8572,291335,1,1000,1,12
7231,100752,1,1000,1,15
1744,316554,0,10,1,0
970,37140,0,10,1,10
9919,623881,0,10,1,15
4339,174566,0,10,1,3
6885,936160,1,1000,1,5
2711,269952,1,1000,1,7
9171,520325,0,10,1,3
300,126754,1,1000,1,12
8249,301138,0,10,1,9
2072,974223,1,1000,1,8
6783,840977,0,10,1,15
335,299142,0,10,1,15
9604,310287,0,10,1,4
9757,431908,1,1000,1,13
1173,654002,0,10,1,5
8154,409596,0,10,1,10
7351,915922,0,10,1,7
83,293899,0,10,1,3
6880,208199,0,10,1,0
8998,163624,1,1000,1,6
5363,330681,1,1000,1,3
1743,7064,1,1000,1,15
4823,869395,0,10,1,7
4263,108251,1,1000,1,7
616,996870,0,10,1,8
7513,760290,1,1000,1,9
4849,235735,0,10,1,1
1256,27825,0,10,1,8
4694,887302,1,1000,1,6
6269,696144,0,10,1,13
3707,172745,1,1000,1,11
297,156645,1,1000,1,9
7217,686262,0,10,1,1
3145,498707,0,10,1,9
9787,400132,1,1000,1,11
423,63626,0,10,1,7
8715,419836,1,1000,1,11
5045,650338,0,10,1,5
2900,148976,1,1000,1,4
862,115871,1,1000,1,14
8199,308623,0,10,1,7
3403,202294,0,10,1,11
5211,141835,1,1000,1,11
546,104790,0,10,1,2
6595,545191,0,10,1,3
8621,984881,0,10,1,13
142,921787,0,10,1,14
9708,52447,1,1000,1,12
2374,752662,0,10,1,6
6203,85337,1,1000,1,11
9600,494716,0,10,1,0
4751,492760,0,10,1,15
9610,819126,0,10,1,10
2079,857527,0,10,1,15
771,313185,0,10,1,3
9676,807617,1,1000,1,12
6441,1467,1,1000,1,9
5398,124409,0,10,1,6
6508,1163,1,1000,1,12
6113,595882,0,10,1,1
2098,419869,0,10,1,2
3114,131542,0,10,1,10
9673,717310,1,1000,1,9
4732,362756,1,1000,1,12
1827,32814,1,1000,1,3
9395,348651,0,10,1,3
9773,816476,1,1000,1,13
1226,833657,1,1000,1,10
4075,445028,0,10,1,11
6608,465117,0,10,1,0
516,870193,1,1000,1,4
4440,715432,0,10,1,8
7919,127493,0,10,1,15
6368,654971,1,1000,1,0
2404,930080,0,10,1,4
3852,43588,1,1000,1,12
4674,733841,0,10,1,2
4580,852977,0,10,1,4
3309,169510,0,10,1,13
3600,318161,0,10,1,0
4367,446185,1,1000,1,15
9019,188932,1,1000,1,11
4125,104774,1,1000,1,13
9257,757507,0,10,1,9
6662,535245,0,10,1,6
5178,866068,0,10,1,10
4856,390995,0,10,1,8
1549,100018,1,1000,1,13
8008,663185,1,1000,1,8
8467,771967,0,10,1,3
7281,447501,0,10,1,1
5107,951662,1,1000,1,3
768,718069,0,10,1,0
1506,359949,1,1000,1,2
1648,472811,0,10,1,0
7770,715577,0,10,1,10
5894,937554,0,10,1,6
4050,886394,1,1000,1,2
2822,800736,0,10,1,6
2550,387827,1,1000,1,6
6715,546731,0,10,1,11
7137,57685,0,10,1,1
4477,684160,0,10,1,13
7909,438564,1,1000,1,5
260,909390,1,1000,1,4
6949,88295,1,1000,1,5
5993,33063,1,1000,1,9
7041,293877,1,1000,1,1
2434,816718,1,1000,1,2
8343,513637,1,1000,1,7
8409,437232,1,1000,1,9
137,970980,0,10,1,9
4939,223782,1,1000,1,11
4680,447082,0,10,1,8
272,781421,1,1000,1,0
2808,870837,1,1000,1,8
4516,607130,1,1000,1,4
3396,326950,1,1000,1,4
3887,586288,1,1000,1,15
7305,544093,1,1000,1,9
6750,523335,0,10,1,14
1956,15692,1,1000,1,4
2405,136518,1,1000,1,5
3090,507767,1,1000,1,2
1798,411419,1,1000,1,6
2990,271627,0,10,1,14
9917,817702,0,10,1,13
4711,887565,1,1000,1,7
3664,66634,1,1000,1,0
2551,995940,0,10,1,7
3628,356742,1,1000,1,12
5808,158087,0,10,1,0
4454,993863,1,1000,1,6
632,348317,1,1000,1,8
9015,702482,1,1000,1,7
2369,773063,0,10,1,1
2611,297431,0,10,1,3
6913,61030,0,10,1,1
9432,311292,0,10,1,8
5076,522833,0,10,1,4
8170,416800,0,10,1,10
7969,417633,0,10,1,1
9517,562918,1,1000,1,13
5642,756969,1,1000,1,10
3303,274771,1,1000,1,7
2832,303408,1,1000,1,0
2173,631595,1,1000,1,13
5327,168572,0,10,1,15
1872,915358,1,1000,1,0
3940,933757,0,10,1,4
6181,929181,0,10,1,5
8726,76646,1,1000,1,6
6584,480533,0,10,1,8
6183,900351,1,1000,1,7
414,116876,0,10,1,14
5768,884177,0,10,1,8
4078,454282,1,1000,1,14
1329,446612,1,1000,1,1
2590,207523,0,10,1,14
7152,324205,0,10,1,0
6847,210378,1,1000,1,15
1857,495746,0,10,1,1
6472,50414,1,1000,1,8
7307,367792,1,1000,1,11
4165,848866,0,10,1,5
9310,945166,0,10,1,14
592,298124,0,10,1,0
4114,316528,1,1000,1,2
1105,185366,1,1000,1,1
1032,74646,1,1000,1,8
6284,278384,0,10,1,12
5454,635680,0,10,1,14
825,669396,1,1000,1,9
5466,444905,1,1000,1,10
3874,220459,0,10,1,2
3052,942923,0,10,1,12
7073,363709,1,1000,1,1
3154,69520,1,1000,1,2
1294,155991,1,1000,1,14
3984,288541,1,1000,1,0
1986,781845,0,10,1,2
4081,872631,0,10,1,1
336,694348,0,10,1,0
9162,925757,1,1000,1,10
3301,263027,1,1000,1,5
4660,408633,1,1000,1,4
8831,431545,0,10,1,15
8545,627367,1,1000,1,1
8643,481263,0,10,1,3
4493,237778,0,10,1,13
7059,327790,1,1000,1,3
9765,544720,1,1000,1,5
8690,695181,1,1000,1,2
1972,213445,0,10,1,4
5902,610829,1,1000,1,14
4420,768967,0,10,1,4
2084,669337,0,10,1,4
984,39347,1,1000,1,8
8870,26114,0,10,1,6
3107,795461,0,10,1,3
2430,823028,1,1000,1,14
6650,996566,1,1000,1,10
1240,124321,0,10,1,8
5618,402724,0,10,1,2
6865,887013,0,10,1,1
7835,429610,0,10,1,11
780,295982,0,10,1,12
9751,419115,1,1000,1,7
708,777072,0,10,1,4
2673,843036,1,1000,1,1
8865,14397,0,10,1,1
6914,299979,1,1000,1,2
6323,523750,1,1000,1,3
5799,357599,0,10,1,7
332,623253,1,1000,1,12
8475,217063,0,10,1,11
2841,134825,0,10,1,9
3464,410847,0,10,1,8
4698,177525,1,1000,1,10
8867,825186,1,1000,1,3
5209,421883,0,10,1,9
9267,31311,1,1000,1,3
1389,911896,1,1000,1,13
8900,55201,0,10,1,4
7254,769153,1,1000,1,6
4986,666349,0,10,1,10
8860,918286,1,1000,1,12
4735,366057,0,10,1,15
615,124487,1,1000,1,7
4255,989259,1,1000,1,15
1570,984802,1,1000,1,2
4766,19910,1,1000,1,14
8933,669336,1,1000,1,5
1862,295441,1,1000,1,6
2922,194878,0,10,1,10
5164,430704,1,1000,1,12
3356,377163,1,1000,1,12
4192,116732,0,10,1,0
4360,503506,1,1000,1,8
8695,749204,1,1000,1,7
3989,31804,0,10,1,5
6416,922357,0,10,1,0
5110,329805,1,1000,1,6
4361,521074,1,1000,1,9
9569,643206,0,10,1,1
4895,524005,1,1000,1,15
6698,595972,1,1000,1,10
5948,683006,1,1000,1,12
6098,511370,1,1000,1,2
9366,968194,1,1000,1,6
6139,26629,1,1000,1,11
6828,791014,1,1000,1,12
135,791339,1,1000,1,7
1916,822532,1,1000,1,12
93,845936,0,10,1,13
3119,342056,0,10,1,15
354,798277,0,10,1,2
1771,918379,0,10,1,11
157,106655,0,10,1,13
2576,318961,0,10,1,0
7572,676221,0,10,1,4
9409,488349,1,1000,1,1
1657,76696,0,10,1,9
3535,597496,1,1000,1,15
6969,810075,0,10,1,9
233,405211,1,1000,1,9
1776,766287,0,10,1,0
4842,395012,1,1000,1,10
4602,77723,1,1000,1,10
319,366090,1,1000,1,15
3082,880736,0,10,1,10
9401,523642,0,10,1,9
2267,657643,1,1000,1,11
7646,874864,1,1000,1,14
2116,690178,0,10,1,4
5603,348772,1,1000,1,3
2542,416002,1,1000,1,14
3766,954559,1,1000,1,6
9429,511819,1,1000,1,5
9709,500187,0,10,1,13
5323,408765,1,1000,1,11
7082,637655,1,1000,1,10
9808,51558,0,10,1,0
1662,474450,1,1000,1,14
1871,310601,0,10,1,15
247,453225,0,10,1,7
9202,247301,1,1000,1,2
3498,332041,1,1000,1,10
5281,686924,0,10,1,1
8619,700324,1,1000,1,11
7228,319102,0,10,1,12
7616,220858,1,1000,1,0
917,724148,0,10,1,5
2792,102772,1,1000,1,8
4799,146216,0,10,1,15
1153,912808,0,10,1,1
9731,690552,1,1000,1,3
6366,385105,1,1000,1,14
8841,357966,1,1000,1,9
2654,449096,1,1000,1,14
3443,243003,1,1000,1,3
7931,369268,1,1000,1,11
8958,714852,1,1000,1,14
6627,535067,1,1000,1,3
4590,638644,0,10,1,14
1677,921753,0,10,1,13
9445,431664,0,10,1,5
5566,23417,0,10,1,14
3709,580617,1,1000,1,13
7766,515681,1,1000,1,6
1915,447002,0,10,1,11
1325,765441,0,10,1,13
9781,683689,0,10,1,5
162,356587,0,10,1,2
8277,257435,1,1000,1,5
8689,403025,1,1000,1,1
1621,986970,1,1000,1,5
4419,730386,0,10,1,3
1184,175569,0,10,1,0
3686,236240,0,10,1,6
7993,144295,1,1000,1,9
5565,9523,1,1000,1,13
3627,31929,0,10,1,11
1654,148297,0,10,1,6
2830,550903,1,1000,1,14
2585,434133,1,1000,1,9
5223,375590,1,1000,1,7
9182,208181,1,1000,1,14
4720,129649,1,1000,1,0
5917,406621,1,1000,1,13
6238,155280,0,10,1,14
4538,606745,1,1000,1,10
1383,872110,1,1000,1,7
732,910758,1,1000,1,12
5777,746604,1,1000,1,1
8846,707158,1,1000,1,14
8403,466631,1,1000,1,3
4664,128407,0,10,1,8
6695,273504,0,10,1,7
1928,174079,1,1000,1,8
906,898179,0,10,1,10
4634,812376,0,10,1,10
7019,90568,1,1000,1,11
7288,705212,0,10,1,8
8656,984769,1,1000,1,0
8566,141884,0,10,1,6
8474,21272,0,10,1,10
8589,594720,1,1000,1,13
1303,602888,0,10,1,7
7764,190986,0,10,1,4
8198,371175,1,1000,1,6
1683,924784,0,10,1,3
2705,188968,0,10,1,1
7871,668806,1,1000,1,15
4345,783490,0,10,1,9
5851,382355,1,1000,1,11
8594,488005,1,1000,1,2
2383,544788,0,10,1,15
3368,227127,1,1000,1,8
3047,496510,0,10,1,7
7335,677373,0,10,1,7
9958,92585,0,10,1,6
2146,571049,1,1000,1,2
4801,884002,1,1000,1,1
1192,536804,1,1000,1,8
226,47979,1,1000,1,2
3383,741071,1,1000,1,7
2804,189775,0,10,1,4
7509,530602,0,10,1,5
2936,774395,1,1000,1,8
7334,705292,1,1000,1,6
7974,171227,1,1000,1,6
1205,433675,0,10,1,5
1991,655734,1,1000,1,7
1156,433521,0,10,1,4
1227,35663,1,1000,1,11
477,178100,1,1000,1,13
1499,653303,0,10,1,11
8421,525289,0,10,1,5
7868,919223,1,1000,1,12
7596,431108,0,10,1,12
6290,13880,1,1000,1,2
8445,244500,1,1000,1,13
1035,362358,1,1000,1,11
8081,89475,1,1000,1,1
580,346901,1,1000,1,4
5513,667504,0,10,1,9
2013,229880,0,10,1,13
5040,635540,1,1000,1,0
9525,906715,0,10,1,5
5042,795066,1,1000,1,2
2069,515344,0,10,1,5
1497,152723,0,10,1,9
1943,261274,1,1000,1,7
5794,311910,1,1000,1,2
8668,581545,0,10,1,12
7796,439144,1,1000,1,4
6234,974751,1,1000,1,10
223,949202,0,10,1,15
5881,294623,1,1000,1,9
6121,78539,0,10,1,9
4093,347159,0,10,1,13
6889,46355,0,10,1,9
1553,302307,0,10,1,1
2683,687471,0,10,1,11
5061,210294,1,1000,1,5
4567,282583,1,1000,1,7
5721,534887,1,1000,1,9
5927,224019,1,1000,1,7
3243,918854,1,1000,1,11
6727,835416,1,1000,1,7
295,678782,1,1000,1,7
5318,366466,0,10,1,6
9877,148505,0,10,1,5
928,180604,1,1000,1,0
4668,547158,1,1000,1,12
5802,137171,1,1000,1,10
4570,649623,1,1000,1,10
412,544853,0,10,1,12
1809,351294,1,1000,1,1
1147,678758,0,10,1,11
3674,14575,0,10,1,10
2380,168326,1,1000,1,12
4905,137565,1,1000,1,9
8873,947488,0,10,1,9
5154,865423,1,1000,1,2
4754,774157,0,10,1,2
2770,468503,1,1000,1,2
2836,634349,1,1000,1,4
9459,967691,1,1000,1,3
3532,623026,0,10,1,12
9063,935197,1,1000,1,7
642,656231,0,10,1,2
6666,808653,1,1000,1,10
9384,167026,0,10,1,8
6647,63639,0,10,1,7
2182,646690,0,10,1,6
7463,153292,0,10,1,7
2390,520830,0,10,1,6
294,21533,0,10,1,6
6464,481718,1,1000,1,0
5569,279587,1,1000,1,1
695,164154,0,10,1,7
6507,444016,1,1000,1,11
3281,109721,1,1000,1,1
7983,859897,1,1000,1,15
8237,333992,1,1000,1,13
2220,589979,1,1000,1,12
9976,320183,1,1000,1,8
8311,571117,1,1000,1,7
9873,96325,1,1000,1,1
296,576142,0,10,1,8
5462,703403,0,10,1,6
8238,809016,1,1000,1,14
4200,376584,0,10,1,8
1212,452950,0,10,1,12
245,977114,0,10,1,5
7171,725805,1,1000,1,3
6607,325152,1,1000,1,15
715,725919,0,10,1,11
7141,432016,0,10,1,5
5561,559599,1,1000,1,9
7705,384611,1,1000,1,9
6573,765698,0,10,1,13
9048,266559,0,10,1,8
6819,567960,1,1000,1,3
7390,784994,0,10,1,14
6365,398032,1,1000,1,13
3902,266463,1,1000,1,14
4790,784136,1,1000,1,6
9790,612850,0,10,1,14
3539,464279,0,10,1,3
6780,183361,1,1000,1,12
7813,252400,0,10,1,5
8862,876662,1,1000,1,14
4119,492308,1,1000,1,7
8374,377524,0,10,1,6
3579,198522,0,10,1,11
9707,694721,0,10,1,11
201,220377,1,1000,1,9
3825,857095,1,1000,1,1
7263,494268,1,1000,1,15
2392,425539,1,1000,1,8
7823,783433,0,10,1,15
2853,298508,1,1000,1,5
446,479874,1,1000,1,14
1449,204611,0,10,1,9
1334,69487,1,1000,1,6
5547,582650,0,10,1,11
1562,258773,0,10,1,10
7995,761287,0,10,1,11
1859,853530,0,10,1,3
609,603878,0,10,1,1
5365,639850,0,10,1,5
7439,989689,0,10,1,15
8272,485176,0,10,1,0
1470,208324,1,1000,1,14
9346,93488,1,1000,1,2
4741,950637,1,1000,1,5
1947,103578,1,1000,1,11
156,573711,1,1000,1,12
9289,560962,1,1000,1,9
4247,664728,0,10,1,7
7293,329313,1,1000,1,13
7627,343286,1,1000,1,11
2865,821567,0,10,1,1
4865,722903,1,1000,1,1
2722,761264,0,10,1,2
6961,428647,1,1000,1,1
9896,565715,1,1000,1,8
5025,570527,1,1000,1,1
45,75801,0,10,1,13
1711,763945,0,10,1,15
7772,467008,1,1000,1,12
4684,20197,0,10,1,12
1469,616568,0,10,1,13
6821,467401,1,1000,1,5
7075,33658,1,1000,1,3
8233,826008,1,1000,1,9
3373,981289,1,1000,1,13
7119,928301,1,1000,1,15
3193,604155,0,10,1,9
7071,653953,0,10,1,15
9437,277769,0,10,1,13
4262,459062,1,1000,1,6
362,490696,1,1000,1,10
7273,91533,1,1000,1,9
6324,9630,0,10,1,4
2379,618923,1,1000,1,11
4288,692255,1,1000,1,0
9672,417598,1,1000,1,8
8037,722669,1,1000,1,5
9016,721540,0,10,1,8
9921,528851,1,1000,1,1
4683,487066,1,1000,1,11
2297,612767,0,10,1,9
8640,721284,0,10,1,0
228,154408,1,1000,1,4
8365,140976,0,10,1,13
8546,333276,0,10,1,2
8774,256881,1,1000,1,6
8375,715031,1,1000,1,7
6240,178510,0,10,1,0
1840,596341,0,10,1,0
1406,95734,0,10,1,14
762,154846,1,1000,1,10
2709,841140,0,10,1,5
4612,221419,0,10,1,4
9062,915310,1,1000,1,6
6802,269961,0,10,1,2
7425,749233,0,10,1,1
9034,553661,0,10,1,10
5857,957587,1,1000,1,1
2893,837856,1,1000,1,13
7902,787045,0,10,1,14
6028,79113,1,1000,1,12
5099,570826,0,10,1,11
9341,222543,1,1000,1,13
2559,958929,1,1000,1,15
6232,799685,0,10,1,8
5782,164651,1,1000,1,6
6832,579755,1,1000,1,0
6929,654281,0,10,1,1
1806,375231,0,10,1,14
882,485952,0,10,1,2
8954,984611,0,10,1,10
6934,457487,1,1000,1,6
6800,605172,1,1000,1,0
3638,886015,0,10,1,6
4534,89707,0,10,1,6
6431,138464,0,10,1,15
8995,674677,0,10,1,3
9420,502515,0,10,1,12
1574,244533,1,1000,1,6
7628,198344,0,10,1,12
1842,904624,1,1000,1,2
1362,878708,1,1000,1,2
5359,221092,0,10,1,15
5638,523996,1,1000,1,6
8677,143765,0,10,1,5
5583,829678,0,10,1,15
7733,31838,1,1000,1,5
6449,165067,0,10,1,1
7667,436585,1,1000,1,3
1532,935478,0,10,1,12
9686,865912,1,1000,1,6
4286,181561,0,10,1,14
8718,478114,0,10,1,14
7634,803480,0,10,1,2
2972,320162,1,1000,1,12
7360,159877,1,1000,1,0
9457,635131,1,1000,1,1
1139,610985,1,1000,1,3
7337,163788,0,10,1,9
5654,558315,1,1000,1,6
1033,875953,1,1000,1,9
2205,798180,0,10,1,13
7374,111854,0,10,1,14
1435,242498,1,1000,1,11
5145,583030,1,1000,1,9
7398,572440,1,1000,1,6
8693,422530,1,1000,1,5
8053,805021,1,1000,1,5
4758,22987,0,10,1,6
8032,487963,1,1000,1,0
6940,282103,1,1000,1,12
2089,217181,0,10,1,9
5643,260292,0,10,1,11
8821,93818,1,1000,1,5
4315,126594,1,1000,1,11
4433,715698,1,1000,1,1
5176,557165,1,1000,1,8
3442,838101,1,1000,1,2
6227,242109,0,10,1,3
4632,439302,0,10,1,8
4332,15190,1,1000,1,12
9638,43694,1,1000,1,6
6301,21297,1,1000,1,13
4070,67059,0,10,1,6
3088,189689,0,10,1,0
3819,306200,1,1000,1,11
9980,229045,1,1000,1,12
9969,85287,1,1000,1,1
7432,736510,0,10,1,8
56,45338,0,10,1,8
3806,172842,1,1000,1,14
1966,225732,0,10,1,14
2423,744709,0,10,1,7
3983,972060,1,1000,1,15
7210,810872,0,10,1,10
6798,76714,0,10,1,14
7735,654946,0,10,1,7
2556,821794,0,10,1,12
3595,450024,1,1000,1,11
9124,622534,1,1000,1,4
2934,405779,1,1000,1,6
5246,984381,1,1000,1,14
3919,153789,1,1000,1,15
160,47796,1,1000,1,0
4414,504155,0,10,1,14
8702,146006,0,10,1,14
7375,220995,0,10,1,15
2656,672032,0,10,1,0
9842,998496,0,10,1,2
8117,286751,0,10,1,5
2850,278244,0,10,1,2
4325,2048,1,1000,1,5
5884,224630,0,10,1,12
8835,790090,0,10,1,3
1999,873068,1,1000,1,15
6034,635223,0,10,1,2
6606,35134,0,10,1,14
3334,706449,1,1000,1,6
6846,8512,1,1000,1,14
328,12781,1,1000,1,8
3898,878646,0,10,1,10
9004,204007,0,10,1,12
2697,383547,1,1000,1,9
6766,96105,1,1000,1,14
7763,709125,0,10,1,3
4152,467965,1,1000,1,8
3968,683536,1,1000,1,0
5598,184499,1,1000,1,14
8956,943338,1,1000,1,12
3094,985760,0,10,1,6
2647,215387,0,10,1,7
8590,323451,1,1000,1,14
6795,976604,1,1000,1,11
4131,166843,0,10,1,3
3244,236950,1,1000,1,12
894,915308,1,1000,1,14
8555,799842,0,10,1,11
8096,430814,0,10,1,0
3021,423739,0,10,1,13
1283,372334,1,1000,1,3
6149,266520,1,1000,1,5
1093,119572,1,1000,1,5
5897,819166,0,10,1,9
2145,929991,0,10,1,1
6360,748635,0,10,1,8
64,984118,0,10,1,0
7607,331151,1,1000,1,7
2101,142132,0,10,1,5
3820,899025,0,10,1,12
3285,123995,1,1000,1,5
6209,883969,1,1000,1,1
3992,794770,0,10,1,8
3712,383216,1,1000,1,0
9397,496282,1,1000,1,5
1224,77920,1,1000,1,8
5667,508119,1,1000,1,3
2932,163101,1,1000,1,4
509,404704,1,1000,1,13
2778,404437,1,1000,1,10
8017,689696,0,10,1,1
9456,190971,0,10,1,0
6461,631058,0,10,1,13
4102,553855,1,1000,1,6
3340,983688,1,1000,1,12
3913,799910,0,10,1,9
7012,390307,0,10,1,4
283,603240,0,10,1,11
4861,5811,0,10,1,13
4003,432256,0,10,1,3
3750,474117,0,10,1,6
1314,609379,0,10,1,2
9860,816561,0,10,1,4
6882,163522,1,1000,1,2
8541,379775,1,1000,1,13
9648,526617,0,10,1,0
9315,535447,1,1000,1,3
3624,931625,1,1000,1,8
541,781813,1,1000,1,13
2087,244168,0,10,1,7
1786,302808,1,1000,1,10
6918,742344,1,1000,1,6
2295,376566,0,10,1,7
3583,321527,0,10,1,15
5387,231634,0,10,1,11
5161,701011,0,10,1,9
4359,792665,1,1000,1,7
5416,6140,0,10,1,8
7167,901816,1,1000,1,15
8411,161880,0,10,1,11
1860,951367,1,1000,1,4
4294,688231,0,10,1,6
3652,141653,0,10,1,4
7494,768248,1,1000,1,6
7265,32802,0,10,1,1
4136,24584,1,1000,1,8
5317,543991,0,10,1,5
915,606007,1,1000,1,3
9561,192550,0,10,1,9
9265,687548,0,10,1,1
3343,984977,0,10,1,15
1699,239280,0,10,1,3
4215,83831,1,1000,1,7
6116,199742,0,10,1,4
2031,87096,1,1000,1,15
5831,819981,1,1000,1,7
6202,675948,0,10,1,10
1949,363245,1,1000,1,13
4503,989910,1,1000,1,7
5632,655083,1,1000,1,0
6350,727875,1,1000,1,14
3880,127848,0,10,1,8
5593,788248,0,10,1,9
5039,19989,0,10,1,15
5882,722014,1,1000,1,10
595,573182,1,1000,1,3
8139,603611,0,10,1,11
3746,858455,1,1000,1,2
2343,656696,0,10,1,7
753,738705,0,10,1,1
6499,648154,1,1000,1,3
1416,712599,0,10,1,8
9725,43637,1,1000,1,13
7029,840416,0,10,1,5
7536,228230,0,10,1,0
8048,866399,0,10,1,0
7718,596424,0,10,1,6
9962,997759,0,10,1,10
9928,215128,1,1000,1,8
1195,811444,0,10,1,11
374,372151,1,1000,1,6
1836,520455,1,1000,1,12
1858,245198,1,1000,1,2
8481,583436,1,1000,1,1
9057,75635,1,1000,1,1
4048,754446,1,1000,1,0
7869,913582,1,1000,1,13
2471,92981,0,10,1,7
8521,302914,0,10,1,9
9897,148690,1,1000,1,9
6503,911942,1,1000,1,7
4032,630355,0,10,1,0
4168,946710,1,1000,1,8
3890,984889,0,10,1,2
4765,2234,0,10,1,13
2189,240522,0,10,1,13
2495,156385,0,10,1,15
1502,523163,1,1000,1,14
155,430387,0,10,1,11
7805,274746,1,1000,1,13
561,602956,1,1000,1,1
588,718245,1,1000,1,12
7815,294460,1,1000,1,7
6939,66591,1,1000,1,11
1987,501883,0,10,1,3
8913,805896,1,1000,1,1
3357,941846,0,10,1,13
2938,549685,0,10,1,10
734,395290,0,10,1,14
1405,75848,0,10,1,13
8544,540740,0,10,1,0
3904,179731,0,10,1,0
8940,868141,0,10,1,12
2278,700949,1,1000,1,6
4173,733434,0,10,1,13
4915,479218,0,10,1,3
7477,396812,0,10,1,5
9142,639305,0,10,1,6
4485,476188,1,1000,1,5
1475,847035,0,10,1,3
5724,111830,0,10,1,12
1134,65657,1,1000,1,14
8310,505216,0,10,1,6
2381,721972,0,10,1,13
2685,936881,0,10,1,13
1667,180742,0,10,1,3
8103,103405,0,10,1,7
7146,759939,0,10,1,10
1457,142691,1,1000,1,1
6205,146698,1,1000,1,13
7585,593641,1,1000,1,1
9053,554491,1,1000,1,13
5322,779162,1,1000,1,10
9803,670697,0,10,1,11
650,517895,1,1000,1,10
4701,656994,0,10,1,13
7843,304885,1,1000,1,3
4582,314897,0,10,1,6
8550,279278,0,10,1,6
4362,969893,1,1000,1,10
4039,352629,1,1000,1,7
8137,425661,0,10,1,9
4181,602118,1,1000,1,5
384,966805,0,10,1,0
314,906469,0,10,1,10
4293,198693,1,1000,1,5
4388,125407,0,10,1,4
2029,165400,0,10,1,13
623,134990,0,10,1,15
2193,648208,1,1000,1,1
4603,77076,1,1000,1,11
2040,929081,1,1000,1,8
2053,200814,0,10,1,5
1531,629554,1,1000,1,11
3684,246964,0,10,1,4
9333,778858,1,1000,1,5
6405,633418,0,10,1,5
1275,485788,1,1000,1,11
4770,990961,1,1000,1,2
7898,128720,0,10,1,10
9539,242824,1,1000,1,3
197,597153,1,1000,1,5
508,284122,1,1000,1,12
4875,347890,1,1000,1,11
4761,673922,1,1000,1,9
1424,996681,1,1000,1,0
4972,897287,0,10,1,12
1762,19578,0,10,1,2
2004,801868,0,10,1,4
751,638134,0,10,1,15
8206,2635,1,1000,1,14
1102,101990,0,10,1,14
8953,699155,1,1000,1,9
4555,924572,0,10,1,11
6829,273837,1,1000,1,13
5867,634237,1,1000,1,11
4067,854052,1,1000,1,3
1067,28983,0,10,1,11
5313,60158,0,10,1,1
9133,819189,0,10,1,13
4160,50589,0,10,1,0
7024,65088,1,1000,1,0
3184,727147,1,1000,1,0
8131,880674,1,1000,1,3
596,346147,0,10,1,4
9887,948302,0,10,1,15
1877,422226,0,10,1,5
1342,848313,0,10,1,14
6255,270509,0,10,1,15
9373,351778,1,1000,1,13
2643,842956,0,10,1,3
3548,834260,1,1000,1,12
9072,537034,1,1000,1,0
8703,597117,0,10,1,15
7782,645907,1,1000,1,6
8744,857796,1,1000,1,8
7181,617125,0,10,1,13
8957,518599,1,1000,1,13
3273,84918,0,10,1,9
4752,637275,0,10,1,0
5310,158254,1,1000,1,14
990,957482,1,1000,1,14
8146,487246,1,1000,1,2
3112,358781,1,1000,1,8
7762,168632,0,10,1,2
639,165739,0,10,1,15
7427,685561,1,1000,1,3
5418,663138,1,1000,1,10
9236,954534,1,1000,1,4
525,682338,0,10,1,13
6213,451978,1,1000,1,5
5710,290667,0,10,1,14
8407,118719,0,10,1,7
5939,875578,0,10,1,3
381,817193,1,1000,1,13
3318,635703,0,10,1,6
5934,697970,0,10,1,14
2794,449082,1,1000,1,10
2055,463136,1,1000,1,7
4626,543878,0,10,1,2
8231,507241,1,1000,1,7
2417,714163,1,1000,1,1
2047,997368,0,10,1,15
249,10286,0,10,1,9
9689,439139,1,1000,1,9
9937,13442,1,1000,1,1
2655,362192,1,1000,1,15
6799,356912,1,1000,1,15
5779,921595,0,10,1,3
5986,602244,1,1000,1,2
9793,921994,1,1000,1,1
6224,745891,1,1000,1,0
1964,608144,1,1000,1,12
255,348872,1,1000,1,15
179,529870,0,10,1,3
231,121254,1,1000,1,7
4384,382857,0,10,1,0
3067,518228,1,1000,1,11
6922,563184,1,1000,1,10
9260,115079,0,10,1,12
4497,333559,1,1000,1,1
3778,818745,1,1000,1,2
6118,616524,1,1000,1,6
7358,870019,1,1000,1,14
1685,163320,1,1000,1,5
140,756217,0,10,1,12
7020,463195,0,10,1,12
7685,28487,1,1000,1,5
8418,760857,0,10,1,2
7592,898186,0,10,1,8
2271,175460,1,1000,1,15
4749,594793,0,10,1,13
2642,390355,0,10,1,2
7958,507987,1,1000,1,6
2225,325975,1,1000,1,1
8771,603154,0,10,1,3
1068,467604,0,10,1,12
6687,740126,0,10,1,15
8261,198262,0,10,1,5
5265,101178,1,1000,1,1
1050,452636,0,10,1,10
9761,747357,1,1000,1,1
3558,345886,0,10,1,6
3530,397421,0,10,1,10
3397,295029,1,1000,1,5
1668,731255,0,10,1,4
558,631993,1,1000,1,14
4653,556563,0,10,1,13
5622,860351,1,1000,1,6
6997,750265,0,10,1,5
4545,879905,0,10,1,1
4188,246276,0,10,1,12
3775,22581,0,10,1,15
8350,750644,0,10,1,14
9664,966008,0,10,1,0
6930,95458,0,10,1,2
7566,246922,0,10,1,14
7211,817449,0,10,1,11
863,166737,0,10,1,15
6551,336180,1,1000,1,7
1946,962154,1,1000,1,10
9452,427320,0,10,1,12
6251,61075,1,1000,1,11
7312,778092,1,1000,1,0
8839,565335,1,1000,1,7
9718,626704,0,10,1,6
2872,494200,0,10,1,8
488,382796,0,10,1,8
8886,100409,0,10,1,6
5052,143944,0,10,1,12
7681,853839,0,10,1,1
1073,190634,0,10,1,1
533,272624,1,1000,1,5
5545,282683,1,1000,1,9
3525,67319,0,10,1,5
6956,361478,1,1000,1,12
7409,930808,1,1000,1,1
8045,289728,1,1000,1,13
7259,22333,0,10,1,11
7832,133675,0,10,1,8
5413,415772,0,10,1,5
4524,359302,0,10,1,12
5340,141057,0,10,1,12
229,11063,1,1000,1,5
5152,391213,0,10,1,0
2622,906044,1,1000,1,14
6518,655444,0,10,1,6
4990,731461,0,10,1,14
1006,693540,1,1000,1,14
5185,183012,1,1000,1,1
8284,314192,0,10,1,12
371,860065,1,1000,1,3
4217,283386,0,10,1,9
7678,298968,1,1000,1,14
4734,155894,0,10,1,14
1755,225878,1,1000,1,11
8041,1556,0,10,1,9
4158,857965,0,10,1,14
3152,181409,1,1000,1,0
8642,970772,1,1000,1,2
601,499841,1,1000,1,9
5716,703068,1,1000,1,4
6399,447925,1,1000,1,15
2926,90860,1,1000,1,14
8871,943111,0,10,1,7
7415,662802,1,1000,1,7
8187,468056,1,1000,1,11
4020,653024,1,1000,1,4
6840,403858,0,10,1,8
9902,261736,0,10,1,14
7580,490052,0,10,1,12
9020,83447,0,10,1,12
5014,652565,1,1000,1,6
3770,666774,0,10,1,10
1084,299684,0,10,1,12
8644,839964,0,10,1,4
9051,647754,0,10,1,11
1976,448284,1,1000,1,8
8595,271027,1,1000,1,3
578,560763,0,10,1,2
1299,614339,1,1000,1,3
6454,95085,0,10,1,6
1777,249347,0,10,1,1
4426,889146,0,10,1,10
6105,45213,1,1000,1,9
2408,337237,1,1000,1,8
9085,117093,1,1000,1,13
4623,161000,0,10,1,15
62,456490,0,10,1,14
6107,164656,1,1000,1,11
2292,731157,0,10,1,4
819,43758,0,10,1,3
9067,622276,0,10,1,11
8630,890521,0,10,1,6
5140,103290,1,1000,1,4
5442,748155,0,10,1,2
8099,148891,1,1000,1,3
0,267297,0,10,1,0
4273,712377,1,1000,1,1
1391,859791,0,10,1,15
8747,827508,1,1000,1,11
6122,191646,0,10,1,10
1794,193524,0,10,1,2
7573,242029,1,1000,1,5
4533,50487,1,1000,1,5
1024,378374,1,1000,1,0
4642,286267,1,1000,1,2
8429,606058,1,1000,1,13
6559,260697,1,1000,1,15
7831,908648,1,1000,1,7
1589,774991,1,1000,1,5
1913,709121,0,10,1,9
5043,909807,0,10,1,3
59,197361,0,10,1,11
1431,277794,0,10,1,7
7154,828846,0,10,1,2
353,386546,1,1000,1,1
4241,799534,0,10,1,1
3087,794771,1,1000,1,15
9293,82450,0,10,1,13
7156,121036,1,1000,1,4
9652,178029,1,1000,1,4
3587,18159,1,1000,1,3
7452,885892,1,1000,1,12
3177,997885,1,1000,1,9
942,519856,0,10,1,14
269,550277,0,10,1,13
9940,194181,0,10,1,4
9579,955135,0,10,1,11
3572,82591,1,1000,1,4
7328,455431,0,10,1,0
4054,811208,0,10,1,6
5701,24428,0,10,1,5
2223,793870,1,1000,1,15
9665,795457,0,10,1,1
8767,213476,1,1000,1,15
66,675842,1,1000,1,2
3406,566473,0,10,1,14
8125,72676,1,1000,1,13
7372,138447,1,1000,1,12
1200,471197,0,10,1,0
6898,560284,1,1000,1,2
3123,347431,1,1000,1,3
4438,612802,0,10,1,6
5434,365314,1,1000,1,10
4700,200369,0,10,1,12
5226,496401,1,1000,1,10
5078,469996,1,1000,1,6
4270,264851,1,1000,1,14
3477,851626,1,1000,1,5
8416,652273,0,10,1,0
1868,900394,1,1000,1,12
3696,52003,1,1000,1,0
3074,17171,0,10,1,2
7329,955757,0,10,1,1
2780,913100,0,10,1,12
9650,839085,1,1000,1,2
86,781421,1,1000,1,6
8778,33519,0,10,1,10
4665,605482,1,1000,1,9
9545,238515,0,10,1,9
9816,896870,0,10,1,8
3058,682257,1,1000,1,2
1418,847422,1,1000,1,10
2849,605782,1,1000,1,1
8786,319845,1,1000,1,2
3614,648864,0,10,1,14
9423,475339,1,1000,1,15
2764,51843,1,1000,1,12
7569,488076,0,10,1,1
8912,970964,1,1000,1,0
537,804102,1,1000,1,9
9251,170417,0,10,1,3
8240,420971,0,10,1,0
5064,351680,1,1000,1,8
29,706693,1,1000,1,13
5068,608555,0,10,1,12
6318,208072,1,1000,1,14
7576,778582,0,10,1,8
1339,869833,0,10,1,11
6879,639107,1,1000,1,15
7365,195587,0,10,1,5
4787,41819,1,1000,1,3
7904,537295,1,1000,1,0
5386,82604,0,10,1,10
788,296704,0,10,1,4
3730,767466,1,1000,1,2
7653,748802,1,1000,1,5
219,52658,0,10,1,11
957,130455,1,1000,1,13
4715,340312,1,1000,1,11
7380,359538,0,10,1,4
6176,743760,0,10,1,0
1241,747076,1,1000,1,9
3499,223906,0,10,1,11
1118,663380,0,10,1,14
8320,972761,1,1000,1,0
312,762529,1,1000,1,8
5945,861556,1,1000,1,9
9026,740506,0,10,1,2
3501,290375,0,10,1,13
2,403765,1,1000,1,2
6396,526064,1,1000,1,12
2848,977284,1,1000,1,0
5473,453026,0,10,1,1
8734,671658,1,1000,1,14
1568,251866,1,1000,1,0
8680,230065,1,1000,1,8
1814,32079,1,1000,1,6
4163,536787,1,1000,1,3
5650,324135,1,1000,1,2
1834,65941,0,10,1,10
9936,958231,0,10,1,0
4076,83326,0,10,1,12
31,812874,0,10,1,15
5538,463584,0,10,1,2
390,692612,1,1000,1,6
4478,543904,1,1000,1,14
7671,230865,1,1000,1,7
3289,989799,1,1000,1,9
9380,605907,0,10,1,4
6292,365426,1,1000,1,4
5771,372481,0,10,1,11
848,648012,1,1000,1,0
6776,861144,1,1000,1,8
8534,135169,0,10,1,6
967,885859,0,10,1,7
7049,176155,0,10,1,9
8491,833014,0,10,1,11
2277,138850,1,1000,1,5
7876,677283,1,1000,1,4
9414,500675,1,1000,1,6
8694,274697,0,10,1,6
556,145400,0,10,1,12
9243,705513,1,1000,1,11
2300,992523,1,1000,1,12
6841,648539,1,1000,1,9
6688,155636,1,1000,1,0
3374,893086,1,1000,1,14
929,939119,0,10,1,1
6260,495833,0,10,1,4
2326,585244,1,1000,1,6
4380,56320,0,10,1,12
2520,90701,0,10,1,8
4878,919946,0,10,1,14
3155,247190,0,10,1,3
5810,420139,0,10,1,2
6092,573146,1,1000,1,12
7042,875676,1,1000,1,2
7105,241085,0,10,1,1
6076,470785,0,10,1,12
2447,114384,1,1000,1,15
3060,964294,1,1000,1,4
9076,17710,1,1000,1,4
8728,587053,1,1000,1,8
8899,958317,1,1000,1,3
4753,530501,1,1000,1,1
8054,327526,1,1000,1,6
8986,663710,0,10,1,10
7296,997253,1,1000,1,0
6223,975809,0,10,1,15
47,896424,0,10,1,15
4095,867806,1,1000,1,15
1784,509592,1,1000,1,8
3495,482992,0,10,1,7
382,248860,0,10,1,14
8039,328814,0,10,1,7
1557,319949,0,10,1,5
4685,702297,0,10,1,13
5540,223338,1,1000,1,4
6963,92576,0,10,1,3
4434,591514,1,1000,1,2
5330,756752,1,1000,1,2
6944,564340,1,1000,1,0
713,603314,0,10,1,9
470,591486,0,10,1,6
1043,108665,1,1000,1,3
1882,91876,0,10,1,10
4506,28284,1,1000,1,10
8559,475917,1,1000,1,15
1208,350151,1,1000,1,8
8394,247654,1,1000,1,10
2003,758526,1,1000,1,3
5698,721296,1,1000,1,2
2125,468869,0,10,1,13
5930,319881,1,1000,1,10
9977,283658,0,10,1,9
8502,816664,1,1000,1,6
7045,102707,1,1000,1,5
7972,945690,1,1000,1,4
1891,910286,0,10,1,3
1271,486030,1,1000,1,7
2409,384808,0,10,1,9
4635,437917,0,10,1,11
686,432382,1,1000,1,14
5752,60803,0,10,1,8
3771,566244,0,10,1,11
4145,501191,0,10,1,1
4302,534658,0,10,1,14
8549,957775,0,10,1,5
9826,455006,0,10,1,2
8852,788797,1,1000,1,4
4,410916,1,1000,1,4
4916,910899,0,10,1,4
3504,899270,0,10,1,0
1434,113841,0,10,1,10
9301,563263,0,10,1,5
4608,982944,1,1000,1,0
1500,580600,0,10,1,12
5533,573373,0,10,1,13
1572,341125,0,10,1,4
4162,4674,1,1000,1,2
7160,953796,1,1000,1,8
9924,610429,0,10,1,4
9321,893115,1,1000,1,9
159,582840,0,10,1,15
70,801673,0,10,1,6
4991,169947,0,10,1,15
1494,441284,0,10,1,6
4976,980539,0,10,1,0
3149,278565,0,10,1,13
9099,749265,0,10,1,11
6393,928543,1,1000,1,9
2735,19790,0,10,1,15
2508,936667,1,1000,1,12
185,989863,0,10,1,9
3834,496789,0,10,1,10
519,367413,0,10,1,7
9786,414077,1,1000,1,10
7411,860684,1,1000,1,3
8652,915763,0,10,1,12
2487,848751,0,10,1,7
2289,313250,1,1000,1,1
946,864156,1,1000,1,2
6716,868981,1,1000,1,12
1324,899622,0,10,1,12
6287,12508,1,1000,1,15
1094,65802,0,10,1,6
1162,942113,1,1000,1,10
9489,467847,1,1000,1,1
9344,300011,0,10,1,0
2629,400202,0,10,1,5
1716,239890,1,1000,1,4
8676,49050,1,1000,1,4
460,359463,1,1000,1,12
2964,792185,0,10,1,4
1819,365204,1,1000,1,11
5251,600840,1,1000,1,3
2231,158171,1,1000,1,7
3756,788269,0,10,1,12
4515,232004,1,1000,1,3
2756,484135,0,10,1,4
2733,381003,0,10,1,13
4077,522435,1,1000,1,13
5982,221381,0,10,1,14
4592,849159,1,1000,1,0
5694,322983,1,1000,1,14
5187,328236,0,10,1,3
5570,852137,0,10,1,2
327,140392,1,1000,1,7
254,225167,1,1000,1,14
2910,68698,1,1000,1,14
4616,745487,0,10,1,8
4083,616376,1,1000,1,3
3524,854603,1,1000,1,4
3350,471906,1,1000,1,6
3256,377751,0,10,1,8
6358,34373,1,1000,1,6
482,530394,1,1000,1,2
9653,620773,0,10,1,5
3206,996194,0,10,1,6
4852,257442,0,10,1,4
9631,920374,1,1000,1,15
4919,611055,0,10,1,7
4920,236026,1,1000,1,8
646,6142,1,1000,1,6
667,690580,0,10,1,11
5289,4739,0,10,1,9
4730,963828,1,1000,1,10
4943,208653,1,1000,1,15
3976,481043,1,1000,1,8
8496,362246,0,10,1,0
8947,579636,1,1000,1,3
8500,124719,1,1000,1,4
3602,905208,0,10,1,2
9144,546504,0,10,1,8
6634,405539,1,1000,1,10
7930,298517,0,10,1,10
1910,946636,1,1000,1,6
9890,687758,0,10,1,2
6023,784504,0,10,1,7
6858,490273,0,10,1,10
2285,242138,1,1000,1,13
7106,946190,1,1000,1,2
8879,230224,0,10,1,15
3537,56894,1,1000,1,1
9097,204182,1,1000,1,9
4233,69264,0,10,1,9
2601,614729,1,1000,1,9
9302,803257,1,1000,1,6
8121,211394,1,1000,1,9
6718,266980,1,1000,1,14
5727,648913,1,1000,1,15
3743,987559,0,10,1,15
6792,855896,0,10,1,8
1561,104778,0,10,1,9
1450,105994,0,10,1,10
2687,131775,1,1000,1,15
5038,473702,0,10,1,14
6220,609236,0,10,1,12
1075,721586,0,10,1,3
7741,145651,0,10,1,13
7756,831938,1,1000,1,12
9549,301210,1,1000,1,13
8092,243320,0,10,1,12
476,929289,1,1000,1,12
9799,492307,1,1000,1,7
3966,63707,1,1000,1,14
2276,945686,1,1000,1,4
3017,392711,1,1000,1,9
8056,497078,1,1000,1,8
1230,126351,0,10,1,14
2235,764636,0,10,1,11
8059,580570,1,1000,1,11
9645,350632,0,10,1,13
3957,682849,0,10,1,5
449,686027,1,1000,1,1
6125,208134,0,10,1,13
3111,27769,0,10,1,7
7571,47982,0,10,1,3
6932,976004,0,10,1,4
3475,96477,0,10,1,3
2580,498097,0,10,1,4
2965,714912,0,10,1,5
587,882708,1,1000,1,11
1183,429074,0,10,1,15
3666,696830,1,1000,1,2
947,226594,1,1000,1,3
682,247058,0,10,1,10
4961,709056,0,10,1,1
9487,271245,0,10,1,15
4400,140832,0,10,1,0
2953,403412,0,10,1,9
2960,970048,0,10,1,0
2025,121304,0,10,1,9
6705,147721,0,10,1,1
6216,848165,0,10,1,8
8448,236330,1,1000,1,0
1639,194448,0,10,1,7
2791,531070,0,10,1,7
2957,863186,0,10,1,13
1998,339997,1,1000,1,14
8191,490948,0,10,1,15
9876,824932,1,1000,1,4
6906,977474,1,1000,1,10
5368,412106,0,10,1,8
9990,572907,1,1000,1,6
5252,741110,0,10,1,4
955,213196,1,1000,1,11
4223,493682,1,1000,1,15
2498,726630,1,1000,1,2
5165,66661,1,1000,1,13
9744,937496,1,1000,1,0
51,302639,1,1000,1,3
175,774307,1,1000,1,15
9713,762497,1,1000,1,1
1619,409128,0,10,1,3
9108,307053,1,1000,1,4
4654,965561,1,1000,1,14
7677,709615,0,10,1,13
2178,448859,1,1000,1,2
9903,133838,0,10,1,15
9137,448789,0,10,1,1
7748,259676,1,1000,1,4
1332,847426,0,10,1,4
3513,214253,1,1000,1,9
7322,100485,1,1000,1,10
4055,580578,1,1000,1,7
5417,214275,0,10,1,9
4390,610762,1,1000,1,6
8255,887515,0,10,1,15
8107,920034,1,1000,1,11
2338,30247,1,1000,1,2
6546,326332,1,1000,1,2
3575,591430,1,1000,1,7
2296,846356,1,1000,1,8
703,477471,0,10,1,15
7061,241305,0,10,1,5
207,618010,1,1000,1,15
3020,614116,1,1000,1,12
3073,219779,1,1000,1,1
1503,59455,1,1000,1,15
6907,750021,1,1000,1,11
4221,887275,0,10,1,13
6014,183948,0,10,1,14
3618,224020,1,1000,1,2
544,362265,0,10,1,0
9728,451213,0,10,1,0
3129,484861,0,10,1,9
5964,622728,1,1000,1,12
2616,987402,1,1000,1,8
9935,885677,0,10,1,15
9821,81361,1,1000,1,13
9245,42572,1,1000,1,13
9840,172234,1,1000,1,0
8316,300979,0,10,1,12
4007,304346,0,10,1,7
965,326234,0,10,1,5
1355,639342,0,10,1,11
1539,898862,0,10,1,3
7822,583331,1,1000,1,14
7264,241177,0,10,1,0
8878,403376,1,1000,1,14
9818,30246,1,1000,1,10
6306,751321,1,1000,1,2
2330,966715,1,1000,1,10
360,708913,0,10,1,8
9628,611669,0,10,1,12
5891,493754,1,1000,1,3
3645,949180,1,1000,1,13
6948,746549,1,1000,1,4
4064,43982,1,1000,1,0
9501,231529,0,10,1,13
8937,794095,0,10,1,9
1202,741449,0,10,1,2
9175,619145,1,1000,1,7
2268,301087,1,1000,1,12
9630,220003,0,10,1,14
6726,848903,1,1000,1,6
3158,296299,1,1000,1,6
4187,887924,0,10,1,11
41,846304,0,10,1,9
7253,298170,1,1000,1,5
8095,922523,0,10,1,15
465,523462,1,1000,1,1
9421,397614,1,1000,1,13
4282,612192,0,10,1,10
6868,877458,0,10,1,4
969,807406,0,10,1,9
120,537715,0,10,1,8
9857,977413,0,10,1,1
9979,947152,1,1000,1,11
6871,458337,1,1000,1,7
1490,858262,0,10,1,2
5333,194065,1,1000,1,5
8176,714054,1,1000,1,0
9831,406940,0,10,1,7
7308,350639,0,10,1,12
8547,340856,0,10,1,3
3754,956609,1,1000,1,10
6691,215212,0,10,1,3
8280,426250,1,1000,1,8
2479,967169,0,10,1,15
2563,2436,1,1000,1,3
6629,595608,0,10,1,5
6406,440374,1,1000,1,6
106,854233,1,1000,1,10
363,8966,0,10,1,11
3687,432961,0,10,1,7
3656,209627,0,10,1,8
4691,847771,1,1000,1,3
306,17874,0,10,1,2
9533,703411,0,10,1,13
949,498511,1,1000,1,5
9596,714750,1,1000,1,12
665,21421,0,10,1,9
4153,109508,0,10,1,9
8410,588685,0,10,1,10
884,318098,1,1000,1,4
9850,949519,1,1000,1,10
5935,145807,1,1000,1,15
104,565731,1,1000,1,8
7005,548037,0,10,1,13
1135,903788,1,1000,1,15
1844,676427,0,10,1,4
1441,889328,0,10,1,1
1363,203308,1,1000,1,3
3776,883098,1,1000,1,0
6526,771085,0,10,1,14
9259,781241,0,10,1,11
9209,739250,0,10,1,9
1165,913421,1,1000,1,13
3161,952294,0,10,1,9
2206,615396,0,10,1,14
6057,4535,1,1000,1,9
5295,171047,1,1000,1,15
7079,873706,1,1000,1,7
5940,382777,0,10,1,4
5656,809037,0,10,1,8
9780,521870,1,1000,1,4
3246,416380,1,1000,1,14
3659,386675,0,10,1,11
2148,731066,1,1000,1,4
5425,251684,1,1000,1,1
4651,516289,0,10,1,11
9223,801748,1,1000,1,7
6047,134273,1,1000,1,15
9544,404895,0,10,1,8
9266,834017,1,1000,1,2
864,707946,1,1000,1,0
8145,402980,0,10,1,1
6490,860180,0,10,1,10
6044,453233,1,1000,1,12
1567,822687,1,1000,1,15
2782,346510,1,1000,1,14
4473,277656,0,10,1,9
7567,851021,0,10,1,15
4363,512620,0,10,1,11
5600,242539,0,10,1,0
9031,708932,1,1000,1,7
9701,190255,0,10,1,5
3681,989864,0,10,1,1
2640,313681,1,1000,1,0
7131,722552,0,10,1,11
5806,756749,1,1000,1,14
4578,928198,0,10,1,2
9952,837346,1,1000,1,0
5788,149862,0,10,1,12
1485,571618,1,1000,1,13
9737,646769,1,1000,1,9
6822,364534,0,10,1,6
3833,644887,0,10,1,9
8196,187440,1,1000,1,4
5640,744180,1,1000,1,8
5131,993964,1,1000,1,11
2187,803938,0,10,1,11
1379,891687,0,10,1,3
6789,367301,0,10,1,5
7487,792720,1,1000,1,15
1298,101315,1,1000,1,2
5962,450276,1,1000,1,10
3578,265451,1,1000,1,10
9705,122961,1,1000,1,9
9671,85278,1,1000,1,7
5122,319033,1,1000,1,2
6161,277872,0,10,1,1
2005,119094,0,10,1,5
5560,103826,0,10,1,8
9612,815831,0,10,1,12
5339,829708,0,10,1,11
2237,644454,1,1000,1,13
6813,208909,0,10,1,13
7757,732509,1,1000,1,13
9075,39622,1,1000,1,3
8060,96142,1,1000,1,12
4033,243710,1,1000,1,1
5755,122598,1,1000,1,11
8824,66355,1,1000,1,8
432,238806,0,10,1,0
4992,404993,0,10,1,0
1031,115013,1,1000,1,7
8932,696120,0,10,1,4
7272,167827,0,10,1,8
2706,66139,1,1000,1,2
4190,223281,0,10,1,14
8756,787557,1,1000,1,4
8097,493138,0,10,1,1
5753,794929,0,10,1,9
7158,690231,1,1000,1,6
6576,984879,0,10,1,0
4099,296487,0,10,1,3
5119,828653,0,10,1,15
6838,677347,0,10,1,6
3029,475206,1,1000,1,5
6986,183385,1,1000,1,10
7590,900229,0,10,1,6
2117,464636,1,1000,1,5
9235,909778,0,10,1,3
7166,608263,1,1000,1,14
3059,778223,0,10,1,3
812,503947,0,10,1,12
5248,829650,1,1000,1,0
6111,248800,1,1000,1,15
4051,790232,0,10,1,3
7275,341283,0,10,1,11
1444,349672,0,10,1,4
3930,541538,0,10,1,10
8468,113205,0,10,1,4
5046,359054,0,10,1,6
5989,358464,0,10,1,5
5254,333401,0,10,1,6
8100,505816,1,1000,1,4
1242,629492,1,1000,1,10
1065,396531,0,10,1,9
1812,498374,0,10,1,4
5065,666044,0,10,1,9
9037,142128,0,10,1,13
8215,698528,1,1000,1,7
6352,95134,1,1000,1,0
2260,673593,1,1000,1,4
3691,682427,1,1000,1,11
3186,9951,0,10,1,2
8453,601601,1,1000,1,5
9392,722054,1,1000,1,0
8298,458574,1,1000,1,10
3245,221445,1,1000,1,13
9565,956452,0,10,1,13
1723,685548,1,1000,1,11
3157,499531,1,1000,1,5
5276,747953,0,10,1,12
7947,380905,0,10,1,11
8179,884797,1,1000,1,3
8021,369476,0,10,1,5
777,925462,1,1000,1,9
4316,505002,0,10,1,12
6745,502994,0,10,1,9
6285,62900,0,10,1,13
3875,136980,1,1000,1,3
9030,522112,1,1000,1,6
3264,113268,1,1000,1,0
5526,280767,0,10,1,6
9968,435149,0,10,1,0
8157,310837,1,1000,1,13
8308,699438,0,10,1,4
5703,443467,1,1000,1,7
6174,244917,1,1000,1,14
2038,636950,1,1000,1,6
8713,289573,0,10,1,9
8740,128819,0,10,1,4
9679,873247,0,10,1,15
3386,578275,0,10,1,10
8573,795008,1,1000,1,13
8779,157718,0,10,1,11
8270,70106,1,1000,1,14
6597,56670,1,1000,1,5
568,238330,0,10,1,8
3437,131005,0,10,1,13
663,441766,1,1000,1,7
4550,96951,1,1000,1,6
979,18761,1,1000,1,3
4128,433643,0,10,1,0
2333,403800,0,10,1,13
2868,412381,0,10,1,4
6725,134848,1,1000,1,5
2672,329495,1,1000,1,0
2547,477354,1,1000,1,3
982,212169,0,10,1,6
5394,493035,1,1000,1,2
3662,459405,0,10,1,14
4041,427266,0,10,1,9
5705,954069,0,10,1,9
5626,583152,1,1000,1,10
5381,677948,1,1000,1,5
9317,95823,0,10,1,5
4971,148165,1,1000,1,11
387,771807,0,10,1,3
2104,44019,1,1000,1,8
6757,472297,0,10,1,5
7989,312336,0,10,1,5
9732,899225,1,1000,1,4
5596,21786,0,10,1,12
7430,606998,0,10,1,6
6244,109771,1,1000,1,4
8943,305210,0,10,1,15
8070,530768,1,1000,1,6
9656,782538,0,10,1,8
7605,207533,0,10,1,5
6037,915734,1,1000,1,5
7252,16,1,1000,1,4
8755,761809,1,1000,1,3
8338,350403,1,1000,1,2
3927,378835,0,10,1,7
1474,51347,1,1000,1,2
4987,947800,0,10,1,11
6201,856604,1,1000,1,9
2018,199988,0,10,1,2
125,965472,1,1000,1,13
1008,765159,0,10,1,0
5662,132559,1,1000,1,14
8531,609873,0,10,1,3
6578,971725,0,10,1,2
3947,93362,1,1000,1,11
1445,719038,1,1000,1,5
9439,279077,1,1000,1,15
1476,397277,1,1000,1,4
8465,135327,0,10,1,1
5297,485757,1,1000,1,1
7807,960422,0,10,1,15
2034,776323,0,10,1,2
5490,202258,0,10,1,2
6495,494916,0,10,1,15
1382,25194,0,10,1,6
196,896481,0,10,1,4
364,47644,1,1000,1,12
4880,552585,1,1000,1,0
6591,317532,1,1000,1,15
3779,713525,0,10,1,3
3092,151370,0,10,1,4
7819,509141,0,10,1,11
5876,790643,1,1000,1,4
9875,962872,1,1000,1,3
6814,987155,1,1000,1,14
1414,27078,0,10,1,6
2166,613333,0,10,1,6
4212,799572,1,1000,1,4
4938,803321,1,1000,1,10
6732,943162,1,1000,1,12
7908,653562,0,10,1,4
1302,222217,0,10,1,6
8442,419024,1,1000,1,10
2684,237780,0,10,1,12
3224,341260,1,1000,1,8
3395,272509,1,1000,1,3
4769,736018,0,10,1,1
6045,603032,0,10,1,13
9000,510415,0,10,1,8
8781,490661,0,10,1,13
704,316177,0,10,1,0
1700,52437,0,10,1,4
8641,889219,0,10,1,1
275,399723,1,1000,1,3
5399,65815,0,10,1,7
9440,278627,1,1000,1,0
8711,696307,0,10,1,7
2929,470892,1,1000,1,1
7054,216021,1,1000,1,14
2666,492148,1,1000,1,10
4963,569341,1,1000,1,3
9961,869082,1,1000,1,9
6925,832561,0,10,1,13
9911,541528,1,1000,1,7
180,559227,1,1000,1,4
4566,655449,1,1000,1,6
1505,424106,1,1000,1,1
1602,935887,1,1000,1,2
5870,713363,0,10,1,14
7237,735009,0,10,1,5
5896,932088,1,1000,1,8
6081,190351,0,10,1,1
4059,210580,1,1000,1,11
6924,738766,0,10,1,12
5125,21733,0,10,1,5
6646,4479,1,1000,1,6
4144,999215,0,10,1,0
6535,809228,1,1000,1,7
647,137988,0,10,1,7
5944,977703,0,10,1,8
308,512888,0,10,1,4
7692,146243,0,10,1,12
2843,201823,0,10,1,11
1265,768619,0,10,1,1
881,189764,0,10,1,1
5476,902229,0,10,1,4
9386,986990,0,10,1,10
5160,164226,0,10,1,8
9207,470114,0,10,1,7
5933,473873,1,1000,1,13
4379,972855,1,1000,1,11
3051,987087,1,1000,1,11
3657,772079,0,10,1,9
1267,119091,1,1000,1,3
8161,285424,1,1000,1,1
4180,490417,0,10,1,4
4556,466024,1,1000,1,12
2140,139064,0,10,1,12
4327,460881,0,10,1,7
6381,324499,0,10,1,13
103,593830,1,1000,1,7
3796,739650,1,1000,1,4
3390,907850,0,10,1,14
55,806881,0,10,1,7
5678,187352,1,1000,1,14
5084,626145,0,10,1,12
5847,774693,0,10,1,7
5108,5242,1,1000,1,4
6577,534893,1,1000,1,1
2439,661698,0,10,1,7
6564,535724,0,10,1,4
6751,216234,0,10,1,15
6854,906232,0,10,1,6
5243,235253,1,1000,1,11
9482,674045,0,10,1,10
7110,964920,0,10,1,6
6388,310150,0,10,1,4
1292,339596,0,10,1,12
9513,720389,0,10,1,9
3091,503412,1,1000,1,3
8869,104754,1,1000,1,5
6383,809104,0,10,1,15
6874,507022,0,10,1,10
2467,527816,0,10,1,3
2696,860385,1,1000,1,8
7244,54937,0,10,1,12
891,258099,1,1000,1,11
8333,667895,0,10,1,13
7839,495812,0,10,1,15
2000,580059,0,10,1,0
5737,739186,0,10,1,9
6536,338383,1,1000,1,8
167,954429,1,1000,1,7
5336,542696,1,1000,1,8
8804,708132,0,10,1,4
7287,23268,1,1000,1,7
9239,984765,1,1000,1,7
8577,543575,1,1000,1,1
3599,713803,0,10,1,15
6773,207553,1,1000,1,5
7400,299813,0,10,1,8
8036,945607,0,10,1,4
6389,196400,1,1000,1,5
2192,80737,0,10,1,0
2579,712652,0,10,1,3
5349,321953,0,10,1,5
5326,174222,0,10,1,14
7299,644950,0,10,1,3
3948,53291,0,10,1,12
1255,526502,1,1000,1,7
2265,414436,1,1000,1,9
634,377170,0,10,1,10
1002,835455,1,1000,1,10
5162,667314,1,1000,1,10
4595,260022,0,10,1,3
4928,939825,1,1000,1,0
681,280379,0,10,1,9
394,142262,0,10,1,10
4496,118205,0,10,1,0
8388,900659,0,10,1,4
8970,15163,0,10,1,10
9854,779981,0,10,1,14
3247,944715,0,10,1,15
8313,590076,1,1000,1,9
1791,786573,0,10,1,15
3061,101315,1,1000,1,5
1810,33498,0,10,1,2
8990,76292,1,1000,1,14
3861,987051,1,1000,1,5
6779,762706,1,1000,1,11
4484,429206,0,10,1,4
2589,271510,0,10,1,13
8512,399791,1,1000,1,0
5385,736221,1,1000,1,9
1626,211212,1,1000,1,10
7249,383078,1,1000,1,1
2962,834101,0,10,1,2
9640,979119,1,1000,1,8
1728,533667,1,1000,1,0
9742,826151,1,1000,1,14
8050,991872,1,1000,1,2
6206,271177,1,1000,1,14
1262,344658,1,1000,1,14
1899,383419,0,10,1,11
2009,577370,1,1000,1,9
6017,902002,1,1000,1,1
5117,184842,0,10,1,13
3673,699926,0,10,1,9
2824,741863,0,10,1,8
1154,646212,1,1000,1,2
656,966005,0,10,1,0
3250,66493,0,10,1,2
2535,515368,0,10,1,7
8306,88450,1,1000,1,2
210,171604,0,10,1,2
65,226832,0,10,1,1
2080,447136,1,1000,1,0
3366,566183,0,10,1,6
6091,861062,0,10,1,11
2921,223259,0,10,1,9
9770,614249,0,10,1,10
3804,133948,1,1000,1,12
1984,571249,0,10,1,0
833,124015,0,10,1,1
7863,536485,0,10,1,7
8074,427228,1,1000,1,10
2846,471305,0,10,1,14
9982,646086,0,10,1,14
3050,543235,1,1000,1,10
7946,477162,0,10,1,10
5544,176894,1,1000,1,8
1773,153052,1,1000,1,13
6812,416434,1,1000,1,12
2720,64063,0,10,1,0
5775,199631,0,10,1,15
3869,527703,1,1000,1,13
8949,495004,1,1000,1,5
4423,499237,0,10,1,7
6771,11318,0,10,1,3
6049,690022,0,10,1,1
4564,624165,1,1000,1,4
9603,560622,0,10,1,3
5279,526205,0,10,1,15
8785,867118,1,1000,1,1
7821,921019,1,1000,1,13
4047,190022,1,1000,1,15
8177,40135,0,10,1,1
3777,690632,1,1000,1,1
9273,415850,0,10,1,9
6985,440136,1,1000,1,9
6830,304816,1,1000,1,14
2288,972234,0,10,1,0
4857,48817,0,10,1,9
7506,721811,0,10,1,2
4470,78262,1,1000,1,6
8169,97120,1,1000,1,9
4796,840909,1,1000,1,12
3086,345345,1,1000,1,14
4323,568114,0,10,1,3
6101,547043,0,10,1,5
9529,616890,1,1000,1,9
3586,157096,1,1000,1,2
9385,226201,1,1000,1,9
5296,601037,0,10,1,0
8859,563621,0,10,1,11
6665,579626,1,1000,1,9
5843,136479,1,1000,1,3
5124,413079,0,10,1,4
4767,856991,0,10,1,15
7323,2577,0,10,1,11
7724,858844,0,10,1,12
7435,878758,0,10,1,11
331,535539,1,1000,1,11
2349,187479,1,1000,1,13
2593,420941,0,10,1,1
2130,51082,1,1000,1,2
6050,116522,0,10,1,2
8193,697405,1,1000,1,1
1592,274593,1,1000,1,8
2615,189932,0,10,1,7
6369,792442,1,1000,1,1
1818,148708,1,1000,1,10
5104,192766,1,1000,1,0
2164,517116,1,1000,1,4
3580,782169,1,1000,1,12
286,98853,1,1000,1,14
6305,12147,1,1000,1,1
8999,96420,0,10,1,7
4170,484688,1,1000,1,10
6637,468480,0,10,1,13
5465,512727,0,10,1,9
9052,177114,1,1000,1,12
4501,765877,0,10,1,5
4881,575710,1,1000,1,1
1467,973237,1,1000,1,11
7834,844229,0,10,1,10
475,318747,0,10,1,11
108,44668,1,1000,1,12
6975,950845,1,1000,1,15
4599,418060,0,10,1,7
458,684866,0,10,1,10
9355,765444,1,1000,1,11
7116,486902,1,1000,1,12
1761,336821,1,1000,1,1
728,79228,0,10,1,8
6148,396898,1,1000,1,4
8673,559803,0,10,1,1
3101,144580,0,10,1,13
897,933127,0,10,1,1
9368,689094,1,1000,1,8
7157,363982,1,1000,1,5
7768,543225,0,10,1,8
9183,646715,1,1000,1,15
9079,635613,1,1000,1,7
6962,349530,0,10,1,2
6343,203613,1,1000,1,7
8989,759665,0,10,1,13
8861,542842,1,1000,1,13
9552,127501,1,1000,1,0
230,414861,1,1000,1,6
7758,358892,0,10,1,14
1496,182367,1,1000,1,8
1865,746528,1,1000,1,9
7218,173039,1,1000,1,2
4107,860990,1,1000,1,11
5055,681679,1,1000,1,15
7316,569780,0,10,1,4
2569,669140,0,10,1,9
8529,983704,1,1000,1,1
702,12478,1,1000,1,14
3066,516978,0,10,1,10
8987,957969,1,1000,1,11
7320,889996,1,1000,1,8
5375,669261,0,10,1,15
5585,19042,0,10,1,1
2255,563623,1,1000,1,15
1112,414415,0,10,1,8
3510,476527,0,10,1,6
3676,143462,0,10,1,12
2386,589929,0,10,1,2
7659,536619,0,10,1,11
5112,339731,1,1000,1,8
2301,978118,1,1000,1,13
843,680843,0,10,1,11
6528,930096,0,10,1,0
3478,935863,0,10,1,6
9324,471238,0,10,1,12
6722,894233,0,10,1,2
4724,86949,1,1000,1,4
4014,946199,1,1000,1,14
4588,519073,0,10,1,12
1193,112106,1,1000,1,9
9878,109266,0,10,1,6
7579,433786,0,10,1,11
3786,809100,1,1000,1,10
2599,576787,0,10,1,7
3428,14446,1,1000,1,4
1652,512078,0,10,1,4
2529,372195,0,10,1,1
1239,218811,1,1000,1,7
3556,74237,1,1000,1,4
9258,601924,1,1000,1,10
9229,188536,1,1000,1,13
6764,95631,1,1000,1,12
3667,933687,1,1000,1,3
7277,420530,0,10,1,13
939,52438,0,10,1,11
6342,18777,0,10,1,6
3227,253864,0,10,1,11
4996,51043,1,1000,1,4
9147,34628,0,10,1,11
1304,436074,0,10,1,8
7085,522888,0,10,1,13
2530,741945,0,10,1,2
3444,928179,1,1000,1,4
499,146462,0,10,1,3
7565,651503,1,1000,1,13
6043,286216,0,10,1,11
6989,375577,0,10,1,13
4376,937619,0,10,1,8
138,173722,0,10,1,10
448,527803,1,1000,1,0
8203,920936,0,10,1,11
7637,919346,1,1000,1,5
4193,585359,1,1000,1,1
3068,642661,0,10,1,12
7553,62029,1,1000,1,1
3078,479377,1,1000,1,6
6752,601051,0,10,1,0
1656,795674,1,1000,1,8
2021,873789,0,10,1,5
5273,717962,1,1000,1,9
9844,671001,0,10,1,4
9318,574124,1,1000,1,6
8927,46301,0,10,1,15
1321,32238,0,10,1,9
8007,53421,1,1000,1,7
4773,390045,1,1000,1,5
224,203709,0,10,1,0
6093,671312,1,1000,1,13
4933,285376,0,10,1,5
5004,1939,0,10,1,12
5815,684103,0,10,1,7
9909,203755,1,1000,1,5
3836,984767,1,1000,1,12
9027,352919,1,1000,1,3
6588,891906,0,10,1,12
9505,634935,0,10,1,1
7620,410059,0,10,1,4
2127,551691,0,10,1,15
3240,580600,1,1000,1,8
3412,815629,0,10,1,4
5718,255137,0,10,1,6
8806,264275,1,1000,1,6
8629,372635,1,1000,1,5
8810,755400,0,10,1,10
9564,751773,1,1000,1,12
835,641234,1,1000,1,3
2239,356359,0,10,1,15
6614,516294,1,1000,1,6
3702,453298,1,1000,1,6
7326,687903,1,1000,1,14
770,529661,0,10,1,2
2329,911643,1,1000,1,9
4658,822656,1,1000,1,2
5734,818425,0,10,1,6
5693,34891,0,10,1,13
5194,135901,0,10,1,10
4636,972987,0,10,1,12
6534,342222,1,1000,1,6
5784,128966,1,1000,1,8
9012,734814,1,1000,1,4
1880,957409,0,10,1,8
434,484314,0,10,1,2
1665,585232,1,1000,1,1
9125,953413,0,10,1,5
5308,165080,0,10,1,12
1452,951790,0,10,1,12
2997,556838,1,1000,1,5
6628,38565,1,1000,1,4
1446,183620,0,10,1,6
3647,773328,1,1000,1,15
4868,42810,1,1000,1,4
6717,353002,0,10,1,13
9297,505503,1,1000,1,1
8195,829617,0,10,1,3
829,737777,0,10,1,13
2820,71597,1,1000,1,4
9313,15228,1,1000,1,1
2496,125109,0,10,1,0
2543,374232,1,1000,1,15
584,327194,1,1000,1,8
958,947232,1,1000,1,14
3619,542095,0,10,1,3
7979,690469,1,1000,1,11
1367,934049,0,10,1,7
4429,956399,1,1000,1,13
4549,76951,0,10,1,5
802,130936,1,1000,1,2
9469,982372,1,1000,1,13
147,882238,0,10,1,3
7485,630410,0,10,1,13
195,949483,0,10,1,3
3473,864107,0,10,1,1
7172,340996,1,1000,1,4
4525,267733,0,10,1,13
7614,137080,1,1000,1,14
6560,395412,0,10,1,0
8464,810905,1,1000,1,0
9832,520237,1,1000,1,8
6498,907515,0,10,1,2
4675,776426,1,1000,1,3
1718,920579,1,1000,1,6
4716,628135,1,1000,1,12
9365,990030,1,1000,1,5
3522,517209,1,1000,1,2
1898,452033,1,1000,1,10
2078,446299,1,1000,1,14
280,689910,0,10,1,8
5360,228244,0,10,1,0
1166,61617,0,10,1,14
7657,983062,0,10,1,9
1072,63928,1,1000,1,0
5446,857865,0,10,1,6
8369,505577,1,1000,1,1
9589,351161,0,10,1,5
19,733923,1,1000,1,3
5331,253471,0,10,1,3
1945,994562,0,10,1,9
8749,840650,1,1000,1,13
5615,329566,1,1000,1,15
3222,8085,0,10,1,6
3767,899467,1,1000,1,7
9667,241005,1,1000,1,3
5373,568623,1,1000,1,13
1746,775798,1,1000,1,2
1969,253705,0,10,1,1
3084,923685,0,10,1,12
7689,359815,1,1000,1,9
8758,964793,1,1000,1,6
2465,286732,0,10,1,1
3884,531453,1,1000,1,12
7111,929117,0,10,1,7
7500,690133,1,1000,1,12
3967,829572,1,1000,1,15
3160,789723,0,10,1,8
5840,722421,0,10,1,0
5082,657576,1,1000,1,10
144,835520,0,10,1,0
2413,38676,0,10,1,13
9995,459482,0,10,1,11
2627,38665,1,1000,1,3
6061,327192,1,1000,1,13
8189,353617,1,1000,1,13
6478,899692,0,10,1,14
1536,170674,1,1000,1,0
7970,612615,0,10,1,2
8113,690130,0,10,1,1
4287,925775,1,1000,1,15
3024,961000,0,10,1,0
701,603280,1,1000,1,13
4925,293642,0,10,1,13
9205,832991,1,1000,1,5
6020,374437,0,10,1,4
8115,19376,0,10,1,3
738,116861,0,10,1,2
8362,370717,1,1000,1,10
5332,519636,0,10,1,4
2514,20077,1,1000,1,2
4090,965368,0,10,1,10
1309,145664,1,1000,1,13
7489,732482,0,10,1,1
666,932946,1,1000,1,10
1620,679305,0,10,1,4
3430,883258,1,1000,1,6
9721,741396,0,10,1,9
7985,753437,1,1000,1,1
6941,873996,0,10,1,13
1289,709088,1,1000,1,9
2639,777707,1,1000,1,15
6382,559488,1,1000,1,14
3838,682753,0,10,1,14
662,509302,1,1000,1,6
1372,529053,0,10,1,12
1069,488111,1,1000,1,13
8930,138091,1,1000,1,2
2345,408444,0,10,1,9
9567,509838,1,1000,1,15
3431,801239,0,10,1,7
2540,125447,0,10,1,12
7006,98986,0,10,1,14
2810,420253,1,1000,1,10
2144,467066,1,1000,1,0
225,775,0,10,1,1
5475,288694,0,10,1,3
2982,527912,1,1000,1,6
7405,421030,0,10,1,13
5114,207079,0,10,1,10
7289,90266,0,10,1,9
9252,833654,0,10,1,4
2351,617928,0,10,1,15
2323,559192,1,1000,1,3
5253,808014,1,1000,1,5
3708,157287,1,1000,1,12
5022,877520,1,1000,1,14
1543,865448,0,10,1,7
9943,49530,0,10,1,7
5432,596650,1,1000,1,8
4574,466331,1,1000,1,14
9798,495836,1,1000,1,6
6762,720744,0,10,1,10
5983,786861,1,1000,1,15
3671,303375,0,10,1,7
5803,369497,0,10,1,11
2151,942542,1,1000,1,7
8124,277308,0,10,1,12
2862,750799,0,10,1,14
4696,732700,1,1000,1,8
3226,850273,0,10,1,10
8093,27446,1,1000,1,13
3872,147988,1,1000,1,0
3995,216860,0,10,1,11
1063,364439,1,1000,1,7
4304,318302,0,10,1,0
158,666469,1,1000,1,14
7824,833117,1,1000,1,0
5770,934933,1,1000,1,10
2825,703329,1,1000,1,9
5914,390837,0,10,1,10
4185,766838,1,1000,1,9
5961,551771,1,1000,1,9
6374,599816,0,10,1,6
435,378910,0,10,1,3
5529,92704,0,10,1,9
7303,323576,0,10,1,7
9448,59258,1,1000,1,8
2472,994616,0,10,1,8
6217,210957,1,1000,1,9
5127,10117,1,1000,1,7
4422,921843,0,10,1,6
5966,602917,1,1000,1,14
7256,755035,0,10,1,8
7196,659082,1,1000,1,12
6424,470458,0,10,1,8
1921,679288,0,10,1,1
9255,207720,1,1000,1,7
2340,882855,1,1000,1,4
2625,403386,0,10,1,1
8355,762626,0,10,1,3
8738,722982,1,1000,1,2
8002,341572,1,1000,1,2
1975,762946,1,1000,1,7
9582,887561,0,10,1,14
2548,694162,1,1000,1,4
1518,191396,0,10,1,14
4298,929942,1,1000,1,10
7319,669030,1,1000,1,7
6651,21843,1,1000,1,11
8935,941490,0,10,1,7
7623,952922,1,1000,1,7
9957,837223,0,10,1,5
1247,108261,1,1000,1,15
6231,707709,0,10,1,7
438,54753,0,10,1,6
6191,366980,0,10,1,15
8450,869219,1,1000,1,2
1288,200227,1,1000,1,8
1128,144533,0,10,1,8
9753,560753,0,10,1,9
700,191321,1,1000,1,12
1036,975311,1,1000,1,12
194,434318,0,10,1,2
3486,926232,0,10,1,14
1950,158473,0,10,1,14
524,854481,0,10,1,12
1122,808562,1,1000,1,2
4583,182136,1,1000,1,7
7781,893308,0,10,1,5
9153,607332,0,10,1,1
4235,972388,0,10,1,11
6686,425397,1,1000,1,14
5181,818759,1,1000,1,13
9161,923902,1,1000,1,9
9045,672688,0,10,1,5
4444,572840,1,1000,1,12
3404,831554,0,10,1,12
80,6199,0,10,1,0
2883,846745,1,1000,1,3
1095,472807,0,10,1,7
2851,131605,0,10,1,3
1045,646066,0,10,1,5
2651,928997,0,10,1,11
4640,358029,0,10,1,0
5928,55264,0,10,1,8
9885,110314,1,1000,1,13
8082,651136,0,10,1,2
4500,739179,1,1000,1,4
2387,718357,0,10,1,3
7076,766975,0,10,1,4
6781,680051,1,1000,1,13
9092,651177,1,1000,1,4
2064,746041,1,1000,1,0
7524,305021,1,1000,1,4
3959,990230,0,10,1,7
5523,127581,1,1000,1,3
4370,485820,0,10,1,2
7271,309860,0,10,1,7
7600,619270,0,10,1,0
6261,14543,1,1000,1,5
1493,986683,1,1000,1,5
4803,244490,0,10,1,3
3720,784818,1,1000,1,8
9632,637391,1,1000,1,0
6899,277491,1,1000,1,3
6837,389868,0,10,1,5
7878,881646,1,1000,1,6
3612,66493,1,1000,1,12
3793,789812,1,1000,1,1
3622,409370,0,10,1,6
7315,475342,1,1000,1,3
685,806585,0,10,1,13
5682,848991,1,1000,1,2
1232,887182,0,10,1,0
444,214939,1,1000,1,12
1127,137155,1,1000,1,7
1764,237454,0,10,1,4
9944,707822,0,10,1,8
7174,533803,1,1000,1,6
911,772696,0,10,1,15
1268,372594,0,10,1,4
9089,743903,1,1000,1,1
9195,588148,0,10,1,11
727,237229,0,10,1,7
5697,912357,1,1000,1,1
5764,313226,1,1000,1,4
9204,829815,1,1000,1,4
3253,654844,1,1000,1,5
5889,814306,1,1000,1,1
5947,620073,0,10,1,11
7087,657020,1,1000,1,15
3015,929667,0,10,1,7
2769,121632,0,10,1,1
6875,758730,0,10,1,11
7226,751018,1,1000,1,10
5663,466297,1,1000,1,15
7423,230149,1,1000,1,15
9938,251366,1,1000,1,2
2621,396896,0,10,1,13
1919,968250,0,10,1,15
3916,617122,1,1000,1,12
7368,985059,1,1000,1,8
2226,772905,0,10,1,2
9357,132512,0,10,1,13
3192,912441,0,10,1,8
6283,843342,1,1000,1,11
5617,744277,1,1000,1,1
6853,652043,0,10,1,5
3571,307119,0,10,1,3
1548,422122,0,10,1,12
395,462488,0,10,1,11
4412,294408,1,1000,1,12
4885,51525,0,10,1,5
7128,355222,0,10,1,8
9480,210359,1,1000,1,8
1349,189825,0,10,1,5
1960,409713,1,1000,1,8
2100,144195,1,1000,1,4
7916,928861,0,10,1,12
8068,803993,0,10,1,4
5072,690974,0,10,1,0
9488,764825,1,1000,1,0
668,460760,1,1000,1,12
8242,713393,0,10,1,2
9502,793091,1,1000,1,14
5093,87789,1,1000,1,5
285,555572,0,10,1,13
9334,179347,1,1000,1,6
6304,416410,1,1000,1,0
8507,507604,0,10,1,11
4344,807904,0,10,1,8
8820,266501,1,1000,1,4
8794,197180,0,10,1,10
3824,195770,1,1000,1,0
9622,105372,1,1000,1,6
1584,857998,1,1000,1,0
5192,302205,1,1000,1,8
3973,353947,0,10,1,5
4682,154395,1,1000,1,10
962,556820,1,1000,1,2
2670,411959,0,10,1,14
7855,31199,0,10,1,15
3921,974759,0,10,1,1
4740,113910,1,1000,1,4
2538,820234,1,1000,1,10
2377,645997,0,10,1,9
5169,47378,0,10,1,1
1447,978434,0,10,1,7
540,646284,1,1000,1,12
7164,730174,1,1000,1,12
4022,617711,1,1000,1,6
1993,115283,0,10,1,9
5591,734066,0,10,1,7
890,138909,1,1000,1,10
4475,432608,0,10,1,11
9916,474549,0,10,1,12
5126,792605,1,1000,1,6
7383,848315,0,10,1,7
6609,252985,0,10,1,1
9167,860199,1,1000,1,15
8038,138875,0,10,1,6
2415,833003,0,10,1,15
9993,786239,1,1000,1,9
8893,887005,1,1000,1,13
3323,75729,1,1000,1,11
2980,59552,1,1000,1,4
7284,691370,0,10,1,4
5491,39213,0,10,1,3
5634,933912,1,1000,1,2
5817,409885,0,10,1,9
2451,103643,1,1000,1,3
8011,350975,0,10,1,11
7396,523916,1,1000,1,4
5259,706397,0,10,1,11
2458,718699,1,1000,1,10
3423,346341,1,1000,1,15
9367,450141,1,1000,1,7
4155,576265,0,10,1,11
323,819382,0,10,1,3
5186,226599,1,1000,1,2
9145,633672,1,1000,1,9
7833,453302,1,1000,1,9
1981,925647,0,10,1,13
2879,166848,1,1000,1,15
6894,730258,0,10,1,14
5041,480946,0,10,1,1
9823,801472,1,1000,1,15
9094,516967,0,10,1,6
407,162014,0,10,1,7
3811,282156,1,1000,1,3
4154,83309,0,10,1,10
9931,740193,0,10,1,11
795,670937,0,10,1,11
5501,870393,1,1000,1,13
7606,537901,1,1000,1,6
6069,460257,1,1000,1,5
3569,296932,0,10,1,1
3718,279887,1,1000,1,6
6947,335372,0,10,1,3
7811,935199,0,10,1,3
7556,431168,0,10,1,4
7499,926276,1,1000,1,11
299,321069,1,1000,1,11
9102,169451,1,1000,1,14
1837,12026,1,1000,1,13
1970,15003,1,1000,1,2
7554,189468,1,1000,1,2
187,482463,0,10,1,11
2605,489549,0,10,1,13
1961,486145,1,1000,1,9
5712,255535,1,1000,1,0
2752,523986,1,1000,1,0
3636,831787,1,1000,1,4
9438,416575,1,1000,1,14
4425,632601,0,10,1,9
4352,68575,1,1000,1,0
7784,413510,1,1000,1,8
9835,760400,0,10,1,11
935,726801,0,10,1,7
4742,203512,1,1000,1,6
1601,921786,0,10,1,1
2362,316894,0,10,1,10
908,343151,0,10,1,12
7808,951728,0,10,1,0
9461,326896,1,1000,1,5
6767,574156,1,1000,1,15
4452,91642,1,1000,1,4
6654,713808,0,10,1,14
9607,218933,0,10,1,7
4017,421232,0,10,1,1
8165,71768,0,10,1,5
1908,312814,1,1000,1,4
5730,845885,0,10,1,2
6291,324713,0,10,1,3
4968,620606,0,10,1,8
3141,815017,0,10,1,5
9512,212732,0,10,1,8
5541,74466,0,10,1,5
2557,621748,1,1000,1,13
2155,276031,1,1000,1,11
1103,848809,1,1000,1,15
3654,95861,1,1000,1,6
1555,712268,1,1000,1,3
3774,621149,0,10,1,14
398,181438,0,10,1,14
2477,829578,0,10,1,13
8988,947420,1,1000,1,12
7601,556924,0,10,1,1
5097,680475,1,1000,1,9
5683,539566,1,1000,1,3
9509,151218,1,1000,1,5
221,297382,0,10,1,13
805,858372,0,10,1,5
9984,494371,1,1000,1,0
2890,297228,0,10,1,10
9460,83594,1,1000,1,4
2937,218386,0,10,1,9
2775,664279,1,1000,1,7
6102,411186,1,1000,1,6
2693,3722,0,10,1,5
2553,832507,1,1000,1,9
5713,840174,1,1000,1,1
3413,784197,0,10,1,5
4728,60471,0,10,1,8
2077,260565,0,10,1,13
9649,468008,0,10,1,1
783,616588,1,1000,1,15
2750,359001,0,10,1,14
2428,206696,1,1000,1,12
3130,832638,1,1000,1,10
1361,672388,0,10,1,1
5773,792579,0,10,1,13
2247,792078,1,1000,1,7
9841,305474,0,10,1,1
2481,72780,0,10,1,1
570,492578,1,1000,1,10
7438,502651,0,10,1,14
916,234481,1,1000,1,4
1341,442078,0,10,1,13
1194,386166,0,10,1,10
2840,827342,0,10,1,8
7990,868958,0,10,1,6
2835,555860,0,10,1,3
7297,447096,0,10,1,1
5347,375261,1,1000,1,3
8754,532474,1,1000,1,2
5035,413096,1,1000,1,11
2602,716892,1,1000,1,10
8539,872573,1,1000,1,11
2209,568283,1,1000,1,1
9316,400772,0,10,1,4
1676,946776,1,1000,1,12
1296,756710,1,1000,1,0
1710,159783,0,10,1,14
2924,525009,1,1000,1,12
8704,686485,0,10,1,0
2418,746101,0,10,1,2
1039,637193,0,10,1,15
8607,998806,1,1000,1,15
6480,631777,0,10,1,0
1237,582132,0,10,1,5
6153,5326,0,10,1,9
518,274225,0,10,1,6
1697,529069,0,10,1,1
383,419225,1,1000,1,15
8838,786876,1,1000,1,6
8916,469484,0,10,1,4
1977,174375,0,10,1,9
8253,583321,1,1000,1,13
1287,962725,0,10,1,7
4827,152633,0,10,1,11
2438,144771,1,1000,1,6
8236,825332,0,10,1,12
5320,638406,0,10,1,8
5874,645529,1,1000,1,2
5778,607442,0,10,1,2
2659,319032,0,10,1,3
6103,535798,0,10,1,7
6011,206950,1,1000,1,11
9960,361912,1,1000,1,8
8144,948958,0,10,1,0
8833,603429,0,10,1,1
1801,14527,1,1000,1,9
2867,557391,1,1000,1,3
4518,335577,0,10,1,6
9614,584654,1,1000,1,14
2132,781885,0,10,1,4
416,98540,0,10,1,0
5706,291759,0,10,1,10
17,765854,1,1000,1,1
4453,488114,0,10,1,5
4942,870172,1,1000,1,14
6053,651094,0,10,1,5
3593,726284,1,1000,1,9
9792,546661,0,10,1,0
7130,411910,1,1000,1,10
266,565914,0,10,1,10
1982,750024,0,10,1,14
7309,678636,0,10,1,13
5118,688439,0,10,1,14
3176,526496,1,1000,1,8
6881,342219,0,10,1,1
893,566974,1,1000,1,13
7356,360862,0,10,1,12
2243,113151,0,10,1,3
8872,485891,1,1000,1,8
4116,79126,0,10,1,4
2742,705229,0,10,1,6
6642,150309,0,10,1,2
3858,851625,1,1000,1,2
6482,370853,0,10,1,2
6660,120664,1,1000,1,4
8319,433353,0,10,1,15
2560,573388,0,10,1,0
3225,717926,0,10,1,9
3616,984919,1,1000,1,0
5199,214855,1,1000,1,15
7038,428648,1,1000,1,14
6571,398597,1,1000,1,11
119,576037,0,10,1,7
1001,624754,0,10,1,9
5740,110963,0,10,1,12
9286,314124,0,10,1,6
4250,74956,0,10,1,10
526,742973,1,1000,1,14
6587,459240,0,10,1,11
1137,648566,0,10,1,1
3987,795358,1,1000,1,3
6159,223927,0,10,1,15
7809,658679,1,1000,1,1
2400,472809,1,1000,1,0
8814,737631,0,10,1,14
9996,95660,1,1000,1,12
7749,577466,1,1000,1,5
4759,730540,0,10,1,7
5756,892965,1,1000,1,12
9014,347395,0,10,1,6
3856,712504,0,10,1,0
3003,139746,0,10,1,11
877,794255,0,10,1,13
8132,712337,0,10,1,4
9866,238239,0,10,1,10
2251,853731,0,10,1,11
6883,412908,1,1000,1,3
3526,43432,1,1000,1,6
8616,352164,1,1000,1,8
7361,263991,0,10,1,1
7151,133640,1,1000,1,15
1365,355565,0,10,1,5
2675,111325,0,10,1,3
1472,199824,0,10,1,0
851,810652,1,1000,1,3
7162,120194,1,1000,1,10
6274,359973,1,1000,1,2
1612,816282,0,10,1,12
20,259791,1,1000,1,4
8719,87520,0,10,1,15
750,965035,1,1000,1,14
1278,179876,0,10,1,14
5909,82488,1,1000,1,5
9134,886972,1,1000,1,14
7193,459782,1,1000,1,9
6070,342535,0,10,1,6
8819,741894,1,1000,1,3
8603,521168,0,10,1,11
9625,510016,1,1000,1,9
9913,914099,1,1000,1,9
6861,813601,0,10,1,13
338,489517,0,10,1,2
5456,755945,1,1000,1,0
1393,665891,0,10,1,1
7155,727353,1,1000,1,3
7787,278006,0,10,1,11
4669,783775,0,10,1,13
6466,255588,0,10,1,2
5350,346193,1,1000,1,6
8071,710104,1,1000,1,7
5657,868365,1,1000,1,9
279,209375,0,10,1,7
3509,264536,0,10,1,5
3317,941591,1,1000,1,5
8593,770134,0,10,1,1
5183,482527,0,10,1,15
8883,41112,0,10,1,3
4779,653184,1,1000,1,11
6638,523077,0,10,1,14
2911,773008,1,1000,1,15
1221,85753,0,10,1,5
2181,846849,0,10,1,5
4736,217652,0,10,1,0
6446,808424,0,10,1,14
614,90910,1,1000,1,6
6147,696306,1,1000,1,3
9415,260491,1,1000,1,7
6855,397827,1,1000,1,7
8470,848195,1,1000,1,6
6252,25585,0,10,1,12
8214,780103,0,10,1,6
5700,298658,0,10,1,4
9077,857510,1,1000,1,5
4000,982745,1,1000,1,0
3369,192250,0,10,1,9
8901,61259,1,1000,1,5
7103,51086,1,1000,1,15
7445,153288,0,10,1,5
6015,115609,0,10,1,15
5904,315283,1,1000,1,0
5674,332185,1,1000,1,10
6310,306052,1,1000,1,6
9965,404609,0,10,1,13
5337,774771,1,1000,1,9
7829,531698,1,1000,1,5
888,32642,1,1000,1,8
8857,602413,1,1000,1,9
6127,35985,0,10,1,15
3724,875192,1,1000,1,12
5261,749827,0,10,1,13
9729,925230,0,10,1,1
9543,424413,1,1000,1,7
9824,139509,0,10,1,0
7021,87705,0,10,1,13
1727,741440,0,10,1,15
7301,128404,0,10,1,5
7964,886970,0,10,1,12
5369,561268,0,10,1,9
7775,88340,0,10,1,15
4794,36959,1,1000,1,10
1282,444192,1,1000,1,2
350,180384,1,1000,1,14
2491,191948,0,10,1,11
8923,307920,1,1000,1,11
4296,834553,1,1000,1,8
6179,137299,1,1000,1,3
1013,376878,0,10,1,5
7717,688661,1,1000,1,5
4157,993255,0,10,1,13
9658,953469,1,1000,1,10
7739,310356,0,10,1,11
7246,827481,1,1000,1,14
461,431617,1,1000,1,13
2081,423393,1,1000,1,1
2866,956296,0,10,1,2
5816,398958,1,1000,1,8
2955,307642,0,10,1,11
1053,181897,0,10,1,13
1016,863702,1,1000,1,8
4949,93007,0,10,1,5
5206,994624,0,10,1,6
409,427970,0,10,1,9
4739,398118,0,10,1,3
6786,246573,1,1000,1,2
5888,310074,1,1000,1,0
3407,504837,1,1000,1,15
495,261657,1,1000,1,15
5834,511639,0,10,1,10
7817,162220,0,10,1,9
9152,817589,0,10,1,0
3515,83826,1,1000,1,11
4011,918472,0,10,1,11
3384,3292,0,10,1,8
1056,968651,1,1000,1,0
5354,857055,0,10,1,10
7937,783229,1,1000,1,1
1870,378795,1,1000,1,14
8075,500685,0,10,1,11
9179,276977,0,10,1,11
9772,359262,0,10,1,12
3570,266203,0,10,1,2
9893,662291,1,1000,1,5
2022,818335,0,10,1,6
5525,828386,0,10,1,5
8336,44149,0,10,1,0
5871,446895,1,1000,1,15
342,885209,0,10,1,6
4305,241275,0,10,1,1
5017,513342,1,1000,1,9
8227,672093,0,10,1,3
1145,707640,1,1000,1,9
9527,9635,1,1000,1,7
2215,959992,0,10,1,7
7274,965436,0,10,1,10
9998,748257,0,10,1,14
1694,923273,1,1000,1,14
5609,816275,0,10,1,9
6774,63325,1,1000,1,6
8698,924803,0,10,1,10
8682,316264,0,10,1,10
5826,257337,0,10,1,2
6334,393618,0,10,1,14
7806,5730,0,10,1,14
6135,172446,1,1000,1,7
2573,437336,1,1000,1,13
7656,772134,1,1000,1,8
3381,32353,1,1000,1,5
6839,435279,0,10,1,7
6189,170384,1,1000,1,13
4831,456310,0,10,1,15
4731,553047,1,1000,1,11
2291,146958,0,10,1,3
4308,96536,0,10,1,4
1120,398731,1,1000,1,0
3325,620734,1,1000,1,13
5699,106721,0,10,1,3
1106,362884,0,10,1,2
6068,390542,0,10,1,4
2024,715293,1,1000,1,8
7977,627360,0,10,1,9
5255,182264,0,10,1,7
9690,47627,0,10,1,10
8400,534596,1,1000,1,0
3489,71626,1,1000,1,1
28,866358,0,10,1,12
8907,109666,1,1000,1,11
7887,73992,1,1000,1,15
837,529161,0,10,1,5
9465,26979,0,10,1,9
7077,554526,1,1000,1,5
2059,581367,1,1000,1,11
1238,390596,1,1000,1,6
9588,149828,1,1000,1,4
7367,410011,1,1000,1,7
5229,801829,0,10,1,13
5915,705197,0,10,1,11
7399,932471,1,1000,1,7
530,31148,0,10,1,2
2724,143088,0,10,1,4
1144,114026,0,10,1,8
9264,390098,1,1000,1,0
4335,100337,0,10,1,15
4371,326864,0,10,1,3
4559,854704,1,1000,1,15
6991,681937,1,1000,1,15
6024,546407,1,1000,1,8
9300,461592,1,1000,1,4
5429,571856,1,1000,1,5
1311,855282,0,10,1,15
1101,518123,1,1000,1,13
3914,157038,0,10,1,10
7502,469678,1,1000,1,14
4085,185823,1,1000,1,5
184,850099,1,1000,1,8
4012,208613,1,1000,1,12
814,961148,1,1000,1,14
9112,378845,1,1000,1,8
3156,249150,0,10,1,4
7981,474431,0,10,1,13
9135,717549,1,1000,1,15
2222,226700,0,10,1,14
4447,651807,1,1000,1,15
6680,736961,1,1000,1,8
6603,880290,0,10,1,11
4845,793741,1,1000,1,13
8790,415945,0,10,1,6
1124,514519,0,10,1,4
8742,890286,0,10,1,6
152,877900,0,10,1,8
2470,551108,1,1000,1,6
2821,45874,1,1000,1,5
6891,922607,1,1000,1,11
6901,650421,1,1000,1,5
6729,161275,0,10,1,9
7498,682422,0,10,1,10
7028,18903,1,1000,1,4
4846,714933,1,1000,1,14
9449,776380,1,1000,1,9
9791,324882,1,1000,1,15
559,680435,0,10,1,15
8296,125300,1,1000,1,8
4132,176212,1,1000,1,4
9190,526686,0,10,1,6
4100,963456,1,1000,1,4
5091,930924,0,10,1,3
850,947625,0,10,1,2
8361,682327,0,10,1,9
3259,828363,1,1000,1,11
9684,228801,0,10,1,4
325,258597,1,1000,1,5
9090,266278,0,10,1,2
2054,628294,1,1000,1,6
3562,494163,0,10,1,10
7856,382205,1,1000,1,0
5455,679041,1,1000,1,15
3639,735613,1,1000,1,7
4494,637184,1,1000,1,14
9867,535141,1,1000,1,11
3557,727191,0,10,1,5
5729,160494,0,10,1,1
6888,975406,0,10,1,8
7896,198225,1,1000,1,8
3011,519175,1,1000,1,3
4530,928455,1,1000,1,2
3188,97847,0,10,1,4
6760,131229,0,10,1,8
6236,113351,0,10,1,12
7541,835686,1,1000,1,5
2191,598069,0,10,1,15
9907,952419,0,10,1,3
1957,600395,0,10,1,5
1658,807647,1,1000,1,10
5992,911181,0,10,1,8
5495,943875,1,1000,1,7
6462,444142,0,10,1,14
2757,202462,1,1000,1,5
8504,231302,1,1000,1,8
5133,392060,1,1000,1,13
9061,787895,1,1000,1,5
7730,812469,1,1000,1,2
4229,784946,0,10,1,5
3860,954079,1,1000,1,4
4967,243409,0,10,1,7
7185,451332,1,1000,1,1
6048,927445,0,10,1,0
1778,529784,0,10,1,2
8567,781253,0,10,1,7
2833,505282,0,10,1,1
3307,954144,1,1000,1,11
8463,226059,1,1000,1,15
3265,325305,1,1000,1,1
5440,173334,1,1000,1,0
1167,405843,0,10,1,15
4354,47859,1,1000,1,2
1337,328048,1,1000,1,9
5105,975799,0,10,1,1
1333,911116,0,10,1,5
5510,113225,0,10,1,6
9163,644759,0,10,1,11
9972,891127,0,10,1,4
4768,911406,0,10,1,0
7262,985519,0,10,1,14
8793,954663,1,1000,1,9
8769,992900,1,1000,1,1
1015,485352,0,10,1,7
9450,78075,0,10,1,10
5438,426621,0,10,1,14
5856,282458,1,1000,1,0
827,293356,1,1000,1,11
4137,903159,0,10,1,9
4553,856304,0,10,1,9
2977,878193,1,1000,1,1
550,973496,1,1000,1,6
7062,796444,1,1000,1,6
9121,192053,0,10,1,1
5956,588879,1,1000,1,4
4261,757877,0,10,1,5
8497,565789,0,10,1,1
7799,440806,1,1000,1,7
9769,905758,0,10,1,9
1556,504615,1,1000,1,4
9222,944146,0,10,1,6
1706,573948,1,1000,1,10
4958,379079,0,10,1,14
1597,992996,1,1000,1,13
1965,804161,0,10,1,13
8335,177551,0,10,1,15
995,83693,0,10,1,3
3567,201201,0,10,1,15
8027,60243,0,10,1,11
7891,556389,0,10,1,3
5711,805193,1,1000,1,15
9910,405131,0,10,1,6
4957,630792,0,10,1,13
6009,360580,0,10,1,9
9468,38667,1,1000,1,12
7728,829990,0,10,1,0
5629,714762,1,1000,1,13
3541,959920,1,1000,1,5
2578,354592,1,1000,1,2
2244,876646,0,10,1,4
3714,911558,0,10,1,2
3098,109865,1,1000,1,10
3083,651983,1,1000,1,11
8664,392499,1,1000,1,8
9352,56859,0,10,1,8
4049,563102,0,10,1,1
8506,292825,1,1000,1,10
4999,797954,1,1000,1,7
7921,239564,1,1000,1,1
5267,754370,0,10,1,3
7215,681308,0,10,1,15
7123,23990,1,1000,1,3
9555,836261,0,10,1,3
9250,704724,1,1000,1,2
5075,122882,0,10,1,3
5461,158640,1,1000,1,5
1160,709366,1,1000,1,8
2503,273068,0,10,1,7
8654,9940,1,1000,1,14
2334,467708,0,10,1,14
5919,902272,1,1000,1,15
2365,625348,0,10,1,13
457,937742,0,10,1,9
2105,916489,1,1000,1,9
7914,876262,1,1000,1,10
8406,748264,1,1000,1,6
3109,421542,1,1000,1,5
7117,809355,1,1000,1,13
7304,119640,1,1000,1,8
1927,823306,0,10,1,7
123,741781,0,10,1,11
9948,679712,1,1000,1,12
1018,111753,1,1000,1,10
883,903932,0,10,1,3
7170,899968,1,1000,1,2
7450,916306,1,1000,1,10
824,956707,0,10,1,8
8697,426,1,1000,1,9
6453,704420,0,10,1,5
1331,782619,1,1000,1,3
4253,902959,0,10,1,13
7025,2857,0,10,1,1
2236,346916,1,1000,1,12
3773,899787,0,10,1,13
1754,283950,1,1000,1,10
8508,941569,0,10,1,12
7046,478632,1,1000,1,6
6531,308967,0,10,1,3
2325,990070,1,1000,1,5
514,248113,0,10,1,2
3735,798484,0,10,1,7
7926,526078,1,1000,1,6
5906,44607,1,1000,1,2
1693,194390,1,1000,1,13
8471,698967,1,1000,1,7
8026,735091,0,10,1,10
5795,700044,1,1000,1,3
1175,648868,0,10,1,7
9115,515207,0,10,1,11
4913,535756,1,1000,1,1
4027,716006,1,1000,1,11
5396,91811,1,1000,1,4
8251,150402,1,1000,1,11
5408,988627,0,10,1,0
6621,288096,1,1000,1,13
92,963141,0,10,1,12
3294,520624,0,10,1,14
1520,939371,0,10,1,0
6411,444168,0,10,1,11
8765,50076,0,10,1,13
8090,788578,0,10,1,10
4449,687817,1,1000,1,1
3683,628380,0,10,1,3
4121,99992,0,10,1,9
4859,129666,0,10,1,11
9693,79548,0,10,1,13
2309,966838,0,10,1,5
9746,779810,1,1000,1,2
7363,805052,1,1000,1,3
1017,454761,1,1000,1,9
4587,237886,0,10,1,11
3319,555258,0,10,1,7
483,160774,1,1000,1,3
6249,105228,1,1000,1,9
968,840703,1,1000,1,8
3873,378866,1,1000,1,1
2115,555889,0,10,1,3
5659,673018,1,1000,1,11
403,837199,0,10,1,3
9532,551980,1,1000,1,12
1197,545335,1,1000,1,13
4151,594129,0,10,1,7
3677,380117,0,10,1,13
5379,755015,0,10,1,3
8163,749506,1,1000,1,3
492,171822,1,1000,1,12
8853,134882,0,10,1,5
8337,658312,0,10,1,1
1092,726342,1,1000,1,4
3023,427518,1,1000,1,15
1552,207529,0,10,1,0
7674,873023,1,1000,1,10
9981,883754,1,1000,1,13
3625,729328,0,10,1,9
8303,962513,1,1000,1,15
2819,675113,1,1000,1,3
419,328568,0,10,1,3
4462,850961,0,10,1,14
3736,827612,0,10,1,8
4439,931801,1,1000,1,7
7562,443800,1,1000,1,10
2102,440470,0,10,1,6
7816,890713,1,1000,1,8
4430,539232,0,10,1,14
9382,426127,1,1000,1,6
3321,759785,1,1000,1,9
7529,759777,0,10,1,9
759,919527,0,10,1,7
7280,205298,0,10,1,0
4105,17456,0,10,1,9
5719,342607,1,1000,1,7
5507,786623,1,1000,1,3
357,438001,0,10,1,5
188,37019,0,10,1,12
8066,603105,0,10,1,2
8735,115888,1,1000,1,15
871,976409,0,10,1,7
3113,540447,0,10,1,9
538,102459,0,10,1,10
1511,519616,1,1000,1,7
1086,263999,0,10,1,14
9783,328100,1,1000,1,7
5548,847535,1,1000,1,12
5197,994592,1,1000,1,13
5433,134602,0,10,1,9
4569,822823,0,10,1,9
3964,565074,1,1000,1,12
6550,758491,1,1000,1,6
4124,593914,0,10,1,12
166,446126,0,10,1,6
8001,913485,1,1000,1,1
2376,908047,0,10,1,8
3190,620536,0,10,1,6
6523,69298,1,1000,1,11
7997,717283,1,1000,1,13
6685,951849,0,10,1,13
1401,540101,1,1000,1,9
3389,282367,0,10,1,13
7086,28968,1,1000,1,14
4838,300149,1,1000,1,6
7625,148138,1,1000,1,9
6569,489831,0,10,1,9
9514,171986,0,10,1,10
7030,716568,1,1000,1,6
8083,473998,0,10,1,3
7229,788946,0,10,1,13
7043,248451,0,10,1,3
7286,841817,0,10,1,6
203,515644,0,10,1,11
9361,724028,1,1000,1,1
7759,394404,0,10,1,15
7184,370903,1,1000,1,0
1841,448687,1,1000,1,1
3209,807968,1,1000,1,9
5950,278859,1,1000,1,14
7040,902642,1,1000,1,0
9342,330327,0,10,1,14
7966,15383,1,1000,1,14
1640,628605,0,10,1,8
6137,733235,0,10,1,9
5374,93281,1,1000,1,14
9348,686362,1,1000,1,4
3768,184859,1,1000,1,8
1098,87061,1,1000,1,10
9065,656155,0,10,1,9
5089,424779,0,10,1,1
913,191640,1,1000,1,1
6511,961117,1,1000,1,15
9491,872011,1,1000,1,3
3361,49798,0,10,1,1
489,4984,1,1000,1,9
7609,548687,0,10,1,9
7232,358615,0,10,1,0
3533,492006,0,10,1,13
9869,274938,0,10,1,13
7481,814538,0,10,1,9
2713,960617,1,1000,1,9
2730,648782,0,10,1,10
2597,872476,0,10,1,5
5092,578701,0,10,1,4
9838,917817,0,10,1,14
9314,334080,1,1000,1,2
3485,528782,0,10,1,13
3520,932263,0,10,1,0
2707,299451,1,1000,1,3
7704,631299,0,10,1,8
5203,377331,0,10,1,3
8556,131896,1,1000,1,12
5177,678446,0,10,1,9
4935,217558,1,1000,1,7
7039,35596,0,10,1,15
9864,405712,1,1000,1,8
775,730891,1,1000,1,7
8171,618881,0,10,1,11
1020,23817,1,1000,1,12
7533,464744,0,10,1,13
39,175914,1,1000,1,7
4575,943684,1,1000,1,15
1851,892210,1,1000,1,11
6215,706587,0,10,1,7
1429,956329,1,1000,1,5
2940,448596,1,1000,1,12
8378,940021,0,10,1,10
2468,943243,1,1000,1,4
7765,481478,1,1000,1,5
6492,278515,0,10,1,12
2744,739969,1,1000,1,8
4368,434098,0,10,1,0
4786,423379,1,1000,1,2
4448,760006,0,10,1,0
1540,385736,0,10,1,4
5620,733142,1,1000,1,4
9002,237936,0,10,1,10
40,689414,0,10,1,8
333,315754,0,10,1,13
5829,820168,1,1000,1,5
2968,311241,0,10,1,8
7560,274018,0,10,1,8
8185,388077,1,1000,1,9
1096,942502,1,1000,1,8
557,760336,0,10,1,13
274,455344,1,1000,1,2
3034,746889,1,1000,1,10
786,559605,1,1000,1,2
4896,663297,1,1000,1,0
9546,386289,0,10,1,10
569,154523,1,1000,1,9
4643,574976,0,10,1,3
2954,276830,0,10,1,10
3871,801452,0,10,1,15
854,852647,1,1000,1,6
6582,843550,0,10,1,6
8599,548048,0,10,1,7
3008,678550,0,10,1,0
781,37966,0,10,1,13
8123,668785,1,1000,1,11
834,784677,0,10,1,2
1466,172166,1,1000,1,10
5005,941754,1,1000,1,13
6749,206467,1,1000,1,13
4147,539090,1,1000,1,3
9946,469700,1,1000,1,10
5804,804534,0,10,1,12
9526,713178,0,10,1,6
6456,28986,1,1000,1,8
8492,795087,1,1000,1,12
7860,869560,1,1000,1,4
6777,225168,1,1000,1,9
4309,443899,1,1000,1,5
3300,23652,0,10,1,4
645,844619,1,1000,1,5
6259,222937,0,10,1,3
1719,818310,1,1000,1,7
1769,356347,0,10,1,9
1936,166516,0,10,1,0
8553,161389,1,1000,1,9
6860,674552,1,1000,1,12
4817,627730,1,1000,1,1
486,993771,1,1000,1,6
845,245019,0,10,1,13
1675,645013,1,1000,1,11
6784,453077,0,10,1,0
8982,917932,1,1000,1,6
2927,783374,1,1000,1,15
6110,105920,1,1000,1,14
3980,760410,0,10,1,12
9227,721963,0,10,1,11
9126,99724,1,1000,1,6
7387,352217,0,10,1,11
7851,947558,1,1000,1,11
4398,96681,0,10,1,14
9758,489677,0,10,1,14
4277,829760,1,1000,1,5
5311,696661,1,1000,1,15
5120,180242,0,10,1,0
4945,340005,1,1000,1,1
6316,216277,0,10,1,12
9681,793653,1,1000,1,1
1611,911457,1,1000,1,11
752,189695,0,10,1,0
426,887405,0,10,1,10
4330,531528,1,1000,1,10
9088,876401,1,1000,1,0
2545,951737,0,10,1,1
6156,549845,0,10,1,12
165,227358,0,10,1,5
3487,899959,1,1000,1,15
5645,903507,0,10,1,13
6180,60498,0,10,1,4
731,512335,0,10,1,11
3999,906954,1,1000,1,15
7195,51508,1,1000,1,11
6154,36740,1,1000,1,10
4394,249126,1,1000,1,10
4670,843319,0,10,1,14
1599,255971,0,10,1,15
690,282262,1,1000,1,2
67,762987,1,1000,1,3
1323,644332,0,10,1,11
3007,728671,1,1000,1,15
7568,106645,1,1000,1,0
6119,679862,0,10,1,7
512,473803,0,10,1,0
7292,671451,1,1000,1,12
8732,40441,1,1000,1,12
4424,136006,0,10,1,8
7933,28823,1,1000,1,13
7837,780765,1,1000,1,13
878,634475,1,1000,1,14
2799,2790,0,10,1,15
7461,973988,0,10,1,5
2469,617203,1,1000,1,5
487,120562,0,10,1,7
9699,870558,1,1000,1,3
549,150705,0,10,1,5
5412,678854,0,10,1,4
4584,544751,1,1000,1,8
767,511467,0,10,1,15
149,620592,0,10,1,5
1729,152770,1,1000,1,1
1894,446918,0,10,1,6
2090,396810,0,10,1,10
153,444462,0,10,1,9
6407,365613,0,10,1,7
5611,286179,1,1000,1,11
6100,385564,0,10,1,4
9226,75391,1,1000,1,10
4613,544567,0,10,1,5
4886,506650,0,10,1,6
7920,994069,0,10,1,0
9519,209467,1,1000,1,15
8364,158236,1,1000,1,12
7918,306943,0,10,1,14
8043,333656,0,10,1,11
4216,574962,0,10,1,8
4176,652990,1,1000,1,0
3122,299664,1,1000,1,2
8509,261540,0,10,1,13
7894,264427,0,10,1,6
9138,332864,0,10,1,2
2051,469422,1,1000,1,3
1352,157567,0,10,1,8
8752,838892,1,1000,1,0
4615,69496,1,1000,1,7
8983,185324,1,1000,1,7
313,841162,0,10,1,9
9225,894296,1,1000,1,9
6513,508322,0,10,1,1
4230,959586,0,10,1,6
6532,137293,1,1000,1,4
6845,467296,0,10,1,13
6211,894052,0,10,1,3
8266,206305,0,10,1,10
6916,568476,0,10,1,4
3375,811845,0,10,1,15
1704,860108,0,10,1,8
997,195097,1,1000,1,5
3704,785252,1,1000,1,8
7696,788804,0,10,1,0
1797,484582,1,1000,1,5
3607,6654,0,10,1,7
2482,305170,0,10,1,2
9146,513618,0,10,1,10
1830,46739,1,1000,1,6
4980,23166,0,10,1,4
2880,812996,0,10,1,0
7617,191999,1,1000,1,1
1243,117606,1,1000,1,11
5274,176136,0,10,1,10
8047,931987,1,1000,1,15
3260,79623,0,10,1,12
1188,514627,0,10,1,4
90,428230,1,1000,1,10
2196,464711,0,10,1,4
4511,9309,1,1000,1,15
4825,301927,1,1000,1,9
9021,530074,1,1000,1,13
3640,396206,0,10,1,8
2172,299460,1,1000,1,12
4348,545842,0,10,1,12
4606,68501,1,1000,1,14
4900,688469,0,10,1,4
7647,368059,0,10,1,15
1671,465994,1,1000,1,7
820,85985,0,10,1,4
3763,438906,1,1000,1,3
3233,971014,1,1000,1,1
5980,454117,0,10,1,12
334,556935,0,10,1,14
8432,641,0,10,1,0
5129,450249,0,10,1,9
4161,615873,1,1000,1,1
3349,658390,1,1000,1,5
9678,167490,1,1000,1,14
6055,268337,1,1000,1,7
4074,877781,1,1000,1,10
7355,25553,0,10,1,11
4718,251381,0,10,1,14
348,536263,0,10,1,12
1297,980006,0,10,1,1
5130,897402,1,1000,1,10
7612,717135,0,10,1,12
4514,783048,0,10,1,2
5299,197330,1,1000,1,3
5623,61575,1,1000,1,7
6315,497119,1,1000,1,11
5083,329277,1,1000,1,11
5728,582329,1,1000,1,0
3717,78562,0,10,1,5
1680,602665,0,10,1,0
9698,40816,1,1000,1,2
6876,493478,1,1000,1,12
628,210608,0,10,1,4
8493,236167,1,1000,1,13
9391,367044,0,10,1,15
5470,117014,0,10,1,14
9320,795784,0,10,1,8
5592,247279,1,1000,1,8
4815,804987,0,10,1,15
8822,758179,1,1000,1,6
9274,817402,0,10,1,10
3236,439188,0,10,1,4
4112,430530,1,1000,1,0
3320,168664,0,10,1,8
6404,720686,0,10,1,4
5106,547275,1,1000,1,2
6152,320044,1,1000,1,8
4272,164336,1,1000,1,0
6085,772386,0,10,1,5
8911,945559,1,1000,1,15
8856,647594,0,10,1,8
3695,985093,1,1000,1,15
1468,687778,0,10,1,12
3337,918280,0,10,1,9
4593,921310,1,1000,1,1
8352,242764,1,1000,1,0
7693,903114,0,10,1,13
4279,516082,1,1000,1,7
8645,169435,1,1000,1,5
6327,179904,0,10,1,7
8620,795099,1,1000,1,12
6188,771940,0,10,1,12
7895,646312,1,1000,1,7
5965,870108,1,1000,1,13
806,401675,0,10,1,6
4930,71899,1,1000,1,2
7178,407963,0,10,1,10
6864,960460,0,10,1,0
7925,863459,0,10,1,5
2410,741224,1,1000,1,10
1030,815411,0,10,1,6
6699,35684,1,1000,1,11
9164,576030,1,1000,1,12
1698,635453,0,10,1,2
9262,260370,1,1000,1,14
6677,291292,0,10,1,5
8473,725919,1,1000,1,9
8830,147808,0,10,1,14
2521,34642,1,1000,1,9
3202,843525,1,1000,1,2
6177,593591,0,10,1,1
3450,887115,0,10,1,10
415,671552,0,10,1,15
6294,257824,0,10,1,6
3166,719710,0,10,1,14
7792,124583,0,10,1,0
9188,801103,1,1000,1,4
1150,287028,0,10,1,14
8653,79477,1,1000,1,13
6169,992282,1,1000,1,9
5009,178381,1,1000,1,1
2026,84994,1,1000,1,10
4307,913175,0,10,1,3
8328,508423,0,10,1,8
1973,225087,0,10,1,5
9158,666402,0,10,1,6
6835,211342,1,1000,1,3
5875,389493,0,10,1,3
3255,960476,1,1000,1,7
6827,177032,0,10,1,11
5827,298028,0,10,1,3
9760,569134,1,1000,1,0
4710,378708,1,1000,1,6
7747,842981,0,10,1,3
9534,641844,1,1000,1,14
1136,500133,0,10,1,0
5244,265385,1,1000,1,12
6439,676967,0,10,1,7
4791,539392,1,1000,1,7
8533,37603,0,10,1,5
3603,260237,0,10,1,3
1736,637035,1,1000,1,8
1647,908451,0,10,1,15
4936,508813,0,10,1,8
8737,81370,0,10,1,1
4210,479161,0,10,1,2
4984,638896,1,1000,1,8
2092,917029,0,10,1,12
3132,490674,0,10,1,12
5414,380307,1,1000,1,6
1538,105883,1,1000,1,2
7645,974568,0,10,1,13
7345,619815,0,10,1,1
3120,64575,0,10,1,0
4171,17706,1,1000,1,11
9901,488377,0,10,1,13
2270,581826,0,10,1,14
4558,908651,1,1000,1,14
2015,891103,1,1000,1,15
3159,656123,0,10,1,7
6162,457874,1,1000,1,2
9241,584764,1,1000,1,9
344,507035,1,1000,1,8
9430,122568,0,10,1,6
7884,518843,0,10,1,12
6623,653745,0,10,1,15
1629,546864,1,1000,1,13
2746,337601,1,1000,1,10
6803,702991,0,10,1,3
4300,586913,0,10,1,12
2971,2788,0,10,1,11
7236,249734,0,10,1,4
324,219388,0,10,1,4
9859,695662,1,1000,1,3
2281,338533,0,10,1,9
6090,300368,1,1000,1,10
1477,359454,0,10,1,5
1495,103514,0,10,1,7
9809,418510,1,1000,1,1
199,562553,0,10,1,7
7340,55017,0,10,1,12
3217,218654,1,1000,1,1
6126,281358,0,10,1,14
3935,823679,1,1000,1,15
3814,843418,1,1000,1,6
5669,664048,1,1000,1,5
5096,429058,0,10,1,8
729,165201,1,1000,1,9
3000,650860,0,10,1,8
7715,617166,1,1000,1,3
821,435634,0,10,1,5
6521,30390,0,10,1,9
4333,679027,1,1000,1,13
1528,427569,0,10,1,8
5539,27242,1,1000,1,3
9964,978845,0,10,1,12
2256,208761,0,10,1,0
9942,302300,1,1000,1,6
3566,764852,1,1000,1,14
739,49927,0,10,1,3
1189,543092,1,1000,1,5
5578,920736,1,1000,1,10
2956,872569,1,1000,1,12
6178,924696,1,1000,1,2
2357,872668,0,10,1,5
4349,890215,0,10,1,13
9677,910922,0,10,1,13
9941,341494,0,10,1,5
4879,352585,1,1000,1,15
429,224800,0,10,1,13
6987,997967,1,1000,1,11
3895,63567,0,10,1,7
4596,672076,1,1000,1,4
1248,457765,1,1000,1,0
8151,563297,0,10,1,7
425,952196,0,10,1,9
5522,604924,1,1000,1,2
4931,863040,1,1000,1,3
3589,424801,1,1000,1,5
7723,869065,0,10,1,11
1209,989860,0,10,1,9
4876,383353,1,1000,1,12
7362,975798,1,1000,1,2
3932,653217,0,10,1,12
9410,96206,1,1000,1,2
7967,256523,1,1000,1,15
6515,575171,1,1000,1,3
1047,280120,0,10,1,7
3961,717230,1,1000,1,9
9054,3418,1,1000,1,14
7597,32722,1,1000,1,13
564,190785,0,10,1,4
8795,24008,1,1000,1,11
321,765171,0,10,1,1
6167,257576,1,1000,1,7
737,782869,1,1000,1,1
4565,848451,0,10,1,5
6355,534555,0,10,1,3
1354,404031,0,10,1,10
7429,900928,1,1000,1,5
5786,419799,0,10,1,10
8609,641565,0,10,1,1
8686,389483,0,10,1,14
6063,40844,1,1000,1,15
4231,709007,0,10,1,7
4437,601226,1,1000,1,5
3835,493831,1,1000,1,11
503,584240,0,10,1,7
9802,485819,0,10,1,10
6501,816360,1,1000,1,5
2919,415709,1,1000,1,7
7175,811519,0,10,1,7
9989,50663,1,1000,1,5
3102,783844,0,10,1,14
5670,681577,1,1000,1,6
3998,147731,0,10,1,14
9233,725423,0,10,1,1
3688,317130,1,1000,1,8
8717,553682,1,1000,1,13
6336,648218,0,10,1,0
7890,26413,1,1000,1,2
6973,402593,1,1000,1,13
8265,56857,0,10,1,9
72,288269,0,10,1,8
4464,587934,1,1000,1,0
7875,701646,1,1000,1,3
1376,633475,1,1000,1,0
6555,316634,1,1000,1,11
3544,755928,1,1000,1,8
600,834555,0,10,1,8
9675,422871,1,1000,1,11
3715,658572,0,10,1,3
3772,321012,1,1000,1,12
2963,472346,0,10,1,3
8483,532067,0,10,1,3
9049,406860,1,1000,1,9
1351,25685,1,1000,1,7
9291,90961,0,10,1,11
4065,768158,1,1000,1,1
5301,623972,1,1000,1,5
7333,90562,0,10,1,5
2881,754076,0,10,1,1
8293,306461,1,1000,1,5
2344,717241,1,1000,1,8
211,196422,0,10,1,3
4310,992627,0,10,1,6
3025,23522,1,1000,1,1
6697,924432,0,10,1,9
1343,849736,0,10,1,15
9660,305599,1,1000,1,12
4932,572511,0,10,1,4
6465,508502,1,1000,1,1
648,951904,1,1000,1,8
8797,748483,0,10,1,13
7800,945883,1,1000,1,8
8974,126921,0,10,1,14
5605,541921,1,1000,1,5
2416,272015,1,1000,1,0
1790,504882,1,1000,1,14
7050,441640,0,10,1,10
5294,860030,0,10,1,14
3266,630184,1,1000,1,2
2596,82973,0,10,1,4
8626,689049,1,1000,1,2
9383,650314,0,10,1,7
3042,235444,0,10,1,2
8746,288123,0,10,1,10
803,434026,0,10,1,3
6243,640307,1,1000,1,3
6425,90654,0,10,1,9
4342,720983,0,10,1,6
7476,250133,1,1000,1,4
7044,696229,0,10,1,4
7179,355745,1,1000,1,11
8173,607023,1,1000,1,13
6351,363327,0,10,1,15
7940,890500,0,10,1,4
5844,296408,0,10,1,4
1615,589013,1,1000,1,15
7224,169017,1,1000,1,8
1392,290410,0,10,1,0
5746,947397,0,10,1,2
5026,654241,1,1000,1,2
9041,828114,1,1000,1,1
11,989964,1,1000,1,11
1390,129234,0,10,1,14
1941,939382,1,1000,1,5
7586,289788,0,10,1,2
6246,108309,0,10,1,6
405,943878,0,10,1,5
2397,820189,1,1000,1,13
8633,556565,0,10,1,9
3894,703,1,1000,1,6
8428,818347,0,10,1,12
7830,401246,1,1000,1,6
8727,975920,1,1000,1,7
7353,181496,0,10,1,9
7207,289448,0,10,1,7
4443,450802,1,1000,1,11
966,934497,1,1000,1,6
5195,34994,1,1000,1,11
4809,954848,0,10,1,9
1883,620507,1,1000,1,11
8587,920602,0,10,1,11
9309,38133,1,1000,1,13
5554,608934,0,10,1,2
2564,68067,0,10,1,4
6141,263343,1,1000,1,13
5535,582005,0,10,1,15
1328,580134,1,1000,1,0
562,925284,1,1000,1,2
637,435851,1,1000,1,13
8601,524677,0,10,1,9
9117,900981,1,1000,1,13
5791,327032,0,10,1,15
1259,510661,1,1000,1,11
1849,129733,0,10,1,9
3278,650647,1,1000,1,14
3870,373676,1,1000,1,14
1199,19235,1,1000,1,15
3507,498072,1,1000,1,3
8526,138673,1,1000,1,14
6348,287984,1,1000,1,12
905,97920,0,10,1,9
1138,521801,0,10,1,2
2384,716350,0,10,1,0
7069,457063,0,10,1,13
9336,669151,0,10,1,8
3398,937338,0,10,1,6
9481,344735,1,1000,1,9
2992,354282,0,10,1,0
5230,863653,0,10,1,14
1380,403373,1,1000,1,4
528,982701,0,10,1,0
5723,201120,0,10,1,11
8639,947627,0,10,1,15
3749,233069,1,1000,1,5
5233,389897,0,10,1,1
8339,516626,0,10,1,3
6809,670561,0,10,1,9
9782,107907,1,1000,1,6
311,861305,1,1000,1,7
2473,380770,1,1000,1,9
5901,348298,0,10,1,13
2204,742558,1,1000,1,12
742,788186,1,1000,1,6
9331,59010,1,1000,1,3
4723,791401,1,1000,1,3
9992,979360,1,1000,1,8
9662,193033,1,1000,1,14
1009,562946,0,10,1,1
1179,753891,1,1000,1,11
7711,233243,0,10,1,15
43,194761,0,10,1,11
3359,676286,1,1000,1,15
6417,212932,1,1000,1,1
9602,166669,1,1000,1,2
232,358203,0,10,1,8
3199,472490,0,10,1,15
2674,150341,0,10,1,2
938,868,1,1000,1,10
8955,733795,0,10,1,11
5748,50357,1,1000,1,4
3889,158966,1,1000,1,1
2249,20171,0,10,1,9
8700,64964,0,10,1,12
2644,962154,0,10,1,4
6433,116310,0,10,1,1
7282,559209,0,10,1,2
4312,275210,1,1000,1,8
1400,667329,1,1000,1,8
4004,973516,1,1000,1,4
7558,294076,1,1000,1,6
4581,767112,1,1000,1,5
8366,177122,1,1000,1,14
3564,563437,1,1000,1,12
8291,551262,1,1000,1,3
8772,284789,0,10,1,4
5687,423885,0,10,1,7
6552,339056,1,1000,1,8
4060,79408,1,1000,1,12
6387,555340,0,10,1,3
9522,844706,0,10,1,2
8228,486848,1,1000,1,4
1085,809310,0,10,1,13
5353,337092,1,1000,1,9
621,343978,0,10,1,13
1613,791660,1,1000,1,13
7903,782509,0,10,1,15
2892,978448,1,1000,1,12
6413,376143,0,10,1,13
4205,896179,0,10,1,13
9573,910737,1,1000,1,5
7412,398480,1,1000,1,4
2844,160264,0,10,1,12
6709,208286,1,1000,1,5
6553,177042,0,10,1,9
1804,868537,1,1000,1,12
2636,834504,1,1000,1,12
8386,715673,0,10,1,2
8325,734017,1,1000,1,5
2120,733265,1,1000,1,8
1768,661797,0,10,1,8
6974,779674,0,10,1,14
5143,94648,1,1000,1,7
1824,24918,0,10,1,0
1419,51377,1,1000,1,11
5410,356438,1,1000,1,2
3939,72419,1,1000,1,3
5546,798240,0,10,1,10
190,717820,1,1000,1,14
4266,464237,1,1000,1,10
315,615355,0,10,1,11
7924,186290,1,1000,1,4
9973,171696,1,1000,1,5
986,595400,1,1000,1,10
497,703621,0,10,1,1
8801,465673,1,1000,1,1
1702,816161,0,10,1,6
3220,939419,0,10,1,4
6242,206075,0,10,1,2
4908,167503,0,10,1,12
1295,840054,0,10,1,15
9999,987943,0,10,1,15
9572,968444,1,1000,1,4
500,895006,0,10,1,4
8510,277944,0,10,1,14
3797,998114,0,10,1,5
2279,671973,1,1000,1,7
8638,913251,0,10,1,14
1005,949351,1,1000,1,13
6558,529687,1,1000,1,14
9800,542535,0,10,1,8
8888,890591,1,1000,1,8
8965,469637,0,10,1,5
4042,338304,0,10,1,10
2490,73717,1,1000,1,10
4745,515956,0,10,1,9
5123,307384,0,10,1,3
4290,463850,0,10,1,2
8971,961307,1,1000,1,11
3009,956911,1,1000,1,1
3821,165704,0,10,1,13
9381,988148,1,1000,1,5
1172,107011,1,1000,1,4
6657,447727,0,10,1,1
6062,337401,1,1000,1,14
8522,847535,0,10,1,10
4887,907650,0,10,1,7
9084,549964,0,10,1,12
5702,904770,0,10,1,6
4539,894690,0,10,1,11
3529,48866,1,1000,1,9
4714,141531,0,10,1,10
2558,406328,0,10,1,14
8850,300753,1,1000,1,2
6816,719702,0,10,1,0
3610,469341,1,1000,1,10
3517,228071,1,1000,1,13
5981,89989,0,10,1,13
6493,677927,1,1000,1,13
8897,164663,0,10,1,1
3214,221447,1,1000,1,14
6302,781770,1,1000,1,14
5256,182964,0,10,1,8
8044,269677,0,10,1,12
3576,946578,0,10,1,8
7577,504921,0,10,1,9
4372,499171,1,1000,1,4
822,580412,1,1000,1,6
7414,204278,0,10,1,6
5357,996309,0,10,1,13
439,941516,0,10,1,7
7731,944911,1,1000,1,3
1932,139487,1,1000,1,12
38,981405,0,10,1,6
1492,245136,0,10,1,4
7371,858713,0,10,1,11
3076,335946,0,10,1,4
6108,417289,1,1000,1,12
9311,758772,0,10,1,15
680,221061,0,10,1,8
2628,564122,0,10,1,4
7257,127734,0,10,1,9
1839,433808,1,1000,1,15
3328,459474,1,1000,1,0
1313,688707,0,10,1,1
5793,339461,1,1000,1,1
629,522791,0,10,1,5
2259,518974,1,1000,1,3
4921,468583,1,1000,1,9
9451,808676,0,10,1,11
181,809273,1,1000,1,5
3503,584027,0,10,1,15
6565,926950,0,10,1,5
4572,172230,0,10,1,12
7561,795652,1,1000,1,9
6346,432391,0,10,1,10
6112,794664,0,10,1,0
9169,949696,0,10,1,1
8868,474678,0,10,1,4
8241,458955,1,1000,1,1
2136,460131,0,10,1,8
2738,631712,1,1000,1,2
6018,21793,1,1000,1,2
6959,910881,0,10,1,15
1782,633827,0,10,1,6
4406,634423,1,1000,1,6
746,477074,0,10,1,10
5735,606354,0,10,1,7
1929,15077,0,10,1,9
3689,401713,0,10,1,9
7885,296792,1,1000,1,13
1558,410672,0,10,1,6
4893,444256,0,10,1,13
3351,416288,1,1000,1,7
7118,159055,1,1000,1,14
7189,436749,0,10,1,5
7793,835977,0,10,1,1
6741,511146,0,10,1,5
6150,227186,1,1000,1,6
8828,202680,1,1000,1,12
3608,391969,0,10,1,8
7095,212609,0,10,1,7
7209,771353,0,10,1,9
3131,962228,1,1000,1,11
4631,908845,1,1000,1,7
3941,466704,0,10,1,5
7668,565784,1,1000,1,4
2906,313132,0,10,1,10
2108,969352,0,10,1,12
9692,377244,1,1000,1,12
5988,530481,1,1000,1,4
2847,864698,1,1000,1,15
9633,955803,1,1000,1,1
8384,188079,1,1000,1,0
7557,654886,1,1000,1,5
2461,904115,0,10,1,13
7007,534412,1,1000,1,15
4222,504550,1,1000,1,14
4013,527969,0,10,1,13
5925,382970,1,1000,1,5
3460,271369,1,1000,1,4
5361,11952,1,1000,1,1
9575,464422,1,1000,1,7
2988,282585,1,1000,1,12
8959,919473,0,10,1,15
4403,859443,1,1000,1,3
4591,209689,1,1000,1,15
3978,409255,1,1000,1,10
4824,431220,0,10,1,8
5150,749269,0,10,1,14
6728,103129,0,10,1,8
2677,633590,0,10,1,5
784,933440,1,1000,1,0
3830,971405,0,10,1,6
636,768774,1,1000,1,12
3540,171512,1,1000,1,4
1070,89138,1,1000,1,14
6581,677127,0,10,1,5
6736,72856,0,10,1,0
9507,572995,1,1000,1,3
9899,134336,0,10,1,11
6083,602396,1,1000,1,3
1438,972810,1,1000,1,14
8551,247938,0,10,1,7
652,182201,1,1000,1,12
7583,738567,1,1000,1,15
520,329095,0,10,1,8
8371,546857,0,10,1,3
6329,338279,1,1000,1,9
6589,138009,1,1000,1,13
8360,478309,0,10,1,8
1164,274380,1,1000,1,12
2998,284607,1,1000,1,6
8854,431119,0,10,1,6
6129,689662,1,1000,1,1
484,175290,1,1000,1,4
9221,102620,1,1000,1,5
3146,670599,0,10,1,10
5943,356302,1,1000,1,7
7872,332945,1,1000,1,0
3446,703433,0,10,1,6
9272,326903,0,10,1,8
4252,545518,1,1000,1,12
6954,813193,1,1000,1,10
7820,584047,1,1000,1,12
9326,849921,1,1000,1,14
8969,767569,1,1000,1,9
3422,207755,1,1000,1,14
6308,888315,1,1000,1,4
3299,571020,1,1000,1,3
8818,607984,1,1000,1,2
5922,277690,0,10,1,2
7698,971976,0,10,1,2
8993,778743,0,10,1,1
14,183243,0,10,1,14
7478,879045,1,1000,1,6
7826,82345,0,10,1,2
288,808847,1,1000,1,0
5366,797021,0,10,1,6
5445,383843,0,10,1,5
1458,24346,1,1000,1,2
5242,869745,0,10,1,10
4211,198017,1,1000,1,3
4246,631361,0,10,1,6
2626,371009,0,10,1,2
6579,647952,0,10,1,3
6222,852411,0,10,1,14
7521,90957,0,10,1,1
3738,283645,0,10,1,10
9176,836770,0,10,1,8
9131,631810,1,1000,1,11
6386,583610,1,1000,1,2
183,841190,1,1000,1,7
4351,313540,0,10,1,15
744,217439,1,1000,1,8
150,602925,1,1000,1,6
3512,88792,0,10,1,8
8064,517836,0,10,1,0
7354,807312,0,10,1,10
7906,636153,1,1000,1,2
5563,297832,1,1000,1,11
7464,452735,1,1000,1,8
2699,502718,1,1000,1,11
959,981511,0,10,1,15
3840,405024,1,1000,1,0
6245,115695,0,10,1,5
3855,626252,1,1000,1,15
8294,311760,1,1000,1,6
4663,904752,0,10,1,7
5063,297942,0,10,1,7
6004,536093,1,1000,1,4
2852,639997,0,10,1,4
8759,266220,0,10,1,7
5861,120602,1,1000,1,5
6401,616586,0,10,1,1
7479,261394,1,1000,1,7
6897,553236,1,1000,1,1
8166,198388,0,10,1,6
8323,733397,1,1000,1,3
2676,924366,0,10,1,4
202,40690,0,10,1,10
2772,44226,1,1000,1,4
2816,730691,1,1000,1,0
3197,528065,1,1000,1,13
2500,749051,0,10,1,4
6856,69425,1,1000,1,8
5325,355829,0,10,1,13
8105,6258,1,1000,1,9
9033,123940,0,10,1,9
6645,109837,0,10,1,5
7838,159530,1,1000,1,14
9955,213188,1,1000,1,3
2943,582292,0,10,1,15
9055,142870,1,1000,1,15
164,120784,0,10,1,4
7349,70510,0,10,1,5
4225,996400,1,1000,1,1
5969,565050,1,1000,1,1
9685,968110,1,1000,1,5
1968,210193,0,10,1,0
4264,173205,0,10,1,8
7290,14640,0,10,1,10
9253,853868,1,1000,1,5
6988,588821,1,1000,1,12
9617,373664,0,10,1,1
2948,992227,0,10,1,4
9446,180666,0,10,1,6
910,815310,1,1000,1,14
2085,10124,0,10,1,5
2691,503277,1,1000,1,3
6690,463537,1,1000,1,2
3908,264059,1,1000,1,4
1707,339766,0,10,1,11
4068,649287,1,1000,1,4
4324,111457,1,1000,1,4
8514,949299,0,10,1,2
4679,825422,1,1000,1,7
4627,956325,0,10,1,3
8941,708760,0,10,1,13
240,857445,0,10,1,0
5070,118787,0,10,1,14
5392,177615,0,10,1,0
3867,862953,0,10,1,11
1703,790786,0,10,1,7
9900,373103,1,1000,1,12
4491,363783,1,1000,1,11
9714,795789,1,1000,1,2
2561,990000,0,10,1,1
2939,978332,1,1000,1,11
3213,621499,0,10,1,13
8612,294155,1,1000,1,4
6448,482940,0,10,1,0
1274,103391,1,1000,1,10
3364,592776,1,1000,1,4
5001,891407,1,1000,1,9
8520,403875,1,1000,1,8
1089,865461,1,1000,1,1
6931,739828,0,10,1,3
3062,814148,1,1000,1,6
5738,859001,0,10,1,10
8741,175743,1,1000,1,5
5644,946582,0,10,1,12
261,241857,0,10,1,5
5208,936729,1,1000,1,8
5487,503298,0,10,1,15
2786,289911,0,10,1,2
8122,52922,1,1000,1,10
961,642968,1,1000,1,1
8952,940830,0,10,1,8
3212,679276,1,1000,1,12
2033,861913,1,1000,1,1
1397,358295,0,10,1,5
2536,34433,0,10,1,8
8089,921582,0,10,1,9
6437,740606,0,10,1,5
5474,808563,0,10,1,2
2759,16983,1,1000,1,7
8252,937948,0,10,1,12
7023,51899,1,1000,1,15
9394,249568,0,10,1,2
9174,504176,1,1000,1,6
8269,884834,1,1000,1,13
2689,573615,1,1000,1,1
761,686471,0,10,1,9
8315,887854,1,1000,1,11
7776,113323,0,10,1,0
2273,696396,0,10,1,1
9116,549883,1,1000,1,12
1513,836895,1,1000,1,9
2748,271187,1,1000,1,12
3905,419807,0,10,1,1
1546,671445,1,1000,1,10
2649,238727,0,10,1,9
2908,354690,1,1000,1,12
2838,590583,1,1000,1,6
4837,428521,1,1000,1,5
4644,348172,0,10,1,4
6700,765872,1,1000,1,12
9003,144234,1,1000,1,11
417,957448,0,10,1,1
4989,376794,1,1000,1,13
8425,604767,0,10,1,9
3070,844753,1,1000,1,14
4364,338988,0,10,1,12
3660,610381,0,10,1,12
5511,548421,1,1000,1,7
5627,714538,0,10,1,11
6849,209344,0,10,1,1
191,344916,0,10,1,15
6664,379403,1,1000,1,8
8858,17967,1,1000,1,10
4560,203869,0,10,1,0
1509,797264,1,1000,1,5
1749,982951,1,1000,1,5
281,843869,1,1000,1,9
1395,893012,0,10,1,3
9776,187194,0,10,1,0
8524,301488,1,1000,1,12
590,377926,1,1000,1,14
1116,518336,1,1000,1,12
7537,753395,1,1000,1,1
9883,984810,1,1000,1,11
4243,668228,0,10,1,3
9510,604645,0,10,1,6
5428,43580,0,10,1,4
1040,235562,1,1000,1,0
4034,942291,1,1000,1,2
3694,311664,0,10,1,14
2198,26621,0,10,1,6
8748,931421,0,10,1,12
1779,181083,1,1000,1,3
9557,891139,0,10,1,5
6927,864657,1,1000,1,15
8084,867438,0,10,1,4
6033,938610,1,1000,1,1
6359,476485,0,10,1,7
1856,746674,0,10,1,0
5877,507995,0,10,1,5
273,977730,0,10,1,1
8636,139205,1,1000,1,12
5338,807511,0,10,1,10
2678,68649,1,1000,1,6
3545,794754,1,1000,1,9
8939,920394,1,1000,1,11
6689,444380,0,10,1,1
6052,373984,0,10,1,4
4139,61783,0,10,1,11
6060,317575,1,1000,1,12
2170,923368,1,1000,1,10
5672,716116,1,1000,1,8
1010,20559,1,1000,1,2
5997,111384,1,1000,1,13
4436,549750,0,10,1,4
5012,237934,0,10,1,4
5479,50995,0,10,1,7
178,483062,0,10,1,2
3955,992521,1,1000,1,3
6500,422462,1,1000,1,4
2976,730311,0,10,1,0
9852,801871,0,10,1,12
5245,117151,1,1000,1,13
651,469270,0,10,1,11
1057,675788,0,10,1,1
521,636933,0,10,1,9
9211,954251,0,10,1,11
9011,557548,1,1000,1,3
9428,858424,1,1000,1,4
6935,198905,0,10,1,7
5586,852676,1,1000,1,2
2099,356154,0,10,1,3
7619,650374,1,1000,1,3
1924,315873,0,10,1,4
5419,656374,1,1000,1,11
956,227197,1,1000,1,12
2511,761922,1,1000,1,15
7010,574860,0,10,1,2
6770,845658,0,10,1,2
8890,969118,0,10,1,10
624,486637,1,1000,1,0
2042,665347,0,10,1,10
1335,178284,0,10,1,7
3910,133213,1,1000,1,6
4080,102544,0,10,1,0
2798,74218,1,1000,1,14
8488,976357,1,1000,1,8
7350,674935,1,1000,1,6
9834,171983,0,10,1,10
7270,289975,0,10,1,6
8354,508040,1,1000,1,2
3027,189628,1,1000,1,3
6058,517985,1,1000,1,10
9080,676509,0,10,1,8
6619,190527,1,1000,1,11
8827,845909,1,1000,1,11
8382,862194,1,1000,1,14
6719,579957,1,1000,1,15
9234,611927,1,1000,1,2
5351,846992,0,10,1,7
2966,80777,1,1000,1,6
3962,434029,1,1000,1,10
389,777404,1,1000,1,5
3950,932732,1,1000,1,14
4630,646707,0,10,1,6
7266,85842,1,1000,1,2
612,564333,1,1000,1,4
8201,836372,1,1000,1,9
6357,457583,0,10,1,5
442,121199,0,10,1,10
7644,560062,1,1000,1,12
6600,619973,0,10,1,8
3633,124869,1,1000,1,1
9621,863772,0,10,1,5
1554,165865,0,10,1,2
8221,231372,0,10,1,13
5062,632888,1,1000,1,6
2107,489249,0,10,1,11
8412,480372,1,1000,1,12
9231,866926,0,10,1,15
8494,141629,1,1000,1,14
9881,809998,1,1000,1,9
6265,604490,0,10,1,9
2096,129325,1,1000,1,0
9486,330221,1,1000,1,14
8461,378277,0,10,1,13
9388,758045,0,10,1,12
994,712356,1,1000,1,2
1211,308191,0,10,1,11
1967,793794,0,10,1,15
5016,846800,1,1000,1,8
6228,527706,0,10,1,4
1290,717791,0,10,1,10
2066,462956,0,10,1,2
7176,623195,0,10,1,8
5390,491041,0,10,1,14
3584,565286,1,1000,1,0
602,221578,1,1000,1,10
1091,405216,1,1000,1,3
7428,312210,0,10,1,4
431,152126,1,1000,1,15
1417,532999,1,1000,1,9
6742,469025,1,1000,1,6
8387,530114,0,10,1,3
2993,187106,1,1000,1,1
3031,910680,0,10,1,7
3269,260288,1,1000,1,5
3310,532464,1,1000,1,14
8370,338499,1,1000,1,2
206,810495,0,10,1,14
8515,788657,1,1000,1,3
5483,378190,1,1000,1,11
1901,703770,1,1000,1,13
8022,811527,0,10,1,6
591,708536,0,10,1,15
1261,272899,1,1000,1,13
4186,468686,1,1000,1,10
8030,4257,0,10,1,14
6476,321190,1,1000,1,12
9846,538231,1,1000,1,6
9506,709112,1,1000,1,2
9424,928555,1,1000,1,0
4202,709510,0,10,1,10
9537,230276,0,10,1,1
1293,132976,0,10,1,13
577,254388,1,1000,1,1
6398,233320,0,10,1,14
5080,824382,0,10,1,8
9626,615177,0,10,1,10
9435,207829,1,1000,1,11
3993,904730,0,10,1,9
6247,569413,1,1000,1,7
2648,703438,0,10,1,8
351,696801,0,10,1,15
6917,783325,1,1000,1,5
7027,472507,1,1000,1,3
6106,958941,0,10,1,10
1264,181649,0,10,1,0
8511,494108,0,10,1,15
3710,968214,0,10,1,14
5459,936857,1,1000,1,3
9156,231870,0,10,1,4
4783,203005,0,10,1,15
3945,652487,0,10,1,9
5616,793472,0,10,1,0
2157,302168,0,10,1,13
3170,841691,1,1000,1,2
9918,83145,1,1000,1,14
7022,255914,1,1000,1,14
8994,607969,1,1000,1,2
2293,567375,1,1000,1,5
1748,435366,0,10,1,4
3035,956679,1,1000,1,11
2517,325637,1,1000,1,5
8981,536231,0,10,1,5
6096,742182,0,10,1,0
459,393653,1,1000,1,11
1521,572067,0,10,1,1
172,221425,0,10,1,12
973,859237,0,10,1,13
6296,855435,0,10,1,8
8658,150272,0,10,1,2
8340,611308,1,1000,1,4
5488,882235,1,1000,1,0
5451,673025,1,1000,1,11
7465,3818,1,1000,1,9
2363,615888,0,10,1,11
3975,750532,1,1000,1,7
2600,807178,0,10,1,8
5448,422714,1,1000,1,8
4395,743992,1,1000,1,11
5910,652517,1,1000,1,6
7629,955540,0,10,1,13
6887,620006,1,1000,1,7
6082,381824,1,1000,1,2
5885,782993,0,10,1,13
1641,159176,0,10,1,9
6675,619811,0,10,1,3
6516,244966,0,10,1,4
3108,570827,1,1000,1,4
2483,669331,0,10,1,3
7971,115994,0,10,1,3
3903,656661,1,1000,1,15
5420,848404,1,1000,1,12
7877,549257,1,1000,1,5
5800,239962,1,1000,1,8
9682,281212,0,10,1,2
5504,998597,1,1000,1,0
3148,127243,1,1000,1,12
3519,355049,0,10,1,15
1316,719939,0,10,1,4
320,639742,1,1000,1,0
3859,915601,1,1000,1,3
8991,865279,1,1000,1,15
7413,581461,0,10,1,5
6204,445724,1,1000,1,12
100,427357,1,1000,1,4
3282,796244,0,10,1,2
6539,557162,1,1000,1,11
8950,844159,1,1000,1,6
6354,886327,1,1000,1,2
4328,620250,1,1000,1,8
9442,960792,1,1000,1,2
8699,374318,0,10,1,11
9150,347163,1,1000,1,14
2230,996247,1,1000,1,6
565,504426,0,10,1,5
7548,111919,1,1000,1,12
3926,413765,1,1000,1,6
603,883450,0,10,1,11
6030,504352,1,1000,1,14
3658,133306,0,10,1,10
2250,512706,0,10,1,10
1587,348376,0,10,1,3
9654,912295,1,1000,1,6
8849,195390,1,1000,1,1
9485,854855,1,1000,1,13
1171,352336,1,1000,1,3
8666,778775,0,10,1,10
2135,990226,1,1000,1,7
8628,824552,1,1000,1,4
8961,616524,1,1000,1,1
9894,113632,1,1000,1,6
9845,505389,1,1000,1,5
5899,629894,1,1000,1,11
6309,788964,1,1000,1,5
8602,708451,0,10,1,10
6372,632015,0,10,1,4
3794,683998,1,1000,1,2
1731,409988,1,1000,1,3
6769,846160,1,1000,1,1
136,611344,1,1000,1,8
975,974244,1,1000,1,15
8129,914670,1,1000,1,1
7003,323453,0,10,1,11
3762,748191,0,10,1,2
8020,377642,0,10,1,4
9825,357452,0,10,1,1
4322,591382,0,10,1,2
7750,340341,1,1000,1,6
6692,786404,0,10,1,4
8815,468079,0,10,1,15
1373,397626,1,1000,1,13
44,153739,1,1000,1,12
9499,93007,1,1000,1,11
7122,130000,0,10,1,2
5839,469493,1,1000,1,15
7862,528607,1,1000,1,6
2275,587833,1,1000,1,3
9475,736310,0,10,1,3
9242,768764,1,1000,1,10
4657,765817,0,10,1,1
9862,371328,0,10,1,6
7134,611119,1,1000,1,14
2419,942873,1,1000,1,3
3370,21339,1,1000,1,10
341,903815,0,10,1,5
4336,414387,1,1000,1,0
9013,934770,1,1000,1,5
7201,369350,0,10,1,1
6276,314330,0,10,1,4
7285,502678,0,10,1,5
716,436205,0,10,1,12
6444,886426,1,1000,1,12
5792,166122,1,1000,1,0
5790,956902,1,1000,1,14
3882,919493,0,10,1,10
7081,296027,0,10,1,9
5649,818533,0,10,1,1
7737,870527,0,10,1,9
5761,939198,0,10,1,1
13,160631,1,1000,1,13
7484,847940,0,10,1,12
4597,426533,0,10,1,5
896,1697,1,1000,1,0
7456,94991,0,10,1,0
6890,946036,1,1000,1,10
3410,145069,0,10,1,2
2261,755516,0,10,1,5
7313,322105,1,1000,1,1
9794,650509,0,10,1,2
8434,327568,0,10,1,2
1614,431983,0,10,1,14
3514,434107,1,1000,1,10
1581,978591,1,1000,1,13
9605,993081,1,1000,1,5
4063,564392,0,10,1,15
2141,99276,0,10,1,13
2075,724726,0,10,1,11
4079,364159,1,1000,1,15
6430,182021,1,1000,1,14
2290,156747,0,10,1,2
5567,357683,0,10,1,15
5907,293263,0,10,1,3
3809,576136,1,1000,1,1
5553,390910,0,10,1,1
4673,450719,1,1000,1,1
242,208753,0,10,1,2
7310,728020,1,1000,1,14
5334,347958,0,10,1,6
7491,105598,0,10,1,3
5163,226232,0,10,1,11
593,227251,1,1000,1,1
5074,179202,1,1000,1,2
7673,431509,1,1000,1,9
644,271966,1,1000,1,4
4343,119269,1,1000,1,7
4940,914697,0,10,1,12
2895,47220,1,1000,1,15
91,878652,0,10,1,11
3854,374253,1,1000,1,14
9303,100422,1,1000,1,7
4456,598929,0,10,1,8
3813,506630,1,1000,1,5
6248,204801,1,1000,1,8
2754,477745,1,1000,1,2
4953,582946,1,1000,1,9
110,133625,1,1000,1,14
6594,621460,0,10,1,2
5811,335176,0,10,1,3
3470,328653,0,10,1,14
6791,761478,0,10,1,7
2766,813747,1,1000,1,14
1631,908648,1,1000,1,15
424,20696,0,10,1,8
2618,986272,1,1000,1,10
7514,953910,0,10,1,10
7661,871061,1,1000,1,13
3868,109545,0,10,1,12
8194,611119,1,1000,1,2
7767,68561,1,1000,1,7
7670,324265,0,10,1,6
3298,365533,1,1000,1,2
4532,289265,0,10,1,4
53,131699,1,1000,1,5
2232,808311,1,1000,1,8
1942,13685,1,1000,1,6
5978,787620,1,1000,1,10
9500,616903,1,1000,1,12
7864,503012,0,10,1,8
9419,3097,1,1000,1,11
8399,61777,0,10,1,15
3211,745945,1,1000,1,11
8263,319359,1,1000,1,7
2319,284382,1,1000,1,15
2224,458884,0,10,1,0
8505,854900,0,10,1,9
7570,948920,1,1000,1,2
3727,174567,0,10,1,15
6328,536135,0,10,1,8
8243,501359,1,1000,1,3
4782,322954,1,1000,1,14
1635,770802,1,1000,1,3
688,426939,1,1000,1,0
1037,335449,1,1000,1,13
9634,537429,1,1000,1,2
2370,951456,0,10,1,2
9642,299485,0,10,1,10
1432,657340,0,10,1,8
9319,353441,0,10,1,7
1990,119543,1,1000,1,6
8647,734909,1,1000,1,7
3400,578326,0,10,1,8
5290,200418,0,10,1,10
1954,59299,1,1000,1,2
1864,901258,0,10,1,8
7015,652815,0,10,1,7
4509,814581,1,1000,1,13
6740,185647,0,10,1,4
6415,92584,1,1000,1,15
7018,928412,1,1000,1,10
2062,223844,0,10,1,14
5968,309886,0,10,1,0
3496,117181,0,10,1,8
9338,270567,0,10,1,10
9683,356564,0,10,1,3
9659,999976,0,10,1,11
2668,468206,0,10,1,12
9580,762234,0,10,1,12
2930,765768,1,1000,1,2
8842,447721,1,1000,1,10
6618,23659,1,1000,1,10
2200,357301,1,1000,1,8
1170,334005,0,10,1,2
9396,520106,1,1000,1,4
8152,252776,1,1000,1,8
8436,653498,0,10,1,4
7841,513370,1,1000,1,1
8876,273628,0,10,1,12
4847,191267,1,1000,1,15
3171,524118,1,1000,1,3
3923,645823,0,10,1,3
778,605685,1,1000,1,10
4633,711054,0,10,1,9
9624,936125,1,1000,1,8
7448,350176,1,1000,1,8
1019,153102,0,10,1,11
2813,836823,0,10,1,13
3697,385301,0,10,1,1
6066,729809,1,1000,1,2
2118,550086,1,1000,1,6
3032,5088,0,10,1,8
8809,133405,0,10,1,9
6648,258783,0,10,1,8
4374,972690,1,1000,1,6
5584,506459,0,10,1,0
2437,933499,0,10,1,5
6851,813102,0,10,1,3
2060,968089,0,10,1,12
5758,671598,0,10,1,14
5787,373652,1,1000,1,11
3597,957526,1,1000,1,13
8648,935066,1,1000,1,8
9191,811899,0,10,1,7
3005,693833,1,1000,1,13
3719,698064,0,10,1,7
3521,834813,1,1000,1,1
1569,59530,1,1000,1,1
5655,845058,0,10,1,7
7032,815292,1,1000,1,8
7564,974404,1,1000,1,12
2878,578091,0,10,1,14
406,861478,0,10,1,6
3049,203180,0,10,1,9
1989,451422,0,10,1,5
8456,457422,1,1000,1,8
828,514521,1,1000,1,12
2186,813486,0,10,1,10
8665,19997,0,10,1,9
3788,447180,1,1000,1,12
2528,292685,0,10,1,0
7466,64844,1,1000,1,10
1895,925677,0,10,1,7
2218,494735,0,10,1,10
8915,116925,0,10,1,3
1041,783952,0,10,1,1
1571,475704,0,10,1,3
4822,884928,1,1000,1,6
2375,326954,1,1000,1,7
1811,931899,0,10,1,3
8661,606752,0,10,1,5
3290,634508,0,10,1,10
8777,353599,1,1000,1,9
4490,831263,1,1000,1,10
7594,404257,1,1000,1,10
60,24179,0,10,1,12
4120,653971,1,1000,1,8
660,6963,1,1000,1,4
954,936628,1,1000,1,10
1426,368202,0,10,1,2
8972,685423,1,1000,1,12
543,847738,1,1000,1,15
7187,474045,1,1000,1,3
411,546325,0,10,1,11
7241,715534,1,1000,1,9
4531,823033,0,10,1,3
9730,98819,0,10,1,2
7482,827016,1,1000,1,10
6542,290492,0,10,1,14
9578,847383,0,10,1,10
9247,430071,1,1000,1,15
1055,961088,1,1000,1,15
7948,937474,1,1000,1,12
1428,141291,0,10,1,4
3178,323139,0,10,1,10
8208,24124,1,1000,1,0
4451,344776,0,10,1,3
37,686232,0,10,1,5
9542,272334,1,1000,1,6
4178,635006,1,1000,1,2
4966,818198,1,1000,1,6
4019,69900,1,1000,1,3
4446,431632,1,1000,1,14
6467,910733,1,1000,1,3
472,289878,1,1000,1,8
860,465032,0,10,1,12
277,17515,0,10,1,5
1125,738127,0,10,1,5
2909,368576,1,1000,1,13
4326,710277,1,1000,1,6
9232,521383,0,10,1,0
6790,899214,0,10,1,6
861,493545,1,1000,1,13
8800,56490,1,1000,1,0
7388,775149,0,10,1,12
7108,303109,1,1000,1,4
8462,387182,0,10,1,14
6158,928738,1,1000,1,14
2805,625049,0,10,1,5
3632,820188,0,10,1,0
8976,193932,0,10,1,0
2488,990901,0,10,1,8
3223,772338,1,1000,1,7
7684,950614,0,10,1,4
9812,101724,0,10,1,4
3332,653789,0,10,1,4
1866,197344,0,10,1,10
8490,328095,1,1000,1,10
4393,193328,0,10,1,9
6074,597766,1,1000,1,10
918,226273,1,1000,1,6
8968,915180,0,10,1,8
1007,683396,0,10,1,15
7124,142611,1,1000,1,4
5391,745529,1,1000,1,15
3601,722916,0,10,1,1
307,192667,0,10,1,3
124,123359,0,10,1,12
6670,488213,0,10,1,14
1358,522156,1,1000,1,14
5621,673096,1,1000,1,5
3055,992058,0,10,1,15
6796,97788,1,1000,1,12
4021,490357,1,1000,1,5
6331,285067,0,10,1,11
8181,854897,0,10,1,5
3286,287019,0,10,1,6
2591,818737,1,1000,1,15
7604,556378,0,10,1,4
6684,191408,1,1000,1,12
2492,579954,1,1000,1,12
7697,407005,0,10,1,1
400,503145,0,10,1,0
5675,590669,0,10,1,11
3977,621882,0,10,1,9
375,8861,1,1000,1,7
5789,421977,0,10,1,13
3326,843991,1,1000,1,14
2588,484703,1,1000,1,12
5833,877144,0,10,1,9
4598,372252,0,10,1,6
6509,531094,1,1000,1,13
6344,275597,1,1000,1,8
9390,673729,0,10,1,14
5305,516954,1,1000,1,9
9837,881989,1,1000,1,13
6349,713952,1,1000,1,13
6527,636639,1,1000,1,15
3467,21409,0,10,1,11
3346,677155,0,10,1,2
6994,504067,0,10,1,2
9056,560852,0,10,1,0
2480,944282,0,10,1,0
5134,484816,1,1000,1,14
4018,159817,0,10,1,2
3483,412544,0,10,1,11
5973,740831,0,10,1,5
3174,32871,1,1000,1,6
1508,164692,0,10,1,4
6928,753864,1,1000,1,0
6267,403288,1,1000,1,11
8535,561058,0,10,1,7
5116,190677,1,1000,1,12
2114,87818,0,10,1,2
7404,472402,0,10,1,12
7716,673300,1,1000,1,4
8906,569860,0,10,1,10
5695,708459,0,10,1,15
8882,119191,1,1000,1,2
535,818633,0,10,1,7
1931,966238,1,1000,1,11
8454,29970,1,1000,1,6
4472,641369,0,10,1,8
9493,221015,0,10,1,5
1201,133521,1,1000,1,1
1686,615188,0,10,1,6
1737,906379,0,10,1,9
7338,887981,0,10,1,10
8449,497750,0,10,1,1
9343,71629,1,1000,1,15
2567,311625,1,1000,1,7
7713,920920,1,1000,1,1
2056,647464,0,10,1,8
346,311339,1,1000,1,10
4150,432394,0,10,1,6
2203,790867,0,10,1,11
2515,910860,1,1000,1,3
238,982148,1,1000,1,14
4331,578660,1,1000,1,11
1370,409833,0,10,1,10
7928,628069,1,1000,1,8
2443,265522,0,10,1,11
5151,235099,1,1000,1,15
8120,122531,0,10,1,8
5468,338364,1,1000,1,12
3815,951113,1,1000,1,7
3044,293205,1,1000,1,4
7870,354643,1,1000,1,14
129,364859,1,1000,1,1
3734,444352,1,1000,1,6
9422,926824,1,1000,1,14
4970,602182,0,10,1,10
5926,381883,0,10,1,6
1912,621618,0,10,1,8
9647,424346,0,10,1,15
9466,562244,1,1000,1,10
5651,228942,1,1000,1,3
2143,114446,1,1000,1,15
4906,247407,0,10,1,10
1409,908003,0,10,1,1
81,710785,1,1000,1,1
4604,208025,1,1000,1,12
4474,92044,1,1000,1,10
2789,81540,0,10,1,5
8745,110315,1,1000,1,9
7302,115621,1,1000,1,6
6983,436351,1,1000,1,7
7988,360526,0,10,1,4
1478,694995,1,1000,1,6
9128,217879,1,1000,1,8
4126,745406,1,1000,1,14
3620,370907,0,10,1,4
8281,533171,1,1000,1,9
8560,263445,0,10,1,0
672,900624,1,1000,1,0
7589,204308,0,10,1,5
7935,131240,1,1000,1,15
5315,928456,0,10,1,3
797,352517,1,1000,1,13
1733,683560,1,1000,1,5
9971,531556,0,10,1,3
2221,543414,0,10,1,13
7938,968826,0,10,1,2
9351,105523,0,10,1,7
9330,569154,0,10,1,2
1190,72697,1,1000,1,6
7496,701373,1,1000,1,8
9827,825080,0,10,1,3
7009,332224,1,1000,1,1
5377,545550,0,10,1,1
8825,535615,1,1000,1,9
1527,438272,1,1000,1,7
6633,693840,0,10,1,9
6067,849076,0,10,1,3
5449,72163,0,10,1,9
7791,450079,0,10,1,15
1210,470294,1,1000,1,10
5213,582442,1,1000,1,13
5079,456583,0,10,1,7
1046,775775,1,1000,1,6
7956,433674,0,10,1,4
2246,658800,0,10,1,6
5329,521497,0,10,1,1
5141,567203,1,1000,1,5
5588,544119,1,1000,1,4
7159,757454,0,10,1,7
2263,950669,0,10,1,7
8944,723113,1,1000,1,0
4688,139077,1,1000,1,0
6672,833928,0,10,1,0
6693,607974,1,1000,1,5
3885,454933,0,10,1,13
6317,62023,0,10,1,13
9886,135991,0,10,1,14
3634,711229,0,10,1,2
1742,310013,1,1000,1,14
6723,6067,1,1000,1,3
1600,99846,0,10,1,0
6807,841865,0,10,1,7
1021,967076,0,10,1,13
6021,539052,1,1000,1,5
7519,201692,0,10,1,15
4417,99027,0,10,1,1
7205,70751,1,1000,1,5
4725,367810,1,1000,1,5
1301,36319,1,1000,1,5
6257,461050,0,10,1,1
856,116939,1,1000,1,8
6862,945366,1,1000,1,14
9447,152227,1,1000,1,7
1141,878881,0,10,1,5
7845,402330,1,1000,1,5
9328,592483,0,10,1,0
3534,998630,0,10,1,14
816,438949,1,1000,1,0
5852,956737,0,10,1,12
5835,833591,0,10,1,11
9807,790919,1,1000,1,15
9408,457910,1,1000,1,0
1451,301020,1,1000,1,11
7745,926312,0,10,1,1
9220,460904,1,1000,1,4
2403,607129,1,1000,1,3
3013,708762,0,10,1,5
2858,324804,1,1000,1,10
5021,980276,1,1000,1,13
1603,336945,0,10,1,3
9884,285244,0,10,1,12
7899,11220,1,1000,1,11
9613,752328,1,1000,1,13
7180,355685,0,10,1,12
3194,473621,0,10,1,10
6335,533952,1,1000,1,15
9548,42769,0,10,1,12
7621,257804,1,1000,1,5
292,502716,0,10,1,4
6737,521841,0,10,1,1
1348,538365,1,1000,1,4
4355,747566,0,10,1,3
7143,686140,1,1000,1,7
5812,763989,0,10,1,4
3592,243774,0,10,1,8
2459,519946,1,1000,1,11
5751,800964,0,10,1,7
1645,285255,0,10,1,13
4764,820525,0,10,1,12
1850,390459,0,10,1,10
8264,396278,0,10,1,8
6273,843304,0,10,1,1
2702,831171,0,10,1,14
7709,188488,1,1000,1,13
977,481453,1,1000,1,1
3851,442834,1,1000,1,11
7508,890198,1,1000,1,4
4537,691214,0,10,1,9
3863,866295,0,10,1,7
5971,555906,1,1000,1,3
7148,983828,1,1000,1,12
7511,711205,0,10,1,7
749,786126,0,10,1,13
933,907101,1,1000,1,5
4329,546139,1,1000,1,9
8724,555890,1,1000,1,4
9323,948756,0,10,1,11
343,331471,0,10,1,7
322,778862,1,1000,1,2
9039,40220,0,10,1,15
3414,625880,1,1000,1,6
6669,69690,1,1000,1,13
6756,866965,1,1000,1,4
3358,36950,1,1000,1,14
7849,172791,1,1000,1,9
9620,824264,0,10,1,4
2274,346733,0,10,1,2
8651,281687,1,1000,1,11
711,282141,0,10,1,7
8660,91169,1,1000,1,4
8605,190996,0,10,1,13
1356,930920,0,10,1,12
42,518613,0,10,1,10
5000,206996,1,1000,1,8
3038,112552,1,1000,1,14
8183,546058,1,1000,1,7
2986,308969,0,10,1,10
5931,666250,0,10,1,11
9870,334244,0,10,1,14
6624,917750,0,10,1,0
1157,184791,0,10,1,5
7242,370,0,10,1,10
1997,200000,0,10,1,13
6694,582456,1,1000,1,6
4820,578636,0,10,1,4
7031,457064,1,1000,1,7
1690,788741,1,1000,1,10
9096,770796,0,10,1,8
8757,537948,0,10,1,5
4835,1350,0,10,1,3
8211,493196,1,1000,1,3
8136,617590,1,1000,1,8
4366,984664,0,10,1,14
4106,944523,0,10,1,10
5886,11776,1,1000,1,14
3891,863550,0,10,1,3
1547,636398,1,1000,1,11
8088,307666,1,1000,1,8
2518,388419,0,10,1,6
5707,867714,0,10,1,11
8929,882328,0,10,1,1
5890,260111,1,1000,1,2
7992,231087,0,10,1,8
1948,696303,0,10,1,12
2035,254822,1,1000,1,3
5234,171046,0,10,1,2
8487,188224,0,10,1,7
5918,517438,1,1000,1,14
9606,260446,0,10,1,6
9476,542626,0,10,1,4
3439,15992,0,10,1,15
6643,49401,0,10,1,3
9508,160839,1,1000,1,4
6945,367994,1,1000,1,1
366,211396,0,10,1,14
675,495330,1,1000,1,3
2771,336255,0,10,1,3
7846,507286,1,1000,1,6
2262,244565,1,1000,1,6
7314,479383,1,1000,1,2
7712,742257,0,10,1,0
3033,801756,0,10,1,9
291,887013,1,1000,1,3
1462,427779,1,1000,1,6
5028,854113,1,1000,1,4
26,607676,1,1000,1,10
8701,241690,0,10,1,13
8347,522865,1,1000,1,11
9723,861848,1,1000,1,11
9988,233923,0,10,1,4
2331,839370,1,1000,1,11
2475,125197,1,1000,1,11
7538,935725,1,1000,1,2
7631,956079,0,10,1,15
3459,191558,1,1000,1,3
3399,658238,0,10,1,7
1664,720526,0,10,1,0
7662,744075,1,1000,1,14
9716,405327,0,10,1,4
3649,813244,0,10,1,1
8649,964410,1,1000,1,9
6804,577293,0,10,1,4
1580,565292,1,1000,1,12
8057,660486,0,10,1,9
7516,829922,0,10,1,12
5568,91766,1,1000,1,0
3135,998941,0,10,1,15
1077,522957,0,10,1,5
7394,564617,0,10,1,2
8706,711599,1,1000,1,2
173,578423,0,10,1,13
9863,906519,0,10,1,7
513,888463,0,10,1,1
8383,880071,1,1000,1,15
118,813752,0,10,1,6
2949,208248,0,10,1,5
5424,895055,0,10,1,0
8061,398588,1,1000,1,13
4981,968368,1,1000,1,5
6473,315392,0,10,1,9
9040,356993,1,1000,1,0
7786,263847,1,1000,1,10
8898,17856,0,10,1,2
4488,771675,0,10,1,8
5189,732791,0,10,1,5
6486,281564,0,10,1,6
5266,815724,0,10,1,2
7789,836961,1,1000,1,13
9520,455918,1,1000,1,0
9710,19408,1,1000,1,14
222,542979,1,1000,1,14
5081,173035,0,10,1,9
3790,28500,0,10,1,14
9119,9284,1,1000,1,15
6820,192694,0,10,1,4
8271,51052,1,1000,1,15
4197,79071,1,1000,1,5
4955,643590,1,1000,1,11
800,726650,1,1000,1,0
8098,551562,1,1000,1,2
3798,34483,1,1000,1,6
6099,954260,0,10,1,3
1059,407607,1,1000,1,3
8299,42422,0,10,1,11
2575,495543,0,10,1,15
8004,842315,1,1000,1,4
8278,35025,0,10,1,6
4969,427505,0,10,1,9
4686,254125,1,1000,1,14
3235,335091,0,10,1,3
2928,934451,1,1000,1,0
2435,277865,0,10,1,3
2474,65117,1,1000,1,10
404,873341,1,1000,1,4
6175,5920,0,10,1,15
2445,806779,0,10,1,13
4036,273782,0,10,1,4
4166,197012,1,1000,1,6
4973,320170,1,1000,1,13
154,296913,0,10,1,10
410,690055,1,1000,1,10
5372,954895,1,1000,1,12
50,517846,0,10,1,2
6278,505072,0,10,1,6
4201,762113,1,1000,1,9
8578,84619,0,10,1,2
664,448547,1,1000,1,8
7648,243103,0,10,1,0
8688,367446,0,10,1,0
3416,92635,1,1000,1,8
7261,285517,0,10,1,13
6520,136051,0,10,1,8
1674,951556,1,1000,1,10
3642,404900,1,1000,1,10
3817,313001,0,10,1,9
3997,270647,0,10,1,13
5635,38254,1,1000,1,3
3594,903150,1,1000,1,10
3402,838352,1,1000,1,10
9005,818687,0,10,1,13
8040,894755,1,1000,1,8
4002,726490,0,10,1,2
2522,926775,1,1000,1,10
1627,636529,0,10,1,11
6218,84135,1,1000,1,10
9932,196096,1,1000,1,12
6848,745117,0,10,1,0
5911,721179,1,1000,1,7
6298,393069,1,1000,1,10
5427,605298,0,10,1,3
611,185904,0,10,1,3
1670,482218,0,10,1,6
6982,600598,0,10,1,6
134,638946,1,1000,1,6
3705,331213,0,10,1,9
8788,203994,0,10,1,4
7163,66251,1,1000,1,11
8980,428641,0,10,1,4
3739,858150,0,10,1,11
2414,810587,1,1000,1,14
7208,353430,0,10,1,8
208,382865,1,1000,1,0
3028,243536,1,1000,1,4
7852,733073,0,10,1,12
6002,22303,1,1000,1,2
3388,748594,0,10,1,12
658,734083,0,10,1,2
437,849606,0,10,1,5
1244,500088,0,10,1,12
3336,852592,0,10,1,8
3232,683726,1,1000,1,0
8013,547476,0,10,1,13
9173,471196,1,1000,1,5
6744,469026,0,10,1,8
3128,715059,1,1000,1,8
2372,48988,0,10,1,4
8710,596423,0,10,1,6
73,7536,0,10,1,9
7382,797844,1,1000,1,6
4757,319403,1,1000,1,5
2784,98826,1,1000,1,0
264,602409,1,1000,1,8
101,390767,0,10,1,5
2967,418850,0,10,1,7
5679,499660,0,10,1,15
9474,201582,0,10,1,2
6293,301631,0,10,1,5
6548,59054,0,10,1,4
7526,14568,0,10,1,6
2043,969644,0,10,1,11
1935,567201,1,1000,1,15
5597,714797,1,1000,1,13
8816,509602,1,1000,1,0
7083,474364,0,10,1,11
4628,416526,1,1000,1,4
4492,598472,0,10,1,12
5321,762982,0,10,1,9
4551,510184,1,1000,1,7
372,794135,1,1000,1,4
1430,221289,0,10,1,6
30,800121,1,1000,1,14
1799,346384,1,1000,1,7
447,486010,1,1000,1,15
5590,521317,0,10,1,6
2889,277417,0,10,1,9
9230,123362,0,10,1,14
7515,932169,1,1000,1,11
698,451718,0,10,1,10
1590,881382,1,1000,1,6
1176,289702,1,1000,1,8
3251,927319,1,1000,1,3
3740,278485,1,1000,1,12
5985,571030,1,1000,1,1
3581,892728,0,10,1,13
2324,479364,1,1000,1,4
1914,524420,1,1000,1,10
5957,405138,0,10,1,5
4821,112978,1,1000,1,5
2785,307267,0,10,1,1
7727,209484,0,10,1,15
6896,276571,1,1000,1,0
6027,821329,1,1000,1,11
8917,386442,1,1000,1,5
7298,886797,0,10,1,2
1795,770933,0,10,1,3
504,163602,1,1000,1,8
5862,853320,0,10,1,6
1281,529342,1,1000,1,1
2856,337515,1,1000,1,8
7555,507038,1,1000,1,3
8782,759960,0,10,1,14
8224,429297,1,1000,1,0
1109,920962,1,1000,1,5
9023,197075,0,10,1,15
9492,688939,1,1000,1,4
3543,616374,0,10,1,7
3755,345027,0,10,1,11
4156,485345,0,10,1,12
284,564959,0,10,1,12
7339,941729,1,1000,1,11
4909,988989,1,1000,1,13
6039,872684,1,1000,1,7
5747,832611,0,10,1,3
6775,947298,0,10,1,7
3782,733719,0,10,1,6
3494,854488,1,1000,1,6
3986,427850,0,10,1,2
2741,976649,0,10,1,5
718,203847,1,1000,1,14
1983,92234,1,1000,1,15
763,887902,1,1000,1,11
5630,73617,0,10,1,14
2595,434837,0,10,1,3
9477,878940,0,10,1,5
209,17813,0,10,1,1
4568,564063,0,10,1,8
4179,754371,0,10,1,3
844,25280,0,10,1,12
1734,874128,1,1000,1,6
1802,470245,1,1000,1,10
6808,365349,0,10,1,8
88,791582,0,10,1,8
1713,316775,1,1000,1,1
7066,435883,0,10,1,10
4460,910155,0,10,1,12
8222,429551,0,10,1,14
5030,492318,1,1000,1,6
9788,504329,1,1000,1,12
1394,826554,0,10,1,2
478,259746,1,1000,1,14
7459,583294,1,1000,1,3
3367,13809,1,1000,1,7
5820,737204,0,10,1,12
6811,172707,0,10,1,11
3150,884660,0,10,1,14
337,603452,1,1000,1,1
8295,707091,1,1000,1,7
2634,831731,1,1000,1,10
9608,961116,0,10,1,8
4646,345126,0,10,1,6
9764,501277,0,10,1,4
402,425760,1,1000,1,2
8140,21001,1,1000,1,12
3277,115792,0,10,1,13
2864,816525,0,10,1,0
6980,787920,0,10,1,4
7694,834783,0,10,1,14
1659,778387,1,1000,1,11
7729,447412,1,1000,1,1
7663,417700,1,1000,1,15
9577,705380,1,1000,1,9
6541,776626,1,1000,1,13
8101,967006,0,10,1,5
9369,787358,1,1000,1,9
7099,668289,0,10,1,11
2554,202316,1,1000,1,10
6397,857853,1,1000,1,13
9425,308437,0,10,1,1
4199,480713,1,1000,1,7
3832,129462,1,1000,1,8
4585,567983,0,10,1,9
9036,345798,1,1000,1,12
627,705798,0,10,1,3
8731,181309,1,1000,1,11
1148,864349,0,10,1,12
6409,103338,0,10,1,9
4937,850870,1,1000,1,9
7651,109917,0,10,1,3
1384,710515,0,10,1,8
5999,418162,0,10,1,15
8803,830018,0,10,1,3
4774,40669,0,10,1,6
6915,178049,1,1000,1,3
2562,633210,1,1000,1,2
640,50129,1,1000,1,0
8617,575853,0,10,1,9
9139,298260,0,10,1,3
3653,254670,1,1000,1,5
3348,410473,1,1000,1,4
8012,511607,1,1000,1,12
4087,993018,0,10,1,7
6943,759811,1,1000,1,15
2067,612089,1,1000,1,3
8805,202430,1,1000,1,5
3785,453726,0,10,1,9
5760,43507,1,1000,1,0
8287,597788,0,10,1,15
9618,128143,1,1000,1,2
3650,335220,0,10,1,2
6104,588947,0,10,1,8
4557,279736,1,1000,1,13
4858,566917,1,1000,1,10
7202,422963,1,1000,1,2
6432,963922,1,1000,1,0
6226,866235,1,1000,1,2
9028,554449,0,10,1,4
8478,141097,0,10,1,14
7469,656235,0,10,1,13
397,78116,1,1000,1,13
6165,354108,0,10,1,5
1579,389956,1,1000,1,11
3737,196980,1,1000,1,9
3641,976418,1,1000,1,9
9951,752174,0,10,1,15
8160,366702,1,1000,1,0
2566,524065,0,10,1,6
433,928180,1,1000,1,1
2519,531711,1,1000,1,7
9829,127172,0,10,1,5
8283,370921,0,10,1,11
8290,558814,1,1000,1,2
725,552756,1,1000,1,5
9277,252628,0,10,1,13
6568,933161,1,1000,1,8
2032,94877,1,1000,1,0
3757,708037,1,1000,1,13
2240,113460,1,1000,1,0
6818,538250,0,10,1,2
5582,362338,0,10,1,14
7777,945094,1,1000,1,1
6194,566023,0,10,1,2
8175,629683,0,10,1,15
3759,250071,0,10,1,15
9325,355548,0,10,1,13
3862,483591,1,1000,1,6
9254,278401,0,10,1,6
2457,924892,1,1000,1,9
2367,575237,1,1000,1,15
3803,629522,1,1000,1,11
4023,363153,0,10,1,7
6022,297531,1,1000,1,6
5552,229054,1,1000,1,0
9353,461019,0,10,1,9
5088,738986,0,10,1,0
5801,711383,1,1000,1,9
9215,632113,1,1000,1,15
6253,441117,0,10,1,13
9735,221565,0,10,1,7
4008,728205,0,10,1,8
7276,235830,0,10,1,12
1407,104681,0,10,1,15
9375,103228,1,1000,1,15
3915,652381,1,1000,1,11
7615,213888,1,1000,1,15
4843,360394,1,1000,1,11
8297,353929,0,10,1,9
6166,239294,0,10,1,6
6557,622555,1,1000,1,13
1992,91572,0,10,1,8
9043,332217,0,10,1,3
7002,131590,0,10,1,10
7858,852865,0,10,1,2
7523,277881,0,10,1,3
3554,493281,0,10,1,2
9185,227093,0,10,1,1
3037,868232,1,1000,1,13
355,42984,1,1000,1,3
9680,871799,1,1000,1,0
2299,410526,1,1000,1,11
4409,521391,1,1000,1,9
839,293437,0,10,1,7
5765,768629,1,1000,1,5
7149,362839,0,10,1,13
8770,984709,1,1000,1,2
7144,101491,1,1000,1,8
9777,529291,1,1000,1,1
8773,989765,0,10,1,5
3284,665,1,1000,1,4
3096,50261,1,1000,1,8
7932,794051,1,1000,1,12
1551,106161,1,1000,1,15
3972,519957,1,1000,1,4
2317,151586,0,10,1,13
2747,256097,1,1000,1,11
6229,689385,1,1000,1,5
6720,932358,1,1000,1,0
6679,419428,0,10,1,7
1491,79660,0,10,1,3
8586,459819,1,1000,1,10
6682,732,1,1000,1,10
2502,439779,0,10,1,6
2726,206331,1,1000,1,6
8455,597732,1,1000,1,7
5954,369374,0,10,1,2
9332,698379,0,10,1,4
3342,563368,1,1000,1,14
1628,835764,0,10,1,12
7804,947221,0,10,1,12
4737,765078,1,1000,1,1
5174,97636,0,10,1,6
4489,410122,0,10,1,9
4639,369742,0,10,1,15
2572,886403,1,1000,1,12
8389,355749,0,10,1,5
7734,476741,0,10,1,6
4889,301407,0,10,1,9
464,238694,1,1000,1,0
9574,606233,1,1000,1,6
9285,700746,0,10,1,5
3118,285040,0,10,1,14
6451,242148,1,1000,1,3
4977,326903,1,1000,1,1
3598,1313,1,1000,1,14
9478,489718,0,10,1,6
6463,400580,1,1000,1,15
4397,667577,1,1000,1,13
9814,136044,1,1000,1,6
9535,65936,1,1000,1,15
2431,343454,1,1000,1,15
510,970878,1,1000,1,14
8395,826156,1,1000,1,11
9008,371603,1,1000,1,0
1022,75812,1,1000,1,14
6434,737530,0,10,1,2
9538,636010,1,1000,1,2
2282,498158,1,1000,1,10
2523,893526,1,1000,1,11
1097,722431,1,1000,1,9
2462,267666,1,1000,1,14
6583,129860,1,1000,1,7
5938,199352,0,10,1,2
205,28283,0,10,1,13
5977,596553,0,10,1,9
6481,671797,1,1000,1,1
9268,60116,0,10,1,4
1196,892302,0,10,1,12
3511,366058,0,10,1,7
5825,36133,1,1000,1,1
4169,354886,0,10,1,9
1876,434967,0,10,1,4
1763,58620,1,1000,1,3
430,775594,1,1000,1,14
7905,747724,0,10,1,1
2131,293751,1,1000,1,3
6080,355626,1,1000,1,0
4975,985277,0,10,1,15
6059,913082,0,10,1,11
6524,8413,0,10,1,12
813,78478,0,10,1,13
9151,796619,1,1000,1,15
3436,454111,0,10,1,12
754,130687,0,10,1,2
216,210227,1,1000,1,8
7480,193547,1,1000,1,8
5975,946528,0,10,1,7
1524,486801,0,10,1,4
301,279797,0,10,1,13
3258,820047,1,1000,1,10
5830,994976,0,10,1,6
2123,77505,0,10,1,11
4071,781580,1,1000,1,7
9745,391359,1,1000,1,1
7014,799871,1,1000,1,6
2931,468590,1,1000,1,3
2138,880703,0,10,1,10
6164,127432,0,10,1,4
2007,969823,1,1000,1,7
853,250200,1,1000,1,5
2854,612277,1,1000,1,6
8447,68271,1,1000,1,15
7089,770529,0,10,1,1
8613,426010,1,1000,1,5
8351,151132,0,10,1,15
8376,135240,1,1000,1,8
6460,700601,1,1000,1,12
3516,274989,1,1000,1,12
5849,930216,0,10,1,9
2861,558594,0,10,1,13
1826,404360,1,1000,1,2
2857,178861,0,10,1,9
4043,271253,0,10,1,11
82,676236,1,1000,1,2
7063,281157,1,1000,1,7
2753,848903,1,1000,1,1
2211,72786,0,10,1,3
6297,270283,1,1000,1,9
5157,950759,0,10,1,5
2524,200210,1,1000,1,12
8349,27202,0,10,1,13
6197,76859,1,1000,1,5
9203,170739,0,10,1,3
1459,827502,1,1000,1,3
1000,515117,0,10,1,8
999,814024,1,1000,1,7
3802,795215,1,1000,1,10
9433,932824,0,10,1,9
895,132309,1,1000,1,15
7978,901108,1,1000,1,10
24,719512,1,1000,1,8
2632,579774,1,1000,1,8
5355,797706,0,10,1,11
8390,911714,1,1000,1,6
8417,179103,1,1000,1,1
4237,641534,0,10,1,13
9198,212771,1,1000,1,14
3429,116909,0,10,1,5
6999,287329,0,10,1,7
8250,887028,0,10,1,10
9830,222889,0,10,1,6
2168,948719,0,10,1,8
6522,865601,1,1000,1,10
8138,130489,0,10,1,10
3643,838578,1,1000,1,11
7769,512199,0,10,1,9
3568,467479,1,1000,1,0
7828,627981,0,10,1,4
7944,447994,1,1000,1,8
3591,330059,1,1000,1,7
5264,732014,1,1000,1,0
553,286287,1,1000,1,9
5132,469744,1,1000,1,12
3110,804023,1,1000,1,6
8516,149286,0,10,1,4
4862,63400,0,10,1,14
9733,688799,1,1000,1,5
2001,948236,1,1000,1,1
8259,48262,0,10,1,3
3415,768981,0,10,1,7
6806,442418,0,10,1,6
7214,613287,0,10,1,14
9038,461944,0,10,1,14
1835,626066,1,1000,1,11
901,82259,1,1000,1,5
1714,688099,0,10,1,2
9104,897001,0,10,1,0
8763,395117,1,1000,1,11
5380,276747,0,10,1,4
7703,637016,1,1000,1,7
943,885570,0,10,1,15
1413,357347,0,10,1,5
1180,408370,1,1000,1,12
4788,401186,0,10,1,4
7578,352724,1,1000,1,10
4455,567059,1,1000,1,7
8314,125497,0,10,1,10
6192,363097,0,10,1,0
3877,567940,0,10,1,5
1510,782120,0,10,1,6
496,933953,1,1000,1,0
6615,511095,1,1000,1,7
7695,405064,1,1000,1,15
9914,302754,1,1000,1,10
2352,902294,1,1000,1,0
9889,118090,1,1000,1,1
9071,283421,1,1000,1,15
2715,728043,0,10,1,11
8722,670796,1,1000,1,2
4743,403061,0,10,1,7
3133,394302,0,10,1,13
6065,562586,0,10,1,1
1937,447946,0,10,1,1
215,344712,1,1000,1,7
7754,891829,0,10,1,10
8174,393561,1,1000,1,14
2604,513491,1,1000,1,12
2174,328661,1,1000,1,14
6504,601129,1,1000,1,8
765,763819,1,1000,1,13
3026,67180,1,1000,1,2
7892,348915,1,1000,1,4
6295,415053,0,10,1,7
2398,935543,0,10,1,14
6912,139235,0,10,1,0
2052,73629,0,10,1,4
2681,203864,0,10,1,9
3745,352032,0,10,1,1
1062,364806,0,10,1,6
8802,286685,1,1000,1,2
2159,261505,0,10,1,15
392,110260,0,10,1,8
4089,429120,1,1000,1,9
6142,57874,0,10,1,14
9888,717439,0,10,1,0
388,889470,1,1000,1,4
5872,349747,1,1000,1,0
710,433723,1,1000,1,6
1263,767177,0,10,1,15
2942,626911,1,1000,1,14
9511,358104,1,1000,1,7
1300,715849,0,10,1,4
548,549118,0,10,1,4
9193,696934,0,10,1,9
3609,473248,0,10,1,9
3006,671193,1,1000,1,14
3230,594737,1,1000,1,14
7528,93768,1,1000,1,8
8679,792421,0,10,1,7
898,82209,1,1000,1,2
8823,90694,0,10,1,7
7084,485642,0,10,1,12
4850,855158,1,1000,1,2
2587,951837,1,1000,1,11
3453,328552,1,1000,1,13
4894,428330,0,10,1,14
8523,617147,1,1000,1,11
5873,841095,1,1000,1,1
200,731515,1,1000,1,8
4621,725684,1,1000,1,13
8832,495867,0,10,1,0
9963,763856,0,10,1,11
10,548512,0,10,1,10
3183,412,0,10,1,15
8356,137045,0,10,1,4
4392,976733,0,10,1,8
5555,994859,0,10,1,3
5278,675370,0,10,1,14
9443,626567,0,10,1,3
1758,112714,1,1000,1,14
5493,657140,1,1000,1,5
8751,708778,1,1000,1,15
4902,908477,0,10,1,6
5987,592881,0,10,1,3
3056,331429,1,1000,1,0
6636,644108,0,10,1,12
5798,19304,1,1000,1,6
7512,960525,1,1000,1,8
9820,958190,1,1000,1,12
687,413879,0,10,1,15
3456,15033,0,10,1,0
3249,28267,0,10,1,1
9861,519563,1,1000,1,5
1143,428142,1,1000,1,7
4110,926344,1,1000,1,14
7936,338885,0,10,1,0
1926,963033,1,1000,1,6
9736,527856,1,1000,1,8
2394,149087,1,1000,1,10
2870,635205,0,10,1,6
9629,40905,1,1000,1,13
7999,708081,0,10,1,15
7386,488371,1,1000,1,10
2272,253421,0,10,1,0
1766,623448,1,1000,1,6
6788,36624,1,1000,1,4
721,834589,1,1000,1,1
127,761571,1,1000,1,15
6402,336739,1,1000,1,2
7783,519998,1,1000,1,7
6641,722029,0,10,1,1
6652,630194,1,1000,1,12
9748,168681,1,1000,1,4
8996,635468,1,1000,1,4
8561,443739,1,1000,1,1
2095,149925,0,10,1,15
8279,620578,1,1000,1,7
6450,127687,1,1000,1,2
5949,689139,0,10,1,13
4527,970424,0,10,1,15
5356,787205,0,10,1,12
2788,953724,1,1000,1,4
3287,305802,1,1000,1,7
8341,614162,1,1000,1,5
5559,598143,1,1000,1,7
6403,417660,1,1000,1,3
9898,262429,1,1000,1,10
8230,214460,0,10,1,6
8992,59609,1,1000,1,0
9712,146491,1,1000,1,0
5159,811093,1,1000,1,7
9405,259039,0,10,1,13
9166,811273,0,10,1,14
8922,171688,1,1000,1,10
7546,102485,0,10,1,10
4086,163979,1,1000,1,6
7311,659954,1,1000,1,15
622,476472,1,1000,1,14
625,231623,1,1000,1,1
1187,559322,0,10,1,3
4242,42405,0,10,1,2
3841,35105,1,1000,1,1
3447,788977,1,1000,1,7
857,383351,0,10,1,9
7575,834737,1,1000,1,7
5937,689040,1,1000,1,1
659,738649,1,1000,1,3
9915,643652,1,1000,1,11
139,443870,1,1000,1,11
3585,332290,1,1000,1,1
5759,711636,1,1000,1,15
2504,165022,0,10,1,8
4519,799682,1,1000,1,7
8568,177356,1,1000,1,8
3279,943426,0,10,1,15
9180,699115,1,1000,1,12
3405,748,1,1000,1,13
6282,427342,1,1000,1,10
1029,135982,1,1000,1,5
3847,77914,0,10,1,7
1440,36305,1,1000,1,0
7853,787833,0,10,1,13
2815,784856,0,10,1,15
1576,499063,1,1000,1,8
4053,574511,0,10,1,5
9967,167880,0,10,1,15
7206,276773,0,10,1,6
8016,603523,1,1000,1,0
4994,604181,1,1000,1,2
4870,522239,0,10,1,6
2947,659338,0,10,1,3
7874,869934,1,1000,1,2
6755,168636,1,1000,1,3
7294,712189,1,1000,1,14
7574,525197,1,1000,1,6
7539,510087,0,10,1,3
2876,377025,1,1000,1,12
4855,98012,0,10,1,7
2682,268356,0,10,1,10
3879,290375,1,1000,1,7
9904,92985,1,1000,1,0
9212,479027,1,1000,1,12
6408,88804,0,10,1,8
5441,401141,0,10,1,1
3270,502702,1,1000,1,6
7927,648275,0,10,1,7
2999,214644,1,1000,1,7
9518,780435,1,1000,1,14
7626,47241,0,10,1,10
4528,63954,1,1000,1,0
2994,787155,1,1000,1,2
8119,412780,0,10,1,7
6440,599381,0,10,1,8
7064,76847,0,10,1,8
4536,720844,1,1000,1,8
5863,379748,1,1000,1,7
605,127685,1,1000,1,13
7113,513512,0,10,1,9
4756,578971,1,1000,1,4
8051,671178,1,1000,1,3
9849,938145,1,1000,1,9
74,560955,1,1000,1,10
4459,407153,0,10,1,11
6163,102927,1,1000,1,3
422,760982,1,1000,1,6
876,890484,0,10,1,12
4806,307952,0,10,1,6
6738,74472,0,10,1,2
1593,692,0,10,1,9
9483,626151,0,10,1,11
8979,380063,0,10,1,3
7867,698631,0,10,1,11
2703,908532,1,1000,1,15
7392,490197,0,10,1,0
532,885836,1,1000,1,4
4469,139747,0,10,1,5
5262,824810,0,10,1,14
4259,310932,1,1000,1,3
5271,532062,1,1000,1,7
2322,729236,1,1000,1,2
5044,31623,1,1000,1,4
8419,75943,0,10,1,3
5660,713812,1,1000,1,12
9248,508660,0,10,1,0
3071,133336,1,1000,1,15
7880,581137,0,10,1,8
6364,763494,0,10,1,12
4257,861088,1,1000,1,1
9768,191807,1,1000,1,8
8963,573199,1,1000,1,3
1074,480598,0,10,1,2
8650,641097,0,10,1,10
7951,420271,0,10,1,15
8094,656421,0,10,1,14
6380,536664,0,10,1,12
1286,786292,0,10,1,6
4024,953434,1,1000,1,8
2341,560291,1,1000,1,5
8367,943871,1,1000,1,15
2442,607506,1,1000,1,10
9017,445649,1,1000,1,9
4866,20883,1,1000,1,2
5269,299714,1,1000,1,5
9155,285950,1,1000,1,3
1832,91475,1,1000,1,8
8460,366108,0,10,1,12
3816,316884,0,10,1,8
6635,885656,1,1000,1,11
517,989952,1,1000,1,5
8584,278223,0,10,1,8
5400,871370,1,1000,1,8
1632,451488,1,1000,1,0
3296,664845,1,1000,1,0
6414,434257,1,1000,1,14
2160,944817,0,10,1,0
6303,996146,0,10,1,15
6919,361466,1,1000,1,7
6953,593460,1,1000,1,9
4785,779288,1,1000,1,1
8721,147888,0,10,1,1
7065,888559,0,10,1,9
2712,706535,0,10,1,8
9172,325819,1,1000,1,4
7798,776980,1,1000,1,6
4306,757363,1,1000,1,2
1185,207687,1,1000,1,1
9009,612022,1,1000,1,1
4890,655412,1,1000,1,10
2011,116312,1,1000,1,11
7795,507919,1,1000,1,3
4256,214577,0,10,1,0
7859,243306,0,10,1,3
8217,243967,0,10,1,9
2266,855618,0,10,1,10
9335,516642,0,10,1,7
7779,15892,1,1000,1,3
5671,833151,0,10,1,7
1014,757621,0,10,1,6
193,250988,1,1000,1,1
9387,717259,1,1000,1,11
5184,471326,1,1000,1,0
3853,659348,1,1000,1,13
2901,138264,1,1000,1,5
6810,545724,0,10,1,10
3105,768904,0,10,1,1
2894,170874,1,1000,1,14
2546,293236,1,1000,1,2
2725,679794,1,1000,1,5
204,841195,1,1000,1,12
2016,217647,1,1000,1,0
1515,539442,1,1000,1,11
6114,819406,0,10,1,2
5073,824632,1,1000,1,1
8155,346670,0,10,1,11
4747,475513,0,10,1,11
3985,676665,0,10,1,1
8675,515694,0,10,1,3
8519,893880,1,1000,1,7
2608,126075,0,10,1,0
2692,24269,1,1000,1,4
9140,434793,1,1000,1,4
6616,590832,0,10,1,8
9872,807089,0,10,1,0
7127,431286,1,1000,1,7
5003,275573,1,1000,1,11
2718,323206,0,10,1,14
5006,548261,0,10,1,14
8951,750449,0,10,1,7
794,480967,1,1000,1,10
5602,492181,0,10,1,2
2607,64825,1,1000,1,15
4028,392315,1,1000,1,12
9283,845273,1,1000,1,3
5,434731,1,1000,1,5
9219,921258,0,10,1,3
7417,432747,0,10,1,9
5190,248264,0,10,1,6
5050,283610,1,1000,1,10
7188,301131,0,10,1,4
8142,813669,0,10,1,14
3002,214967,1,1000,1,10
3272,130198,0,10,1,8
4985,745319,0,10,1,9
5797,659624,1,1000,1,5
9256,173925,0,10,1,8
1897,237665,1,1000,1,9
1608,343383,1,1000,1,8
2337,917857,1,1000,1,1
5095,237849,0,10,1,7
5472,169300,0,10,1,0
3134,253369,1,1000,1,14
4513,486184,0,10,1,1
7794,610621,1,1000,1,2
9206,130315,0,10,1,6
128,981145,1,1000,1,0
4802,824752,1,1000,1,2
980,105635,0,10,1,4
4661,924748,0,10,1,5
7331,359301,1,1000,1,3
7603,708550,0,10,1,3
3839,857087,0,10,1,15
4649,543474,0,10,1,9
5069,758036,0,10,1,13
1892,903307,0,10,1,4
263,579309,0,10,1,7
4526,871060,0,10,1,14
5558,50396,0,10,1,6
8761,234157,0,10,1,9
3953,3676,1,1000,1,1
963,738378,0,10,1,3
3441,512807,0,10,1,1
236,983422,0,10,1,12
9987,604766,1,1000,1,3
7053,795470,0,10,1,13
7453,715495,1,1000,1,13
3722,710081,0,10,1,10
6514,768867,0,10,1,2
3965,418611,0,10,1,13
2373,334063,1,1000,1,5
7534,397543,1,1000,1,14
23,161466,1,1000,1,7
4780,458581,0,10,1,12
1110,706975,1,1000,1,6
3218,388621,0,10,1,2
7455,761174,0,10,1,15
7650,194603,0,10,1,2
3001,974202,0,10,1,9
9724,960665,1,1000,1,12
1630,347899,1,1000,1,14
7080,452701,1,1000,1,8
1111,888710,1,1000,1,7
2534,360707,1,1000,1,6
4704,568642,0,10,1,0
8149,98122,1,1000,1,5
3140,564113,1,1000,1,4
6713,760409,1,1000,1,9
9148,83332,1,1000,1,12
3679,146429,1,1000,1,15
2745,152065,0,10,1,9
8687,811979,1,1000,1,15
3559,828500,0,10,1,7
976,807270,0,10,1,0
5411,385988,0,10,1,3
3338,968258,0,10,1,10
4408,315239,1,1000,1,8
1058,699498,0,10,1,2
5304,815626,0,10,1,8
493,537742,1,1000,1,13
730,611988,0,10,1,10
9503,373255,1,1000,1,15
5916,592567,0,10,1,12
105,233942,1,1000,1,9
9327,994171,1,1000,1,15
1049,731786,0,10,1,9
7324,731316,1,1000,1,12
1800,489178,1,1000,1,8
63,639633,0,10,1,15
6696,438928,0,10,1,8
3200,781180,0,10,1,0
2103,490108,0,10,1,7
4708,34346,1,1000,1,4
9123,390424,0,10,1,3
6733,468901,0,10,1,13
3238,852913,0,10,1,6
6420,903178,1,1000,1,4
6157,123574,0,10,1,13
6362,181206,0,10,1,10
9087,939058,0,10,1,15
6029,818670,1,1000,1,13
6505,674555,1,1000,1,9
1003,148921,0,10,1,11
7525,321006,1,1000,1,5
9120,524559,1,1000,1,0
756,900287,1,1000,1,4
7722,699301,0,10,1,10
5298,601373,1,1000,1,2
4292,279681,0,10,1,4
2420,300744,1,1000,1,4
4382,640764,1,1000,1,14
4726,711573,1,1000,1,6
3,722979,1,1000,1,3
3682,278654,0,10,1,2
1270,970329,1,1000,1,6
4547,379344,0,10,1,3
8864,166586,1,1000,1,0
9360,531919,1,1000,1,0
377,885991,0,10,1,9
2886,942944,0,10,1,6
5681,965928,1,1000,1,1
9974,357993,1,1000,1,6
1442,549377,0,10,1,2
5217,860254,1,1000,1,1
1233,583238,1,1000,1,1
3315,970360,0,10,1,3
1404,792474,1,1000,1,12
8204,958605,0,10,1,12
6968,819888,1,1000,1,8
7378,884072,1,1000,1,2
5676,956559,1,1000,1,12
4918,603297,1,1000,1,6
1780,220285,1,1000,1,4
9240,760401,0,10,1,8
2985,105193,1,1000,1,9
926,649713,0,10,1,14
9784,774774,1,1000,1,8
5991,915126,1,1000,1,7
1952,966212,0,10,1,0
945,191039,0,10,1,1
2800,7879,1,1000,1,0
6214,223040,1,1000,1,6
796,207361,1,1000,1,12
799,2474,0,10,1,15
4719,4362,0,10,1,15
151,100697,1,1000,1,7
886,555999,0,10,1,6
7941,199306,1,1000,1,5
4399,993757,0,10,1,15
7683,409583,1,1000,1,3
126,82175,0,10,1,14
972,956487,1,1000,1,12
8663,848930,1,1000,1,7
243,931423,1,1000,1,3
4058,445626,1,1000,1,10
5214,802943,1,1000,1,14
4917,397446,1,1000,1,5
7797,23786,0,10,1,5
3843,901557,0,10,1,3
7665,10980,1,1000,1,1
2303,316316,1,1000,1,15
1512,523750,1,1000,1,8
329,14667,0,10,1,9
6497,274938,0,10,1,1
6418,320616,0,10,1,2
2897,351032,0,10,1,1
7168,353106,0,10,1,0
5742,473738,0,10,1,14
1254,424621,1,1000,1,6
9095,587667,0,10,1,7
5139,357026,1,1000,1,3
3979,560647,1,1000,1,11
3191,60370,0,10,1,7
2124,623683,0,10,1,12
9811,438541,0,10,1,3
9722,372722,0,10,1,10
2027,120920,1,1000,1,11
7199,79760,1,1000,1,15
1487,108622,1,1000,1,15
5077,187793,0,10,1,5
1642,324152,1,1000,1,10
1252,788144,0,10,1,4
7490,120191,1,1000,1,2
3542,68336,0,10,1,6
6230,114480,0,10,1,6
3810,830127,0,10,1,2
7602,474849,0,10,1,2
1874,331314,0,10,1,2
4860,651202,0,10,1,12
8669,13274,0,10,1,13
2183,396263,1,1000,1,7
3064,266108,0,10,1,8
9214,42758,0,10,1,14
2406,695863,0,10,1,6
7952,10540,1,1000,1,0
6271,685130,0,10,1,15
3725,398452,1,1000,1,13
5172,721052,1,1000,1,4
3126,669173,0,10,1,6
1909,502481,0,10,1,5
3742,270462,0,10,1,14
4463,902764,1,1000,1,15
3493,577004,1,1000,1,5
791,976043,1,1000,1,7
3850,473500,1,1000,1,10
1181,992040,1,1000,1,13
7317,687769,0,10,1,5
7922,740803,0,10,1,2
6878,36586,1,1000,1,14
6208,985330,0,10,1,0
5508,528067,1,1000,1,4
1087,457717,1,1000,1,15
1692,870190,1,1000,1,12
9275,469767,0,10,1,11
3354,554153,0,10,1,10
9697,344097,0,10,1,1
8065,142041,1,1000,1,1
1246,37293,0,10,1,14
2624,903202,1,1000,1,0
8085,54417,1,1000,1,5
4334,552412,1,1000,1,14
4495,652499,0,10,1,15
5481,566370,1,1000,1,9
8530,809513,0,10,1,2
9636,908525,1,1000,1,4
9350,960146,0,10,1,6
4177,105756,1,1000,1,1
7420,229205,1,1000,1,12
302,617512,0,10,1,14
709,820076,0,10,1,5
3462,684027,1,1000,1,6
5204,810188,1,1000,1,4
1042,391242,1,1000,1,2
2228,80615,1,1000,1,4
3596,675435,1,1000,1,12
3451,776717,0,10,1,11
7664,579583,0,10,1,0
1885,969521,0,10,1,13
4084,132904,1,1000,1,4
5767,608166,0,10,1,7
5744,576870,0,10,1,0
6543,471345,0,10,1,15
148,31839,1,1000,1,4
5845,761628,0,10,1,5
7720,592613,0,10,1,8
5348,592487,1,1000,1,4
3629,889206,0,10,1,13
5625,607879,0,10,1,9
1338,607465,0,10,1,10
782,654394,1,1000,1,14
1081,147323,0,10,1,9
7247,103816,1,1000,1,15
3651,533554,0,10,1,3
4625,885539,1,1000,1,1
2663,824835,0,10,1,7
5282,834512,0,10,1,2
1427,578778,0,10,1,3
1688,878478,1,1000,1,8
1455,147737,1,1000,1,15
2513,192436,1,1000,1,1
4808,820885,1,1000,1,8
252,537359,0,10,1,12
1781,657764,1,1000,1,5
5426,79958,1,1000,1,2
3655,895771,0,10,1,7
7033,585460,1,1000,1,9
4040,614939,0,10,1,8
9070,110771,0,10,1,14
9590,873489,1,1000,1,6
3198,411743,1,1000,1,14
1,348227,1,1000,1,1
3818,338428,0,10,1,10
2594,557039,0,10,1,2
6384,878663,0,10,1,0
5743,922633,0,10,1,15
2169,375655,0,10,1,9
1142,643554,0,10,1,6
6801,782204,1,1000,1,1
4005,733768,1,1000,1,5
282,808703,0,10,1,10
8808,809263,1,1000,1,8
7291,882350,0,10,1,11
8413,323990,0,10,1,13
3046,200789,0,10,1,6
5536,652212,0,10,1,0
6572,757912,1,1000,1,12
7535,752811,0,10,1,15
2455,308396,1,1000,1,7
3427,483366,1,1000,1,3
1453,435708,1,1000,1,13
6655,569297,1,1000,1,15
2650,22213,0,10,1,10
8080,165491,1,1000,1,0
6731,899670,0,10,1,11
4577,742150,1,1000,1,1
9276,6994,1,1000,1,12
2339,888181,0,10,1,3
8397,470084,0,10,1,13
9839,160061,1,1000,1,15
5684,421467,1,1000,1,4
2284,349841,0,10,1,12
2336,631672,1,1000,1,0
7008,162001,1,1000,1,0
5376,392259,0,10,1,0
3952,507941,1,1000,1,0
1655,341026,1,1000,1,7
7454,821785,0,10,1,14
6612,477451,1,1000,1,4
8565,517686,0,10,1,5
5002,989057,0,10,1,10
6950,583795,0,10,1,6
8372,911265,0,10,1,4
1879,296664,1,1000,1,7
9168,635436,0,10,1,0
2790,951031,0,10,1,6
3352,829168,0,10,1,8
8438,579921,1,1000,1,6
4929,112497,0,10,1,1
2736,385068,1,1000,1,0
6001,654642,1,1000,1,1
71,319763,0,10,1,7
5312,371015,0,10,1,0
3751,335411,1,1000,1,7
787,58324,0,10,1,3
2516,627144,1,1000,1,4
8028,661950,1,1000,1,12
571,780203,0,10,1,11
5696,99996,0,10,1,0
2544,211359,1,1000,1,0
5500,941146,1,1000,1,12
8111,407048,0,10,1,15
6392,417913,1,1000,1,8
3611,744228,1,1000,1,11
4813,366776,0,10,1,13
2111,54776,0,10,1,15
6656,400527,0,10,1,0
2068,363278,1,1000,1,4
6753,330200,0,10,1,1
1564,128140,1,1000,1,12
3142,253801,1,1000,1,6
9740,475348,0,10,1,12
983,714444,0,10,1,7
1604,744654,0,10,1,4
8005,14382,0,10,1,5
318,588367,1,1000,1,14
9801,435905,1,1000,1,9
1624,314245,0,10,1,8
6834,743006,0,10,1,2
6412,383480,0,10,1,12
2795,813234,1,1000,1,11
1198,155275,1,1000,1,14
4143,671885,1,1000,1,15
3043,35305,0,10,1,3
6909,432269,1,1000,1,13
2110,749548,0,10,1,14
4512,475359,0,10,1,0
8292,74923,1,1000,1,4
8262,133461,1,1000,1,6
6955,991685,1,1000,1,11
5452,460096,1,1000,1,12
836,558724,1,1000,1,4
1934,126283,0,10,1,14
35,537788,0,10,1,3
6377,299096,1,1000,1,9
2424,396260,0,10,1,8
4402,616846,1,1000,1,2
7530,329829,1,1000,1,10
8563,595148,0,10,1,3
9949,436923,1,1000,1,13
631,831417,1,1000,1,7
6025,214402,1,1000,1,9
8156,2970,0,10,1,12
2728,730744,1,1000,1,8
6538,931334,1,1000,1,10
6708,489084,1,1000,1,4
9165,154727,1,1000,1,13
1958,277459,0,10,1,6
3331,376597,0,10,1,3
6965,209325,1,1000,1,5
8440,725321,1,1000,1,8
7121,859454,0,10,1,1
1422,576863,1,1000,1,14
4347,269718,1,1000,1,11
6649,482334,1,1000,1,9
3936,842090,1,1000,1,0
3753,850547,0,10,1,9
9111,259451,1,1000,1,7
531,935794,1,1000,1,3
4189,778638,0,10,1,13
2700,408479,0,10,1,12
1220,896749,0,10,1,4
3360,265140,1,1000,1,0
5892,67384,0,10,1,4
7547,220257,0,10,1,11
2512,923866,0,10,1,0
8414,274410,1,1000,1,14
479,838143,0,10,1,15
1605,334472,0,10,1,5
1408,146456,0,10,1,0
2828,203972,0,10,1,12
6123,484223,0,10,1,11
3153,835807,1,1000,1,1
7221,771335,0,10,1,5
2427,968062,1,1000,1,11
1930,866919,0,10,1,10
9246,314006,0,10,1,14
4245,305384,0,10,1,5
583,845084,1,1000,1,7
1129,379121,1,1000,1,9
618,728247,1,1000,1,10
2704,534336,0,10,1,0
1785,334164,0,10,1,9
4203,706963,0,10,1,11
3312,280185,0,10,1,0
5887,694612,1,1000,1,15
809,550541,1,1000,1,9
1387,243281,1,1000,1,11
2017,228419,1,1000,1,1
5071,65904,0,10,1,15
2549,93794,1,1000,1,5
7588,901955,0,10,1,4
8843,375478,1,1000,1,11
4092,212354,0,10,1,12
567,949154,1,1000,1,7
182,10029,1,1000,1,6
3419,573341,0,10,1,11
936,660454,0,10,1,8
6905,472815,0,10,1,9
1829,367281,1,1000,1,5
4236,831136,0,10,1,12
9717,751122,0,10,1,5
790,568458,0,10,1,6
5822,164810,1,1000,1,14
3295,17702,0,10,1,15
7725,903134,1,1000,1,13
7088,212081,0,10,1,0
707,454536,0,10,1,3
912,55821,0,10,1,0
5841,896093,1,1000,1,1
4706,451239,0,10,1,2
3382,172657,0,10,1,6
9583,591701,0,10,1,15
8186,289786,0,10,1,10
8826,150108,1,1000,1,10
5280,618224,0,10,1,0
5367,270172,1,1000,1,7
8435,603604,1,1000,1,3
4965,937548,1,1000,1,5
619,669170,0,10,1,11
7517,545329,1,1000,1,13
94,406006,0,10,1,14
4183,484677,0,10,1,7
2210,154545,1,1000,1,2
927,510166,1,1000,1,15
8934,564363,1,1000,1,6
5444,407739,0,10,1,4
7897,136525,1,1000,1,9
3075,853515,1,1000,1,3
7635,936162,1,1000,1,3
4978,776183,0,10,1,2
1308,753193,0,10,1,12
7857,195674,1,1000,1,1
920,330461,1,1000,1,8
4923,50971,1,1000,1,11
8268,384284,0,10,1,12
9032,903776,0,10,1,8
7142,727940,0,10,1,6
5998,288481,0,10,1,14
6681,442261,0,10,1,9
2264,950737,0,10,1,8
7973,463033,1,1000,1,5
9413,620074,0,10,1,5
5109,162646,1,1000,1,5
4903,62696,0,10,1,7
3800,146005,0,10,1,8
4505,632914,1,1000,1,9
1869,99731,1,1000,1,13
9376,723445,0,10,1,0
1225,915264,0,10,1,9
1517,547420,1,1000,1,13
7850,584965,1,1000,1,10
9269,191607,1,1000,1,5
4268,243621,0,10,1,12
7001,142820,0,10,1,9
4618,766105,1,1000,1,10
6967,538488,1,1000,1,7
3327,62610,1,1000,1,15
4832,163061,0,10,1,0
7343,315924,1,1000,1,15
529,634054,0,10,1,1
3812,760228,0,10,1,4
2568,758812,0,10,1,8
7068,293605,0,10,1,12
2541,754066,0,10,1,13
4265,413856,0,10,1,9
8942,806282,0,10,1,14
9643,53214,1,1000,1,11
586,459166,1,1000,1,10
2396,880604,1,1000,1,12
924,728862,1,1000,1,12
5733,321294,0,10,1,5
3732,426086,0,10,1,4
2831,655243,1,1000,1,15
8834,83809,0,10,1,2
2918,991835,0,10,1,6
2839,627919,1,1000,1,7
6484,522846,0,10,1,4
7611,776324,1,1000,1,11
3706,509363,1,1000,1,10
1796,664023,1,1000,1,4
9306,899889,1,1000,1,10
5011,664499,1,1000,1,3
3203,792179,1,1000,1,3
1741,272542,1,1000,1,13
6592,738860,0,10,1,0
8015,292469,1,1000,1,15
8077,422903,1,1000,1,13
8182,826217,1,1000,1,6
4052,417413,1,1000,1,4
7407,69413,0,10,1,15
7691,740365,0,10,1,11
6471,462622,0,10,1,7
4637,156737,0,10,1,13
1906,519425,0,10,1,2
5094,783037,0,10,1,6
2913,469094,1,1000,1,1
4662,237411,0,10,1,6
3831,381441,1,1000,1,7
1995,28280,0,10,1,11
3527,633501,0,10,1,7
2680,730125,1,1000,1,8
1588,132761,1,1000,1,4
4807,407231,0,10,1,7
369,95176,1,1000,1,1
3670,798326,0,10,1,6
453,752741,0,10,1,5
290,736662,0,10,1,2
1169,767618,1,1000,1,1
1821,145055,1,1000,1,13
5467,658037,1,1000,1,11
2507,392497,1,1000,1,11
4254,525594,0,10,1,14
113,701719,1,1000,1,1
7488,704717,0,10,1,0
1327,363524,0,10,1,15
490,124167,0,10,1,10
5854,130814,0,10,1,14
807,307594,0,10,1,7
2773,752738,1,1000,1,5
696,378430,1,1000,1,8
5520,771337,0,10,1,0
408,141678,1,1000,1,8
3928,240428,1,1000,1,8
6952,5541,1,1000,1,8
2366,484117,0,10,1,14
5153,3498,0,10,1,1
8003,704130,0,10,1,3
7431,429744,0,10,1,7
5819,39599,0,10,1,11
2360,770739,0,10,1,8
7227,8248,1,1000,1,11
6904,805964,0,10,1,8
2690,852576,1,1000,1,2
1752,644529,1,1000,1,8
6676,857322,1,1000,1,4
8009,182881,1,1000,1,9
396,365171,0,10,1,12
3016,999769,1,1000,1,8
9470,591820,0,10,1,14
5149,882715,1,1000,1,13
7026,119320,0,10,1,2
2071,295572,0,10,1,7
3823,727496,1,1000,1,15
3143,799296,1,1000,1,7
7397,529992,0,10,1,5
5478,485404,1,1000,1,6
8079,27906,1,1000,1,15
3275,766904,1,1000,1,11
4073,5080,0,10,1,9
2388,616121,1,1000,1,4
1108,475828,0,10,1,4
467,438953,0,10,1,3
3229,37354,1,1000,1,13
6314,953699,1,1000,1,10
7416,894178,0,10,1,8
9563,741944,1,1000,1,11
5060,955854,0,10,1,4
8205,79916,1,1000,1,13
1121,539075,0,10,1,1
115,787875,0,10,1,3
4541,148048,1,1000,1,13
7672,591275,1,1000,1,8
77,930265,1,1000,1,13
6622,562294,0,10,1,14
267,19206,1,1000,1,11
1402,124965,0,10,1,10
3783,864228,0,10,1,7
1745,204689,1,1000,1,1
6400,536159,0,10,1,0
2395,124553,0,10,1,11
262,822218,0,10,1,6
1775,545795,1,1000,1,15
8817,133855,1,1000,1,1
1783,254864,1,1000,1,7
8608,689588,1,1000,1,0
6130,973476,0,10,1,2
3271,587519,1,1000,1,7
8000,455611,1,1000,1,0
8285,963905,0,10,1,13
6977,630238,1,1000,1,1
9494,513011,1,1000,1,6
7803,92994,1,1000,1,11
8592,757390,1,1000,1,0
8723,701964,0,10,1,3
5395,198875,1,1000,1,3
1483,946188,1,1000,1,11
2385,474479,0,10,1,1
418,893273,0,10,1,2
7774,403994,0,10,1,14
7510,828934,0,10,1,6
96,661548,1,1000,1,0
1436,788634,1,1000,1,12
1378,774784,1,1000,1,2
6120,687875,1,1000,1,8
2731,894652,1,1000,1,11
170,661539,1,1000,1,10
8646,906043,0,10,1,6
1805,889740,0,10,1,13
847,261853,1,1000,1,15
1971,264280,1,1000,1,3
661,456679,0,10,1,5
3582,763522,0,10,1,14
3799,117492,0,10,1,7
8796,546142,1,1000,1,12
1026,528988,1,1000,1,2
7986,524450,0,10,1,2
7072,839062,0,10,1,0
8537,542224,1,1000,1,9
1347,35660,0,10,1,3
1559,539458,1,1000,1,7
4882,328009,0,10,1,2
678,17792,1,1000,1,6
8273,110039,1,1000,1,1
7348,443903,0,10,1,4
1396,800459,0,10,1,4
8948,282619,1,1000,1,4
6873,214393,0,10,1,9
9458,126845,1,1000,1,2
2006,704014,1,1000,1,6
671,474752,0,10,1,15
1117,495064,1,1000,1,13
2923,56230,1,1000,1,11
5763,167225,1,1000,1,3
9785,446757,1,1000,1,9
2310,318646,0,10,1,6
5404,857428,1,1000,1,12
8895,573735,1,1000,1,15
7889,641377,0,10,1,1
1060,503169,0,10,1,4
6566,293788,0,10,1,6
9467,52128,1,1000,1,11
8615,757484,1,1000,1,7
7437,586636,0,10,1,13
2834,319645,0,10,1,2
2903,212508,1,1000,1,7
3116,67360,0,10,1,12
5101,973502,0,10,1,13
6951,618917,0,10,1,7
3808,72527,0,10,1,0
6435,614924,0,10,1,3
8691,317429,0,10,1,3
808,897215,0,10,1,8
3408,188074,1,1000,1,0
9906,875967,1,1000,1,2
6173,568855,0,10,1,13
5903,983751,1,1000,1,15
2920,728735,1,1000,1,8
6626,294837,1,1000,1,2
4738,936429,1,1000,1,2
9523,47909,0,10,1,3
996,338321,0,10,1,4
5685,3499,0,10,1,5
2658,311611,0,10,1,2
5619,253789,1,1000,1,3
9184,670037,1,1000,1,0
192,488860,1,1000,1,0
468,510644,0,10,1,4
4297,694244,0,10,1,9
9925,130308,0,10,1,5
4898,659916,1,1000,1,2
8720,839705,0,10,1,0
2163,717181,0,10,1,3
4962,908158,0,10,1,2
1820,902013,1,1000,1,12
5136,537326,0,10,1,0
2995,399949,0,10,1,3
5762,620251,0,10,1,2
3257,22948,0,10,1,9
1726,312285,0,10,1,14
8192,572707,1,1000,1,0
3508,993380,0,10,1,4
6385,30258,0,10,1,1
5879,394479,0,10,1,7
5342,808959,0,10,1,14
9856,268675,0,10,1,0
3906,959242,1,1000,1,2
4142,405711,0,10,1,14
265,580525,1,1000,1,9
9378,880387,0,10,1,2
4729,329706,0,10,1,9
4271,511740,0,10,1,15
4579,900776,0,10,1,3
8275,589387,1,1000,1,3
4546,959838,0,10,1,2
2308,140867,1,1000,1,4
6237,984278,0,10,1,13
1025,707932,1,1000,1,1
4891,401112,1,1000,1,11
6567,563419,1,1000,1,7
7369,717483,1,1000,1,9
2984,988891,0,10,1,8
8536,174893,1,1000,1,8
8404,748718,1,1000,1,4
3324,620512,0,10,1,12
4441,600107,0,10,1,9
2818,315734,1,1000,1,2
8750,914773,1,1000,1,14
8975,365388,1,1000,1,15
3623,620090,1,1000,1,7
7965,961663,0,10,1,13
4897,800725,0,10,1,1
7495,171268,0,10,1,7
1963,202712,1,1000,1,11
4544,229549,0,10,1,0
3661,729216,1,1000,1,13
5168,988511,0,10,1,0
1900,517039,0,10,1,12
2863,313817,0,10,1,15
4873,558269,0,10,1,9
9843,847140,0,10,1,3
2814,437206,1,1000,1,14
2436,783617,1,1000,1,4
4281,919496,0,10,1,9
6003,729826,1,1000,1,3
3577,700767,1,1000,1,9
7666,494472,0,10,1,2
7036,820568,0,10,1,12
8010,674861,0,10,1,10
2793,977070,1,1000,1,9
2199,451869,0,10,1,7
6703,827507,1,1000,1,15
7373,185851,1,1000,1,13
2433,318656,1,1000,1,1
163,590103,1,1000,1,3
6794,435225,0,10,1,10
3538,277390,0,10,1,2
2877,66135,0,10,1,13
7451,423050,0,10,1,11
4677,402820,1,1000,1,5
3063,12469,0,10,1,7
8357,417299,1,1000,1,5
7243,643603,1,1000,1,11
779,97029,1,1000,1,11
8997,824145,1,1000,1,5
6632,414993,0,10,1,8
8681,165645,0,10,1,9
574,843494,0,10,1,14
1817,230086,1,1000,1,9
2584,564840,0,10,1,8
76,438426,1,1000,1,12
6863,588992,1,1000,1,15
9304,708956,0,10,1,8
9521,356269,1,1000,1,1
4486,306143,0,10,1,6
8078,149089,1,1000,1,14
1320,488320,0,10,1,8
9912,759436,1,1000,1,8
757,499050,0,10,1,5
3418,45938,1,1000,1,10
5494,602314,1,1000,1,6
941,394763,1,1000,1,13
4997,815999,1,1000,1,5
498,212892,1,1000,1,2
523,206553,1,1000,1,11
8239,273679,1,1000,1,15
5453,295266,1,1000,1,13
7235,694494,0,10,1,3
3482,938881,0,10,1,10
3039,916129,0,10,1,15
7192,32303,0,10,1,8
8513,523041,0,10,1,1
6054,468133,0,10,1,6
5781,265081,1,1000,1,5
5283,811815,1,1000,1,3
9991,631581,1,1000,1,7
480,442271,1,1000,1,0
2958,780541,0,10,1,14
9570,527738,0,10,1,2
741,468204,0,10,1,5
4445,165574,1,1000,1,13
9280,372557,1,1000,1,0
998,87937,0,10,1,6
971,990054,0,10,1,11
873,165666,1,1000,1,9
4365,437805,0,10,1,13
3711,707628,0,10,1,15
9083,55872,1,1000,1,11
9022,743824,1,1000,1,14
8655,797977,1,1000,1,15
2091,119467,1,1000,1,11
4910,324429,0,10,1,14
8631,299453,0,10,1,7
3761,751502,0,10,1,1
1011,74239,0,10,1,3
1787,738340,0,10,1,11
6117,145855,1,1000,1,5
5972,159272,1,1000,1,4
2695,299998,0,10,1,7
6277,298667,1,1000,1,5
2126,107747,0,10,1,14
3807,264309,1,1000,1,15
4029,877167,1,1000,1,13
1272,318229,0,10,1,8
952,396939,0,10,1,8
4871,913320,1,1000,1,7
7706,338777,1,1000,1,10
2829,176471,0,10,1,13
3954,638478,0,10,1,2
7101,443516,0,10,1,13
130,539381,0,10,1,2
8304,468417,1,1000,1,0
3333,446078,1,1000,1,5
6200,866913,0,10,1,8
4744,769207,1,1000,1,8
2353,846361,1,1000,1,1
5224,664336,1,1000,1,8
1371,996514,0,10,1,11
2945,307075,1,1000,1,1
5556,93172,0,10,1,4
1249,754085,0,10,1,1
5015,393156,1,1000,1,7
4046,824209,1,1000,1,14
2891,325414,0,10,1,11
8346,769075,1,1000,1,10
3465,689979,1,1000,1,9
9771,866342,0,10,1,11
9074,617395,0,10,1,2
7740,928481,0,10,1,12
5576,167976,1,1000,1,8
9490,830375,0,10,1,2
5913,692624,1,1000,1,9
7300,567195,1,1000,1,4
1315,386075,0,10,1,3
3308,525679,0,10,1,12
5031,709335,1,1000,1,7
9412,411137,1,1000,1,4
241,40012,0,10,1,1
694,712754,0,10,1,6
576,264093,1,1000,1,0
8363,95970,0,10,1,11
7980,636559,0,10,1,12
3896,264670,0,10,1,8
7738,833820,0,10,1,10
4792,697586,0,10,1,8
5237,398883,1,1000,1,5
7230,97341,0,10,1,14
358,711369,0,10,1,6
7744,406598,0,10,1,0
2631,886280,0,10,1,7
7402,55735,0,10,1,10
2533,487514,1,1000,1,5
1231,926863,0,10,1,15
2315,424285,1,1000,1,11
9287,506338,0,10,1,7
2258,861757,0,10,1,2
9959,980507,0,10,1,7
907,277907,1,1000,1,11
1504,182263,0,10,1,0
4707,760458,0,10,1,3
9224,606131,0,10,1,8
445,781894,0,10,1,13
5908,18044,0,10,1,4
6371,466944,0,10,1,3
1682,970747,1,1000,1,2
3276,823247,0,10,1,12
3164,358788,1,1000,1,12
4410,690906,1,1000,1,10
2609,965077,1,1000,1,1
3124,781932,1,1000,1,4
6160,131377,1,1000,1,0
9082,114167,1,1000,1,10
5225,14521,1,1000,1,9
2074,553304,0,10,1,10
9536,295487,1,1000,1,0
9154,196103,0,10,1,2
481,697088,1,1000,1,1
5007,380630,0,10,1,15
1767,479115,1,1000,1,7
2806,949225,0,10,1,6
2537,493636,1,1000,1,9
2740,64912,0,10,1,4
8614,994680,0,10,1,6
3103,474561,1,1000,1,15
441,493812,1,1000,1,9
5543,793378,1,1000,1,7
9762,527318,1,1000,1,2
5205,599783,0,10,1,5
610,69608,0,10,1,2
9734,915196,0,10,1,6
1219,671918,0,10,1,3
2987,559897,0,10,1,11
9340,622416,0,10,1,12
4471,245898,1,1000,1,7
5955,746668,1,1000,1,3
7140,877279,0,10,1,4
2679,614272,0,10,1,7
2807,210329,1,1000,1,7
3421,19732,1,1000,1,13
6976,370628,0,10,1,0
9635,652145,1,1000,1,3
4056,661188,0,10,1,8
635,671228,1,1000,1,11
8305,339460,1,1000,1,1
2152,862421,0,10,1,8
1322,962183,0,10,1,10
1159,273071,1,1000,1,7
8622,38484,0,10,1,14
8052,258021,1,1000,1,4
964,57283,0,10,1,4
722,688708,1,1000,1,2
8212,662356,1,1000,1,4
1514,476066,1,1000,1,10
930,590012,0,10,1,2
1489,154875,1,1000,1,1
950,513968,0,10,1,6
769,717760,1,1000,1,1
1411,933889,0,10,1,3
9584,312130,1,1000,1,0
3886,244389,1,1000,1,14
5422,945282,0,10,1,14
3685,647551,0,10,1,5
3787,27078,0,10,1,11
454,87571,1,1000,1,6
5601,819321,1,1000,1,1
2501,562219,1,1000,1,5
1152,71497,1,1000,1,0
7913,435840,1,1000,1,9
8776,492488,1,1000,1,8
4609,9983,0,10,1,1
6442,454952,0,10,1,10
7649,39340,1,1000,1,1
7457,388267,0,10,1,1
7011,913305,0,10,1,3
9586,673765,0,10,1,2
773,554222,0,10,1,5
6663,729484,0,10,1,7
1113,458523,1,1000,1,9
2312,460418,0,10,1,8
4249,531092,1,1000,1,9
8600,818589,1,1000,1,8
3731,228120,1,1000,1,3
6489,796795,1,1000,1,9
8946,616591,1,1000,1,2
922,163179,1,1000,1,10
6970,503294,1,1000,1,10
8904,702279,1,1000,1,8
7424,93267,0,10,1,0
4760,175178,1,1000,1,8
6031,283866,1,1000,1,15
3678,185143,1,1000,1,14
641,642532,0,10,1,1
9739,265417,0,10,1,11
7710,147344,1,1000,1,14
7471,41112,1,1000,1,15
7153,923440,1,1000,1,1
7501,257585,1,1000,1,13
3901,737972,1,1000,1,13
3764,106721,0,10,1,4
9177,277077,0,10,1,9
7058,388033,1,1000,1,2
6966,67332,1,1000,1,6
2161,449455,0,10,1,1
1793,781104,0,10,1,1
9702,855701,1,1000,1,6
1609,939978,0,10,1,9
6852,782918,0,10,1,4
8216,508664,0,10,1,8
4641,279131,1,1000,1,1
5389,864311,1,1000,1,13
7593,321479,0,10,1,9
3780,574884,0,10,1,4
2158,606619,0,10,1,14
8528,862502,0,10,1,0
5772,112381,0,10,1,12
5577,255164,1,1000,1,9
2555,461131,1,1000,1,11
3888,700040,0,10,1,0
385,123762,0,10,1,1
5138,470728,0,10,1,2
9666,218487,1,1000,1,2
1115,608775,0,10,1,11
6992,14165,1,1000,1,0
4840,711362,0,10,1,8
9858,883810,1,1000,1,2
8147,551434,1,1000,1,3
8317,41205,1,1000,1,13
8610,635974,1,1000,1,2
9426,807484,1,1000,1,2
3604,294243,0,10,1,4
9810,292801,1,1000,1,2
5824,503728,1,1000,1,0
3378,94137,0,10,1,2
4672,836852,0,10,1,0
7013,719718,1,1000,1,5
7584,857519,0,10,1,0
1735,72667,1,1000,1,7
3549,28540,1,1000,1,13
287,199846,1,1000,1,15
2902,939963,1,1000,1,6
7599,652976,0,10,1,15
1610,692165,1,1000,1,10
4415,46607,1,1000,1,15
5608,537551,1,1000,1,8
3943,969972,1,1000,1,7
2201,207559,1,1000,1,9
87,429210,1,1000,1,7
7676,499163,0,10,1,12
8247,212542,1,1000,1,7
5137,778227,0,10,1,1
1944,18712,0,10,1,8
5247,58961,1,1000,1,15
560,751622,0,10,1,0
2476,893450,1,1000,1,12
1251,944682,0,10,1,3
2154,927917,0,10,1,10
6494,709380,1,1000,1,14
7240,770635,0,10,1,8
1044,90361,0,10,1,4
7827,790017,1,1000,1,3
3637,573978,1,1000,1,5
1066,497461,0,10,1,10
8562,807383,1,1000,1,2
452,615494,1,1000,1,4
9892,756835,1,1000,1,4
2037,555638,1,1000,1,5
8443,995719,1,1000,1,11
3432,65018,0,10,1,8
6758,203537,1,1000,1,6
4148,114622,0,10,1,4
985,41034,0,10,1,9
6502,758807,0,10,1,6
6042,498991,0,10,1,10
5661,67837,0,10,1,13
4285,718147,1,1000,1,13
5960,831100,1,1000,1,8
4848,494108,1,1000,1,0
3425,966218,0,10,1,1
2701,205701,1,1000,1,13
1544,294989,0,10,1,8
4841,694255,1,1000,1,9
9347,506812,1,1000,1,3
3791,137544,1,1000,1,15
3106,263728,0,10,1,2
8914,562253,1,1000,1,2
9711,310632,0,10,1,15
673,524913,0,10,1,1
8938,707684,0,10,1,10
3314,713011,0,10,1,2
6617,632565,1,1000,1,9
6570,456398,0,10,1,10
1709,309248,0,10,1,13
1433,831449,1,1000,1,9
3590,350594,0,10,1,6
4133,702175,0,10,1,5
7384,407337,1,1000,1,8
5222,4402,1,1000,1,6
1253,222891,1,1000,1,5
6661,423777,1,1000,1,5
186,222991,1,1000,1,10
3288,108485,1,1000,1,8
6268,839022,1,1000,1,12
1284,347341,1,1000,1,4
8910,700270,1,1000,1,14
1377,228448,1,1000,1,1
9594,308077,0,10,1,10
8960,276348,1,1000,1,0
1591,656122,1,1000,1,7
8444,633149,1,1000,1,12
2449,87448,0,10,1,1
810,137786,0,10,1,10
8881,511522,0,10,1,1
9566,464290,1,1000,1,14
655,578603,1,1000,1,15
4301,624158,0,10,1,13
4693,959481,0,10,1,5
4648,149469,0,10,1,8
258,166307,0,10,1,2
7873,310472,0,10,1,1
9703,513864,0,10,1,7
9411,793267,1,1000,1,3
253,259169,1,1000,1,13
8874,798169,0,10,1,10
3505,629876,0,10,1,1
2014,101837,1,1000,1,14
7544,438474,1,1000,1,8
5219,243189,0,10,1,3
617,576848,1,1000,1,9
3207,78599,1,1000,1,7
3630,383793,1,1000,1,14
2097,569603,0,10,1,1
3072,150967,0,10,1,0
4650,663511,0,10,1,10
2768,698365,0,10,1,0
3680,953794,1,1000,1,0
9597,110651,0,10,1,13
804,876129,0,10,1,4
2464,249212,1,1000,1,0
6761,723758,0,10,1,9
4956,409533,0,10,1,12
2061,204476,1,1000,1,13
3454,371317,0,10,1,14
3981,791659,1,1000,1,13
6421,760162,1,1000,1,5
8276,194170,0,10,1,4
5382,825602,1,1000,1,6
937,180485,0,10,1,9
4941,658045,0,10,1,13
4793,978684,1,1000,1,9
547,483237,1,1000,1,3
5415,644944,1,1000,1,7
2489,981445,1,1000,1,9
3316,883508,1,1000,1,4
7161,358302,1,1000,1,9
6857,69181,0,10,1,9
2716,641392,0,10,1,12
7955,224293,1,1000,1,3
6611,31908,1,1000,1,3
4647,238751,1,1000,1,7
7886,67048,0,10,1,14
7945,262492,0,10,1,9
3139,111474,1,1000,1,3
7854,786886,0,10,1,14
3012,568451,0,10,1,4
5287,144944,1,1000,1,7
1168,962107,0,10,1,0
1789,821817,0,10,1,13
714,719859,1,1000,1,10
2721,923903,0,10,1,1
3167,385807,0,10,1,15
674,466992,0,10,1,2
6778,693508,1,1000,1,10
8709,673762,1,1000,1,5
7960,15798,1,1000,1,8
2036,181642,0,10,1,4
428,666853,0,10,1,12
2734,552085,1,1000,1,14
2361,198486,0,10,1,9
3448,714748,0,10,1,8
6590,256142,0,10,1,14
380,236365,0,10,1,12
633,876812,0,10,1,9
1079,139164,0,10,1,7
3242,778337,1,1000,1,10
3293,337189,0,10,1,13
9853,481946,1,1000,1,13
3104,533481,0,10,1,0
4573,495047,1,1000,1,13
3938,50046,0,10,1,2
4405,473506,1,1000,1,5
3733,691536,0,10,1,5
9024,75722,0,10,1,0
4009,607307,0,10,1,9
607,855118,1,1000,1,15
3626,323006,1,1000,1,10
3925,951198,0,10,1,5
6084,983406,1,1000,1,4
8433,619341,1,1000,1,1
4416,894112,0,10,1,0
1878,821801,1,1000,1,6
3019,797000,0,10,1,11
2803,355321,0,10,1,3
7520,122396,0,10,1,0
5614,37445,1,1000,1,14
4697,944075,0,10,1,9
1364,604500,0,10,1,4
4044,204828,0,10,1,12
5277,588921,1,1000,1,13
7129,115067,0,10,1,9
5836,511563,0,10,1,12
4267,333221,1,1000,1,11
1994,159244,0,10,1,10
2749,469390,0,10,1,13
4035,311530,1,1000,1,3
5880,685785,0,10,1,8
5370,308814,1,1000,1,10
4805,77089,0,10,1,5
8591,564320,1,1000,1,15
654,899743,0,10,1,14
840,445574,0,10,1,8
1625,966105,0,10,1,9
4482,932804,0,10,1,2
7996,436274,0,10,1,12
7987,53074,1,1000,1,3
114,750946,0,10,1,2
8,541388,1,1000,1,8
6207,398180,1,1000,1,15
7462,534665,1,1000,1,6
9270,80686,0,10,1,6
9389,707112,1,1000,1,13
7746,234144,0,10,1,2
4750,396867,1,1000,1,14
7067,384495,0,10,1,11
5344,533615,1,1000,1,0
6668,706956,0,10,1,12
2577,512716,1,1000,1,1
9601,901933,1,1000,1,1
9922,332281,0,10,1,2
5974,637997,0,10,1,6
5196,421433,1,1000,1,12
9947,133828,0,10,1,11
399,247498,0,10,1,15
7790,448574,1,1000,1,14
978,94547,1,1000,1,2
3506,600587,0,10,1,2
9160,391631,0,10,1,8
1519,91269,0,10,1,15
4607,565067,1,1000,1,15
4620,40599,0,10,1,12
4338,272093,1,1000,1,2
3297,319483,1,1000,1,1
542,620125,1,1000,1,14
3163,688998,0,10,1,11
8133,704599,1,1000,1,5
5726,9090,1,1000,1,14
9805,504162,1,1000,1,13
7752,351933,1,1000,1,8
2975,260683,1,1000,1,15
6530,829445,1,1000,1,2
3117,930949,1,1000,1,13
5029,64467,0,10,1,5
4586,173800,1,1000,1,10
7879,524732,0,10,1,7
494,244195,1,1000,1,14
9874,185806,1,1000,1,2
9754,347913,1,1000,1,10
4517,534688,0,10,1,5
7840,393687,0,10,1,0
8114,169805,1,1000,1,2
7639,226893,1,1000,1,7
6993,214383,1,1000,1,1
4778,95189,0,10,1,10
7376,16042,0,10,1,0
1833,227068,1,1000,1,9
9923,783008,1,1000,1,3
1090,605067,0,10,1,2
8381,156944,0,10,1,13
1012,615703,0,10,1,4
4863,542361,1,1000,1,15
7959,881937,0,10,1,7
4998,240430,1,1000,1,6
1951,685759,1,1000,1,15
6300,91324,1,1000,1,12
2165,776608,0,10,1,5
8235,29318,1,1000,1,11
9531,805736,0,10,1,11
9700,952811,0,10,1,4
4507,657065,0,10,1,11
5215,887859,1,1000,1,15
2723,75734,0,10,1,3
1140,971012,1,1000,1,4
2359,644013,0,10,1,7
1918,470888,0,10,1,14
5680,791157,1,1000,1,0
3491,827304,0,10,1,3
6233,721959,0,10,1,9
1215,572379,0,10,1,15
6667,288607,1,1000,1,11
7460,204518,0,10,1,4
2298,829165,0,10,1,10
4458,301965,0,10,1,10
1831,388471,0,10,1,7
4912,738042,0,10,1,0
2737,189906,0,10,1,1
3531,815892,0,10,1,11
9078,48859,0,10,1,6
8246,600344,0,10,1,6
2763,23402,1,1000,1,11
268,382751,0,10,1,12
8307,544599,0,10,1,3
3878,703087,0,10,1,6
9046,272454,1,1000,1,6
4733,815375,1,1000,1,13
8503,908463,1,1000,1,7
5403,951909,0,10,1,11
5086,723518,1,1000,1,14
8768,642849,0,10,1,0
9868,26589,0,10,1,12
7675,201619,1,1000,1,11
4702,674483,0,10,1,14
6195,133561,1,1000,1,3
1479,316632,1,1000,1,7
8784,296605,1,1000,1,0
6601,34136,0,10,1,9
4995,722659,1,1000,1,3
9568,948794,1,1000,1,0
1206,544426,1,1000,1,6
6115,486800,0,10,1,3
3547,931037,0,10,1,11
4722,848195,1,1000,1,2
5717,507073,0,10,1,5
9616,851829,1,1000,1,0
7060,164840,1,1000,1,4
5293,78403,1,1000,1,13
7191,742255,1,1000,1,7
6258,320756,1,1000,1,2
9556,854634,0,10,1,4
6580,389364,0,10,1,4
27,748537,0,10,1,11
1350,928677,0,10,1,6
2638,930694,1,1000,1,14
4146,763603,0,10,1,2
4561,767322,1,1000,1,1
22,179773,0,10,1,6
9646,130685,0,10,1,14
6978,415944,1,1000,1,2
6765,847746,1,1000,1,13
855,943028,0,10,1,7
573,354631,0,10,1,13
7000,540668,1,1000,1,8
3789,64566,0,10,1,13
2134,5139,1,1000,1,6
5053,292348,0,10,1,13
2460,709722,1,1000,1,12
572,69891,1,1000,1,12
1525,381216,0,10,1,5
1886,801821,1,1000,1,14
5358,566662,1,1000,1,14
4427,672558,0,10,1,11
5270,534450,1,1000,1,6
189,995238,1,1000,1,13
2402,660696,1,1000,1,2
3263,999425,0,10,1,15
61,396247,0,10,1,13
1054,684346,0,10,1,14
2065,42595,0,10,1,1
8076,202338,1,1000,1,12
6443,965787,0,10,1,11
5013,798383,0,10,1,5
2342,209405,0,10,1,6
8766,6571,0,10,1,14
9086,7002,1,1000,1,14
2669,601735,0,10,1,13
1369,233973,0,10,1,9
2606,116444,1,1000,1,14
4069,692125,1,1000,1,5
3561,377394,1,1000,1,9
5307,747723,0,10,1,11
9848,529202,1,1000,1,8
8168,854302,1,1000,1,8
3030,535598,1,1000,1,6
5221,935672,0,10,1,5
8855,892565,1,1000,1,7
6859,477533,0,10,1,11
451,568010,0,10,1,3
4874,408831,0,10,1,10
4232,957234,1,1000,1,8
8058,123939,0,10,1,10
923,637231,1,1000,1,11
4480,684346,1,1000,1,0
3752,119506,0,10,1,8
4066,708162,0,10,1,2
934,529382,0,10,1,6
8049,168853,1,1000,1,1
3355,88485,1,1000,1,11
3065,526453,1,1000,1,9
9453,919668,1,1000,1,13
699,334316,0,10,1,11
2020,165872,0,10,1,4
5527,691863,1,1000,1,7
9828,431423,0,10,1,4
2378,111393,0,10,1,10
4140,41634,1,1000,1,12
1533,705936,1,1000,1,13
7472,915440,1,1000,1,0
7708,209869,1,1000,1,12
6706,66330,0,10,1,2
8420,318574,1,1000,1,4
436,45253,0,10,1,4
1217,904015,1,1000,1,1
1760,713536,1,1000,1,0
8659,155665,0,10,1,3
7982,724931,0,10,1,14
6341,218827,1,1000,1,5
8618,42094,1,1000,1,10
303,344067,1,1000,1,15
6307,817938,0,10,1,3
6971,702845,1,1000,1,11
3781,797043,0,10,1,5
1823,548003,0,10,1,15
5688,199396,1,1000,1,8
1357,268143,0,10,1,13
7318,657932,1,1000,1,6
9416,257208,0,10,1,8
5236,908831,1,1000,1,4
2358,604218,0,10,1,6
8256,776418,1,1000,1,0
3481,494579,0,10,1,9
5115,810258,0,10,1,11
7736,608303,0,10,1,8
1721,516696,0,10,1,9
8919,243617,1,1000,1,7
6339,307604,1,1000,1,3
1705,734329,0,10,1,9
7975,256831,1,1000,1,7
7551,240056,1,1000,1,15
944,305396,0,10,1,0
6984,794925,1,1000,1,8
830,308327,0,10,1,14
5235,184273,0,10,1,3
4814,110651,1,1000,1,14
2030,378575,1,1000,1,14
251,461396,1,1000,1,11
1266,668187,0,10,1,2
1535,939452,1,1000,1,15
2327,436908,1,1000,1,7
5435,814770,0,10,1,11
7366,332577,1,1000,1,6
1863,685296,1,1000,1,7
3187,521454,0,10,1,3
7610,888168,0,10,1,10
2653,515976,1,1000,1,13
9637,752829,0,10,1,5
815,526776,1,1000,1,15
4260,522043,0,10,1,4
4123,683161,0,10,1,11
3231,675922,1,1000,1,15
555,408695,0,10,1,11
8353,299038,1,1000,1,1
1214,356878,0,10,1,14
7882,657319,1,1000,1,10
2238,272634,1,1000,1,14
8188,788460,0,10,1,12
1203,406583,1,1000,1,3
8218,844985,1,1000,1,10
989,127465,0,10,1,13
5637,174939,0,10,1,5
95,45656,0,10,1,15
4521,150646,1,1000,1,9
2708,777032,1,1000,1,4
1146,660989,1,1000,1,10
7078,520699,0,10,1,6
7962,267828,0,10,1,10
250,273332,0,10,1,10
3045,472935,0,10,1,5
6487,828250,0,10,1,7
7138,954471,1,1000,1,2
7818,813696,1,1000,1,10
1368,61072,0,10,1,8
5864,961408,1,1000,1,8
879,189985,1,1000,1,15
8006,462524,0,10,1,6
7915,679105,1,1000,1,11
2057,836824,1,1000,1,9
1234,489418,0,10,1,2
691,620955,1,1000,1,3
8596,785256,1,1000,1,4
143,208478,1,1000,1,15
2688,978898,1,1000,1,0
2411,876688,1,1000,1,11
8342,755477,0,10,1,6
4016,560552,0,10,1,0
2613,275229,1,1000,1,5
8153,886725,0,10,1,9
1889,902388,0,10,1,1
1526,914564,0,10,1,6
3828,716129,1,1000,1,4
872,856940,1,1000,1,8
2076,10831,0,10,1,12
7630,895580,1,1000,1,14
6007,53834,1,1000,1,7
9073,634236,1,1000,1,1
4877,736569,1,1000,1,13
2776,703948,1,1000,1,8
4924,571644,1,1000,1,12
8300,317431,1,1000,1,12
6071,548907,0,10,1,7
7197,596747,1,1000,1,13
9281,512269,1,1000,1,1
5869,689953,0,10,1,13
3341,753555,0,10,1,13
9339,565045,0,10,1,11
7250,895449,1,1000,1,2
1461,620663,1,1000,1,5
8662,449161,1,1000,1,6
2855,469060,0,10,1,7
9796,401064,0,10,1,4
6613,399104,0,10,1,5
2874,140967,1,1000,1,10
3185,761529,0,10,1,1
3721,128813,1,1000,1,9
8479,174793,1,1000,1,15
522,42983,1,1000,1,10
8162,179847,0,10,1,2
6428,815245,1,1000,1,12
9098,254175,0,10,1,10
4954,407884,0,10,1,10
5571,628814,0,10,1,3
317,977524,0,10,1,13
7788,439058,0,10,1,12
2996,702438,1,1000,1,4
677,888094,0,10,1,5
8126,278410,0,10,1,14
6138,149851,1,1000,1,10
5148,110163,0,10,1,12
7223,475731,1,1000,1,7
7145,778968,0,10,1,9
9035,299823,0,10,1,11
5689,565467,0,10,1,9
8891,764774,1,1000,1,11
6311,783183,0,10,1,7
7381,31104,1,1000,1,5
9986,429236,0,10,1,2
5905,173201,0,10,1,1
4219,321630,0,10,1,11
3280,773408,0,10,1,0
9670,479874,1,1000,1,6
305,605511,1,1000,1,1
9550,194551,1,1000,1,14
8324,485505,1,1000,1,4
931,787662,0,10,1,3
3958,429762,1,1000,1,6
1420,900049,1,1000,1,12
1537,909812,1,1000,1,1
1649,337302,0,10,1,1
8359,113863,0,10,1,7
9109,36831,1,1000,1,5
3168,296719,0,10,1,0
8423,471129,0,10,1,7
638,697508,0,10,1,14
720,754262,0,10,1,0
9107,861306,1,1000,1,3
4091,321837,1,1000,1,11
6620,760747,0,10,1,12
2686,169151,0,10,1,14
6144,986698,1,1000,1,0
4314,175599,1,1000,1,10
6772,24780,0,10,1,4
5924,700426,0,10,1,4
2774,4488,1,1000,1,6
9479,908784,1,1000,1,7
5477,883441,1,1000,1,5
5551,710277,1,1000,1,15
4026,847966,0,10,1,10
2269,154826,0,10,1,13
1701,219085,1,1000,1,5
2698,464868,0,10,1,10
2167,274972,0,10,1,7
5769,231433,0,10,1,9
97,250952,0,10,1,1
1344,707555,1,1000,1,0
723,526114,1,1000,1,3
1126,266702,1,1000,1,6
2665,762422,1,1000,1,9
6375,20449,1,1000,1,7
1104,889153,1,1000,1,0
566,563659,0,10,1,6
4194,469820,1,1000,1,2
6926,597634,0,10,1,14
3004,477886,0,10,1,12
7112,90168,0,10,1,8
6426,803991,0,10,1,10
874,657481,1,1000,1,10
6,610269,0,10,1,6
4964,291876,1,1000,1,4
3845,289379,0,10,1,5
507,830857,1,1000,1,11
5519,173690,1,1000,1,15
4520,281995,1,1000,1,8
8924,203922,0,10,1,12
552,63086,1,1000,1,8
6143,203418,0,10,1,15
3826,544207,0,10,1,2
987,366925,1,1000,1,11
3036,299181,0,10,1,12
1258,510263,0,10,1,10
276,740758,1,1000,1,4
4926,203226,0,10,1,14
2401,382297,1,1000,1,1
4508,232433,0,10,1,12
3918,331809,0,10,1,14
8894,102181,0,10,1,14
1061,679935,1,1000,1,5
7327,625502,1,1000,1,15
7939,349231,1,1000,1,3
5037,768595,1,1000,1,13
8427,465272,1,1000,1,11
5155,340119,1,1000,1,3
8498,291688,0,10,1,2
2915,480484,0,10,1,3
3380,851540,0,10,1,4
4115,950257,0,10,1,3
6787,798385,0,10,1,3
1578,42569,1,1000,1,10
9929,411787,1,1000,1,9
9196,436332,1,1000,1,12
1653,15366,1,1000,1,5
1854,743286,0,10,1,14
2779,61896,1,1000,1,11
1207,12656,1,1000,1,7
1563,358651,0,10,1,11
7403,406963,1,1000,1,11
1076,74559,0,10,1,4
7493,536083,0,10,1,5
4671,785570,1,1000,1,15
8118,165570,1,1000,1,6
75,517661,1,1000,1,11
8289,796792,1,1000,1,1
5652,608365,0,10,1,4
6270,588854,1,1000,1,14
9747,573520,0,10,1,3
1279,899529,0,10,1,15
8634,622389,1,1000,1,10
1978,505435,0,10,1,10
5324,462727,0,10,1,12
579,664746,1,1000,1,3
6051,251154,1,1000,1,3
904,508903,0,10,1,8
5823,619857,0,10,1,15
1888,586252,0,10,1,0
5471,777017,1,1000,1,15
4094,850402,1,1000,1,14
1650,427757,0,10,1,2
3053,393381,1,1000,1,13
1522,33608,0,10,1,2
7442,792124,0,10,1,2
6436,770737,1,1000,1,4
7234,904548,0,10,1,2
4164,587666,1,1000,1,4
8789,241428,0,10,1,5
3563,519739,1,1000,1,11
289,187215,0,10,1,1
832,467130,1,1000,1,0
48,913636,1,1000,1,0
5102,809256,1,1000,1,14
8439,649460,1,1000,1,7
8571,99553,0,10,1,11
2304,381961,1,1000,1,0
505,475917,1,1000,1,9
6131,796633,0,10,1,3
7325,631963,0,10,1,13
5402,831969,0,10,1,10
4369,975655,1,1000,1,1
6280,345782,0,10,1,8
4213,612603,0,10,1,5
2485,659441,1,1000,1,5
4358,975081,1,1000,1,6
7492,233300,0,10,1,4
2412,325835,1,1000,1,12
7055,503012,1,1000,1,15
8570,275380,0,10,1,10
2002,822465,1,1000,1,2
1634,485072,1,1000,1,2
5341,950518,1,1000,1,13
9587,347459,0,10,1,3
3466,829728,1,1000,1,10
117,891330,1,1000,1,5
4442,88866,1,1000,1,10
2809,148568,1,1000,1,9
4118,590578,1,1000,1,6
3971,120174,1,1000,1,3
5604,642653,0,10,1,4
5383,167793,0,10,1,7
826,596629,1,1000,1,10
214,947467,1,1000,1,6
1902,778653,1,1000,1,14
8966,668850,0,10,1,6
3455,510654,0,10,1,15
2652,697216,0,10,1,12
7540,589196,0,10,1,4
8431,239104,0,10,1,15
2019,123835,1,1000,1,3
6264,684092,0,10,1,8
8967,138490,1,1000,1,7
8172,386684,0,10,1,12
5929,233249,1,1000,1,9
1375,841069,0,10,1,15
1099,987671,0,10,1,11
8716,715722,0,10,1,12
3644,719964,1,1000,1,12
7410,301422,0,10,1,2
1808,179064,0,10,1,0
1186,925358,0,10,1,2
2058,626292,0,10,1,10
4993,682922,1,1000,1,1
3449,703705,0,10,1,9
3500,434146,0,10,1,12
4834,113643,1,1000,1,2
8705,199798,1,1000,1,1
5018,838750,1,1000,1,10
5249,950761,1,1000,1,1
6892,483653,0,10,1,12
1757,131100,0,10,1,13
4278,157660,1,1000,1,6
7773,77082,0,10,1,13
4319,521620,0,10,1,15
2207,259475,0,10,1,15
9871,38777,0,10,1,15
1132,788712,1,1000,1,12
373,280204,1,1000,1,5
9194,234360,1,1000,1,10
8286,174880,1,1000,1,14
6429,237167,1,1000,1,13
6036,596424,1,1000,1,4
239,397436,0,10,1,15
474,190973,0,10,1,10
6921,670241,1,1000,1,9
7169,329554,1,1000,1,1
4542,211305,1,1000,1,14
6338,155430,1,1000,1,2
8458,42492,0,10,1,10
8945,66679,0,10,1,1
5610,469260,0,10,1,10
9797,536154,0,10,1,5
9945,755043,0,10,1,9
9295,34913,0,10,1,15
9370,878012,0,10,1,10
3920,170326,1,1000,1,0
7505,468470,0,10,1,1
7961,832515,1,1000,1,9
4030,815146,0,10,1,14
9189,85462,1,1000,1,5
4713,309619,0,10,1,9
7097,907644,0,10,1,9
5303,551636,0,10,1,7
9471,504140,1,1000,1,15
1985,480915,1,1000,1,1
7344,306957,0,10,1,0
1788,296147,0,10,1,12
3701,442815,0,10,1,5
7844,708546,1,1000,1,4
6337,524523,1,1000,1,1
670,611739,1,1000,1,14
5648,202248,0,10,1,0
1596,955836,0,10,1,12
5008,730036,1,1000,1,0
2859,181821,1,1000,1,11
7690,243324,1,1000,1,10
8127,622728,0,10,1,15
831,274526,0,10,1,15
4082,607713,1,1000,1,2
6056,673935,0,10,1,8
4763,212297,0,10,1,11
5216,747102,1,1000,1,0
3080,990904,1,1000,1,8
5673,159563,1,1000,1,9
5780,268793,0,10,1,4
420,459366,0,10,1,4
2914,935175,0,10,1,2
4899,987964,0,10,1,3
9001,227288,1,1000,1,9
5173,725691,0,10,1,5
1974,640099,1,1000,1,6
3379,972052,0,10,1,3
2448,317375,1,1000,1,0
5725,550615,1,1000,1,13
6683,742597,1,1000,1,11
15,699572,0,10,1,15
7048,838943,0,10,1,8
9615,646713,0,10,1,15
7531,999993,1,1000,1,11
7608,156364,0,10,1,8
4407,51703,1,1000,1,7
1962,422160,0,10,1,10
5647,147005,1,1000,1,15
4504,812006,0,10,1,8
4502,757087,0,10,1,6
7260,400394,1,1000,1,12
3302,221270,0,10,1,6
8753,990899,0,10,1,1
1273,920746,0,10,1,9
6701,891842,1,1000,1,13
2305,749411,0,10,1,1
5335,393202,0,10,1,7
8200,645497,1,1000,1,8
347,127306,0,10,1,11
7352,192230,1,1000,1,8
9157,401074,1,1000,1,5
7954,325757,1,1000,1,2
6089,259034,1,1000,1,9
5572,243809,1,1000,1,4
1550,735989,1,1000,1,14
4113,120538,1,1000,1,1
9994,764448,0,10,1,10
899,775338,0,10,1,3
5995,124688,0,10,1,11
6010,633717,0,10,1,10
2981,432688,1,1000,1,5
5850,912117,0,10,1,10
8477,783523,0,10,1,13
1616,504398,0,10,1,0
4721,965253,1,1000,1,1
1666,661423,0,10,1,2
6735,627914,1,1000,1,15
6599,793373,0,10,1,7
3463,549555,1,1000,1,7
8877,710235,0,10,1,13
7654,415774,0,10,1,6
1083,453909,0,10,1,11
6353,634379,0,10,1,1
1816,881992,0,10,1,8
2899,317195,1,1000,1,3
4816,141603,1,1000,1,0
1750,55886,0,10,1,6
1815,25929,1,1000,1,7
3362,815824,0,10,1,2
8486,666453,1,1000,1,6
8543,200311,0,10,1,15
3435,712834,0,10,1,11
3892,33189,1,1000,1,4
2765,919711,0,10,1,13
9307,543072,0,10,1,11
8499,14438,0,10,1,3
8220,629917,1,1000,1,12
7721,682704,1,1000,1,9
4138,275899,0,10,1,10
1881,137562,1,1000,1,9
7700,651160,1,1000,1,4
473,963525,0,10,1,9
3121,436645,0,10,1,1
8667,119070,1,1000,1,11
6333,275191,0,10,1,13
6610,530245,0,10,1,2
5564,922677,0,10,1,12
3865,608912,0,10,1,9
5492,642224,0,10,1,4
2630,234998,1,1000,1,6
9025,523551,0,10,1,1
4951,989423,1,1000,1,7
852,637948,1,1000,1,4
2583,14755,0,10,1,7
3713,112440,0,10,1,1
1080,855689,1,1000,1,8
2252,464656,0,10,1,12
4810,6964,0,10,1,10
4318,33815,0,10,1,14
5010,165080,0,10,1,2
2552,33204,0,10,1,8
9516,221534,0,10,1,12
1456,139914,1,1000,1,0
9132,428744,1,1000,1,12
5709,822294,1,1000,1,13
6671,973080,0,10,1,15
36,947528,1,1000,1,4
5393,90054,0,10,1,1
4746,461238,1,1000,1,10
534,151646,1,1000,1,6
1893,955566,0,10,1,5
5842,735093,0,10,1,2
3565,474435,1,1000,1,13
5175,484848,0,10,1,7
9103,800113,0,10,1,15
5191,674787,0,10,1,7
8985,848212,0,10,1,9
2463,321549,1,1000,1,15
4617,977689,1,1000,1,9
5646,996125,1,1000,1,14
598,225436,1,1000,1,6
5405,269052,1,1000,1,13
6936,636209,0,10,1,8
4401,7211,0,10,1,1
6005,530475,1,1000,1,5
4748,388360,0,10,1,12
8348,906944,0,10,1,12
2119,321471,0,10,1,7
5285,469427,0,10,1,5
466,248666,1,1000,1,2
719,324705,0,10,1,15
1855,753750,1,1000,1,15
463,629618,1,1000,1,15
7542,319665,1,1000,1,6
6933,459260,0,10,1,5
7743,620158,0,10,1,15
2311,932500,1,1000,1,7
885,687250,0,10,1,5
5575,525523,1,1000,1,7
7901,566307,0,10,1,13
278,62298,1,1000,1,6
953,309045,1,1000,1,9
4883,325161,0,10,1,3
4234,144822,0,10,1,10
5732,506716,1,1000,1,4
2175,389313,0,10,1,15
6155,820520,1,1000,1,11
2884,712425,0,10,1,4
174,854882,0,10,1,14
9819,52501,0,10,1,11
8583,442859,0,10,1,7
8023,646599,0,10,1,7
4851,688684,1,1000,1,3
7295,740927,0,10,1,15
7963,715106,0,10,1,11
3944,587249,1,1000,1,8
7801,757021,0,10,1,9
1772,624774,0,10,1,12
9813,674582,1,1000,1,5
4922,788741,0,10,1,10
9044,669851,0,10,1,4
6712,528294,1,1000,1,8
4465,108559,0,10,1,1
6602,42815,1,1000,1,10
7714,278897,1,1000,1,2
6356,984759,1,1000,1,4
6797,598080,0,10,1,13
2063,951306,1,1000,1,15
545,879424,1,1000,1,1
2294,674163,0,10,1,6
6210,75712,1,1000,1,2
9441,917734,1,1000,1,1
1277,620168,1,1000,1,13
2368,534961,0,10,1,0
5550,1107,0,10,1,14
8851,846176,1,1000,1,3
8696,311569,1,1000,1,8
1386,439466,0,10,1,10
6423,223172,1,1000,1,7
6743,815995,0,10,1,7
9060,697138,0,10,1,4
107,735239,0,10,1,11
3668,131308,0,10,1,4
8637,844529,0,10,1,13
8102,492094,0,10,1,6
2407,467926,1,1000,1,7
1004,297140,1,1000,1,12
4227,942853,0,10,1,3
3613,278534,0,10,1,13
4258,267035,1,1000,1,2
7096,288159,1,1000,1,8
9726,541230,1,1000,1,14
2213,579211,0,10,1,5
5893,90463,1,1000,1,5
5286,271046,0,10,1,6
7742,865037,0,10,1,14
3621,834717,1,1000,1,5
5027,200840,0,10,1,3
8683,921454,0,10,1,11
9756,19669,1,1000,1,12
1979,655311,1,1000,1,11
121,797762,1,1000,1,9
2212,458335,0,10,1,4
7483,895566,1,1000,1,11
5846,925241,0,10,1,6
8312,176997,1,1000,1,8
2979,115865,1,1000,1,3
2028,911446,0,10,1,12
4313,630201,0,10,1,9
2637,323204,0,10,1,13
3864,851765,0,10,1,8
7998,318301,1,1000,1,14
5443,178920,1,1000,1,3
6900,712750,0,10,1,4
3883,842670,0,10,1,11
5868,813656,1,1000,1,12
16,813000,0,10,1,0
9349,307584,0,10,1,5
3942,274518,1,1000,1,6
8538,211708,0,10,1,10
2767,657168,0,10,1,15
2812,577081,1,1000,1,12
1460,354459,0,10,1,4
5936,801487,0,10,1,0
1828,516863,0,10,1,4
32,20754,1,1000,1,0
7364,899249,1,1000,1,4
7836,567343,1,1000,1,12
2635,870274,0,10,1,11
386,88564,1,1000,1,2
7883,113476,0,10,1,11
6075,677323,1,1000,1,11
9113,305013,0,10,1,9
9218,84481,0,10,1,2
2944,337317,0,10,1,0
5505,453359,0,10,1,1
8580,333699,1,1000,1,4
3663,428812,0,10,1,15
4182,203772,0,10,1,6
3929,370479,0,10,1,9
5179,391204,1,1000,1,11
3726,350785,1,1000,1,14
7047,694329,0,10,1,7
3329,221771,1,1000,1,1
4321,832933,0,10,1,1
4563,67213,1,1000,1,3
2935,88011,1,1000,1,7
5941,908045,0,10,1,5
3523,95926,1,1000,1,3
5486,259809,0,10,1,14
4251,826267,0,10,1,11
5809,105160,0,10,1,1
109,739157,0,10,1,13
1765,675328,1,1000,1,5
7092,888639,0,10,1,4
4226,246471,1,1000,1,2
3424,317002,1,1000,1,0
5692,73427,0,10,1,12
7057,879923,1,1000,1,1
4699,589650,1,1000,1,11
8736,425573,0,10,1,0
5430,834860,1,1000,1,6
7347,962244,0,10,1,3
271,901112,1,1000,1,15
6825,587818,1,1000,1,9
177,837030,1,1000,1,1
8896,244875,1,1000,1,0
2229,200323,0,10,1,5
6361,916704,1,1000,1,9
356,781258,0,10,1,4
1481,213386,1,1000,1,9
4141,181622,0,10,1,13
1149,195781,0,10,1,13
7669,723134,0,10,1,5
3881,447938,1,1000,1,9
5895,551269,0,10,1,7
9880,782310,0,10,1,8
4129,351011,1,1000,1,1
4600,316289,1,1000,1,8
2348,904940,1,1000,1,12
4428,641584,1,1000,1,12
7342,698564,0,10,1,14
6485,697883,0,10,1,5
9524,232704,1,1000,1,4
6184,335234,1,1000,1,8
6340,513031,0,10,1,4
760,277366,1,1000,1,8
554,141614,1,1000,1,10
6170,980934,1,1000,1,10
1633,626877,1,1000,1,1
1345,161926,0,10,1,1
5090,740276,0,10,1,2
9444,986637,0,10,1,4
5739,952807,1,1000,1,11
3136,363945,0,10,1,0
823,19394,0,10,1,7
8540,270810,0,10,1,12
7587,750475,1,1000,1,3
1875,77999,0,10,1,3
7591,107278,1,1000,1,7
6221,632418,0,10,1,13
7825,694233,0,10,1,1
8787,543000,0,10,1,3
5480,691165,1,1000,1,8
1545,918073,0,10,1,9
8495,583508,0,10,1,15
6910,550082,0,10,1,14
6763,652685,0,10,1,11
3434,940765,1,1000,1,10
9068,251080,0,10,1,12
8019,899463,1,1000,1,3
3304,427129,0,10,1,8
3728,749447,0,10,1,0
5212,465709,0,10,1,12
9891,131272,1,1000,1,3
4206,650236,1,1000,1,14
5439,770934,0,10,1,15
2797,907895,1,1000,1,13
3097,838247,1,1000,1,9
1861,111331,0,10,1,5
8469,504427,1,1000,1,5
7719,733859,0,10,1,7
4289,200909,1,1000,1,1
3262,402522,0,10,1,14
7436,838934,0,10,1,12
5686,875146,1,1000,1,6
608,807612,1,1000,1,0
9759,859798,0,10,1,15
2539,624286,1,1000,1,11
146,367172,1,1000,1,2
3057,875930,1,1000,1,1
2612,909989,0,10,1,4
8322,785724,0,10,1,2
5371,643374,1,1000,1,11
2845,869716,1,1000,1,13
3990,197080,1,1000,1,6
9895,535752,1,1000,1,7
2012,252685,1,1000,1,12
1486,466438,0,10,1,14
683,541601,0,10,1,11
4461,321636,0,10,1,13
4789,837178,1,1000,1,5
3291,643606,1,1000,1,11
3536,59693,1,1000,1,0
8482,533083,0,10,1,2
1038,611081,0,10,1,14
2582,355738,0,10,1,6
9110,677657,0,10,1,6
4214,802219,0,10,1,6
3528,866790,1,1000,1,8
1959,944354,1,1000,1,7
4611,667883,1,1000,1,3
7421,670811,0,10,1,13
6367,370241,1,1000,1,15
4487,452274,0,10,1,7
2354,839955,1,1000,1,2
1501,655381,0,10,1,13
5020,894651,1,1000,1,12
4540,453654,0,10,1,12
9547,345479,1,1000,1,11
5595,906575,0,10,1,11
9755,297535,0,10,1,11
4798,297932,0,10,1,14
9337,147202,0,10,1,9
4149,609857,0,10,1,5
2180,218554,1,1000,1,4
4950,228157,1,1000,1,6
3201,957494,1,1000,1,1
7624,38183,1,1000,1,8
9953,663482,1,1000,1,1
1715,187150,1,1000,1,3
4295,40215,0,10,1,7
9299,203395,0,10,1,3
3991,535588,1,1000,1,7
8202,423865,1,1000,1,10
7632,200591,0,10,1,0
1151,926117,1,1000,1,15
7503,565033,0,10,1,15
5156,192661,0,10,1,4
1398,647748,1,1000,1,6
9064,858123,1,1000,1,8
4911,509773,0,10,1,15
6299,989252,0,10,1,11
6078,216238,1,1000,1,14
6739,253221,1,1000,1,3
2216,247733,1,1000,1,8
5057,283638,1,1000,1,1
9688,29917,1,1000,1,8
8880,663319,1,1000,1,0
7810,796307,1,1000,1,2
3014,846308,1,1000,1,6
1622,828500,1,1000,1,6
4692,387259,0,10,1,4
6097,648973,0,10,1,1
4037,727856,0,10,1,5
2823,467814,1,1000,1,7
5898,573729,1,1000,1,10
46,984765,1,1000,1,14
1607,451238,0,10,1,7
8110,100271,0,10,1,14
3866,517032,1,1000,1,10
1722,263264,1,1000,1,10
2969,936638,1,1000,1,9
7098,53402,0,10,1,10
3127,245728,0,10,1,7
8109,668038,1,1000,1,13
2466,642970,1,1000,1,2
7177,992230,0,10,1,9
8067,21896,0,10,1,3
1307,817082,1,1000,1,11
3899,329005,1,1000,1,11
7133,581571,1,1000,1,13
7441,414976,0,10,1,1
6512,52105,0,10,1,0
9305,761808,0,10,1,9
4385,990545,0,10,1,1
5250,233972,1,1000,1,2
3283,672462,1,1000,1,3
6035,980621,0,10,1,3
1848,781812,0,10,1,8
9050,289215,1,1000,1,10
2109,267260,1,1000,1,13
4276,213929,0,10,1,4
1534,908263,0,10,1,14
6254,620838,1,1000,1,14
7203,286591,1,1000,1,3
7132,887057,0,10,1,12
9657,404103,1,1000,1,9
2671,471319,1,1000,1,15
6225,439058,0,10,1,1
7953,915161,1,1000,1,1
4638,955227,0,10,1,14
1618,84010,0,10,1,2
1415,748113,0,10,1,7
6630,616448,0,10,1,6
6877,703127,1,1000,1,13
6038,634458,0,10,1,6
3345,72469,0,10,1,1
1606,982644,1,1000,1,6
4901,28681,0,10,1,5
3748,158723,1,1000,1,4
6086,533209,1,1000,1,6
2571,430934,0,10,1,11
9127,489250,0,10,1,7
6262,568138,0,10,1,6
4797,539031,0,10,1,13
3951,475543,1,1000,1,15
9118,37366,0,10,1,14
6826,803368,0,10,1,10
4418,698059,1,1000,1,2
7761,16033,1,1000,1,1
3179,425328,0,10,1,11
2049,31203,0,10,1,1
5032,996804,1,1000,1,8
8730,848683,1,1000,1,10
1034,573238,1,1000,1,10
841,375955,1,1000,1,9
9454,465164,1,1000,1,14
1317,590157,1,1000,1,5
8964,791153,0,10,1,4
2827,971941,1,1000,1,11
8391,304496,0,10,1,7
2743,915905,0,10,1,7
4522,4615,0,10,1,10
7848,374281,1,1000,1,8
5528,839427,0,10,1,8
3048,310432,1,1000,1,8
1896,192653,1,1000,1,8
4108,648289,1,1000,1,12
5085,729836,0,10,1,13
3792,861522,0,10,1,0
4703,493990,0,10,1,15
6981,798972,1,1000,1,5
1119,942269,0,10,1,15
2837,43670,1,1000,1,5
4529,824877,1,1000,1,1
858,68414,0,10,1,10
5951,808885,1,1000,1,15
2452,822020,1,1000,1,4
3606,961316,0,10,1,6
3417,657794,0,10,1,9
4523,117827,1,1000,1,11
3829,760422,1,1000,1,5
4432,408505,1,1000,1,0
440,972044,1,1000,1,8
7213,848956,1,1000,1,13
9498,559202,1,1000,1,10
9558,104455,0,10,1,6
3912,880157,0,10,1,8
6631,299521,1,1000,1,7
9356,357169,0,10,1,12
1229,496224,0,10,1,13
2316,127517,0,10,1,12
34,318559,0,10,1,2
3162,915252,0,10,1,10
3857,56868,1,1000,1,1
689,14691,0,10,1,1
1163,348713,1,1000,1,11
740,414520,1,1000,1,4
3069,321890,1,1000,1,13
8714,958369,0,10,1,10
1753,694489,1,1000,1,9
4888,358305,1,1000,1,8
8062,506102,0,10,1,14
1353,641010,0,10,1,9
2896,881800,0,10,1,0
2592,252275,0,10,1,0
2664,36397,1,1000,1,8
9741,944765,0,10,1,13
9817,128324,1,1000,1,9
12,665205,1,1000,1,12
9244,102385,0,10,1,12
2586,351716,1,1000,1,10
6012,307081,1,1000,1,12
3461,169220,0,10,1,5
8627,948722,0,10,1,3
6072,87590,1,1000,1,8
5942,309785,1,1000,1,6
9363,234716,0,10,1,3
3922,763740,0,10,1,2
5288,425096,0,10,1,8
9749,47848,0,10,1,5
4204,651418,0,10,1,12
9641,212099,0,10,1,9
2421,190357,1,1000,1,5
501,759091,0,10,1,5
3690,66202,0,10,1,10
5240,853500,0,10,1,8
887,937834,0,10,1,7
7633,744870,1,1000,1,1
3801,239386,1,1000,1,9
5589,840401,0,10,1,5
5990,282770,0,10,1,6
5921,542691,0,10,1,1
7802,7266,0,10,1,10
4244,943137,0,10,1,4
3917,705648,1,1000,1,13
9238,828502,0,10,1,6
3268,350121,1,1000,1,4
5401,717009,0,10,1,9
7680,377631,1,1000,1,0
1925,473640,1,1000,1,5
5036,833684,1,1000,1,12
7139,745312,1,1000,1,3
2826,59375,1,1000,1,10
5878,694071,0,10,1,6
5200,897632,1,1000,1,0
8069,630715,1,1000,1,5
7911,485643,0,10,1,7
3392,90045,0,10,1,0
359,607522,1,1000,1,7
122,133719,0,10,1,10
8671,297862,1,1000,1,15
6496,454305,0,10,1,0
9920,111889,0,10,1,0
8518,608690,1,1000,1,6
6455,683242,1,1000,1,7
3173,43394,1,1000,1,5
1305,11926,1,1000,1,9
6182,488569,0,10,1,6
9399,998962,1,1000,1,7
8905,131044,1,1000,1,9
8141,413326,1,1000,1,13
909,75127,1,1000,1,13
7507,156582,0,10,1,3
9939,818188,0,10,1,3
1756,84990,1,1000,1,12
7658,744316,1,1000,1,10
597,236328,0,10,1,5
3893,905896,1,1000,1,5
6793,650467,1,1000,1,9
3228,515192,0,10,1,12
1425,557367,1,1000,1,1
8213,833823,0,10,1,5
5866,716019,0,10,1,10
870,160980,1,1000,1,6
1131,420979,1,1000,1,11
8248,792756,0,10,1,8
5019,164648,1,1000,1,11
4466,971124,0,10,1,2
5606,111987,0,10,1,6
7847,819797,1,1000,1,7
1439,76498,0,10,1,15
7613,516640,1,1000,1,13
7433,296176,1,1000,1,9
9706,669125,0,10,1,10
1575,560668,0,10,1,7
7449,941500,0,10,1,9
1867,587566,1,1000,1,11
9345,997810,0,10,1,1
1471,339180,0,10,1,15
4062,547852,1,1000,1,14
7212,777601,0,10,1,12
2185,171576,1,1000,1,9
7258,440713,1,1000,1,10
9882,376891,0,10,1,10
2925,328136,0,10,1,13
7268,365988,0,10,1,4
340,996983,0,10,1,4
6824,466388,0,10,1,8
2959,127886,0,10,1,15
3040,542335,0,10,1,0
227,751192,1,1000,1,3
9694,330969,1,1000,1,14
2565,84537,1,1000,1,5
8148,345033,0,10,1,4
6321,632036,1,1000,1,1
7332,161199,0,10,1,4
620,451856,1,1000,1,12
7434,264617,0,10,1,10
2287,721929,1,1000,1,15
925,819980,1,1000,1,13
2162,516901,1,1000,1,2
8282,138240,1,1000,1,10
9774,140872,0,10,1,14
2094,922626,0,10,1,14
3476,711724,1,1000,1,4
657,711185,0,10,1,1
4959,678300,1,1000,1,15
6046,920853,1,1000,1,14
4228,763167,0,10,1,4
2128,259652,1,1000,1,0
8847,248350,0,10,1,15
6510,90840,0,10,1,14
2875,307047,1,1000,1,11
256,447282,1,1000,1,0
7532,613001,1,1000,1,12
1318,740285,0,10,1,6
4695,330095,1,1000,1,7
6836,222568,0,10,1,4
527,166315,1,1000,1,15
2505,937675,0,10,1,9
4828,487553,1,1000,1,12
7812,169289,1,1000,1,4
4681,989437,1,1000,1,9
6079,907290,0,10,1,15
6239,267465,1,1000,1,15
606,421662,0,10,1,14
3842,970423,0,10,1,2
4350,748933,0,10,1,14
3605,891996,0,10,1,5
1078,211713,1,1000,1,6
7861,107034,0,10,1,5
4196,485074,0,10,1,4
1907,379460,0,10,1,3
8532,816254,0,10,1,4
7395,714640,1,1000,1,3
8392,703653,0,10,1,8
8232,179074,0,10,1,8
2156,270619,1,1000,1,12
6488,603974,1,1000,1,8
7233,126813,1,1000,1,1
8091,837537,1,1000,1,11
2391,871312,0,10,1,7
669,160897,0,10,1,13
5111,51456,0,10,1,7
9279,696398,0,10,1,15
2082,93810,1,1000,1,2
2762,568110,0,10,1,10
7321,101203,0,10,1,9
5979,885752,1,1000,1,11
2335,794326,1,1000,1,15
2478,550015,0,10,1,14
2951,400179,1,1000,1,7
2137,301371,0,10,1,9
9669,812589,0,10,1,5
220,996811,0,10,1,12
1661,257126,1,1000,1,13
6574,31640,1,1000,1,14
867,62911,1,1000,1,3
2817,612513,1,1000,1,1
5557,732910,1,1000,1,5
9282,881583,1,1000,1,2
6186,77286,0,10,1,10
5103,477466,1,1000,1,15
6554,63980,0,10,1,10
8033,711357,0,10,1,1
9966,300243,1,1000,1,14
1838,733122,1,1000,1,14
8885,844254,1,1000,1,5
9766,704109,1,1000,1,6
4601,43149,1,1000,1,9
764,379223,1,1000,1,12
5193,539522,0,10,1,9
3648,500223,0,10,1,0
4269,139223,1,1000,1,13
6596,358500,0,10,1,4
3371,441061,1,1000,1,11
5531,934738,1,1000,1,11
3438,284607,1,1000,1,14
892,671972,1,1000,1,12
5087,600768,1,1000,1,15
7004,760743,0,10,1,12
6533,578260,0,10,1,5
3969,226773,1,1000,1,1
8542,761432,1,1000,1,14
2313,758187,1,1000,1,9
9727,947883,0,10,1,15
5720,130065,0,10,1,8
7458,133230,0,10,1,2
5198,852490,1,1000,1,14
1566,660848,1,1000,1,14
6286,718456,1,1000,1,14
1218,998591,1,1000,1,2
9804,560698,0,10,1,12
5497,900594,0,10,1,9
981,916120,1,1000,1,5
1825,459814,0,10,1,1
244,541349,0,10,1,4
1223,463285,1,1000,1,7
2044,540984,1,1000,1,12
9149,828591,1,1000,1,13
4015,409016,0,10,1,15
3344,869961,1,1000,1,0
4303,26536,0,10,1,15
8158,269708,0,10,1,14
9047,907392,0,10,1,7
7949,742263,0,10,1,13
6714,199649,1,1000,1,10
5959,444975,0,10,1,7
6768,291508,1,1000,1,0
1890,126379,0,10,1,2
8472,301382,0,10,1,8
2446,629080,1,1000,1,14
8459,785259,0,10,1,11
6563,85382,1,1000,1,3
2497,392742,0,10,1,1
5691,183551,0,10,1,11
8606,696314,0,10,1,14
6363,465624,0,10,1,11
5883,781939,0,10,1,11
7186,431755,0,10,1,2
3433,527442,0,10,1,9
3837,839018,0,10,1,13
7643,831142,0,10,1,11
4776,293079,1,1000,1,8
4907,787196,0,10,1,11
3099,697487,1,1000,1,11
6561,214059,0,10,1,1
7929,39481,0,10,1,9
6134,535165,1,1000,1,6
8564,289774,0,10,1,4
1158,825831,0,10,1,6
2933,83242,1,1000,1,5
5958,98657,0,10,1,6
7550,582131,1,1000,1,14
2970,30525,0,10,1,10
9560,463695,1,1000,1,8
3760,685294,1,1000,1,0
5272,961886,1,1000,1,8
3452,32851,0,10,1,12
6844,838044,0,10,1,12
1463,405447,1,1000,1,7
7330,128300,0,10,1,2
5613,700333,0,10,1,13
8358,15790,0,10,1,6
2429,660199,0,10,1,13
1813,729399,1,1000,1,5
3100,117795,1,1000,1,12
3468,3422,1,1000,1,12
7091,57540,0,10,1,3
3758,790358,0,10,1,14
5736,417613,0,10,1,8
8451,515432,1,1000,1,3
6373,480598,0,10,1,5
3335,184194,0,10,1,7
6345,346159,0,10,1,9
8046,808396,0,10,1,14
2787,923847,0,10,1,3
9927,2357,1,1000,1,7
3822,362196,1,1000,1,14
2350,710765,0,10,1,14
9719,526927,0,10,1,7
8210,385837,1,1000,1,2
9427,52749,0,10,1,3
4839,723307,1,1000,1,7
9472,212453,1,1000,1,0
3147,79002,0,10,1,11
3716,999244,1,1000,1,4
3372,409507,1,1000,1,12
5239,648794,1,1000,1,7
6133,574711,0,10,1,5
2184,765920,0,10,1,8
5421,540377,0,10,1,13
8108,60625,1,1000,1,12
2952,936561,0,10,1,8
1360,601042,1,1000,1,0
469,496592,0,10,1,5
9199,261580,1,1000,1,15
9042,845753,1,1000,1,2
8035,175852,1,1000,1,3
1594,476579,1,1000,1,10
5232,332574,1,1000,1,0
2422,456533,1,1000,1,6
4614,419146,0,10,1,6
613,877221,0,10,1,5
2974,659169,1,1000,1,14
4974,72990,0,10,1,14
6394,373270,1,1000,1,10
4375,803332,0,10,1,7
5258,684621,1,1000,1,10
7093,319620,1,1000,1,5
817,120054,0,10,1,1
5121,775336,0,10,1,1
5757,275628,0,10,1,13
5447,955888,0,10,1,7
5498,53406,0,10,1,10
506,541623,1,1000,1,10
1660,829172,0,10,1,12
25,169321,0,10,1,9
2950,176045,0,10,1,6
2619,561939,1,1000,1,11
9950,659847,1,1000,1,14
9775,775896,1,1000,1,15
4220,272524,1,1000,1,12
8437,939034,1,1000,1,5
84,776497,0,10,1,4
2484,464245,0,10,1,4
3267,453417,1,1000,1,3
8159,42391,1,1000,1,15
6625,616643,0,10,1,1
1904,333344,0,10,1,0
4830,417384,0,10,1,14
4174,863909,1,1000,1,14
4784,837743,1,1000,1,0
2041,712570,1,1000,1,9
9,598483,0,10,1,9
6470,566769,0,10,1,6
2332,105917,0,10,1,12
6275,315241,0,10,1,3
626,598644,0,10,1,2
9213,174803,1,1000,1,13
563,679997,1,1000,1,3
9101,172116,1,1000,1,13
1708,684828,1,1000,1,12
2364,595978,1,1000,1,12
7051,933500,1,1000,1,11
9661,485549,0,10,1,13
1330,306881,1,1000,1,2
5407,156209,0,10,1,15
7200,347011,1,1000,1,0
8611,64013,1,1000,1,3
9530,465361,1,1000,1,10
6946,54787,0,10,1,2
4826,192551,0,10,1,10
1903,751158,0,10,1,15
8025,737263,0,10,1,9
6979,866578,0,10,1,3
6711,892693,1,1000,1,7
8973,757057,0,10,1,13
3615,2938,1,1000,1,15
5774,586058,1,1000,1,14
7389,970715,0,10,1,13
6938,137602,1,1000,1,10
1996,719884,1,1000,1,12
9181,724387,0,10,1,13
3445,236255,1,1000,1,5
1191,593075,0,10,1,7
293,26992,1,1000,1,5
1672,15875,0,10,1,8
9434,721787,0,10,1,10
5521,611824,1,1000,1,1
8984,195589,1,1000,1,8
8775,299305,0,10,1,7
6842,900660,1,1000,1,10
1955,616950,1,1000,1,3
2510,407835,0,10,1,14
8330,450634,0,10,1,10
7917,69906,1,1000,1,13
1276,112272,1,1000,1,12
8554,614011,0,10,1,10
6390,141147,0,10,1,6
7109,195418,0,10,1,5
3125,122090,1,1000,1,5
491,215147,0,10,1,11
5636,162541,0,10,1,4
1751,940130,1,1000,1,7
1245,480247,1,1000,1,13
5384,353722,1,1000,1,8
4172,290928,0,10,1,12
2177,467218,0,10,1,1
6427,78365,1,1000,1,11
3479,5867,0,10,1,7
2532,618388,1,1000,1,4
6673,993860,0,10,1,1
8254,371130,1,1000,1,14
5275,49036,1,1000,1,11
7497,698990,0,10,1,9
8926,299019,0,10,1,14
1807,982035,0,10,1,15
3115,358220,0,10,1,11
4687,87861,1,1000,1,15
3560,302896,0,10,1,8
2493,17013,1,1000,1,13
2973,597513,1,1000,1,13
6241,420270,1,1000,1,1
8489,3407,1,1000,1,9
1923,164033,0,10,1,3
4844,116136,1,1000,1,12
4804,262056,0,10,1,4
5912,9889,1,1000,1,8
7016,895203,0,10,1,8
9400,936644,0,10,1,8
7216,620545,1,1000,1,0
3219,874301,0,10,1,3
2010,721511,1,1000,1,10
3946,840217,1,1000,1,10
5624,433733,1,1000,1,8
9354,973904,1,1000,1,10
3089,419023,0,10,1,1
2869,768270,0,10,1,5
8884,802482,1,1000,1,4
7642,554251,1,1000,1,10
5658,445811,1,1000,1,10
2346,252534,0,10,1,10
511,626516,1,1000,1,15
3994,675323,1,1000,1,10
7900,501329,1,1000,1,12
5113,191097,1,1000,1,9
5227,343404,0,10,1,11
3426,171945,1,1000,1,2
9308,465530,0,10,1,12
3631,839111,0,10,1,15
733,776690,1,1000,1,13
6087,40617,1,1000,1,7
2912,624940,1,1000,1,0
1617,981971,0,10,1,1
755,164214,1,1000,1,3
2761,516006,0,10,1,9
9515,119553,1,1000,1,11
4357,886694,0,10,1,5
49,995080,1,1000,1,1
3669,609318,0,10,1,5
6850,637495,1,1000,1,2
270,543615,0,10,1,14
4678,805270,1,1000,1,6
4709,142767,0,10,1,5
875,358066,1,1000,1,11
758,454184,1,1000,1,6
7473,374231,0,10,1,1
2506,915404,1,1000,1,10
1319,786531,0,10,1,7
2046,197169,0,10,1,14
8685,992276,0,10,1,13
367,372007,1,1000,1,15
4184,962733,1,1000,1,8
5469,228714,0,10,1,13
7699,781913,1,1000,1,3
6817,889007,1,1000,1,1
6782,727772,0,10,1,14
5220,445589,0,10,1,4
3239,119122,1,1000,1,7
8892,702071,1,1000,1,12
3175,561822,1,1000,1,7
9143,862266,0,10,1,7
2441,909115,0,10,1,9
7408,108943,0,10,1,0
6540,114523,0,10,1,12
1681,423365,0,10,1,1
1585,521956,0,10,1,1
7991,119558,0,10,1,7
6640,954069,1,1000,1,0
3765,135324,1,1000,1,5
5352,202492,0,10,1,8
7652,684444,0,10,1,4
7136,646061,1,1000,1,0
2783,284068,1,1000,1,15
7618,768513,0,10,1,2
9329,643889,0,10,1,1
161,179343,1,1000,1,1
2306,989070,1,1000,1,2
7994,506603,0,10,1,10
9237,637470,0,10,1,5
7687,334213,0,10,1,7
7183,640884,1,1000,1,15
643,900700,0,10,1,3
4001,649890,1,1000,1,1
9407,334409,0,10,1,15
6313,890636,0,10,1,9
3876,793711,0,10,1,4
4468,699369,0,10,1,4
8245,503814,0,10,1,5
5534,140132,1,1000,1,14
4576,838379,0,10,1,0
6281,26276,0,10,1,9
5228,64459,1,1000,1,12
8576,130912,0,10,1,0
9559,32482,0,10,1,7
1312,422463,1,1000,1,0
6759,450368,1,1000,1,7
7379,477914,0,10,1,3
9554,363481,1,1000,1,2
4554,626420,1,1000,1,10
793,863243,0,10,1,9
5049,370050,1,1000,1,9
1482,610191,0,10,1,10
3305,763991,1,1000,1,9
5574,950804,1,1000,1,6
8908,435928,0,10,1,12
5963,350178,1,1000,1,11
8134,570498,1,1000,1,6
3169,559787,0,10,1,1
866,204691,1,1000,1,2
6815,241554,0,10,1,15
485,920663,1,1000,1,5
7278,131305,0,10,1,14
4198,738102,1,1000,1,6
1646,398974,1,1000,1,14
2202,903325,0,10,1,10
2694,882532,0,10,1,6
9081,370794,1,1000,1,9
1747,42115,0,10,1,3
5397,182052,1,1000,1,5
2623,27806,0,10,1,15
8569,461790,1,1000,1,9
798,951308,1,1000,1,14
116,874786,1,1000,1,4
5946,605557,1,1000,1,10
8889,478374,0,10,1,9
9290,213894,1,1000,1,10
5437,28792,1,1000,1,13
4207,107530,0,10,1,15
9592,367153,0,10,1,8
4421,817392,1,1000,1,5
8764,696957,1,1000,1,12
1507,694474,1,1000,1,3
1178,950929,0,10,1,10
6190,867568,0,10,1,14
6678,600158,1,1000,1,6
3553,859453,0,10,1,1
6469,817642,1,1000,1,5
8887,225010,1,1000,1,7
9611,39215,1,1000,1,11
7255,135730,1,1000,1,7
2371,745277,1,1000,1,3
5291,726461,1,1000,1,11
6704,973059,1,1000,1,0
6459,516402,1,1000,1,11
1691,323276,0,10,1,11
4833,787623,1,1000,1,1
