id,value,flag,loop_count,retained,lookup_key
2726,113265,0,20,1,6
372,889689,0,20,1,4
7020,919218,1,10,1,12
5119,463698,0,20,1,15
2181,811677,0,20,1,5
7684,454633,1,10,1,4
5400,616015,1,10,1,8
7446,877156,1,10,1,6
2369,819930,1,10,1,1
1759,754826,0,20,1,15
5802,261090,0,20,1,10
6751,222881,1,10,1,15
1199,982751,0,20,1,15
6933,382667,1,10,1,5
2198,835432,1,10,1,6
7912,256578,1,10,1,8
5199,735532,1,10,1,15
4866,265236,1,10,1,2
4530,574627,0,20,1,2
1889,134035,1,10,1,1
5739,927111,0,20,1,11
5615,53957,0,20,1,15
5527,121743,1,10,1,7
5414,690649,1,10,1,6
972,613612,0,20,1,12
8488,395681,0,20,1,8
8838,500264,1,10,1,6
9229,379615,0,20,1,13
4567,344579,1,10,1,7
560,169325,1,10,1,0
8038,315472,1,10,1,6
8771,773789,1,10,1,3
9018,560827,0,20,1,10
2928,275184,0,20,1,0
386,468830,0,20,1,2
3728,194172,0,20,1,0
9366,768453,0,20,1,6
6777,129205,0,20,1,9
6397,776661,0,20,1,13
1236,997619,0,20,1,4
2819,166434,1,10,1,3
1513,942546,1,10,1,9
8255,408722,1,10,1,15
5948,943367,0,20,1,12
9171,261731,1,10,1,3
3629,713606,0,20,1,13
4712,937358,0,20,1,8
9638,242364,1,10,1,6
7489,528773,0,20,1,1
3171,906467,0,20,1,3
8050,170212,1,10,1,2
1882,482913,1,10,1,10
2536,395494,0,20,1,8
2923,769456,1,10,1,11
1173,928331,1,10,1,5
8321,403364,0,20,1,1
663,421254,0,20,1,7
838,779210,0,20,1,6
5775,370280,1,10,1,15
6550,482072,0,20,1,6
8959,466821,0,20,1,15
6647,518549,0,20,1,7
2383,926556,0,20,1,15
1107,293736,0,20,1,3
7456,281172,1,10,1,0
6742,302600,0,20,1,6
2100,927141,0,20,1,4
9713,489174,1,10,1,1
632,852136,0,20,1,8
9472,161766,0,20,1,0
9802,734366,1,10,1,10
7695,947661,0,20,1,15
1225,444300,1,10,1,9
2546,625879,1,10,1,2
4969,878026,0,20,1,9
7111,571448,0,20,1,7
7590,807338,1,10,1,6
1695,388207,1,10,1,15
8878,71050,1,10,1,14
1419,626886,0,20,1,11
692,405014,1,10,1,4
1344,812009,0,20,1,0
8205,862535,0,20,1,13
6211,251691,1,10,1,3
5148,337041,0,20,1,12
149,707546,0,20,1,5
2001,167303,0,20,1,1
6257,549103,1,10,1,1
249,459059,1,10,1,9
7102,509176,1,10,1,14
2897,439513,1,10,1,1
1056,677302,0,20,1,0
5032,544032,0,20,1,8
354,294094,0,20,1,2
3825,926373,0,20,1,1
2469,824887,1,10,1,5
5641,61415,0,20,1,9
834,756246,0,20,1,2
3344,339225,0,20,1,0
1774,331631,0,20,1,14
9807,668501,0,20,1,15
6588,709584,1,10,1,12
9722,359326,1,10,1,10
6597,919342,0,20,1,5
3874,762699,0,20,1,2
3150,4841,0,20,1,14
4072,529904,1,10,1,8
8595,827323,1,10,1,3
3122,247854,0,20,1,2
4920,542275,1,10,1,8
7226,4850,1,10,1,10
9621,88497,1,10,1,5
7494,902462,0,20,1,6
7033,920702,1,10,1,9
6965,342241,0,20,1,5
9016,146382,1,10,1,8
7515,42633,1,10,1,11
6285,836340,1,10,1,13
7451,65492,1,10,1,11
4282,159747,0,20,1,10
9485,319790,0,20,1,13
1177,361294,1,10,1,9
1123,930945,1,10,1,3
6795,762705,0,20,1,11
3972,53204,1,10,1,4
1464,303059,0,20,1,8
3872,406672,1,10,1,0
7295,353537,0,20,1,15
7160,637125,0,20,1,8
4545,908793,1,10,1,1
9166,597071,1,10,1,14
6317,569537,0,20,1,13
5372,453284,1,10,1,12
2859,481578,0,20,1,11
440,341662,0,20,1,8
1941,166600,1,10,1,5
6299,951054,1,10,1,11
3917,889123,1,10,1,13
1779,9689,0,20,1,3
8232,193125,0,20,1,8
3680,959196,0,20,1,0
8437,5774,0,20,1,5
7563,302645,1,10,1,11
3888,361256,0,20,1,0
1767,337489,1,10,1,7
1657,989535,0,20,1,9
6600,259849,1,10,1,8
6261,531523,0,20,1,5
9233,453699,0,20,1,1
1031,401038,0,20,1,7
9197,938508,1,10,1,13
2618,367479,0,20,1,10
1234,54177,1,10,1,2
5849,916099,0,20,1,9
1830,846579,0,20,1,6
1441,826670,1,10,1,1
1496,541726,1,10,1,8
8930,586093,1,10,1,2
383,893611,1,10,1,15
3989,990205,0,20,1,5
7466,856746,0,20,1,10
1240,691813,0,20,1,8
8492,560068,1,10,1,12
8511,661257,1,10,1,15
8938,611093,0,20,1,10
540,954100,0,20,1,12
6028,56567,0,20,1,12
1335,125103,0,20,1,7
8953,161009,0,20,1,9
9518,896196,1,10,1,14
5298,236403,1,10,1,2
1735,539871,1,10,1,7
1916,964239,1,10,1,12
5578,237370,0,20,1,10
5772,278024,0,20,1,12
449,102607,1,10,1,1
1309,816333,0,20,1,13
8763,275052,0,20,1,11
9444,311879,1,10,1,4
3391,758777,0,20,1,15
6946,915570,1,10,1,2
9164,837770,0,20,1,12
7194,77077,1,10,1,10
7547,247045,0,20,1,11
4840,103480,1,10,1,8
2178,75028,0,20,1,2
1995,188340,1,10,1,11
5540,983806,1,10,1,4
9816,277570,0,20,1,8
4416,189444,0,20,1,0
5915,638862,0,20,1,11
7018,93918,1,10,1,10
5216,774809,0,20,1,0
7843,595216,0,20,1,3
4285,180658,0,20,1,13
591,984036,0,20,1,15
7596,816537,0,20,1,12
7980,589014,1,10,1,12
7947,469332,0,20,1,11
8157,612250,0,20,1,13
1667,44576,1,10,1,3
4323,933685,0,20,1,3
7145,716107,1,10,1,9
6339,800073,0,20,1,3
9927,754407,1,10,1,7
3166,89381,1,10,1,14
8468,898736,0,20,1,4
3709,194684,0,20,1,13
2646,606824,1,10,1,6
5803,522592,1,10,1,11
109,532047,1,10,1,13
6358,330743,1,10,1,6
9678,884149,0,20,1,14
6239,476324,0,20,1,15
716,284566,0,20,1,12
5086,301578,0,20,1,14
3915,670968,1,10,1,11
9331,593260,1,10,1,3
7555,272171,1,10,1,3
8350,309013,1,10,1,14
3228,153242,1,10,1,12
6164,316949,1,10,1,4
755,588378,0,20,1,3
3366,287057,1,10,1,6
2942,994691,0,20,1,14
1853,395497,1,10,1,13
5588,765630,0,20,1,4
9174,358098,1,10,1,6
7970,495892,0,20,1,2
3133,599945,0,20,1,13
9728,626233,0,20,1,0
3206,450785,1,10,1,6
5514,303894,1,10,1,10
8664,411744,0,20,1,8
3395,679785,1,10,1,3
1896,833527,1,10,1,8
3091,630268,1,10,1,3
5301,678251,1,10,1,5
355,20551,0,20,1,3
7987,79948,0,20,1,3
7337,154130,0,20,1,9
6451,61407,0,20,1,3
495,641664,0,20,1,15
3775,852435,1,10,1,15
9650,195664,1,10,1,2
3761,435042,0,20,1,1
7264,127708,1,10,1,0
8409,429549,0,20,1,9
9906,959513,0,20,1,2
2808,708632,0,20,1,8
329,630570,1,10,1,9
84,537175,1,10,1,4
9036,218715,0,20,1,12
6215,539327,0,20,1,7
5332,888284,1,10,1,4
4326,948001,0,20,1,6
5553,304969,0,20,1,1
6760,317214,1,10,1,8
6980,593739,0,20,1,4
2403,988264,1,10,1,3
1845,27835,1,10,1,5
7786,764927,0,20,1,10
1440,247558,0,20,1,0
8334,241361,1,10,1,14
1895,785705,0,20,1,7
8622,142834,1,10,1,14
4361,239656,0,20,1,9
3912,437729,1,10,1,8
8498,936264,0,20,1,2
2028,314744,1,10,1,12
5643,24943,1,10,1,11
4809,969709,0,20,1,9
5152,209892,0,20,1,0
7196,158141,1,10,1,12
7729,165279,0,20,1,1
5686,77218,0,20,1,6
6306,498595,1,10,1,2
1305,274955,1,10,1,9
9715,867025,0,20,1,3
363,663099,1,10,1,11
5943,151256,0,20,1,7
675,496150,1,10,1,3
8859,484397,0,20,1,11
6615,560599,0,20,1,7
1568,422986,1,10,1,0
6582,298205,1,10,1,6
6283,136834,0,20,1,11
8441,400747,0,20,1,9
6060,465861,1,10,1,12
7796,871199,0,20,1,4
8493,85080,1,10,1,13
9107,760335,1,10,1,3
4892,995266,0,20,1,12
8005,334772,1,10,1,5
3469,831274,1,10,1,13
5666,265961,1,10,1,2
4127,635085,0,20,1,15
6367,959139,1,10,1,15
3063,361559,0,20,1,7
6234,227061,0,20,1,10
3415,149073,0,20,1,7
1933,28841,1,10,1,13
5966,672686,0,20,1,14
5385,854480,1,10,1,9
2871,255960,0,20,1,7
7089,615989,0,20,1,1
1095,577304,0,20,1,7
2662,568489,1,10,1,6
6474,585490,1,10,1,10
3668,188991,1,10,1,4
4103,928938,1,10,1,7
2024,225548,1,10,1,8
3781,549853,0,20,1,5
649,844515,1,10,1,9
887,592048,0,20,1,7
9883,590933,1,10,1,11
5811,948820,1,10,1,3
1009,235002,0,20,1,1
6831,697590,1,10,1,15
1246,56105,1,10,1,14
9318,161493,1,10,1,6
1809,468783,0,20,1,1
5279,675001,0,20,1,15
6303,651929,1,10,1,15
8098,953153,1,10,1,2
57,634643,0,20,1,9
6800,577067,0,20,1,0
6574,967625,1,10,1,14
9354,540402,0,20,1,10
2212,894422,0,20,1,4
6204,442134,1,10,1,12
9612,997677,1,10,1,12
1078,191124,0,20,1,6
5317,18803,0,20,1,5
5235,884439,1,10,1,3
923,223946,0,20,1,11
996,820996,1,10,1,4
1113,193463,1,10,1,9
6004,309484,1,10,1,4
3218,789524,0,20,1,2
8081,87799,1,10,1,1
8723,453077,0,20,1,3
5192,114751,0,20,1,8
5398,147571,0,20,1,6
2274,212898,1,10,1,2
2966,73738,1,10,1,6
8791,124787,1,10,1,7
8544,662138,1,10,1,0
3108,305002,1,10,1,4
4879,270291,0,20,1,15
859,402188,1,10,1,11
4173,212637,1,10,1,13
2241,895374,0,20,1,1
7711,416656,0,20,1,15
161,917510,1,10,1,1
9041,595340,1,10,1,1
4769,6149,0,20,1,1
5158,654987,1,10,1,6
6570,15391,1,10,1,10
4854,416423,1,10,1,6
6495,361499,0,20,1,15
6557,374391,1,10,1,13
6551,260172,1,10,1,7
7863,297353,1,10,1,7
4230,578776,0,20,1,6
281,365024,0,20,1,9
6328,267269,0,20,1,8
9739,862909,0,20,1,11
1913,290832,0,20,1,9
800,294282,1,10,1,0
4566,639863,1,10,1,6
5195,752744,0,20,1,11
8224,200381,0,20,1,0
3791,986248,1,10,1,15
6382,200562,0,20,1,14
2164,428291,0,20,1,4
693,662738,0,20,1,5
1310,131599,1,10,1,14
8735,233479,0,20,1,15
2671,442495,1,10,1,15
9544,487545,0,20,1,8
908,967799,1,10,1,12
9924,476292,1,10,1,4
2793,695003,1,10,1,9
7740,140728,1,10,1,12
6803,127200,0,20,1,3
1312,403463,0,20,1,0
7288,667650,1,10,1,8
1105,550873,1,10,1,1
8863,135335,1,10,1,15
20,39084,1,10,1,4
2744,528945,1,10,1,8
4856,21903,0,20,1,8
3405,499067,1,10,1,13
5965,728623,0,20,1,13
5096,331736,0,20,1,8
4180,622714,1,10,1,4
3318,94486,0,20,1,6
5308,446281,0,20,1,12
8136,562587,1,10,1,8
4600,224341,1,10,1,8
4884,580361,1,10,1,4
1267,43996,0,20,1,3
2020,317129,0,20,1,4
7996,570021,1,10,1,12
1971,646810,0,20,1,3
3186,403106,1,10,1,2
3990,880310,1,10,1,6
3641,801391,1,10,1,9
9001,491048,0,20,1,9
7296,637764,1,10,1,0
7063,739302,1,10,1,7
7760,643205,1,10,1,0
4929,776002,1,10,1,1
1085,470783,1,10,1,13
2158,601738,0,20,1,14
7901,951614,1,10,1,13
9803,821865,1,10,1,11
8880,503738,0,20,1,0
3080,118525,0,20,1,8
9494,662359,0,20,1,6
5416,749209,0,20,1,8
2490,24006,1,10,1,10
7118,132457,0,20,1,14
1587,602920,1,10,1,3
7594,857789,1,10,1,10
9840,568065,0,20,1,0
6077,909010,1,10,1,13
8042,193630,1,10,1,10
484,703488,1,10,1,4
4742,604004,0,20,1,6
4948,435296,0,20,1,4
9486,21935,0,20,1,14
7324,154626,0,20,1,12
9146,605438,1,10,1,10
5377,521078,0,20,1,1
5139,760788,0,20,1,3
4951,983737,1,10,1,7
3786,262079,1,10,1,10
5088,657545,0,20,1,0
6519,835277,1,10,1,7
7200,343589,0,20,1,0
9627,403025,1,10,1,11
1917,698159,0,20,1,13
4526,67673,0,20,1,14
2157,867090,0,20,1,13
6309,827224,1,10,1,5
9721,611507,1,10,1,9
5054,767037,1,10,1,14
5887,342910,1,10,1,15
3595,435203,1,10,1,11
5844,810625,0,20,1,4
4623,739198,1,10,1,15
5951,558416,1,10,1,15
6313,872453,0,20,1,9
8401,534633,0,20,1,1
5407,959613,1,10,1,15
8463,798366,1,10,1,15
5789,833143,0,20,1,13
7553,63612,0,20,1,1
5766,589180,0,20,1,6
2167,903439,1,10,1,7
2406,681012,0,20,1,6
1296,270550,1,10,1,0
7526,750285,1,10,1,6
1104,445130,1,10,1,0
2245,724157,0,20,1,5
2234,792869,0,20,1,10
4354,945582,0,20,1,2
4119,217804,0,20,1,7
4664,760112,0,20,1,8
5241,379907,0,20,1,9
59,741013,0,20,1,11
6934,623140,0,20,1,6
6847,230304,0,20,1,15
9763,463515,1,10,1,3
5455,617899,1,10,1,15
790,199641,1,10,1,6
3043,125268,0,20,1,3
8482,129830,0,20,1,2
2614,354249,0,20,1,6
5980,846070,1,10,1,12
7736,523847,0,20,1,8
7564,684054,1,10,1,12
3682,824446,0,20,1,2
4755,351340,1,10,1,3
4588,958259,0,20,1,12
3716,481141,1,10,1,4
6509,264765,0,20,1,13
9923,717310,1,10,1,3
1622,659271,1,10,1,6
4242,176427,1,10,1,2
1928,551291,0,20,1,8
527,930784,0,20,1,15
7078,370249,0,20,1,6
4389,752498,0,20,1,5
1414,90535,1,10,1,6
389,473104,0,20,1,5
5968,637859,1,10,1,0
8319,67018,0,20,1,15
3974,828368,1,10,1,6
8043,159702,1,10,1,11
184,910384,1,10,1,8
9284,638406,1,10,1,4
222,24066,1,10,1,14
9186,176281,1,10,1,2
9476,378668,1,10,1,4
9047,484474,1,10,1,7
9183,233084,0,20,1,15
8452,353199,1,10,1,4
2391,795210,1,10,1,7
3389,949043,0,20,1,13
1719,606126,0,20,1,7
2054,688161,0,20,1,6
578,74166,1,10,1,2
6940,166126,0,20,1,12
4680,953971,1,10,1,8
4785,691336,1,10,1,1
33,358555,1,10,1,1
2591,956262,0,20,1,15
7197,416157,0,20,1,13
8245,207359,0,20,1,5
4015,697913,1,10,1,15
4485,644278,0,20,1,5
4513,426697,1,10,1,1
5444,601003,0,20,1,4
4642,170106,1,10,1,2
5453,193900,0,20,1,13
4114,34979,1,10,1,2
3180,940151,1,10,1,12
4038,781998,1,10,1,6
9368,623384,0,20,1,8
8418,587589,1,10,1,2
8590,421866,1,10,1,14
1376,749417,1,10,1,0
3037,846150,0,20,1,13
8556,736385,0,20,1,12
4155,579539,1,10,1,11
5598,255302,0,20,1,14
4875,359853,0,20,1,11
4953,835767,0,20,1,9
609,529077,1,10,1,1
3779,981345,1,10,1,3
5365,581351,1,10,1,5
4508,893380,0,20,1,12
3829,676113,1,10,1,5
7168,112497,1,10,1,0
4603,327869,0,20,1,11
5342,808413,1,10,1,14
9261,367523,1,10,1,13
2426,809022,1,10,1,10
6576,114140,0,20,1,0
6542,630323,1,10,1,14
1108,500756,0,20,1,4
3731,272776,1,10,1,3
6453,934438,0,20,1,5
6970,751467,0,20,1,10
438,384456,1,10,1,6
8464,751278,0,20,1,0
7789,741841,1,10,1,13
2137,614828,0,20,1,9
685,398870,1,10,1,13
5927,490331,0,20,1,7
9232,386955,1,10,1,0
7249,196365,1,10,1,1
1604,515344,1,10,1,4
6154,543952,0,20,1,10
7624,291857,1,10,1,8
4419,541757,1,10,1,3
1973,951371,1,10,1,5
7009,766812,1,10,1,1
4878,678934,1,10,1,14
2027,988311,0,20,1,11
7503,586289,0,20,1,15
4591,911799,1,10,1,15
7664,19173,0,20,1,0
1435,912405,1,10,1,11
3958,492595,0,20,1,6
6016,320966,1,10,1,0
4885,204632,0,20,1,5
4918,163498,1,10,1,6
6871,726301,1,10,1,7
5847,295135,0,20,1,7
7951,485312,0,20,1,15
8832,40282,0,20,1,0
1354,707095,0,20,1,10
3602,66302,0,20,1,2
125,159562,1,10,1,13
6092,382062,0,20,1,12
9370,500865,0,20,1,10
5918,848597,1,10,1,14
1018,715982,0,20,1,10
4266,666210,0,20,1,10
9305,518315,1,10,1,9
3818,579428,0,20,1,10
6256,45286,0,20,1,0
9711,788524,0,20,1,15
8196,381144,1,10,1,4
6735,417018,0,20,1,15
8121,596052,1,10,1,9
9767,759175,0,20,1,7
1489,651405,1,10,1,1
5336,593024,0,20,1,8
4026,6849,1,10,1,10
5834,191801,1,10,1,10
863,560040,1,10,1,15
9327,508257,1,10,1,15
379,704642,1,10,1,11
4932,609548,1,10,1,4
8106,597627,0,20,1,10
1927,834339,1,10,1,7
9965,554782,1,10,1,13
6630,918465,1,10,1,6
5125,473767,0,20,1,5
8858,28738,0,20,1,10
9531,690402,0,20,1,11
8284,795474,0,20,1,12
7540,32568,0,20,1,4
2106,183114,1,10,1,10
775,87168,0,20,1,7
5172,680653,0,20,1,4
5923,964930,1,10,1,3
4,79087,0,20,1,4
9747,573262,1,10,1,3
1720,461118,1,10,1,8
1591,292707,1,10,1,7
9679,711999,1,10,1,15
6008,655233,0,20,1,8
8465,1943,0,20,1,1
2372,177928,1,10,1,4
9440,448347,0,20,1,0
4113,533484,1,10,1,1
6143,423063,1,10,1,15
4488,771070,1,10,1,8
7955,631674,0,20,1,3
1423,26798,0,20,1,15
8635,474059,0,20,1,11
81,454584,0,20,1,1
4049,857665,1,10,1,1
669,773699,1,10,1,13
2461,101231,0,20,1,13
5592,767890,1,10,1,8
8001,223424,1,10,1,1
6759,735780,1,10,1,7
8816,511531,0,20,1,0
5857,972194,0,20,1,1
2171,98677,0,20,1,11
6745,472838,0,20,1,9
393,513404,0,20,1,9
6343,241117,1,10,1,7
1092,356314,0,20,1,4
3463,53972,1,10,1,7
4783,685535,0,20,1,15
4821,633073,0,20,1,5
8643,673973,0,20,1,3
1708,723558,1,10,1,12
1829,612068,1,10,1,5
3403,621459,0,20,1,11
6456,257140,1,10,1,8
6977,18141,0,20,1,1
1946,631827,1,10,1,10
9812,619790,0,20,1,4
7484,549894,0,20,1,12
888,892016,0,20,1,8
6771,674778,1,10,1,3
766,328127,0,20,1,14
1932,201890,1,10,1,12
5278,975564,0,20,1,14
3968,149690,0,20,1,0
7660,951081,0,20,1,12
2304,192848,0,20,1,0
5898,936974,0,20,1,10
7610,410397,0,20,1,10
4139,353817,0,20,1,11
9842,915759,0,20,1,2
5223,409907,0,20,1,7
9914,772440,0,20,1,10
5685,769822,0,20,1,5
7545,311767,0,20,1,9
742,669340,1,10,1,6
8837,288408,1,10,1,5
5934,863823,0,20,1,14
7676,625558,1,10,1,12
4931,388039,1,10,1,3
4693,49384,0,20,1,5
5725,832092,1,10,1,13
202,544209,0,20,1,10
3088,495955,1,10,1,0
74,410454,0,20,1,10
36,74533,0,20,1,4
9583,999413,0,20,1,15
4246,566176,1,10,1,6
9616,966957,1,10,1,0
5989,343662,0,20,1,5
164,138463,0,20,1,4
9634,714507,1,10,1,2
9200,939829,0,20,1,0
5629,674362,1,10,1,13
26,738639,0,20,1,10
6048,617492,1,10,1,0
1176,484122,1,10,1,8
4108,498586,1,10,1,12
9399,982265,1,10,1,7
7186,100649,0,20,1,2
1676,424379,1,10,1,12
2742,587319,0,20,1,6
2810,172636,0,20,1,10
7253,26583,1,10,1,5
1762,921987,1,10,1,2
9127,370682,1,10,1,7
1682,217812,0,20,1,2
1651,509553,0,20,1,3
809,983177,1,10,1,9
9974,246350,1,10,1,6
7618,324557,0,20,1,2
5889,735483,0,20,1,1
4959,158849,0,20,1,15
9813,282537,0,20,1,5
9958,749918,0,20,1,6
1981,771589,1,10,1,13
1834,531094,0,20,1,10
325,399034,1,10,1,5
3042,958309,0,20,1,2
6879,114248,0,20,1,15
7650,164536,0,20,1,2
2949,390416,0,20,1,5
4410,193895,0,20,1,10
833,90108,1,10,1,1
2613,327685,0,20,1,5
9410,584222,1,10,1,2
5374,840569,0,20,1,14
8910,394858,1,10,1,14
432,549124,0,20,1,0
7368,491991,1,10,1,8
1327,610644,0,20,1,15
1505,875398,0,20,1,1
5153,963407,1,10,1,1
4099,807784,0,20,1,3
2069,329913,0,20,1,5
5104,31015,1,10,1,0
4318,976866,0,20,1,14
3929,970379,0,20,1,9
7480,55928,0,20,1,8
284,835250,0,20,1,12
1491,661355,1,10,1,3
7636,363171,0,20,1,4
7236,911825,1,10,1,4
3884,624572,0,20,1,12
1581,355893,1,10,1,13
7894,907749,1,10,1,6
7758,947490,0,20,1,14
5021,460941,0,20,1,13
9392,543326,1,10,1,0
813,266812,0,20,1,13
792,279870,1,10,1,8
1956,900337,1,10,1,4
5545,237279,0,20,1,9
9727,623790,1,10,1,15
5485,329521,0,20,1,13
2501,857165,1,10,1,5
2571,396034,0,20,1,11
3753,123466,1,10,1,9
1626,42138,1,10,1,10
7890,48409,1,10,1,2
7956,914851,0,20,1,4
5516,310330,1,10,1,12
2187,849068,0,20,1,11
9519,318519,0,20,1,15
6796,977149,1,10,1,12
1289,590651,0,20,1,9
8289,302206,1,10,1,1
4657,134062,1,10,1,1
3745,566303,1,10,1,1
8892,749505,0,20,1,12
9241,549716,1,10,1,9
8932,316779,1,10,1,4
6827,866440,0,20,1,11
8249,285247,0,20,1,9
5703,411609,0,20,1,7
4252,768648,1,10,1,12
3038,702121,1,10,1,14
6353,598465,0,20,1,1
7292,435216,0,20,1,12
2319,181870,1,10,1,15
6298,107017,1,10,1,10
9020,875626,0,20,1,12
3426,583446,0,20,1,2
2396,497009,0,20,1,12
4701,269698,0,20,1,13
6417,784987,0,20,1,1
3671,177467,1,10,1,7
8623,64363,0,20,1,15
857,61262,0,20,1,9
2749,800999,0,20,1,13
4096,840448,1,10,1,0
975,593082,0,20,1,15
6348,734269,0,20,1,12
7157,108133,0,20,1,5
717,561185,1,10,1,13
3429,28649,1,10,1,5
8815,373390,0,20,1,15
586,789059,1,10,1,10
7720,375851,0,20,1,8
6311,474594,0,20,1,7
3527,262213,1,10,1,7
9194,630706,1,10,1,10
4870,823071,0,20,1,6
8855,750245,0,20,1,7
6444,244111,0,20,1,12
5081,362851,0,20,1,9
7523,602348,0,20,1,3
9677,273034,0,20,1,13
3377,584824,1,10,1,1
7377,355146,0,20,1,1
3448,556061,1,10,1,8
4394,249723,0,20,1,10
7278,58214,0,20,1,14
1196,959181,1,10,1,12
9979,478317,0,20,1,11
564,467035,1,10,1,4
3506,677581,1,10,1,2
6307,310705,0,20,1,3
3184,899236,1,10,1,0
2112,85383,0,20,1,0
9991,705665,1,10,1,7
8755,637099,0,20,1,3
7876,66725,0,20,1,4
9804,329990,0,20,1,12
1717,157578,0,20,1,5
6248,59500,0,20,1,8
836,372261,1,10,1,4
4773,282333,0,20,1,5
4227,63739,0,20,1,3
3147,36711,1,10,1,11
9833,147695,0,20,1,9
1457,350403,1,10,1,1
3462,602187,0,20,1,6
5879,471012,1,10,1,7
2961,863653,0,20,1,1
6690,336070,0,20,1,2
5670,539936,1,10,1,6
138,569565,1,10,1,10
2548,141332,1,10,1,4
8593,949615,0,20,1,1
611,66491,1,10,1,3
1443,484525,1,10,1,3
3643,703883,0,20,1,11
7945,314742,1,10,1,9
4421,995632,0,20,1,5
4887,113309,0,20,1,7
51,222697,0,20,1,3
6076,348040,1,10,1,12
9855,225637,0,20,1,15
499,729897,0,20,1,3
4710,161082,1,10,1,6
3505,85113,0,20,1,1
289,231033,1,10,1,1
8303,947627,1,10,1,15
7380,761586,0,20,1,4
557,109419,1,10,1,13
2436,267638,0,20,1,4
4280,160463,1,10,1,8
8871,999318,1,10,1,7
4002,378828,0,20,1,2
8616,752269,1,10,1,8
2077,899266,1,10,1,13
7634,46238,1,10,1,2
163,589227,0,20,1,3
8051,248666,0,20,1,3
2417,14925,1,10,1,1
3893,618418,0,20,1,5
3883,793593,1,10,1,11
4792,868317,1,10,1,8
587,24443,0,20,1,11
1027,623602,0,20,1,3
4271,378200,0,20,1,15
4109,947274,1,10,1,13
7371,809562,1,10,1,11
195,798483,1,10,1,3
3246,947351,0,20,1,14
536,470156,1,10,1,8
6743,845771,0,20,1,7
1366,28984,1,10,1,6
7434,954969,1,10,1,10
2783,26127,1,10,1,15
3986,69556,1,10,1,2
143,125531,0,20,1,15
5855,609299,1,10,1,15
9789,910239,0,20,1,13
4193,511407,0,20,1,1
9039,678145,0,20,1,15
8989,23628,0,20,1,13
9073,685185,1,10,1,1
7237,648175,1,10,1,5
6561,2201,0,20,1,1
8988,733942,0,20,1,12
8676,456459,0,20,1,4
6677,231673,1,10,1,5
174,810157,1,10,1,14
7460,787819,0,20,1,4
2849,858978,0,20,1,1
1410,741402,1,10,1,2
3172,563932,0,20,1,4
2980,977351,0,20,1,4
6714,324842,1,10,1,10
1237,827425,0,20,1,5
2922,982286,1,10,1,10
4503,26974,1,10,1,7
8682,339507,1,10,1,10
320,841063,0,20,1,0
1014,325852,0,20,1,6
474,255674,0,20,1,10
7641,202246,1,10,1,9
1001,715434,1,10,1,9
38,948246,0,20,1,6
520,628864,0,20,1,8
1278,891443,1,10,1,14
3123,225281,1,10,1,3
4112,196243,0,20,1,0
1944,29602,0,20,1,8
1453,31465,0,20,1,13
7869,158368,1,10,1,13
3317,916652,1,10,1,5
3023,568651,1,10,1,15
5668,746362,0,20,1,4
8514,609093,0,20,1,2
4478,451617,0,20,1,14
1594,670495,1,10,1,10
7410,845439,1,10,1,2
1466,266293,0,20,1,10
9029,643619,0,20,1,5
5833,905183,0,20,1,9
9610,251701,1,10,1,10
6106,149069,0,20,1,10
8918,297767,1,10,1,6
3894,674143,1,10,1,6
2815,650290,1,10,1,15
5632,236753,0,20,1,0
5285,411064,0,20,1,5
7478,454711,0,20,1,6
6009,189284,1,10,1,9
9279,218442,1,10,1,15
7360,624849,0,20,1,0
6789,722476,1,10,1,5
3906,356861,1,10,1,2
9340,394816,1,10,1,12
3846,678480,1,10,1,6
4760,642600,0,20,1,8
8211,299644,1,10,1,3
5587,273485,0,20,1,3
4437,838231,1,10,1,5
1404,889310,0,20,1,12
9628,272445,1,10,1,12
7571,749961,0,20,1,3
4300,882914,1,10,1,12
8778,940201,1,10,1,10
169,908307,1,10,1,9
1524,673999,1,10,1,4
3238,76940,1,10,1,6
25,238485,1,10,1,9
3202,731454,1,10,1,2
3013,851993,0,20,1,5
6293,455661,0,20,1,5
4722,836991,0,20,1,2
7152,542224,1,10,1,0
2270,398299,1,10,1,14
429,680873,1,10,1,13
3260,894468,1,10,1,12
6072,439579,0,20,1,8
2610,685011,1,10,1,2
8915,87522,0,20,1,3
4846,169240,0,20,1,14
4995,528318,1,10,1,3
3065,662726,1,10,1,9
7314,110611,0,20,1,2
5049,486128,1,10,1,9
6548,260305,1,10,1,4
6536,546818,0,20,1,8
346,588251,0,20,1,10
4897,109269,0,20,1,1
895,858141,0,20,1,15
2963,894552,1,10,1,3
4240,292729,0,20,1,0
2990,556785,1,10,1,14
7835,978415,0,20,1,11
9695,330110,0,20,1,15
8130,113120,0,20,1,2
7322,478627,0,20,1,10
8472,474832,1,10,1,8
7093,848896,0,20,1,5
6886,899739,1,10,1,6
6697,922764,1,10,1,9
1822,838924,1,10,1,14
7326,958163,1,10,1,14
9072,913138,1,10,1,0
9363,491189,1,10,1,3
1871,292435,0,20,1,15
1508,497262,0,20,1,4
707,846706,1,10,1,3
2706,565364,0,20,1,2
6950,919816,1,10,1,6
8671,329732,1,10,1,15
4024,946834,0,20,1,8
7238,932336,1,10,1,6
965,617588,1,10,1,5
590,586474,1,10,1,14
4637,82315,0,20,1,13
3200,38919,1,10,1,0
797,766850,1,10,1,13
4843,4953,1,10,1,11
7019,102781,1,10,1,11
1069,699630,1,10,1,13
6988,702083,1,10,1,12
5740,778733,1,10,1,12
9302,269685,1,10,1,6
1000,451823,0,20,1,8
8937,95094,1,10,1,9
1763,142560,0,20,1,3
6972,414663,0,20,1,12
6517,567257,1,10,1,5
9707,526523,1,10,1,11
1687,430854,0,20,1,7
78,769254,1,10,1,14
8609,104517,0,20,1,1
3780,282519,0,20,1,4
725,952181,0,20,1,5
9433,791553,0,20,1,9
7444,736557,1,10,1,4
794,755259,1,10,1,10
9109,433974,1,10,1,5
7793,880861,0,20,1,1
9856,930035,1,10,1,0
6578,605779,1,10,1,2
8029,164387,1,10,1,13
3161,830677,0,20,1,9
2222,115149,0,20,1,14
7096,414166,0,20,1,8
5776,772209,1,10,1,0
4991,362053,1,10,1,15
8047,184779,0,20,1,15
7573,291430,1,10,1,5
4824,111201,1,10,1,8
5921,470763,0,20,1,1
4332,381822,1,10,1,12
1028,629644,0,20,1,4
4810,589749,0,20,1,10
2231,76635,0,20,1,7
439,679924,0,20,1,7
752,218046,1,10,1,0
8866,924648,0,20,1,2
8139,896060,1,10,1,11
2842,773818,1,10,1,10
8729,392818,1,10,1,9
6740,599101,1,10,1,4
243,398957,0,20,1,3
4935,149678,1,10,1,7
8821,581510,0,20,1,5
5215,801875,1,10,1,15
2043,589136,0,20,1,11
4999,307355,1,10,1,7
4850,349958,0,20,1,2
4386,536570,1,10,1,2
3625,842318,0,20,1,9
9951,217676,0,20,1,15
4149,163233,0,20,1,5
5935,243537,0,20,1,15
4025,482071,0,20,1,9
9527,685106,1,10,1,7
8513,816509,0,20,1,1
1406,79626,0,20,1,14
9068,990868,1,10,1,12
2570,725409,0,20,1,10
2251,835442,0,20,1,11
9454,630683,0,20,1,14
5162,434867,1,10,1,10
9860,387482,1,10,1,4
6633,889351,0,20,1,9
4076,219457,0,20,1,12
5974,911190,0,20,1,6
9376,227608,0,20,1,0
5929,266575,0,20,1,9
5321,845982,1,10,1,9
8326,708712,1,10,1,6
5110,978459,0,20,1,6
2522,742768,0,20,1,10
651,457294,1,10,1,11
5450,786534,1,10,1,10
8789,656805,1,10,1,5
3484,219095,1,10,1,12
3574,2874,0,20,1,6
8240,920512,1,10,1,0
240,163227,0,20,1,0
9694,686526,1,10,1,14
3850,685758,0,20,1,10
4943,70814,0,20,1,15
8104,132801,0,20,1,8
3678,810397,1,10,1,14
6255,178622,1,10,1,15
597,344286,1,10,1,5
5263,762249,1,10,1,15
2177,853471,1,10,1,1
2331,224253,1,10,1,11
6216,963448,1,10,1,8
2087,613113,1,10,1,7
4343,863376,1,10,1,7
1605,996580,0,20,1,5
9760,442452,0,20,1,0
7715,36540,0,20,1,3
4228,275975,0,20,1,4
1729,86750,0,20,1,1
3516,685447,1,10,1,12
3291,987209,1,10,1,11
1035,494443,1,10,1,11
6156,100668,0,20,1,12
6054,722260,0,20,1,6
5289,813632,1,10,1,9
2684,758747,0,20,1,12
8242,440652,0,20,1,2
3504,249720,0,20,1,0
7014,692971,1,10,1,6
5878,378955,1,10,1,6
5667,697987,0,20,1,3
9872,777857,1,10,1,0
2563,875126,0,20,1,3
437,515058,0,20,1,5
187,357015,0,20,1,11
4512,9880,0,20,1,0
9999,586890,1,10,1,15
400,421258,0,20,1,0
6398,815041,0,20,1,14
7678,129770,1,10,1,14
2848,543211,0,20,1,0
8057,380760,0,20,1,9
7580,958931,1,10,1,12
7918,115678,0,20,1,14
5505,320558,1,10,1,1
1733,356678,1,10,1,5
2664,904236,1,10,1,8
8896,145103,1,10,1,0
4696,372193,1,10,1,8
8244,812318,0,20,1,4
53,555870,1,10,1,5
1663,969619,1,10,1,15
9212,640467,0,20,1,12
3886,59663,0,20,1,14
390,771362,0,20,1,6
7583,997733,0,20,1,15
9888,8816,1,10,1,0
5895,77975,0,20,1,7
6807,634140,0,20,1,7
1306,409768,1,10,1,10
7702,337990,0,20,1,6
6173,443569,0,20,1,13
5124,673851,1,10,1,4
7072,79783,0,20,1,0
4150,804928,1,10,1,6
666,763918,1,10,1,10
113,336034,0,20,1,1
3588,745971,1,10,1,4
7429,286704,1,10,1,5
8328,453818,0,20,1,8
86,504377,1,10,1,6
321,802366,1,10,1,1
856,504336,1,10,1,8
3898,684418,1,10,1,10
2064,14572,1,10,1,0
6481,373688,0,20,1,1
9981,688999,0,20,1,13
7016,84226,0,20,1,8
8720,622707,0,20,1,0
3151,796007,1,10,1,15
7487,803348,1,10,1,15
3315,482519,0,20,1,3
4544,35783,0,20,1,0
9777,274753,0,20,1,1
1499,625223,0,20,1,11
9929,361997,0,20,1,9
4329,266251,1,10,1,9
8914,580575,0,20,1,2
3243,809814,0,20,1,11
3458,827408,1,10,1,2
3507,238466,0,20,1,3
835,277495,1,10,1,3
1590,876638,0,20,1,6
5131,260168,0,20,1,11
1044,860233,0,20,1,4
7055,597219,0,20,1,15
4638,782337,0,20,1,14
241,45221,1,10,1,1
5906,143569,1,10,1,2
3879,145870,0,20,1,7
5361,398391,1,10,1,1
1200,924384,1,10,1,0
8055,731183,0,20,1,7
4670,401628,0,20,1,14
8003,575872,1,10,1,3
2952,81760,1,10,1,8
3137,734319,1,10,1,1
5500,921642,0,20,1,12
886,697864,1,10,1,6
581,913525,0,20,1,5
4647,159059,1,10,1,7
4403,881351,1,10,1,3
1245,556712,0,20,1,13
7898,977730,0,20,1,10
8036,772579,1,10,1,4
5585,940331,1,10,1,1
774,194373,0,20,1,6
745,629005,1,10,1,9
5221,373151,0,20,1,5
9481,157446,0,20,1,9
6109,212261,0,20,1,13
1614,459989,1,10,1,14
554,93097,1,10,1,10
5707,931678,1,10,1,11
986,535198,0,20,1,10
7723,180772,1,10,1,11
2421,151661,0,20,1,5
8450,202156,0,20,1,2
5313,760871,0,20,1,1
4957,374954,0,20,1,13
4964,30126,1,10,1,4
1588,483340,0,20,1,4
3422,326677,1,10,1,14
257,591533,1,10,1,1
4062,305571,1,10,1,14
7158,594120,1,10,1,6
9021,897171,1,10,1,13
7966,395163,1,10,1,14
1155,960049,0,20,1,3
4095,75337,1,10,1,15
4393,952478,1,10,1,9
3899,305863,0,20,1,11
860,39178,0,20,1,12
7911,312739,1,10,1,7
9631,919348,0,20,1,15
570,730098,1,10,1,10
9471,214059,1,10,1,15
1544,550905,0,20,1,8
3601,487728,1,10,1,1
7930,827030,0,20,1,10
1526,592671,1,10,1,6
5841,912128,1,10,1,1
8856,782488,1,10,1,8
7616,247725,0,20,1,0
8541,135832,0,20,1,13
3220,234496,0,20,1,4
6520,898139,0,20,1,8
1692,90335,1,10,1,12
3914,135966,0,20,1,10
8295,421648,0,20,1,7
6975,495308,1,10,1,15
1966,488961,1,10,1,14
3636,554269,0,20,1,4
6347,49020,0,20,1,11
9497,851768,0,20,1,9
3881,325231,0,20,1,9
8903,775844,0,20,1,7
2340,109103,1,10,1,4
1151,995683,0,20,1,15
3447,427956,1,10,1,7
7806,159614,1,10,1,14
2816,417665,1,10,1,0
2834,709231,1,10,1,2
9123,252903,0,20,1,3
9459,361102,1,10,1,3
5508,857715,1,10,1,4
3882,959622,0,20,1,10
2389,81465,1,10,1,5
2349,150539,1,10,1,13
178,202550,0,20,1,2
9098,112141,1,10,1,10
8769,942766,1,10,1,1
2874,425834,1,10,1,10
704,406288,1,10,1,0
1450,10132,1,10,1,10
3530,827341,0,20,1,10
7406,955866,1,10,1,14
4772,481244,1,10,1,4
9414,705347,0,20,1,6
9669,368341,1,10,1,5
9103,966786,0,20,1,15
9536,57161,0,20,1,0
9560,131667,1,10,1,8
4056,298419,1,10,1,8
5280,318992,0,20,1,0
3347,627289,0,20,1,3
2003,751138,1,10,1,3
5599,817599,0,20,1,15
3056,583279,0,20,1,0
2166,388751,0,20,1,6
812,525236,1,10,1,12
244,614863,1,10,1,4
6820,722610,1,10,1,4
8172,794974,0,20,1,12
6794,102334,1,10,1,10
684,193692,0,20,1,12
4420,552145,1,10,1,4
4101,980068,0,20,1,5
4960,483546,1,10,1,0
5236,801114,1,10,1,4
2341,692180,1,10,1,5
7738,752088,0,20,1,10
5147,333373,0,20,1,11
3288,319662,1,10,1,8
7069,845161,1,10,1,13
3866,343153,1,10,1,10
4234,284028,1,10,1,10
1300,756552,0,20,1,4
1128,571380,0,20,1,8
2573,675071,0,20,1,13
2691,631955,1,10,1,3
6808,342820,0,20,1,8
6518,846248,0,20,1,6
1110,409402,0,20,1,6
1755,998304,1,10,1,11
5155,565867,0,20,1,3
9982,910543,1,10,1,14
453,671443,0,20,1,5
2373,810516,1,10,1,5
1011,257646,1,10,1,3
5680,560076,1,10,1,0
2099,753584,1,10,1,3
5823,781507,0,20,1,15
7514,368198,0,20,1,10
2230,409384,0,20,1,6
4930,30654,1,10,1,2
2148,771606,0,20,1,4
3381,324664,0,20,1,5
8486,327319,0,20,1,6
37,229750,0,20,1,5
6357,395074,1,10,1,5
7922,321315,0,20,1,2
3304,685824,0,20,1,8
8836,349090,1,10,1,4
4347,163317,0,20,1,11
4980,354532,1,10,1,4
9953,811730,0,20,1,1
9822,705371,0,20,1,14
2932,87285,1,10,1,4
5671,365521,1,10,1,7
7419,763182,0,20,1,11
5924,971775,1,10,1,4
4449,468864,0,20,1,1
9543,139312,1,10,1,7
4575,31408,0,20,1,15
3532,204441,1,10,1,12
409,266540,1,10,1,9
7908,69824,0,20,1,4
3388,929575,1,10,1,12
5003,54495,1,10,1,11
9899,765444,0,20,1,11
250,942515,0,20,1,10
6605,324043,0,20,1,13
2837,990982,1,10,1,5
2267,18968,0,20,1,11
5912,426925,1,10,1,8
1728,970702,1,10,1,0
7513,345181,1,10,1,9
1710,65894,1,10,1,14
8123,331351,0,20,1,11
2122,807660,0,20,1,10
8304,497064,1,10,1,0
2802,488828,0,20,1,2
9887,681260,1,10,1,15
5605,234867,1,10,1,5
3352,739889,0,20,1,8
1859,315410,1,10,1,3
9211,156433,1,10,1,11
5479,379039,1,10,1,7
3997,582596,0,20,1,13
5243,71690,1,10,1,11
7549,612523,0,20,1,13
2916,125127,1,10,1,4
4023,939068,0,20,1,7
6984,248860,1,10,1,8
2843,259277,1,10,1,11
1142,178465,1,10,1,6
7114,349219,1,10,1,10
9081,832533,0,20,1,9
7204,871693,1,10,1,4
1326,967108,0,20,1,14
2674,948153,1,10,1,2
1271,497922,1,10,1,7
4404,328364,0,20,1,4
7464,347216,1,10,1,8
4828,792182,1,10,1,12
9913,782237,1,10,1,9
9712,101818,0,20,1,0
2046,728362,0,20,1,14
7768,225629,0,20,1,8
2398,212516,0,20,1,14
7346,202736,0,20,1,2
6420,724821,1,10,1,4
9980,968752,0,20,1,12
7150,474450,0,20,1,14
9516,538253,0,20,1,12
4032,83994,0,20,1,0
8646,848646,0,20,1,6
502,902960,1,10,1,6
4723,522106,1,10,1,3
8291,512068,1,10,1,3
2521,23336,1,10,1,9
1333,398045,0,20,1,5
808,963676,0,20,1,8
3082,827205,0,20,1,10
2538,418487,1,10,1,10
375,679305,1,10,1,7
9569,337309,0,20,1,1
6078,272051,1,10,1,14
3510,311002,1,10,1,6
2299,556785,0,20,1,11
7405,447823,1,10,1,13
210,718131,0,20,1,2
2954,621950,1,10,1,10
9548,126152,1,10,1,12
3090,299091,0,20,1,2
1287,219753,1,10,1,7
6180,692235,1,10,1,4
6294,949658,1,10,1,6
8315,566171,1,10,1,11
5506,685481,1,10,1,2
7953,672696,0,20,1,1
1369,449318,1,10,1,9
4794,638416,0,20,1,10
8827,464576,0,20,1,11
2163,965580,0,20,1,3
8317,175919,1,10,1,13
9173,134835,0,20,1,5
9600,105040,0,20,1,0
2453,339333,0,20,1,5
5106,396177,1,10,1,2
1582,244346,1,10,1,14
8717,296716,0,20,1,13
6545,305801,1,10,1,1
9493,932580,1,10,1,5
2262,586800,1,10,1,6
9189,411100,0,20,1,5
7153,717731,0,20,1,1
8012,634218,1,10,1,12
2617,989508,1,10,1,9
3674,320327,0,20,1,10
9076,985803,0,20,1,4
9817,631321,0,20,1,9
1139,142743,1,10,1,3
2422,135837,1,10,1,6
6431,352823,0,20,1,15
2485,897681,1,10,1,5
3084,637617,0,20,1,12
9561,847157,0,20,1,9
6235,212362,0,20,1,11
8039,284773,1,10,1,7
1931,892902,0,20,1,11
1463,527856,0,20,1,7
4349,569890,0,20,1,13
5000,331993,1,10,1,8
6105,16010,1,10,1,9
5454,489720,1,10,1,14
3785,392984,1,10,1,9
4573,840996,1,10,1,13
4708,807900,1,10,1,4
7458,838434,1,10,1,2
2758,873508,1,10,1,6
5015,901718,1,10,1,7
801,737325,1,10,1,1
5366,910906,1,10,1,6
2890,400856,1,10,1,10
963,558167,1,10,1,3
3801,498115,0,20,1,9
935,768193,0,20,1,7
9921,861043,0,20,1,1
9989,473913,1,10,1,5
653,345444,1,10,1,13
9118,482517,0,20,1,14
5979,179989,1,10,1,11
5029,728864,0,20,1,5
6041,448012,1,10,1,9
6026,922704,0,20,1,10
5477,615218,0,20,1,5
9199,287067,1,10,1,15
6604,82394,1,10,1,12
4239,127717,1,10,1,15
7662,925438,0,20,1,14
6166,599876,0,20,1,6
6210,774008,0,20,1,2
6219,258101,0,20,1,11
4487,97440,0,20,1,7
3270,717401,1,10,1,6
874,192267,0,20,1,10
4952,282416,0,20,1,8
8023,281917,0,20,1,7
620,62305,1,10,1,12
7473,695358,1,10,1,1
8921,107486,0,20,1,9
2336,207095,1,10,1,0
3194,872077,1,10,1,10
7492,960790,0,20,1,4
5368,707365,0,20,1,8
179,293675,0,20,1,3
9794,236287,0,20,1,2
4873,668664,0,20,1,9
9436,456871,1,10,1,12
9300,785774,1,10,1,4
2989,344052,1,10,1,13
8084,259304,0,20,1,4
4713,523248,0,20,1,9
8504,651695,1,10,1,8
2725,902950,0,20,1,5
9203,279825,1,10,1,3
6378,765686,0,20,1,10
9069,255503,1,10,1,13
8645,956216,0,20,1,5
4662,451758,1,10,1,6
7906,622017,1,10,1,2
5355,150652,1,10,1,11
2356,550399,0,20,1,4
3577,563621,1,10,1,9
7386,314443,0,20,1,10
7936,429042,0,20,1,0
5928,893986,0,20,1,8
4314,229502,1,10,1,10
5820,278804,1,10,1,12
5218,961553,1,10,1,2
9205,886735,0,20,1,5
3140,984161,0,20,1,4
12,532257,0,20,1,12
3596,676439,1,10,1,12
8965,557568,0,20,1,5
4506,187128,0,20,1,10
4087,628683,1,10,1,7
1810,114985,1,10,1,2
2256,52942,0,20,1,0
9352,623366,1,10,1,8
1323,713269,0,20,1,11
9243,347479,1,10,1,11
7712,245102,1,10,1,0
2282,268357,1,10,1,10
9726,495280,0,20,1,14
5845,353061,1,10,1,5
268,261296,1,10,1,12
3863,838101,0,20,1,7
7308,121156,1,10,1,12
6527,150388,0,20,1,15
9811,329499,1,10,1,3
6957,774095,0,20,1,13
2651,750872,0,20,1,11
5012,586781,0,20,1,4
953,140684,0,20,1,9
2875,597475,0,20,1,11
6359,816063,0,20,1,7
4362,233739,0,20,1,10
2023,715066,0,20,1,7
1634,991485,1,10,1,2
2407,604132,1,10,1,7
700,799233,1,10,1,12
4009,390773,0,20,1,9
706,333792,1,10,1,2
8503,798747,1,10,1,7
8760,408730,0,20,1,8
9946,486822,1,10,1,10
2804,608967,0,20,1,4
2227,651731,0,20,1,3
7510,178962,1,10,1,6
3868,496573,1,10,1,12
1970,491828,1,10,1,2
1703,483344,0,20,1,7
8507,525211,0,20,1,11
8162,860776,1,10,1,2
5718,905811,0,20,1,6
9468,773362,1,10,1,12
3452,215380,1,10,1,12
2745,782780,0,20,1,9
2044,613721,0,20,1,12
4717,714507,1,10,1,13
6207,420770,0,20,1,15
5595,809534,0,20,1,11
1311,426698,1,10,1,15
9483,437407,1,10,1,11
8154,378788,0,20,1,10
2219,721356,0,20,1,11
331,865104,1,10,1,11
1442,839744,0,20,1,2
1661,417905,1,10,1,13
6263,530396,1,10,1,7
1782,610975,1,10,1,6
4340,109708,1,10,1,4
3253,789759,1,10,1,5
6846,446149,1,10,1,14
3121,28289,1,10,1,1
6544,620531,0,20,1,0
462,511847,1,10,1,14
2919,786230,0,20,1,7
765,46485,1,10,1,13
4178,926782,1,10,1,2
4872,819814,0,20,1,8
2131,155096,0,20,1,3
4587,825436,0,20,1,11
5759,656022,1,10,1,15
9105,871726,0,20,1,1
3360,355282,1,10,1,0
9360,203519,1,10,1,0
555,346442,1,10,1,11
8365,484561,0,20,1,13
6559,815295,1,10,1,15
7483,73660,1,10,1,11
9294,181422,1,10,1,14
5291,258755,1,10,1,11
837,814852,0,20,1,5
1580,323248,1,10,1,12
4607,352069,1,10,1,15
3478,704194,0,20,1,6
8886,566632,1,10,1,6
3587,549023,0,20,1,3
6483,126410,0,20,1,3
5178,227038,0,20,1,10
9626,561567,1,10,1,10
2302,388159,0,20,1,14
3969,555944,0,20,1,1
9208,430573,0,20,1,8
9526,595459,1,10,1,6
608,285088,1,10,1,0
8290,165074,0,20,1,2
5856,614985,0,20,1,0
1873,299185,0,20,1,1
7421,802472,1,10,1,13
4245,201494,0,20,1,5
3324,915447,0,20,1,12
9940,612963,0,20,1,4
1473,576695,1,10,1,1
1399,746135,0,20,1,7
482,751512,1,10,1,2
3213,895190,0,20,1,13
4504,116653,0,20,1,8
2665,449389,1,10,1,9
1372,307227,1,10,1,12
2439,233638,1,10,1,7
2040,739903,1,10,1,8
697,374025,1,10,1,9
9064,450971,1,10,1,8
9786,854851,0,20,1,10
1191,323233,0,20,1,7
4152,693460,0,20,1,8
914,621550,0,20,1,2
6798,279740,0,20,1,14
9006,313827,0,20,1,14
1226,75283,0,20,1,10
18,446907,0,20,1,2
9596,361967,0,20,1,12
1248,350873,0,20,1,0
8885,858145,1,10,1,5
2872,943125,0,20,1,8
1421,733795,1,10,1,13
9014,472086,1,10,1,6
7363,24267,0,20,1,3
7127,284273,0,20,1,7
2719,357504,1,10,1,15
3620,389050,0,20,1,4
8118,621725,1,10,1,6
7449,676563,0,20,1,9
8153,373651,0,20,1,9
2168,414193,1,10,1,8
9987,699841,1,10,1,3
4395,212115,0,20,1,11
4661,737302,0,20,1,5
7035,672909,1,10,1,11
6695,349466,0,20,1,7
8041,793684,0,20,1,9
9154,479041,0,20,1,2
5561,589886,0,20,1,9
8494,617734,0,20,1,14
7354,516068,1,10,1,10
5302,893182,1,10,1,6
5734,781760,0,20,1,6
3721,292580,1,10,1,9
1672,251585,0,20,1,8
3541,891633,0,20,1,5
7940,473262,1,10,1,4
4982,930898,0,20,1,6
9067,239353,1,10,1,11
533,267215,0,20,1,5
4263,577174,0,20,1,7
4310,95392,1,10,1,6
9225,32949,0,20,1,9
6573,434999,0,20,1,13
3700,388462,1,10,1,4
3280,351487,0,20,1,0
10,310002,1,10,1,10
7886,673256,0,20,1,14
2992,731848,0,20,1,0
2836,245783,1,10,1,4
8408,224435,1,10,1,8
7974,945860,1,10,1,6
3342,482283,0,20,1,14
2997,56604,1,10,1,5
6125,968889,1,10,1,13
7154,977997,0,20,1,2
2722,712911,1,10,1,2
9515,164762,1,10,1,11
235,408194,0,20,1,11
8485,489532,1,10,1,5
594,17404,1,10,1,2
3927,311315,1,10,1,7
6388,319318,0,20,1,4
4658,570396,0,20,1,2
7633,333455,1,10,1,1
9834,847416,0,20,1,10
8881,13074,1,10,1,1
1998,782713,0,20,1,14
8208,897039,1,10,1,0
6282,24655,0,20,1,10
2371,206420,0,20,1,3
9035,133297,0,20,1,11
5423,930949,0,20,1,15
9749,503928,0,20,1,5
9880,37910,0,20,1,8
296,899084,0,20,1,8
2589,418597,1,10,1,13
955,49936,0,20,1,11
5946,54803,0,20,1,10
5312,295678,1,10,1,0
3759,254053,0,20,1,15
1525,335113,0,20,1,5
3765,857332,1,10,1,5
8996,410065,0,20,1,4
8854,986708,1,10,1,6
6074,780688,0,20,1,10
8241,135384,1,10,1,1
7749,85991,0,20,1,5
1850,103161,1,10,1,10
1906,426543,0,20,1,2
3827,875123,1,10,1,3
9356,486173,0,20,1,12
7336,821398,1,10,1,8
521,53529,0,20,1,9
8058,7878,1,10,1,10
1576,822114,0,20,1,8
7149,455516,0,20,1,13
7077,590225,0,20,1,5
9938,605464,0,20,1,2
3461,771904,0,20,1,5
1975,748448,1,10,1,7
9050,711037,1,10,1,10
5724,69113,1,10,1,12
7852,450915,0,20,1,12
1484,834509,0,20,1,12
8478,454119,0,20,1,14
9520,143344,0,20,1,0
5535,350784,1,10,1,15
6395,243426,1,10,1,11
736,14039,1,10,1,0
2342,552944,1,10,1,6
4738,685261,0,20,1,2
5737,356435,0,20,1,9
6586,147179,0,20,1,10
2491,163587,0,20,1,11
8895,777300,1,10,1,15
3241,819739,1,10,1,9
5399,554603,0,20,1,7
3224,518183,0,20,1,8
3164,696693,1,10,1,12
7031,882811,1,10,1,7
5327,226463,1,10,1,15
5988,446249,1,10,1,4
5653,979192,0,20,1,5
1852,235535,0,20,1,12
5209,468104,1,10,1,9
60,554072,1,10,1,12
8820,225143,0,20,1,4
8102,773332,1,10,1,6
4788,775388,0,20,1,4
9972,842995,1,10,1,4
69,758951,1,10,1,5
9227,446453,0,20,1,11
5693,340720,0,20,1,13
4604,394316,1,10,1,12
9153,387057,1,10,1,1
9586,993943,0,20,1,2
5958,507193,1,10,1,6
9783,507098,0,20,1,7
1671,702954,1,10,1,7
87,720587,0,20,1,7
4365,637425,1,10,1,13
5449,863043,1,10,1,9
5531,406779,0,20,1,11
6242,324685,1,10,1,2
388,36174,0,20,1,4
9846,825219,0,20,1,6
6274,70986,0,20,1,2
8738,916668,0,20,1,2
9644,597860,1,10,1,12
2121,228019,1,10,1,9
8015,113076,1,10,1,15
9172,3803,0,20,1,4
5306,292494,0,20,1,10
4756,746544,1,10,1,4
307,464345,0,20,1,3
3656,128000,0,20,1,8
2544,140140,1,10,1,0
5459,896984,0,20,1,3
4731,367148,1,10,1,11
3204,317570,1,10,1,4
3583,169392,1,10,1,15
8210,286444,1,10,1,2
5389,857901,1,10,1,13
1985,788485,1,10,1,1
4088,213574,0,20,1,8
2111,496519,0,20,1,15
2896,417406,0,20,1,0
2048,668110,1,10,1,0
731,143252,0,20,1,11
2801,822383,1,10,1,1
5957,128262,0,20,1,5
7659,949576,1,10,1,11
209,82856,1,10,1,1
5522,429270,0,20,1,2
3471,308424,0,20,1,15
6202,632626,1,10,1,10
1013,157727,0,20,1,5
2983,443228,1,10,1,7
1929,210199,1,10,1,9
4694,965962,1,10,1,6
3136,387049,1,10,1,0
2790,601039,1,10,1,6
9011,640002,0,20,1,3
7969,881774,0,20,1,1
7721,453660,1,10,1,9
335,378478,0,20,1,15
9799,807791,0,20,1,7
3022,112644,1,10,1,14
8846,36799,0,20,1,14
5180,785598,0,20,1,12
2531,688622,1,10,1,3
4417,55582,1,10,1,1
763,746599,1,10,1,11
3485,637131,0,20,1,13
7572,417904,0,20,1,4
1669,165042,1,10,1,5
7857,133497,1,10,1,1
4728,738870,1,10,1,8
7773,869107,1,10,1,13
1244,847351,1,10,1,12
3708,923157,0,20,1,12
4315,142990,1,10,1,11
2065,333240,1,10,1,1
2721,834145,1,10,1,1
4469,354443,1,10,1,5
4626,65001,0,20,1,2
6539,612010,1,10,1,11
2047,396777,0,20,1,15
4648,611315,1,10,1,8
7942,329116,0,20,1,6
844,444872,1,10,1,12
4317,74431,0,20,1,13
1901,134206,0,20,1,13
7847,795668,1,10,1,7
5880,113824,0,20,1,8
4543,33737,1,10,1,15
810,773009,0,20,1,10
6470,286569,0,20,1,6
16,865725,1,10,1,0
9503,116890,0,20,1,15
3999,956578,1,10,1,15
8839,399888,0,20,1,7
479,812320,1,10,1,15
1511,893011,0,20,1,7
6738,584940,1,10,1,2
102,986673,0,20,1,6
2345,589085,0,20,1,9
9723,640252,0,20,1,11
5487,246936,0,20,1,15
6997,894876,0,20,1,5
9553,78155,1,10,1,1
7742,317690,0,20,1,14
9321,453722,0,20,1,9
9362,495730,0,20,1,2
7905,131180,0,20,1,1
6179,711039,1,10,1,3
4729,412343,0,20,1,9
463,285391,1,10,1,15
6499,271034,0,20,1,3
8260,633649,1,10,1,4
65,237029,0,20,1,1
9746,597525,1,10,1,2
674,793444,0,20,1,2
6917,641440,0,20,1,5
9607,482390,0,20,1,7
5250,194764,1,10,1,2
4505,62398,1,10,1,9
3508,621082,1,10,1,4
489,805597,0,20,1,9
9031,650144,1,10,1,7
1053,537459,0,20,1,13
2009,15486,0,20,1,9
9239,734495,1,10,1,7
6086,692048,1,10,1,6
7781,793361,0,20,1,5
7931,1179,0,20,1,11
8538,871065,0,20,1,10
5483,488554,0,20,1,11
6297,377188,1,10,1,9
9566,925311,0,20,1,14
3326,398548,0,20,1,14
3760,845583,0,20,1,0
3325,97071,1,10,1,13
9182,232278,0,20,1,14
1801,611996,1,10,1,9
6907,454378,0,20,1,11
9918,15218,0,20,1,14
6101,274734,0,20,1,5
2012,481965,1,10,1,12
6014,127022,1,10,1,14
1531,886582,1,10,1,11
3379,887195,1,10,1,3
8546,856804,0,20,1,2
4012,47667,0,20,1,12
5323,648073,0,20,1,11
8754,944475,0,20,1,2
1784,308523,1,10,1,8
158,969898,0,20,1,14
2377,804504,0,20,1,9
9508,291362,1,10,1,4
13,844995,1,10,1,13
115,598085,1,10,1,3
6102,165572,1,10,1,6
4761,433565,1,10,1,9
1103,39135,1,10,1,15
9421,223645,0,20,1,13
4106,845785,0,20,1,10
410,710928,1,10,1,10
6687,858972,0,20,1,15
3165,781751,1,10,1,13
2911,842459,0,20,1,15
9814,654996,0,20,1,6
314,133527,0,20,1,10
2318,465998,0,20,1,14
1690,517468,1,10,1,10
1843,836120,1,10,1,3
1943,138790,0,20,1,7
4388,514957,1,10,1,4
3126,291197,0,20,1,6
294,567183,1,10,1,6
1263,450985,1,10,1,15
1562,68280,1,10,1,10
9260,31879,0,20,1,12
3045,884315,0,20,1,5
6229,651899,0,20,1,5
7428,91934,0,20,1,4
3434,888543,1,10,1,10
6960,612935,1,10,1,0
4118,671822,1,10,1,6
6967,601265,0,20,1,7
1818,869839,1,10,1,10
5277,421298,1,10,1,13
8487,593016,0,20,1,7
8923,218964,0,20,1,11
4194,335889,0,20,1,2
4427,4715,1,10,1,11
9835,512992,0,20,1,11
7271,882143,0,20,1,7
1749,944860,1,10,1,5
5763,376315,0,20,1,3
8125,326727,0,20,1,13
2182,310810,1,10,1,6
9709,934396,1,10,1,13
2276,532349,1,10,1,4
6217,618295,0,20,1,9
8534,851761,0,20,1,6
4476,144286,0,20,1,12
3919,717933,0,20,1,15
8069,877972,0,20,1,5
8608,272074,0,20,1,0
9310,640149,0,20,1,14
2507,334406,0,20,1,11
8700,61402,1,10,1,12
9104,755919,1,10,1,0
4997,983283,0,20,1,5
7416,336144,1,10,1,8
458,750350,1,10,1,10
1781,767333,0,20,1,5
7313,727214,0,20,1,1
999,1713,0,20,1,7
2025,29779,0,20,1,9
3419,128608,0,20,1,11
6254,824628,0,20,1,14
2823,513697,0,20,1,7
1097,826071,1,10,1,9
2760,253658,1,10,1,8
3843,272582,1,10,1,3
8372,21115,0,20,1,4
6463,789366,0,20,1,15
5244,755676,0,20,1,12
8968,661617,0,20,1,8
689,995668,0,20,1,1
9032,332585,1,10,1,8
5644,158525,1,10,1,12
456,458621,0,20,1,8
3589,382727,1,10,1,5
6663,413709,0,20,1,7
3699,204661,0,20,1,3
2887,786820,1,10,1,7
5683,615812,1,10,1,3
5648,439514,1,10,1,0
3188,314353,1,10,1,4
7582,65376,0,20,1,14
4704,468328,1,10,1,0
9249,673187,0,20,1,1
3488,462618,1,10,1,0
2888,122084,1,10,1,8
5836,209251,1,10,1,12
6136,532903,1,10,1,8
9950,489798,0,20,1,14
7822,675654,0,20,1,14
3098,706541,1,10,1,10
1285,774469,0,20,1,5
9704,647170,0,20,1,8
2701,705184,1,10,1,13
5008,311055,1,10,1,0
9651,289327,1,10,1,3
6893,130012,0,20,1,13
5607,97792,0,20,1,7
7629,760973,0,20,1,13
3287,917120,0,20,1,7
2320,437868,0,20,1,0
5752,364240,0,20,1,8
7727,284939,1,10,1,15
3433,559631,0,20,1,9
2284,789974,0,20,1,12
7066,352870,0,20,1,10
2825,859859,0,20,1,9
1987,666166,1,10,1,3
7516,507857,0,20,1,12
9775,727492,0,20,1,15
9762,312689,1,10,1,2
5843,504715,1,10,1,3
4253,637932,1,10,1,13
1578,398937,1,10,1,10
7233,868131,0,20,1,1
2176,286518,0,20,1,0
8120,671057,0,20,1,8
2361,16578,0,20,1,9
5634,808496,0,20,1,2
5871,552632,1,10,1,15
9180,175523,0,20,1,12
4632,698181,0,20,1,8
741,44656,0,20,1,5
4078,885897,0,20,1,14
1553,520110,0,20,1,1
4140,644373,1,10,1,12
616,561154,1,10,1,8
556,601835,0,20,1,12
411,512932,0,20,1,11
2301,495484,1,10,1,13
6302,598722,0,20,1,14
4013,299461,1,10,1,13
2982,504186,1,10,1,6
8011,564434,0,20,1,11
1040,58142,1,10,1,0
2226,673308,1,10,1,2
8727,700244,1,10,1,7
3149,74877,1,10,1,13
1812,889421,0,20,1,4
2309,565513,1,10,1,5
7578,181863,0,20,1,10
8155,551228,0,20,1,11
5337,851167,0,20,1,9
7174,462755,0,20,1,6
5990,429309,0,20,1,6
1016,779417,1,10,1,8
8367,23100,0,20,1,15
5677,396293,1,10,1,13
7202,120834,1,10,1,2
7095,884149,0,20,1,7
4157,645680,1,10,1,13
8862,396636,1,10,1,14
8330,161743,1,10,1,10
4563,624471,0,20,1,3
3946,949358,1,10,1,10
1694,996916,1,10,1,14
2642,760120,0,20,1,2
6423,141571,0,20,1,7
3762,119074,1,10,1,2
5412,635906,0,20,1,4
9506,145343,0,20,1,2
23,351190,0,20,1,7
2757,907799,0,20,1,5
1911,290556,0,20,1,7
9088,948014,1,10,1,0
7339,548086,1,10,1,11
7269,566392,0,20,1,5
9181,652912,1,10,1,13
7850,18759,1,10,1,10
333,231062,1,10,1,13
6864,692102,0,20,1,0
4628,925615,1,10,1,4
3982,897181,1,10,1,14
6994,472835,1,10,1,2
4110,516118,0,20,1,14
3585,89587,0,20,1,1
1318,895030,1,10,1,6
710,787251,0,20,1,6
5541,189321,1,10,1,5
8397,153806,0,20,1,13
941,533401,0,20,1,13
2840,387054,1,10,1,8
327,617484,0,20,1,7
5320,710604,1,10,1,8
7681,818529,0,20,1,1
8669,162856,1,10,1,13
1185,193865,1,10,1,1
6042,192523,1,10,1,10
6928,37488,1,10,1,0
3183,937052,0,20,1,15
7800,965075,0,20,1,8
8901,330485,1,10,1,5
9662,786283,1,10,1,14
5020,838607,1,10,1,12
9800,862186,1,10,1,8
5376,13670,0,20,1,0
7373,155781,0,20,1,13
2405,873333,0,20,1,5
1054,74742,1,10,1,14
4455,94992,1,10,1,7
949,646844,0,20,1,5
3031,896581,0,20,1,7
5701,589239,0,20,1,5
6226,708655,0,20,1,2
2727,756212,1,10,1,7
1400,953433,0,20,1,8
4198,971687,1,10,1,6
2030,858379,0,20,1,14
8396,372031,1,10,1,12
2543,766930,0,20,1,15
5507,871633,0,20,1,3
8940,596340,0,20,1,12
3995,570642,0,20,1,11
5324,184532,1,10,1,12
5350,854081,0,20,1,6
6649,684098,1,10,1,9
5797,428254,1,10,1,5
3819,403586,0,20,1,11
4922,651456,0,20,1,10
4176,791620,0,20,1,0
4750,175181,0,20,1,14
4055,661896,1,10,1,7
7188,421092,0,20,1,4
7239,601191,0,20,1,7
3811,265759,1,10,1,3
9271,765654,0,20,1,7
7790,9971,0,20,1,14
366,521698,1,10,1,14
6130,987448,1,10,1,2
1482,434225,1,10,1,10
9135,426538,0,20,1,15
2585,159481,1,10,1,9
269,957313,1,10,1,13
8758,698214,0,20,1,6
852,255991,1,10,1,4
5711,290110,0,20,1,15
9262,484525,0,20,1,14
9661,304173,1,10,1,13
4222,384252,0,20,1,14
2395,648256,0,20,1,11
4165,227566,0,20,1,5
2513,595382,0,20,1,1
2264,823549,0,20,1,8
5704,451654,0,20,1,8
4335,537442,0,20,1,15
1802,8872,1,10,1,10
9919,234800,0,20,1,15
7943,929124,0,20,1,7
5431,16866,1,10,1,7
253,855615,0,20,1,13
107,91514,0,20,1,11
9540,468758,1,10,1,4
5282,925428,1,10,1,2
1444,115812,1,10,1,4
9738,535222,1,10,1,10
6015,617665,0,20,1,15
8013,354297,1,10,1,13
8108,435356,1,10,1,12
2520,971159,1,10,1,8
2877,872841,0,20,1,13
2467,525395,0,20,1,3
5620,663673,1,10,1,4
99,148479,0,20,1,3
7361,550308,0,20,1,1
7746,393542,1,10,1,2
5253,882560,1,10,1,5
1953,114195,0,20,1,1
9396,361739,0,20,1,4
349,677959,0,20,1,13
5170,835028,1,10,1,2
7425,120658,0,20,1,1
9061,344597,1,10,1,5
3644,264109,1,10,1,12
5941,659883,0,20,1,5
850,433232,0,20,1,2
1934,86683,1,10,1,14
8619,708953,1,10,1,11
6435,953776,0,20,1,3
9697,764442,1,10,1,1
9796,817214,0,20,1,4
4086,6430,0,20,1,6
6584,890479,0,20,1,8
8076,574605,1,10,1,12
8115,576564,0,20,1,3
579,537636,0,20,1,3
2418,754463,1,10,1,2
3654,566236,1,10,1,6
423,252497,1,10,1,7
8849,86163,1,10,1,1
2374,705984,0,20,1,6
889,271523,1,10,1,9
2765,801860,0,20,1,13
9446,231591,1,10,1,6
5819,914244,1,10,1,11
8991,615449,1,10,1,15
9057,61997,1,10,1,1
1860,623549,0,20,1,4
3406,685689,1,10,1,14
1545,749380,1,10,1,9
726,343456,0,20,1,6
7735,225802,0,20,1,7
4481,43847,1,10,1,1
9824,6086,0,20,1,0
4699,507764,0,20,1,11
2661,515197,1,10,1,5
6147,488165,0,20,1,3
8600,939532,0,20,1,8
1798,956052,1,10,1,6
2625,247822,1,10,1,1
3292,330044,0,20,1,12
2502,672994,1,10,1,6
535,290479,0,20,1,7
6005,94255,1,10,1,5
3736,800639,1,10,1,8
2455,967574,1,10,1,7
8481,295506,0,20,1,1
9351,173064,1,10,1,7
940,668938,0,20,1,12
6287,782688,0,20,1,15
4799,953764,0,20,1,15
2551,45569,0,20,1,7
1773,415771,1,10,1,13
2220,779070,0,20,1,12
5825,59547,1,10,1,1
4493,372219,0,20,1,13
6817,151853,1,10,1,1
9091,48019,0,20,1,3
8605,822820,1,10,1,13
9273,378147,0,20,1,9
1654,906710,0,20,1,6
4309,205459,0,20,1,5
7855,15410,0,20,1,15
9443,155462,1,10,1,3
4520,522776,1,10,1,8
4553,524923,0,20,1,9
2879,937376,0,20,1,15
6775,931581,0,20,1,7
168,762656,1,10,1,8
8497,367063,1,10,1,1
1345,17850,1,10,1,1
7948,695263,0,20,1,12
5774,388292,0,20,1,14
4465,746161,0,20,1,1
6853,541318,0,20,1,5
299,260545,1,10,1,11
9385,343433,1,10,1,9
3373,337249,0,20,1,13
2305,331705,1,10,1,1
5257,142440,1,10,1,9
4558,840879,0,20,1,14
7171,407307,1,10,1,3
8882,330759,1,10,1,2
8234,745335,0,20,1,10
1659,682690,1,10,1,11
5,420287,1,10,1,5
7837,303488,0,20,1,13
2533,830650,0,20,1,5
1179,671021,0,20,1,11
2991,766419,1,10,1,15
5255,993658,1,10,1,7
4721,94643,1,10,1,1
8403,699256,1,10,1,3
1976,993420,1,10,1,8
681,108537,1,10,1,9
1820,584917,1,10,1,12
5799,12727,0,20,1,7
9380,513103,0,20,1,4
1159,336739,0,20,1,7
9873,873591,1,10,1,1
8804,190615,1,10,1,4
9517,20921,1,10,1,13
3252,828441,1,10,1,4
114,515983,1,10,1,2
2499,175547,1,10,1,3
6240,880720,1,10,1,0
2494,747621,0,20,1,14
6448,148614,0,20,1,0
1458,586441,1,10,1,2
7415,699506,1,10,1,7
5011,805194,0,20,1,3
353,28266,1,10,1,1
6013,943482,1,10,1,13
3474,933263,1,10,1,2
1991,435088,0,20,1,7
9850,49885,1,10,1,10
563,227537,0,20,1,3
54,109448,0,20,1,6
9502,473860,0,20,1,14
7101,520683,0,20,1,13
7950,767601,1,10,1,14
2764,460080,0,20,1,12
3885,653374,1,10,1,13
9505,654765,1,10,1,1
8702,978275,1,10,1,14
8181,483562,0,20,1,5
2066,652326,0,20,1,2
6002,105329,1,10,1,2
2554,321760,0,20,1,10
6594,506414,1,10,1,2
7235,277792,1,10,1,3
9126,141233,1,10,1,6
8947,786076,0,20,1,3
983,293696,0,20,1,7
434,489582,1,10,1,2
9038,887581,0,20,1,14
8984,373383,1,10,1,8
5781,987739,0,20,1,5
4489,49406,0,20,1,9
5258,143867,0,20,1,10
3160,675703,1,10,1,8
7046,598727,1,10,1,6
7356,512155,1,10,1,12
6447,503577,1,10,1,15
7921,790654,1,10,1,1
1180,254466,1,10,1,12
1529,193663,0,20,1,9
645,628687,0,20,1,5
2995,928079,0,20,1,3
8074,557265,0,20,1,10
4577,570084,0,20,1,1
6273,980970,1,10,1,1
7309,899623,0,20,1,13
374,248192,0,20,1,6
5721,586602,0,20,1,9
7465,404732,0,20,1,9
8924,167077,0,20,1,12
7286,22315,1,10,1,6
4255,231457,0,20,1,15
3272,745402,0,20,1,8
9221,885705,0,20,1,5
6267,715957,1,10,1,11
6279,358697,0,20,1,7
4251,704777,1,10,1,11
6405,84941,1,10,1,5
8596,799238,1,10,1,4
3891,1428,1,10,1,3
2620,162439,1,10,1,12
3233,560278,1,10,1,1
553,236288,0,20,1,9
6676,789348,1,10,1,4
1804,150618,0,20,1,12
4213,194231,0,20,1,5
5140,614036,1,10,1,4
1322,475879,0,20,1,10
6973,182029,1,10,1,13
4624,352284,1,10,1,0
1298,901985,0,20,1,2
2347,78730,1,10,1,11
6057,184813,1,10,1,9
6637,169376,0,20,1,13
3757,812001,0,20,1,13
2296,451686,0,20,1,8
7223,456452,0,20,1,7
4001,106016,1,10,1,1
9549,636753,0,20,1,13
9825,624077,0,20,1,1
9288,673664,0,20,1,8
4060,195380,0,20,1,12
1613,337298,0,20,1,13
8389,884893,0,20,1,5
2612,701927,1,10,1,4
2826,540098,1,10,1,10
3035,33932,0,20,1,11
7976,722562,1,10,1,8
2039,496896,1,10,1,7
9744,629704,1,10,1,0
4474,184987,1,10,1,10
6304,30154,1,10,1,0
370,760698,0,20,1,2
6802,908533,0,20,1,2
4800,429346,1,10,1,0
2036,46740,1,10,1,4
6475,772855,1,10,1,11
1681,347511,1,10,1,1
7652,878312,0,20,1,4
848,407135,1,10,1,0
7866,674838,1,10,1,10
4855,46650,0,20,1,7
397,91223,1,10,1,13
1403,291063,0,20,1,11
3971,122872,1,10,1,3
6625,26880,0,20,1,1
2856,405000,1,10,1,8
2183,502025,0,20,1,7
1188,236572,0,20,1,4
139,997130,0,20,1,11
2782,589869,1,10,1,14
3672,983111,0,20,1,8
7112,901195,0,20,1,8
3540,232614,0,20,1,4
3642,999061,1,10,1,10
1262,436658,0,20,1,14
5649,660239,0,20,1,1
5357,723183,1,10,1,13
6641,463746,1,10,1,1
7166,351764,0,20,1,14
9877,605903,1,10,1,5
5169,188677,1,10,1,1
9995,89948,1,10,1,11
5784,673065,1,10,1,8
1490,719878,1,10,1,2
7739,7014,1,10,1,11
8129,755642,0,20,1,1
9879,624975,1,10,1,7
180,650510,1,10,1,4
8388,368157,1,10,1,4
1645,827643,1,10,1,13
3528,331659,0,20,1,8
1848,765749,1,10,1,8
2516,165901,1,10,1,4
8853,765585,1,10,1,5
739,848522,0,20,1,3
5017,915544,1,10,1,9
5933,214652,0,20,1,13
8046,498783,1,10,1,14
4764,469069,0,20,1,12
8072,141755,1,10,1,8
3687,660802,0,20,1,7
4418,996733,0,20,1,2
2599,237400,0,20,1,7
9371,568796,1,10,1,11
5064,463128,0,20,1,8
4910,843004,1,10,1,14
9290,543576,1,10,1,10
5798,109913,1,10,1,6
9853,889475,1,10,1,13
8194,10046,0,20,1,2
8381,606932,0,20,1,13
7181,393111,0,20,1,13
6374,830191,1,10,1,6
7224,5747,1,10,1,8
2067,403361,1,10,1,3
2263,412611,0,20,1,7
5868,507133,0,20,1,12
5702,394640,0,20,1,6
48,876470,0,20,1,0
9349,275054,1,10,1,5
5978,344568,1,10,1,10
2458,63600,1,10,1,10
8370,223803,1,10,1,2
668,553446,0,20,1,12
9535,755069,0,20,1,15
3792,325642,1,10,1,0
2328,214000,1,10,1,8
9574,626368,1,10,1,6
6375,222810,0,20,1,7
921,928652,1,10,1,9
1380,13711,1,10,1,4
1674,19523,0,20,1,10
317,922826,0,20,1,13
15,726516,0,20,1,15
7992,504486,0,20,1,8
4368,340636,0,20,1,0
7265,338412,1,10,1,1
3444,664759,0,20,1,4
2688,78908,0,20,1,0
260,204824,1,10,1,4
7222,280678,0,20,1,6
4391,107287,0,20,1,7
7075,366763,1,10,1,3
8414,486256,0,20,1,14
1249,773498,1,10,1,1
4644,993416,1,10,1,4
655,530623,0,20,1,15
6432,240516,1,10,1,0
8722,738605,0,20,1,2
2310,85426,1,10,1,6
1381,544397,1,10,1,5
1675,208617,0,20,1,11
5913,959261,1,10,1,9
3897,582429,0,20,1,9
9640,210987,0,20,1,8
5031,119512,0,20,1,7
1506,218810,0,20,1,2
1606,674768,0,20,1,6
1556,574515,0,20,1,4
5699,472940,1,10,1,3
7376,895849,1,10,1,0
4356,553604,1,10,1,4
8442,508211,0,20,1,10
2257,515877,1,10,1,1
2078,943831,0,20,1,14
6703,335463,1,10,1,15
8323,973296,0,20,1,3
1272,599606,0,20,1,8
2213,822843,0,20,1,5
6185,979643,1,10,1,9
9306,671822,1,10,1,10
4161,225351,0,20,1,1
1373,555956,1,10,1,13
2988,970904,1,10,1,12
7146,787569,1,10,1,10
4552,772860,1,10,1,8
9532,13824,1,10,1,12
5754,291408,1,10,1,10
52,378611,1,10,1,4
8626,994941,1,10,1,2
4691,178095,0,20,1,3
7085,886893,1,10,1,13
3226,65581,1,10,1,10
9793,887451,1,10,1,1
5892,222093,1,10,1,4
2432,936069,0,20,1,0
4381,382115,1,10,1,13
6991,336492,1,10,1,15
5370,82372,1,10,1,10
9100,424962,1,10,1,12
4299,58161,1,10,1,11
826,93941,0,20,1,10
6681,376111,1,10,1,9
412,385923,1,10,1,12
5360,936372,0,20,1,0
7853,35723,0,20,1,13
8008,350515,1,10,1,8
2904,154563,1,10,1,8
3486,482987,0,20,1,14
1579,323544,1,10,1,11
7718,487893,1,10,1,6
5733,468911,1,10,1,5
9849,283076,1,10,1,9
9185,499646,1,10,1,1
3011,373934,0,20,1,3
512,67010,0,20,1,0
1955,266685,0,20,1,3
1222,577007,0,20,1,6
8265,948218,0,20,1,9
9147,903953,1,10,1,11
8462,877619,1,10,1,14
1077,949749,0,20,1,5
6635,755060,0,20,1,11
5723,570025,1,10,1,11
5024,415805,0,20,1,0
2893,346101,1,10,1,13
6319,630345,1,10,1,15
3153,66789,0,20,1,1
8447,730869,1,10,1,15
9058,989363,1,10,1,2
8141,817796,1,10,1,13
1216,691350,1,10,1,0
7061,969647,1,10,1,5
732,628564,1,10,1,12
9322,230554,0,20,1,10
6392,780499,1,10,1,8
6416,543444,1,10,1,0
5591,596429,0,20,1,7
8521,30728,0,20,1,9
676,763339,0,20,1,4
8519,564839,0,20,1,7
1683,7178,1,10,1,3
5610,660937,0,20,1,10
425,420175,0,20,1,9
5471,276099,1,10,1,15
1711,177024,1,10,1,15
130,801635,1,10,1,2
4554,625996,0,20,1,10
1856,362261,0,20,1,0
6381,741921,0,20,1,13
7977,891697,0,20,1,9
3277,690677,0,20,1,13
9967,574497,1,10,1,15
2876,922530,1,10,1,12
6587,250168,1,10,1,11
1412,26438,1,10,1,4
9680,600074,0,20,1,0
9222,599589,0,20,1,6
3713,646271,0,20,1,1
4132,126955,0,20,1,4
5272,675241,0,20,1,8
7164,48869,0,20,1,12
2200,650362,0,20,1,8
9625,25460,0,20,1,9
7832,690585,1,10,1,8
7282,913907,1,10,1,2
5230,702718,1,10,1,14
9577,313759,0,20,1,9
5056,412826,1,10,1,0
1813,920816,1,10,1,5
8958,508282,1,10,1,14
3614,112447,1,10,1,14
8512,639771,1,10,1,0
8830,315888,0,20,1,14
8322,417505,1,10,1,2
2170,701467,0,20,1,10
4784,881823,0,20,1,0
6044,49031,1,10,1,12
5490,330300,0,20,1,2
267,34381,0,20,1,11
9710,242684,1,10,1,14
631,804705,1,10,1,7
9355,26279,1,10,1,11
7879,87625,0,20,1,7
5260,723042,1,10,1,12
5311,587080,0,20,1,15
1723,709736,1,10,1,11
8752,556280,0,20,1,0
6757,468407,1,10,1,5
8311,7192,1,10,1,7
9791,127006,0,20,1,15
9917,338343,0,20,1,13
4802,274264,0,20,1,2
5445,661085,0,20,1,5
3676,530298,1,10,1,12
4075,791711,0,20,1,11
762,50840,0,20,1,10
4199,754481,0,20,1,7
4302,828555,0,20,1,14
7179,157876,0,20,1,11
2472,837769,1,10,1,8
2763,792813,1,10,1,11
6700,311539,0,20,1,12
8639,334845,0,20,1,15
1705,573629,1,10,1,9
5840,895412,0,20,1,0
4793,858128,1,10,1,9
9584,837083,0,20,1,0
8840,196507,0,20,1,8
6552,623704,1,10,1,8
8227,4402,1,10,1,3
2400,748589,0,20,1,0
1768,457987,0,20,1,8
4156,790718,0,20,1,12
1485,389475,0,20,1,13
6731,59958,0,20,1,11
4369,679432,0,20,1,1
5099,311250,1,10,1,11
8176,269323,0,20,1,0
6033,648688,0,20,1,1
9216,269617,1,10,1,0
9416,45984,0,20,1,8
5150,614557,1,10,1,14
5254,307277,0,20,1,6
4539,49994,0,20,1,11
9487,323949,0,20,1,15
7243,5883,1,10,1,11
9441,478081,0,20,1,1
5992,676828,0,20,1,8
1827,338295,0,20,1,3
6266,669822,0,20,1,10
7141,811228,1,10,1,5
8459,458757,1,10,1,11
4745,338065,1,10,1,9
5638,13255,0,20,1,6
8151,825420,1,10,1,7
4159,914191,1,10,1,15
3933,136254,0,20,1,13
5714,516942,0,20,1,2
5023,81805,1,10,1,15
4463,161770,0,20,1,15
7151,417729,0,20,1,15
9096,280716,1,10,1,8
3264,616479,1,10,1,0
5623,269098,0,20,1,7
1905,465247,1,10,1,1
3004,83931,1,10,1,12
5144,739063,0,20,1,8
5986,879865,0,20,1,2
8411,165287,0,20,1,11
8670,269694,1,10,1,14
5443,462343,0,20,1,3
2272,190396,1,10,1,0
4589,336979,1,10,1,13
2833,539528,0,20,1,1
3913,391419,0,20,1,9
9741,257047,0,20,1,13
6167,770302,1,10,1,7
1231,405297,0,20,1,15
8640,792348,1,10,1,0
9683,207641,0,20,1,3
1183,316288,0,20,1,15
9345,609666,1,10,1,1
4673,638911,0,20,1,1
6653,97488,1,10,1,13
1277,460400,0,20,1,13
5735,507641,1,10,1,7
3633,389203,0,20,1,1
3852,501656,0,20,1,12
5161,272682,1,10,1,9
4744,806974,1,10,1,8
490,958783,1,10,1,10
4649,230689,0,20,1,9
6160,456364,1,10,1,0
1324,966448,1,10,1,12
1171,132918,1,10,1,3
5984,642249,1,10,1,0
8725,521891,1,10,1,5
3249,302786,0,20,1,1
8480,253013,1,10,1,0
1504,697640,1,10,1,0
4205,868266,0,20,1,13
2752,118217,0,20,1,0
8197,459328,1,10,1,5
2059,36739,1,10,1,11
35,996720,1,10,1,3
2630,550021,0,20,1,6
3670,886642,1,10,1,6
1257,867170,0,20,1,9
5859,566948,1,10,1,3
2151,714378,1,10,1,7
2083,838714,0,20,1,3
7613,303033,1,10,1,13
515,644210,0,20,1,3
3647,945770,0,20,1,15
9815,99642,1,10,1,7
7364,84450,0,20,1,4
9148,589824,1,10,1,12
2985,677642,0,20,1,9
974,886321,1,10,1,14
1507,754633,0,20,1,3
2583,877074,0,20,1,7
8247,252837,1,10,1,7
4612,637805,0,20,1,4
2089,789184,0,20,1,9
994,501161,1,10,1,2
9106,704853,1,10,1,2
7762,126598,1,10,1,2
9442,662945,1,10,1,2
3683,902169,1,10,1,3
1417,88329,1,10,1,9
7220,33229,0,20,1,4
8004,393900,0,20,1,4
6295,598161,0,20,1,7
8378,541367,1,10,1,10
3944,144088,0,20,1,8
8659,9079,0,20,1,3
539,123648,1,10,1,11
3055,113905,0,20,1,15
5576,839878,1,10,1,8
5396,42888,1,10,1,4
4641,593126,1,10,1,1
9911,67925,0,20,1,7
3073,143274,1,10,1,1
8518,21293,0,20,1,6
9836,799901,1,10,1,12
8798,474665,0,20,1,14
9632,232322,0,20,1,0
8070,37885,0,20,1,6
7485,233491,0,20,1,13
1885,780898,0,20,1,13
4350,973760,0,20,1,14
8761,821550,0,20,1,9
5058,295509,0,20,1,2
2657,118843,0,20,1,1
7385,570843,0,20,1,9
2827,778922,0,20,1,11
8053,221288,1,10,1,5
1220,206999,1,10,1,4
6486,393866,0,20,1,6
6942,922731,0,20,1,14
899,374237,1,10,1,3
2540,274612,1,10,1,12
9048,808932,1,10,1,8
3372,461879,0,20,1,12
5761,835912,1,10,1,1
1890,189580,0,20,1,2
4428,12260,0,20,1,12
7378,782743,0,20,1,2
55,112074,1,10,1,7
2981,872376,1,10,1,5
8399,501558,0,20,1,15
4328,296119,1,10,1,8
4071,453153,0,20,1,7
7201,599281,1,10,1,1
5970,290654,1,10,1,2
9415,826206,0,20,1,7
5268,83692,1,10,1,4
2258,407817,0,20,1,2
322,181746,0,20,1,2
3916,757779,1,10,1,12
6591,254283,1,10,1,15
6884,103971,0,20,1,4
1129,160743,1,10,1,9
8581,771634,0,20,1,5
9195,263772,1,10,1,11
6315,501283,1,10,1,11
4771,637769,1,10,1,3
3242,947112,1,10,1,10
226,15540,1,10,1,2
4212,310981,1,10,1,4
4685,60896,1,10,1,13
1459,674633,0,20,1,3
9752,628529,1,10,1,8
8338,795490,0,20,1,2
4523,570148,1,10,1,11
524,67176,1,10,1,12
5867,79675,1,10,1,11
2360,564896,0,20,1,8
5991,485836,0,20,1,7
3112,306307,1,10,1,8
1,24671,0,20,1,1
627,383640,1,10,1,3
1945,220435,0,20,1,9
7593,542663,1,10,1,9
4865,59023,1,10,1,1
8876,349867,1,10,1,12
8254,408780,0,20,1,14
5910,440780,1,10,1,6
5555,188727,1,10,1,3
1116,411926,1,10,1,12
3569,448938,0,20,1,1
8554,112313,0,20,1,10
345,953256,1,10,1,9
589,193872,0,20,1,13
8525,840538,1,10,1,13
7110,497458,1,10,1,6
7909,419708,0,20,1,5
5967,618110,1,10,1,15
5869,107192,1,10,1,13
7044,636547,0,20,1,4
534,614066,0,20,1,6
8611,370288,1,10,1,3
9083,485687,0,20,1,11
3130,414714,0,20,1,10
1264,71668,1,10,1,0
9782,485668,0,20,1,6
6083,501229,1,10,1,3
2444,688557,0,20,1,12
7710,51247,1,10,1,14
3411,476782,1,10,1,3
3047,180564,1,10,1,7
3921,483022,1,10,1,1
3210,29267,0,20,1,10
6439,971236,1,10,1,7
1858,413426,0,20,1,2
2776,484318,0,20,1,8
4187,549515,1,10,1,11
6930,684671,0,20,1,2
6035,136626,1,10,1,3
9641,202718,1,10,1,9
9839,983532,0,20,1,15
1386,658959,0,20,1,10
1542,350744,1,10,1,6
639,27701,1,10,1,15
2091,160950,0,20,1,11
5034,854500,1,10,1,10
4480,596776,1,10,1,0
7910,524712,1,10,1,6
8305,640360,0,20,1,1
7998,585653,1,10,1,14
8082,923694,0,20,1,2
8088,474712,0,20,1,8
6549,779855,1,10,1,5
2739,20923,0,20,1,3
2654,914705,0,20,1,14
4123,255528,1,10,1,11
8216,99806,1,10,1,8
7988,423578,1,10,1,4
4433,1730,0,20,1,1
6244,948341,0,20,1,4
5813,691683,0,20,1,5
7379,584265,1,10,1,3
9228,623696,0,20,1,12
2707,929161,1,10,1,3
7551,311018,0,20,1,15
5446,114261,1,10,1,6
7365,72016,1,10,1,5
6238,593059,0,20,1,14
6978,63630,0,20,1,2
6862,715650,0,20,1,14
9175,807936,0,20,1,7
3021,502455,1,10,1,13
8684,77924,0,20,1,12
8828,337834,0,20,1,12
3245,960670,1,10,1,13
8995,711931,0,20,1,3
5881,82805,0,20,1,9
6838,436012,1,10,1,6
6504,473608,1,10,1,8
2031,450044,0,20,1,15
6165,388044,0,20,1,5
6097,856690,1,10,1,1
3737,958555,1,10,1,9
8329,402343,1,10,1,9
7459,911693,1,10,1,3
5211,341765,1,10,1,11
238,505813,0,20,1,14
6766,265567,1,10,1,14
4221,485212,1,10,1,13
8656,984480,0,20,1,0
6836,48556,0,20,1,4
6786,600702,0,20,1,2
1397,796102,1,10,1,5
5160,93923,1,10,1,8
1819,871157,1,10,1,11
4996,724081,0,20,1,4
9402,753181,0,20,1,10
4225,766847,1,10,1,1
4631,449636,0,20,1,7
4479,282692,0,20,1,15
9611,697832,1,10,1,11
3327,178666,1,10,1,15
4830,240405,0,20,1,14
2755,928694,0,20,1,3
5608,874134,0,20,1,8
6085,721987,1,10,1,5
8831,272810,0,20,1,15
3744,626555,1,10,1,0
326,570490,0,20,1,6
625,465558,1,10,1,1
8333,379860,1,10,1,13
942,787785,0,20,1,14
8550,655151,0,20,1,6
2097,278888,1,10,1,1
6477,648644,0,20,1,13
6153,935935,0,20,1,9
4446,456116,1,10,1,14
9192,588103,0,20,1,8
938,32449,1,10,1,10
2306,483555,1,10,1,2
7272,755551,0,20,1,8
97,818779,0,20,1,1
5846,489226,0,20,1,6
8499,810369,0,20,1,3
9844,876439,1,10,1,4
3152,111278,1,10,1,0
4687,606890,1,10,1,15
5362,893780,1,10,1,2
2402,401813,0,20,1,2
622,32732,1,10,1,14
3489,259969,0,20,1,1
8909,811688,1,10,1,13
9403,75100,1,10,1,11
3717,584999,0,20,1,5
7285,501366,1,10,1,5
3109,807373,0,20,1,5
7665,407290,1,10,1,1
1777,367771,1,10,1,1
927,257317,0,20,1,15
1619,373627,0,20,1,3
507,438854,0,20,1,11
2110,610406,1,10,1,14
8173,379885,1,10,1,13
6543,863480,0,20,1,15
4568,805486,1,10,1,8
6688,494704,0,20,1,0
3523,546631,1,10,1,3
5695,288891,0,20,1,15
6400,290940,0,20,1,0
7010,186272,1,10,1,2
4377,227996,0,20,1,9
6931,381539,1,10,1,3
6201,241840,0,20,1,9
2295,690969,1,10,1,7
2438,104693,1,10,1,6
6479,189230,1,10,1,15
5806,176193,0,20,1,14
4963,358457,1,10,1,3
5059,672397,1,10,1,3
9278,988542,1,10,1,14
2768,107576,1,10,1,0
3902,689491,1,10,1,14
9565,780524,0,20,1,13
8540,997604,1,10,1,12
147,855087,1,10,1,3
1347,245495,1,10,1,3
523,259918,1,10,1,11
8694,581555,1,10,1,6
9129,571139,0,20,1,9
6812,349630,0,20,1,12
7818,772161,0,20,1,10
2326,508800,0,20,1,6
4941,994766,1,10,1,13
6027,798089,1,10,1,11
7034,515539,0,20,1,10
2740,552910,0,20,1,4
2694,186322,0,20,1,6
8002,367388,1,10,1,2
5883,773145,0,20,1,11
2243,972636,1,10,1,3
1874,826522,1,10,1,2
5782,730933,1,10,1,6
3168,235748,1,10,1,0
2473,692171,0,20,1,9
132,550087,0,20,1,4
8962,59507,0,20,1,2
5635,386876,0,20,1,3
2762,989679,1,10,1,10
8757,600952,1,10,1,5
7065,525062,0,20,1,9
5790,449072,1,10,1,14
7329,592351,0,20,1,1
2246,83128,0,20,1,6
6926,254549,0,20,1,14
8351,911719,1,10,1,15
6269,369322,0,20,1,13
2547,18070,1,10,1,3
9555,862322,0,20,1,3
7302,117754,1,10,1,6
215,492169,0,20,1,7
369,713716,1,10,1,1
3953,701797,1,10,1,1
8618,246589,0,20,1,10
8762,376673,0,20,1,10
5779,153322,1,10,1,3
8144,116186,0,20,1,0
6913,959093,0,20,1,1
7087,986668,0,20,1,15
626,319540,1,10,1,2
3432,290554,1,10,1,8
341,334550,1,10,1,5
2196,954890,0,20,1,4
6070,774295,1,10,1,6
9559,944934,0,20,1,7
3017,268928,1,10,1,9
1602,581992,1,10,1,2
7475,950020,1,10,1,3
9735,775402,0,20,1,7
1158,640337,0,20,1,6
9121,62218,1,10,1,1
6119,666353,1,10,1,7
5249,705017,0,20,1,1
116,657356,0,20,1,4
3255,995320,0,20,1,7
9024,629266,0,20,1,0
4770,789308,0,20,1,2
2316,946852,0,20,1,12
384,748922,1,10,1,0
2242,797318,1,10,1,2
9424,176458,0,20,1,0
1893,688409,1,10,1,5
2209,858237,0,20,1,1
4675,697146,0,20,1,3
5940,404719,1,10,1,4
5554,369244,1,10,1,2
9845,735235,1,10,1,5
8714,237744,1,10,1,10
3182,416095,1,10,1,14
4411,386762,0,20,1,11
9498,893903,1,10,1,10
7041,729291,0,20,1,1
7601,545333,1,10,1,1
7915,992730,1,10,1,11
8588,959120,1,10,1,12
1658,328657,1,10,1,10
7994,134947,1,10,1,10
428,706640,1,10,1,12
1492,888610,0,20,1,4
1646,871123,0,20,1,14
8750,554413,0,20,1,14
3046,657734,0,20,1,6
7486,604348,0,20,1,14
698,52607,1,10,1,10
5426,261996,0,20,1,2
492,430806,0,20,1,12
5945,573784,0,20,1,9
3714,688618,0,20,1,2
9572,542109,1,10,1,4
3000,36919,0,20,1,8
2484,910703,1,10,1,4
913,749975,1,10,1,1
6191,587071,0,20,1,15
3751,290413,0,20,1,7
6821,771300,1,10,1,5
2865,377989,1,10,1,1
2693,182478,0,20,1,5
5994,188115,0,20,1,10
271,326047,0,20,1,15
3216,59654,1,10,1,0
1301,894612,1,10,1,5
3460,984642,1,10,1,4
4258,166085,1,10,1,2
7903,990964,0,20,1,15
2964,254703,0,20,1,4
2637,99966,1,10,1,13
7402,159735,1,10,1,10
4614,4602,0,20,1,6
9176,531315,0,20,1,8
3169,538594,1,10,1,1
8570,25219,0,20,1,10
1214,509853,1,10,1,14
7431,900433,0,20,1,7
5708,637057,1,10,1,12
7414,730178,1,10,1,6
1329,906935,0,20,1,1
493,966983,0,20,1,13
6195,194371,0,20,1,3
1788,739839,1,10,1,12
9776,373285,0,20,1,0
6746,491797,0,20,1,10
7841,685263,1,10,1,1
8902,151101,1,10,1,6
1642,120699,1,10,1,10
9510,510327,0,20,1,6
9841,788084,0,20,1,1
1936,5200,1,10,1,0
9837,298827,0,20,1,13
1454,430283,0,20,1,14
5314,584453,0,20,1,2
4688,897291,1,10,1,0
5275,35482,0,20,1,11
1383,903131,1,10,1,7
5612,81300,1,10,1,12
7623,477942,1,10,1,7
6769,302268,0,20,1,1
7396,164638,1,10,1,4
3034,254979,1,10,1,10
6725,62325,0,20,1,5
4459,432866,0,20,1,11
5557,588717,1,10,1,5
4495,69795,1,10,1,15
106,434667,1,10,1,10
1835,795303,1,10,1,11
5575,58517,0,20,1,7
4254,316498,0,20,1,14
7826,587436,1,10,1,2
8650,411899,0,20,1,10
3170,13168,1,10,1,2
4896,995250,1,10,1,0
1115,986646,0,20,1,11
785,189178,0,20,1,1
6352,531335,1,10,1,0
758,822599,1,10,1,6
9571,243048,0,20,1,3
3465,864617,1,10,1,9
7303,234333,0,20,1,7
3002,687793,1,10,1,10
6565,398890,1,10,1,5
599,340608,0,20,1,7
6532,506900,1,10,1,4
4059,287016,0,20,1,11
7467,307956,1,10,1,11
407,390196,1,10,1,7
471,114745,1,10,1,7
8164,811089,1,10,1,4
5090,378794,0,20,1,2
9759,37794,0,20,1,15
7805,142799,1,10,1,13
3548,29217,0,20,1,12
1472,906747,1,10,1,0
2412,282627,0,20,1,12
1181,234313,0,20,1,13
5651,950903,0,20,1,3
3673,159712,1,10,1,9
8195,135353,1,10,1,3
9017,237390,1,10,1,9
4414,550932,1,10,1,14
7454,983329,1,10,1,14
9869,944026,0,20,1,13
8845,586937,1,10,1,13
829,940856,1,10,1,13
3871,950065,0,20,1,15
8148,151041,1,10,1,4
5696,490504,0,20,1,0
5894,659575,0,20,1,6
3157,381822,0,20,1,5
5884,69705,0,20,1,12
9819,558409,1,10,1,11
7794,746438,0,20,1,2
66,384431,1,10,1,2
2056,695399,1,10,1,8
4933,371952,0,20,1,5
2007,971272,1,10,1,7
6124,168300,1,10,1,12
7517,904030,0,20,1,13
6596,462916,1,10,1,4
5897,256460,0,20,1,9
3417,278369,0,20,1,9
690,575891,1,10,1,2
7195,557201,1,10,1,11
2951,75308,1,10,1,7
4141,26641,1,10,1,13
8741,586658,1,10,1,5
3496,597114,1,10,1,8
3438,582745,1,10,1,14
1996,647464,1,10,1,12
7347,776951,1,10,1,3
8094,942390,1,10,1,14
8457,42738,1,10,1,9
7891,578550,0,20,1,3
4497,426111,0,20,1,1
7823,938261,1,10,1,15
8842,774002,1,10,1,10
2119,13631,1,10,1,7
7858,268390,1,10,1,2
1010,853303,1,10,1,2
9547,340716,1,10,1,11
6809,963199,0,20,1,9
9112,934514,1,10,1,8
2616,568810,0,20,1,8
9429,393799,0,20,1,5
2098,882203,0,20,1,2
9966,677874,0,20,1,14
7133,184094,1,10,1,13
7382,765446,0,20,1,6
1904,763329,1,10,1,0
8775,593998,1,10,1,7
5418,102213,0,20,1,10
8954,296654,0,20,1,10
3329,186678,0,20,1,1
2008,313006,0,20,1,8
5213,733902,0,20,1,13
7319,815611,0,20,1,7
2410,678372,1,10,1,10
9275,602463,1,10,1,11
5183,291946,0,20,1,15
6589,649736,0,20,1,13
6947,849532,1,10,1,3
7904,56932,1,10,1,0
9218,77878,0,20,1,2
5631,300138,0,20,1,15
4125,380027,0,20,1,13
7763,172621,0,20,1,3
9838,45415,0,20,1,14
8843,767358,0,20,1,11
8716,775636,1,10,1,12
6613,563229,1,10,1,5
3025,891420,0,20,1,1
509,588842,1,10,1,13
4859,223315,1,10,1,11
7412,543733,1,10,1,4
2773,622800,0,20,1,5
6774,603022,0,20,1,6
1080,787985,0,20,1,8
8960,765773,0,20,1,0
637,791739,0,20,1,13
5136,568065,1,10,1,0
3284,850719,1,10,1,4
3439,658491,0,20,1,15
9074,57261,1,10,1,2
4659,584903,1,10,1,3
1371,238246,0,20,1,11
8703,529898,0,20,1,15
2960,688658,1,10,1,0
5300,46071,0,20,1,4
9509,893352,0,20,1,5
971,674231,1,10,1,11
1358,885952,0,20,1,14
6259,834304,0,20,1,3
4827,763955,0,20,1,11
4163,74076,1,10,1,3
4289,33598,1,10,1,1
8006,257306,1,10,1,6
7872,768466,1,10,1,0
7511,883460,0,20,1,7
5815,599065,1,10,1,7
1807,296104,1,10,1,15
5391,216291,0,20,1,15
8470,576354,1,10,1,6
939,600391,0,20,1,11
1869,305810,1,10,1,13
3542,304624,0,20,1,6
6020,592831,0,20,1,4
9854,246419,1,10,1,14
6737,64742,1,10,1,1
5502,902794,0,20,1,14
1273,309612,0,20,1,9
545,671317,1,10,1,1
8230,164873,1,10,1,6
825,14550,1,10,1,9
71,772386,1,10,1,7
7408,707446,0,20,1,0
7975,266005,0,20,1,7
3116,897015,1,10,1,12
5741,598363,1,10,1,13
7518,199260,0,20,1,14
8440,953927,0,20,1,8
7341,502991,1,10,1,13
9151,575086,0,20,1,15
9263,374149,1,10,1,15
9530,539318,1,10,1,10
9482,439652,0,20,1,10
391,584106,1,10,1,7
6511,999910,0,20,1,15
764,50378,0,20,1,12
8362,752142,0,20,1,10
2936,486925,1,10,1,8
3566,760975,1,10,1,14
6614,153206,0,20,1,6
558,210989,0,20,1,14
3115,609036,1,10,1,11
7248,450893,0,20,1,0
4671,618848,1,10,1,15
1452,140557,1,10,1,12
1340,409801,1,10,1,12
6890,498040,0,20,1,10
9719,489926,0,20,1,7
7875,897033,1,10,1,3
6145,354950,1,10,1,1
6460,171450,0,20,1,12
4807,97562,1,10,1,7
3870,22210,1,10,1,14
8809,693687,0,20,1,9
7524,23436,1,10,1,4
9115,418109,0,20,1,11
4037,705038,0,20,1,5
702,785230,1,10,1,14
9217,440376,0,20,1,1
9341,221294,0,20,1,13
4803,357828,0,20,1,3
5955,231445,0,20,1,3
8375,578333,1,10,1,7
827,360230,1,10,1,11
8888,488370,1,10,1,8
4916,773098,1,10,1,4
5474,727430,0,20,1,2
504,348677,1,10,1,8
152,456561,1,10,1,8
167,73263,0,20,1,7
9736,759811,0,20,1,8
1750,226182,0,20,1,6
234,220808,1,10,1,10
6169,758016,0,20,1,9
7838,164711,1,10,1,14
9648,307531,0,20,1,0
1072,294423,0,20,1,0
5067,16950,0,20,1,11
3074,70947,1,10,1,2
1881,502796,0,20,1,9
2195,400822,0,20,1,3
4678,356099,0,20,1,6
3747,463147,1,10,1,3
1601,270299,0,20,1,1
6094,10205,0,20,1,14
4301,991343,0,20,1,13
5568,727046,0,20,1,0
3592,314196,1,10,1,8
7846,665843,0,20,1,6
3845,325943,1,10,1,5
8430,234545,0,20,1,14
1378,21164,1,10,1,2
9033,102144,1,10,1,9
279,917457,1,10,1,7
7198,932141,1,10,1,14
6555,563555,1,10,1,11
4831,246807,0,20,1,15
565,665326,0,20,1,5
6899,232252,0,20,1,3
8207,813421,0,20,1,15
3120,360001,0,20,1,0
9591,946920,0,20,1,7
3283,558275,1,10,1,3
5690,235246,0,20,1,10
6396,55350,0,20,1,12
5005,722082,1,10,1,13
5436,836345,1,10,1,12
4131,155986,0,20,1,3
773,489291,0,20,1,5
4877,212563,0,20,1,13
3661,120678,1,10,1,13
7928,118486,0,20,1,8
2803,116047,0,20,1,3
2958,958998,0,20,1,14
160,392112,1,10,1,0
6316,78157,1,10,1,12
337,877674,1,10,1,1
3269,293979,1,10,1,5
6404,249287,1,10,1,4
1752,302880,0,20,1,8
3143,8912,0,20,1,7
2903,550028,0,20,1,7
8510,157602,0,20,1,14
4043,720405,0,20,1,11
3105,554090,1,10,1,1
7867,661954,0,20,1,11
2728,96035,0,20,1,8
5663,954199,1,10,1,15
6993,516148,0,20,1,1
9094,319486,1,10,1,6
6734,509063,1,10,1,14
7042,673400,0,20,1,2
6192,377713,1,10,1,0
9930,550460,0,20,1,10
4229,133568,0,20,1,5
7728,398899,1,10,1,0
525,957525,1,10,1,13
5486,954947,0,20,1,14
1549,57638,0,20,1,13
7697,571149,1,10,1,1
5642,657676,0,20,1,10
9343,662299,0,20,1,15
606,336908,0,20,1,14
7844,793103,0,20,1,4
1046,139521,0,20,1,6
1291,569823,0,20,1,11
2835,295296,1,10,1,3
633,672432,1,10,1,9
9636,451346,0,20,1,4
658,99560,1,10,1,2
8456,971524,1,10,1,8
162,129419,1,10,1,2
748,667084,0,20,1,12
4682,277478,0,20,1,10
1870,594036,1,10,1,14
7504,601614,0,20,1,0
9656,615529,1,10,1,8
2822,594444,0,20,1,6
5600,519861,1,10,1,0
7270,93449,0,20,1,6
6811,930502,0,20,1,11
9885,514832,1,10,1,13
6535,860721,0,20,1,7
9897,128041,0,20,1,9
3666,38044,0,20,1,2
4083,739309,1,10,1,3
6779,105290,0,20,1,11
5458,38467,1,10,1,2
3267,956853,0,20,1,3
6881,846291,1,10,1,1
7932,464048,0,20,1,12
9043,68117,1,10,1,3
5036,123143,0,20,1,12
1712,909825,1,10,1,0
650,426775,0,20,1,10
629,769743,1,10,1,5
2022,606018,0,20,1,6
228,418284,0,20,1,4
470,246680,1,10,1,6
2255,28653,1,10,1,15
3692,348745,0,20,1,12
2128,298722,0,20,1,0
6513,563789,1,10,1,1
541,748213,1,10,1,13
5512,8877,0,20,1,8
5947,719112,0,20,1,11
6634,293181,1,10,1,10
4654,401062,1,10,1,14
1206,226207,0,20,1,6
9437,165022,0,20,1,13
1084,668791,0,20,1,12
5624,166906,1,10,1,8
1652,288685,1,10,1,4
7896,260353,0,20,1,8
6702,846570,0,20,1,14
2984,841877,1,10,1,8
1994,187931,0,20,1,10
9501,571709,0,20,1,13
9350,685474,1,10,1,6
3880,867544,0,20,1,8
3276,445185,0,20,1,12
1328,440481,0,20,1,0
7883,396803,0,20,1,11
1253,190320,0,20,1,5
2626,126295,0,20,1,2
6568,445180,1,10,1,8
2250,919400,1,10,1,10
2861,199115,0,20,1,13
6661,289862,0,20,1,5
5098,38737,1,10,1,10
2841,770034,1,10,1,9
6142,983619,0,20,1,14
1831,853731,1,10,1,7
7914,27363,0,20,1,10
3320,229051,0,20,1,8
2155,766296,0,20,1,11
2731,195455,0,20,1,11
5173,920516,1,10,1,5
4562,836515,1,10,1,2
2201,116488,1,10,1,9
8282,748578,0,20,1,10
3076,675419,1,10,1,4
9874,326844,1,10,1,2
186,672377,1,10,1,10
4316,906195,0,20,1,12
6387,758899,1,10,1,3
884,47280,0,20,1,4
2564,604855,1,10,1,4
8764,35743,0,20,1,12
332,647145,1,10,1,12
3086,919843,1,10,1,14
1209,96543,1,10,1,9
6503,690171,1,10,1,7
1117,644031,0,20,1,13
1187,164014,0,20,1,3
8790,702830,1,10,1,6
2933,62115,1,10,1,5
3978,448065,0,20,1,10
3263,362867,0,20,1,15
5999,558068,0,20,1,15
7645,967897,0,20,1,13
9771,75896,1,10,1,11
9886,88614,0,20,1,14
6929,549654,0,20,1,1
5800,466458,1,10,1,8
1238,215486,1,10,1,6
5270,699037,0,20,1,6
3726,6195,0,20,1,14
1640,298027,0,20,1,8
1361,23780,1,10,1,1
6781,392056,1,10,1,13
3752,462755,1,10,1,8
350,479701,1,10,1,14
2607,773799,0,20,1,15
6505,122003,1,10,1,9
217,160404,1,10,1,9
982,866921,1,10,1,6
5586,994656,0,20,1,2
2260,441157,1,10,1,4
7129,128227,1,10,1,9
1769,991625,1,10,1,9
4270,907826,0,20,1,14
476,126643,0,20,1,12
8552,422646,1,10,1,8
7,681005,1,10,1,7
6961,11738,0,20,1,1
9898,927667,1,10,1,10
4911,951477,0,20,1,15
8184,726109,1,10,1,8
9184,588945,0,20,1,0
4994,213163,0,20,1,2
6428,695485,0,20,1,12
6151,584713,1,10,1,7
2203,513102,1,10,1,11
4972,936448,1,10,1,12
8577,830482,1,10,1,1
1147,648056,0,20,1,11
7132,604121,1,10,1,12
4053,422871,1,10,1,5
2323,754439,0,20,1,3
6694,1550,1,10,1,6
232,222910,0,20,1,8
4415,728394,0,20,1,15
2970,483180,1,10,1,10
2712,757150,0,20,1,8
2076,696237,1,10,1,12
3784,263866,0,20,1,8
2703,255210,1,10,1,15
1628,15787,0,20,1,12
9725,7050,0,20,1,13
4409,82237,0,20,1,9
2350,388207,0,20,1,14
5341,320151,0,20,1,13
3707,96083,0,20,1,11
3159,793914,0,20,1,7
4580,858477,1,10,1,4
7448,34292,0,20,1,8
6937,347561,1,10,1,9
1477,351145,1,10,1,5
9984,473734,0,20,1,0
7184,22208,1,10,1,0
467,566209,1,10,1,3
293,169252,0,20,1,5
9191,784698,1,10,1,7
6383,297889,1,10,1,15
2145,10668,1,10,1,1
5549,380346,1,10,1,13
4667,77582,0,20,1,11
6733,925494,1,10,1,13
9484,91730,0,20,1,12
7882,652920,1,10,1,10
734,371804,1,10,1,14
1302,431185,0,20,1,6
9269,525265,0,20,1,5
1806,11865,0,20,1,14
2399,682874,1,10,1,15
5726,975503,0,20,1,14
6116,710157,1,10,1,4
6465,415393,0,20,1,1
6132,530054,1,10,1,4
574,806480,1,10,1,14
8971,412737,0,20,1,11
8221,457592,0,20,1,13
2452,515074,0,20,1,4
3052,14447,1,10,1,12
5480,247242,1,10,1,8
6329,572270,0,20,1,9
4556,596698,1,10,1,12
1584,473814,1,10,1,0
6071,931193,1,10,1,7
6056,559841,1,10,1,8
585,557876,0,20,1,9
1647,795016,1,10,1,15
5375,275140,1,10,1,15
503,423038,0,20,1,7
3610,159330,1,10,1,10
9858,629964,0,20,1,2
9865,106772,1,10,1,9
3691,788080,0,20,1,11
8045,988886,1,10,1,13
9190,212578,1,10,1,6
8436,469622,1,10,1,4
7535,131660,1,10,1,15
1337,325050,0,20,1,9
5854,992268,1,10,1,14
3567,390811,0,20,1,15
3967,740187,0,20,1,15
485,302692,1,10,1,5
4805,383317,1,10,1,5
4681,331015,0,20,1,9
956,365718,1,10,1,12
2434,757923,0,20,1,2
6491,894468,0,20,1,11
8733,366038,0,20,1,13
6894,999543,0,20,1,14
6354,734313,0,20,1,2
4726,152665,1,10,1,6
3156,634169,1,10,1,4
7671,406771,1,10,1,7
1368,497071,0,20,1,8
3026,278243,0,20,1,2
7327,860094,1,10,1,15
9285,6588,1,10,1,5
7001,232943,0,20,1,9
7108,340258,0,20,1,4
7418,544995,0,20,1,10
3092,357474,1,10,1,4
1740,966413,0,20,1,12
4749,851635,1,10,1,13
9806,301472,1,10,1,14
5832,86721,1,10,1,8
7689,608038,0,20,1,9
8237,390389,1,10,1,13
1898,989762,1,10,1,10
5492,134195,1,10,1,4
5888,90508,0,20,1,0
5201,408020,1,10,1,1
4737,561719,1,10,1,1
1783,725084,0,20,1,7
5050,224825,1,10,1,10
367,942574,0,20,1,15
7462,821688,0,20,1,6
5771,754313,0,20,1,11
2000,737139,1,10,1,0
6370,958424,0,20,1,2
1002,141720,1,10,1,10
2908,553488,0,20,1,12
7025,618552,1,10,1,1
6553,329380,1,10,1,9
7919,908743,0,20,1,15
3998,867236,0,20,1,14
5731,83785,0,20,1,3
4080,306763,1,10,1,0
2118,642776,0,20,1,6
7297,291964,1,10,1,1
283,2444,1,10,1,11
6047,924949,1,10,1,15
1360,731426,0,20,1,0
8312,21953,0,20,1,8
190,2653,0,20,1,14
9149,94777,1,10,1,13
9470,54844,1,10,1,14
906,20025,1,10,1,10
2239,303166,0,20,1,15
5874,343603,0,20,1,2
8747,562942,1,10,1,11
2334,237317,1,10,1,14
952,679422,1,10,1,8
3310,38161,0,20,1,14
9052,120607,1,10,1,12
1259,534289,0,20,1,11
656,650018,0,20,1,0
9758,283590,1,10,1,14
3733,431918,0,20,1,5
1241,793240,0,20,1,9
3142,432264,1,10,1,6
7130,54739,0,20,1,10
1061,514927,0,20,1,5
5461,970515,1,10,1,5
644,857428,1,10,1,4
1120,556373,1,10,1,0
7688,982265,0,20,1,8
9156,328055,1,10,1,4
4697,913092,0,20,1,9
9843,732733,1,10,1,3
4273,620529,0,20,1,1
9757,703331,0,20,1,13
4928,488206,1,10,1,0
5758,242513,0,20,1,14
531,898089,1,10,1,3
8704,431501,1,10,1,0
6716,816156,0,20,1,12
3964,245080,0,20,1,12
148,42896,0,20,1,4
6562,693555,0,20,1,2
6721,904349,0,20,1,1
8281,581278,0,20,1,9
6260,994995,0,20,1,4
3384,265672,1,10,1,8
5936,73951,0,20,1,0
1990,235358,0,20,1,6
7548,415605,0,20,1,12
5930,12820,0,20,1,10
1924,776000,1,10,1,4
9347,631032,1,10,1,3
7199,837577,1,10,1,15
3232,604721,1,10,1,0
7999,36293,1,10,1,15
9003,813693,0,20,1,11
4233,443809,0,20,1,9
8852,162495,0,20,1,4
902,353413,1,10,1,6
7474,277809,1,10,1,2
2471,22840,1,10,1,7
6732,545248,0,20,1,12
747,504647,0,20,1,11
9708,180970,1,10,1,12
6761,39599,0,20,1,9
8137,254383,1,10,1,9
2125,889344,1,10,1,13
6066,277253,0,20,1,2
2976,519959,0,20,1,0
4453,334640,0,20,1,5
8167,760798,0,20,1,7
156,28479,0,20,1,12
9344,858457,0,20,1,0
4725,835359,1,10,1,5
6507,77079,0,20,1,11
2429,651251,0,20,1,13
944,401763,0,20,1,0
9996,120388,0,20,1,12
6567,128022,0,20,1,7
4000,918474,0,20,1,0
45,758822,1,10,1,13
4070,757952,1,10,1,6
3054,660639,0,20,1,14
9253,586936,0,20,1,5
7755,522720,0,20,1,11
8648,296582,0,20,1,8
7366,156935,1,10,1,6
3966,243057,0,20,1,14
3558,950226,1,10,1,6
5953,571294,1,10,1,1
8943,240693,0,20,1,15
360,851414,1,10,1,8
5167,907386,1,10,1,15
8667,949306,1,10,1,11
8218,923391,0,20,1,10
4923,451492,0,20,1,11
5035,114916,0,20,1,11
9408,47201,1,10,1,0
3345,936503,1,10,1,1
5171,337853,0,20,1,3
4561,777754,1,10,1,1
100,482585,1,10,1,4
5805,738612,0,20,1,13
3350,962855,1,10,1,6
466,260729,0,20,1,2
7441,380457,0,20,1,1
7597,549395,0,20,1,13
4325,449643,0,20,1,5
642,492494,0,20,1,2
5689,475200,1,10,1,9
6346,636339,0,20,1,10
3710,484055,0,20,1,14
8429,464382,1,10,1,13
5611,750418,1,10,1,11
9028,805819,0,20,1,4
1611,620227,1,10,1,11
2475,241778,1,10,1,11
5042,7558,1,10,1,2
3943,628805,1,10,1,7
8477,596356,1,10,1,13
9716,837610,1,10,1,4
4945,540281,0,20,1,1
3259,952786,0,20,1,11
5176,922257,0,20,1,8
5801,5617,0,20,1,9
3770,324598,0,20,1,10
7861,598313,0,20,1,5
6772,295548,1,10,1,4
2303,111161,1,10,1,15
1480,301338,1,10,1,8
602,358025,0,20,1,10
5858,599051,0,20,1,2
3117,15805,1,10,1,13
6941,685722,1,10,1,13
6985,284689,1,10,1,9
1418,62931,1,10,1,10
865,433051,1,10,1,1
7699,298700,1,10,1,3
4925,327753,1,10,1,13
8185,289106,0,20,1,9
5233,930942,0,20,1,1
2416,776495,1,10,1,0
2388,842057,1,10,1,4
5340,54564,0,20,1,12
5428,372423,1,10,1,4
6064,52098,1,10,1,0
2925,384765,1,10,1,13
5206,101806,0,20,1,6
8772,731927,0,20,1,4
6446,935078,1,10,1,14
9941,793435,0,20,1,5
2753,54753,1,10,1,1
7491,870687,1,10,1,3
8785,16588,0,20,1,1
5441,634734,1,10,1,1
8966,811853,1,10,1,6
6462,419746,0,20,1,14
5295,510759,1,10,1,15
8942,759125,0,20,1,14
488,636691,0,20,1,8
5565,809634,1,10,1,13
5504,287029,0,20,1,0
6418,410641,0,20,1,2
6438,943552,0,20,1,6
6322,536928,1,10,1,2
3131,338169,1,10,1,11
3627,24167,0,20,1,11
2498,732001,0,20,1,2
8083,919367,1,10,1,3
6391,243625,1,10,1,7
1607,951830,0,20,1,7
7051,861871,1,10,1,11
804,525984,1,10,1,4
8285,299626,0,20,1,13
5812,259641,1,10,1,4
7383,91746,1,10,1,7
3686,728787,0,20,1,6
5208,223270,0,20,1,8
7887,808969,1,10,1,15
9066,730747,1,10,1,10
5569,786739,1,10,1,1
5633,854953,1,10,1,1
4045,346138,0,20,1,13
6857,782872,0,20,1,9
6876,275870,0,20,1,12
6566,297274,1,10,1,6
6958,254035,1,10,1,14
3490,522035,1,10,1,2
175,926446,0,20,1,15
1573,218385,0,20,1,5
5353,111021,1,10,1,9
1771,690859,1,10,1,11
1212,163714,0,20,1,12
1033,77726,0,20,1,9
5111,899139,1,10,1,7
8826,44731,1,10,1,10
7498,779632,0,20,1,10
4602,863143,0,20,1,10
2945,456711,0,20,1,1
4633,266747,1,10,1,9
3951,451468,0,20,1,15
3664,953940,1,10,1,0
2313,353534,1,10,1,9
3890,283192,1,10,1,2
5151,980215,1,10,1,15
9948,429010,0,20,1,12
3036,719785,1,10,1,12
2096,813519,0,20,1,0
2650,246334,0,20,1,10
9703,440039,1,10,1,7
5937,56769,0,20,1,1
3443,308349,1,10,1,3
2423,40246,1,10,1,7
7554,161088,0,20,1,2
6764,347463,0,20,1,12
7595,253371,1,10,1,11
340,7272,0,20,1,4
5112,562630,1,10,1,8
508,307777,1,10,1,12
4938,933735,1,10,1,10
1232,636432,0,20,1,0
7646,760732,1,10,1,14
4342,842522,1,10,1,6
9393,955340,0,20,1,1
9903,917461,1,10,1,15
9663,784450,1,10,1,15
6427,593872,0,20,1,11
380,566462,0,20,1,12
7170,372002,0,20,1,2
3836,731286,1,10,1,12
6436,116902,0,20,1,4
805,437589,0,20,1,5
5447,989983,1,10,1,7
3926,597891,0,20,1,6
2724,244825,1,10,1,4
9542,94595,1,10,1,6
1370,924647,1,10,1,10
7134,568012,0,20,1,14
3800,954939,1,10,1,8
4958,795873,0,20,1,14
2913,55964,1,10,1,1
1186,618874,1,10,1,2
4924,371359,1,10,1,12
5756,499452,0,20,1,12
5288,578886,1,10,1,8
6707,333199,0,20,1,3
8349,44998,0,20,1,13
9177,887347,0,20,1,9
1481,320899,1,10,1,9
9554,808280,0,20,1,2
5132,867731,0,20,1,12
7304,995910,1,10,1,8
6782,286082,1,10,1,14
6892,67338,0,20,1,12
7225,699422,0,20,1,9
4990,895934,1,10,1,14
347,629828,1,10,1,11
8781,170043,0,20,1,13
5184,923740,0,20,1,0
122,513590,0,20,1,10
8657,236534,1,10,1,1
1865,733566,0,20,1,9
7258,18451,0,20,1,10
2225,951163,1,10,1,1
2962,542152,0,20,1,2
8801,263770,1,10,1,1
4970,663774,1,10,1,10
9558,251587,0,20,1,6
2135,398686,0,20,1,7
872,913007,0,20,1,8
4482,851924,1,10,1,2
5114,79539,0,20,1,10
9599,117266,1,10,1,15
9585,704216,1,10,1,1
7161,949811,1,10,1,9
5882,708213,1,10,1,10
2974,498140,0,20,1,14
8344,372039,1,10,1,8
5435,375178,0,20,1,11
8517,252444,0,20,1,5
5493,954647,1,10,1,5
5786,733855,1,10,1,10
6369,169630,1,10,1,1
108,953129,0,20,1,12
9406,595546,0,20,1,14
5709,654763,0,20,1,13
4406,306120,0,20,1,6
3299,871010,0,20,1,3
2525,60431,0,20,1,13
1144,86371,1,10,1,8
8089,505548,1,10,1,9
9659,883963,1,10,1,11
4044,263767,0,20,1,12
9407,741453,1,10,1,15
182,561485,1,10,1,6
6189,688610,1,10,1,13
8818,857203,1,10,1,2
3064,480812,1,10,1,8
3313,856808,1,10,1,1
7176,615499,0,20,1,8
3305,136224,0,20,1,9
4868,906805,0,20,1,4
402,262595,1,10,1,2
3378,909399,1,10,1,2
7217,433336,0,20,1,1
2237,365422,1,10,1,13
1660,61978,0,20,1,12
1304,560415,0,20,1,8
6541,42501,1,10,1,13
4441,545790,0,20,1,9
6869,342850,1,10,1,5
6540,790402,0,20,1,12
9823,137208,1,10,1,15
6556,125572,1,10,1,12
6193,635398,0,20,1,1
8420,217738,0,20,1,4
4655,970148,0,20,1,15
6670,91714,1,10,1,14
4460,698619,0,20,1,12
5926,865266,1,10,1,6
1721,447539,1,10,1,9
1251,63650,0,20,1,3
5542,4710,0,20,1,6
6135,58714,1,10,1,7
8615,297277,1,10,1,7
9664,695750,0,20,1,0
6490,811534,1,10,1,10
1952,22826,1,10,1,0
2953,458598,1,10,1,9
3294,797626,1,10,1,14
5636,322968,1,10,1,4
2853,662666,1,10,1,5
1433,862485,1,10,1,9
8502,513001,0,20,1,6
912,10257,0,20,1,0
6450,588335,1,10,1,2
8199,758968,1,10,1,7
1223,466445,0,20,1,7
1149,101635,1,10,1,13
2443,810674,1,10,1,11
8274,340809,0,20,1,2
2687,84830,1,10,1,15
7693,214503,0,20,1,13
9608,264796,1,10,1,8
451,644600,0,20,1,3
7115,551295,0,20,1,11
6498,263693,1,10,1,2
3085,515458,1,10,1,13
1609,815662,0,20,1,9
7280,388271,1,10,1,0
7829,983661,0,20,1,5
5348,289289,1,10,1,4
1260,431618,0,20,1,12
4268,353035,0,20,1,12
7979,586854,1,10,1,11
5062,500098,1,10,1,6
2820,486405,1,10,1,4
6912,861258,0,20,1,0
7525,286374,1,10,1,5
2116,703909,0,20,1,4
7587,101349,0,20,1,3
5281,248910,0,20,1,1
8794,667914,0,20,1,10
1448,209423,0,20,1,8
2146,27606,0,20,1,2
1828,738098,0,20,1,4
1639,375811,0,20,1,7
5983,994169,0,20,1,15
469,168807,1,10,1,5
6472,669928,1,10,1,8
4944,232981,0,20,1,0
6875,808665,0,20,1,11
7816,570178,0,20,1,8
3146,712243,1,10,1,10
5769,285762,0,20,1,9
5013,366955,0,20,1,5
273,541402,1,10,1,1
3597,45130,1,10,1,13
8765,688809,1,10,1,13
4093,638430,1,10,1,13
9079,865441,1,10,1,7
3428,303831,0,20,1,4
4177,76450,1,10,1,1
3301,499710,1,10,1,5
5932,435618,1,10,1,12
6531,168229,0,20,1,3
5622,577969,0,20,1,6
4104,224589,0,20,1,8
8101,461781,1,10,1,5
5563,122103,0,20,1,11
7791,39976,1,10,1,15
3861,948869,0,20,1,5
2600,673337,0,20,1,8
5354,921560,0,20,1,10
2325,690490,1,10,1,5
4203,531424,0,20,1,11
817,560050,1,10,1,1
287,490528,1,10,1,15
5738,600908,1,10,1,10
9576,57577,0,20,1,8
2376,623104,1,10,1,8
5616,895702,0,20,1,0
7083,101531,0,20,1,11
7946,16772,0,20,1,10
3375,489578,0,20,1,15
7104,631707,1,10,1,0
6099,323753,1,10,1,3
1586,101141,1,10,1,2
8286,960099,1,10,1,14
3033,395298,1,10,1,9
8776,22957,0,20,1,8
7203,203678,1,10,1,3
9977,22902,0,20,1,9
9753,821610,1,10,1,9
6487,218024,1,10,1,7
3201,457435,1,10,1,1
2197,352451,1,10,1,5
8000,190775,0,20,1,0
9934,287887,0,20,1,14
9734,426597,1,10,1,6
2658,389160,1,10,1,2
1608,356382,0,20,1,8
4748,396381,0,20,1,12
188,853751,0,20,1,12
9142,746652,1,10,1,6
7958,520164,1,10,1,6
3814,297538,1,10,1,6
5047,173343,1,10,1,7
4833,660188,1,10,1,1
7260,638840,0,20,1,12
5197,155290,1,10,1,13
5245,338592,0,20,1,13
9000,780944,0,20,1,8
7092,809944,0,20,1,4
7782,430746,0,20,1,6
1126,713395,0,20,1,6
2720,439930,0,20,1,0
7574,644043,0,20,1,6
7182,844693,1,10,1,14
136,562332,1,10,1,8
4534,903602,1,10,1,6
4572,114403,0,20,1,12
2869,860465,1,10,1,5
9952,559395,0,20,1,0
5954,783826,1,10,1,2
1742,978227,0,20,1,14
288,735504,0,20,1,0
6069,437451,0,20,1,5
905,751605,1,10,1,9
9567,25655,0,20,1,15
316,411188,1,10,1,12
3173,471881,0,20,1,5
7088,335043,0,20,1,0
1198,141831,1,10,1,14
1641,559491,0,20,1,9
760,386062,1,10,1,8
5949,429337,0,20,1,13
8212,550707,1,10,1,4
2496,842159,0,20,1,0
1174,33995,0,20,1,6
1598,831344,1,10,1,14
3723,492890,0,20,1,11
6410,390100,0,20,1,10
4275,567979,0,20,1,3
6657,315772,0,20,1,1
8926,405757,1,10,1,14
8060,158379,0,20,1,12
6765,370560,0,20,1,13
4536,47887,0,20,1,8
4548,762892,1,10,1,4
5601,46956,0,20,1,1
9093,264925,1,10,1,5
103,333711,0,20,1,7
8467,838971,0,20,1,3
1281,456589,1,10,1,1
9313,269784,0,20,1,1
1689,611344,1,10,1,9
1456,609021,1,10,1,0
5373,625386,0,20,1,13
1862,671857,0,20,1,6
4860,544923,1,10,1,12
475,343976,1,10,1,11
5606,960991,1,10,1,6
3148,132744,1,10,1,12
6701,730299,1,10,1,13
5367,795653,0,20,1,7
7039,872581,1,10,1,15
3321,605816,1,10,1,9
8658,169476,0,20,1,2
2285,670049,1,10,1,13
8422,823114,0,20,1,6
4019,124228,1,10,1,3
1514,682857,1,10,1,10
9863,528901,0,20,1,7
1757,797045,0,20,1,13
6515,542797,0,20,1,3
1724,596222,1,10,1,12
7007,253767,0,20,1,15
7965,133782,1,10,1,13
5401,378274,1,10,1,9
4909,280730,0,20,1,13
9646,867528,1,10,1,14
7175,712261,1,10,1,7
8353,192712,0,20,1,1
7967,560210,0,20,1,15
6936,548091,1,10,1,8
6685,560675,1,10,1,13
7032,315890,0,20,1,8
5026,559399,0,20,1,2
3271,878997,1,10,1,7
9537,465896,1,10,1,1
5188,838928,1,10,1,4
4613,741274,0,20,1,5
1926,987346,1,10,1,6
2359,402237,1,10,1,7
6149,690017,0,20,1,5
304,417698,0,20,1,0
3662,464273,0,20,1,14
4724,917919,0,20,1,4
5981,624949,1,10,1,13
2233,215182,1,10,1,9
8580,93721,1,10,1,4
4583,705449,0,20,1,7
2427,575003,0,20,1,11
6776,518887,0,20,1,8
8097,787914,1,10,1,1
9242,164338,1,10,1,10
1907,11717,0,20,1,3
4440,588422,0,20,1,8
3333,466843,0,20,1,5
28,807539,0,20,1,12
270,74693,1,10,1,14
6059,749341,1,10,1,11
7445,403164,1,10,1,5
3049,455505,1,10,1,9
7615,641632,1,10,1,15
9785,306330,0,20,1,9
3799,188835,1,10,1,7
7774,47847,1,10,1,14
1439,470781,1,10,1,15
7825,881585,1,10,1,1
315,90220,1,10,1,11
5830,86593,0,20,1,6
3178,105528,0,20,1,10
8529,876961,1,10,1,1
6031,924132,0,20,1,15
4283,5027,1,10,1,11
1743,401446,1,10,1,15
239,499897,0,20,1,15
8686,47417,1,10,1,14
7167,180159,1,10,1,15
1153,464489,0,20,1,1
1745,836232,1,10,1,1
709,375768,0,20,1,5
7803,591702,0,20,1,11
4236,626138,0,20,1,12
8065,351550,1,10,1,1
1610,148333,1,10,1,10
8599,401083,0,20,1,7
5560,927638,0,20,1,8
2569,181315,0,20,1,9
7276,266467,1,10,1,12
6291,80447,0,20,1,3
6581,40339,1,10,1,5
1051,115102,1,10,1,11
885,943412,0,20,1,5
9642,88561,1,10,1,10
6560,632294,0,20,1,0
5203,906725,1,10,1,3
3639,851072,1,10,1,7
5875,434394,0,20,1,3
7172,220528,1,10,1,4
5617,858987,1,10,1,1
9223,821706,1,10,1,7
1266,145627,0,20,1,2
8978,513330,1,10,1,2
9010,318047,1,10,1,2
3704,109431,0,20,1,8
8373,599591,1,10,1,5
516,382237,1,10,1,4
621,998886,1,10,1,13
7761,504335,1,10,1,1
9922,891155,1,10,1,2
2104,46869,0,20,1,8
9281,747571,0,20,1,1
3114,674444,0,20,1,10
3409,60319,1,10,1,1
6801,734059,1,10,1,1
4144,38296,1,10,1,0
3797,107172,1,10,1,5
2631,764224,1,10,1,7
5283,257574,1,10,1,3
8037,14026,0,20,1,5
1648,698828,1,10,1,0
44,452840,0,20,1,12
5356,849232,0,20,1,12
7424,398413,0,20,1,0
2271,116791,0,20,1,15
3222,445862,1,10,1,6
2117,257380,1,10,1,5
549,312030,0,20,1,5
5961,693662,1,10,1,9
5952,469216,0,20,1,0
1101,974260,0,20,1,13
3535,290834,1,10,1,15
2621,706203,1,10,1,13
8644,882675,1,10,1,4
8178,38594,1,10,1,2
3945,918108,0,20,1,9
2253,859508,0,20,1,13
2994,634545,1,10,1,2
266,453660,0,20,1,10
8425,775502,0,20,1,9
3371,248779,1,10,1,11
2751,648646,0,20,1,15
1516,180577,1,10,1,12
2488,872954,1,10,1,8
7281,91091,0,20,1,1
7128,148012,1,10,1,8
3538,521903,1,10,1,2
7607,817116,1,10,1,7
9867,333277,0,20,1,11
4438,615990,1,10,1,6
6773,409146,1,10,1,5
3424,247440,1,10,1,0
1908,235708,1,10,1,4
5969,149710,1,10,1,1
2482,34159,0,20,1,2
1071,980106,1,10,1,15
1224,137045,1,10,1,8
5675,267919,1,10,1,11
8967,708083,0,20,1,7
6682,759763,1,10,1,10
3634,974815,0,20,1,2
5073,488262,1,10,1,1
9383,779585,0,20,1,7
2562,729963,1,10,1,2
7002,183208,1,10,1,10
3703,463163,0,20,1,7
6644,927985,0,20,1,4
7566,477006,0,20,1,14
6161,177747,1,10,1,1
4089,309196,1,10,1,9
9395,150089,1,10,1,3
9277,515727,1,10,1,13
6627,752768,0,20,1,3
9673,394105,1,10,1,9
2799,804761,0,20,1,15
3657,149938,1,10,1,9
4472,707693,1,10,1,8
5590,858605,1,10,1,6
8690,42546,1,10,1,2
4582,933461,0,20,1,6
4320,935716,0,20,1,0
5482,294642,0,20,1,10
7125,583400,0,20,1,5
2139,939824,1,10,1,11
89,489525,1,10,1,9
6305,522264,0,20,1,1
7856,963866,0,20,1,0
9714,723396,0,20,1,2
4006,20872,1,10,1,6
6377,340330,1,10,1,9
6203,222238,1,10,1,11
2344,114229,0,20,1,8
3900,185991,1,10,1,12
4629,21713,1,10,1,5
3702,886760,0,20,1,6
4294,723580,1,10,1,6
2824,760411,0,20,1,8
2775,495788,0,20,1,7
3398,783157,0,20,1,6
3303,406935,1,10,1,7
3835,325648,0,20,1,11
9131,69461,1,10,1,11
4188,956414,0,20,1,12
4651,776299,0,20,1,11
8252,239267,0,20,1,12
8773,227173,1,10,1,5
8379,715981,0,20,1,11
9871,608662,1,10,1,15
7528,523835,0,20,1,8
4041,125138,1,10,1,9
2532,704657,1,10,1,4
3768,878982,1,10,1,8
3848,124929,1,10,1,8
4522,112393,1,10,1,10
1125,224384,0,20,1,5
8542,110673,0,20,1,14
6461,310145,1,10,1,13
3408,347442,1,10,1,0
6112,449294,0,20,1,0
735,44708,1,10,1,15
8190,812090,1,10,1,14
8610,142270,1,10,1,2
6482,602238,0,20,1,2
8387,436670,1,10,1,3
1047,548740,1,10,1,7
9539,145724,1,10,1,3
4739,614907,1,10,1,3
1282,972656,1,10,1,2
7028,690863,1,10,1,4
8756,733751,0,20,1,4
8100,895909,0,20,1,4
5422,2407,1,10,1,14
8449,814560,1,10,1,1
1775,364792,1,10,1,15
7156,808748,1,10,1,4
4014,552491,0,20,1,14
8829,874437,1,10,1,13
3312,172533,0,20,1,0
4571,552001,0,20,1,11
8238,662416,0,20,1,14
5452,379604,0,20,1,12
4524,878188,1,10,1,12
9905,997332,1,10,1,1
3219,185131,1,10,1,3
416,126856,0,20,1,0
3244,416168,1,10,1,12
4027,796313,0,20,1,11
9778,691161,1,10,1,2
8884,673310,0,20,1,4
1050,361825,1,10,1,10
141,714367,0,20,1,13
5409,14706,0,20,1,1
1229,817631,1,10,1,13
9287,744397,0,20,1,7
1758,944891,1,10,1,14
9117,302584,0,20,1,13
3677,219157,1,10,1,13
3134,622388,1,10,1,14
5626,146940,0,20,1,10
1091,532107,1,10,1,3
4358,479701,0,20,1,6
3679,833564,1,10,1,15
8402,737063,1,10,1,2
711,339319,0,20,1,7
5339,184030,1,10,1,11
864,988773,0,20,1,0
6493,640961,0,20,1,13
4473,308020,1,10,1,9
3560,724072,1,10,1,8
4439,796541,0,20,1,7
6723,157631,0,20,1,3
8294,782598,1,10,1,6
3229,307200,1,10,1,13
6120,898694,0,20,1,8
3841,678468,1,10,1,1
9718,347304,0,20,1,6
9236,761838,1,10,1,4
9969,864779,1,10,1,1
3278,461207,0,20,1,14
9124,663796,0,20,1,4
6580,710021,0,20,1,4
2011,743097,1,10,1,11
3454,36668,0,20,1,14
7388,438063,1,10,1,12
5584,674713,0,20,1,0
3622,812839,1,10,1,6
3806,750791,0,20,1,14
6579,335354,0,20,1,3
4385,460752,1,10,1,1
3638,267198,0,20,1,6
7165,375927,0,20,1,13
5222,265408,1,10,1,6
5996,443369,0,20,1,12
9985,612833,1,10,1,1
2717,787587,1,10,1,13
3985,152574,1,10,1,1
2666,607268,1,10,1,10
7812,185842,1,10,1,4
8637,186902,1,10,1,13
4425,321374,0,20,1,9
1474,640975,0,20,1,2
4517,831790,0,20,1,5
2293,459536,0,20,1,5
6848,903243,0,20,1,0
962,236698,0,20,1,2
4226,615990,0,20,1,2
770,465119,0,20,1,2
1817,194053,0,20,1,9
7320,530508,1,10,1,8
7391,341695,0,20,1,15
2552,892144,1,10,1,8
6247,456498,0,20,1,7
2055,3250,1,10,1,7
9701,106458,0,20,1,5
2601,2768,1,10,1,9
8419,527068,1,10,1,3
5532,629483,1,10,1,12
6198,729296,0,20,1,6
652,910100,0,20,1,12
7124,814548,1,10,1,4
5080,454406,1,10,1,8
6455,275335,0,20,1,7
7279,255704,0,20,1,15
5732,71220,0,20,1,4
9034,822423,1,10,1,10
5672,489374,0,20,1,8
8302,285419,0,20,1,14
2032,231105,0,20,1,0
7643,87093,1,10,1,11
7241,288445,1,10,1,9
9256,2335,1,10,1,8
1034,843259,1,10,1,10
213,7594,1,10,1,5
1122,754365,1,10,1,2
1004,868940,0,20,1,12
8239,170991,0,20,1,15
4091,313012,1,10,1,11
206,720887,1,10,1,14
4483,793285,0,20,1,3
2450,180992,1,10,1,2
2910,705861,0,20,1,14
1678,513832,1,10,1,14
9092,397402,1,10,1,4
9299,678334,1,10,1,3
3563,815500,0,20,1,11
6187,270109,1,10,1,11
9461,240996,1,10,1,5
8453,632860,0,20,1,5
9915,908806,0,20,1,11
708,377793,0,20,1,4
638,237827,0,20,1,14
7045,831150,1,10,1,5
6692,291940,1,10,1,4
6616,529192,0,20,1,8
2249,111909,1,10,1,9
9637,759973,0,20,1,5
5604,651460,1,10,1,4
4660,971066,1,10,1,4
5333,427787,1,10,1,5
5497,706560,0,20,1,9
1597,494124,0,20,1,13
5902,246821,1,10,1,14
3694,590495,0,20,1,14
7344,283173,0,20,1,0
2809,570644,0,20,1,9
4987,631672,1,10,1,11
7159,116461,1,10,1,7
1888,416064,1,10,1,0
4646,231370,1,10,1,6
4746,281770,1,10,1,10
8810,801265,0,20,1,10
7770,953388,1,10,1,10
9431,488954,1,10,1,7
947,585468,0,20,1,3
4100,253295,1,10,1,4
1402,857316,0,20,1,10
598,131373,0,20,1,6
3630,448042,0,20,1,14
5381,232627,0,20,1,5
5103,60022,0,20,1,15
3306,790408,0,20,1,10
4984,85340,0,20,1,8
3750,322221,0,20,1,6
7481,754504,0,20,1,9
7907,148501,1,10,1,3
2474,998744,1,10,1,10
9451,577633,1,10,1,11
9390,829631,1,10,1,14
9926,136223,1,10,1,6
2446,312385,0,20,1,14
3975,389556,1,10,1,7
2678,651981,0,20,1,6
1950,286054,1,10,1,14
4735,771104,1,10,1,15
4936,95475,1,10,1,8
5818,613818,0,20,1,10
3712,204653,0,20,1,0
5438,549116,0,20,1,14
2275,264583,0,20,1,3
5387,161536,1,10,1,11
2956,203372,0,20,1,12
6780,42744,1,10,1,12
8017,590535,0,20,1,1
1747,453444,0,20,1,3
1395,482342,0,20,1,3
4164,542599,1,10,1,4
8044,305843,0,20,1,12
5040,537481,0,20,1,0
5684,509577,0,20,1,4
2528,258691,0,20,1,0
4570,169321,1,10,1,10
7106,214916,0,20,1,2
3181,617398,1,10,1,13
7619,775272,0,20,1,3
8817,302402,1,10,1,1
5220,614470,1,10,1,4
1429,656978,0,20,1,5
6744,286303,1,10,1,8
7759,796597,0,20,1,15
4172,760965,0,20,1,12
1960,649065,0,20,1,8
4820,776171,1,10,1,4
9089,335429,1,10,1,1
2978,99857,1,10,1,2
6012,179114,1,10,1,12
3363,722148,1,10,1,3
3044,805720,0,20,1,4
7000,591806,0,20,1,8
5227,400520,1,10,1,11
3865,82173,1,10,1,9
4779,607497,1,10,1,11
9925,408332,0,20,1,5
8374,639056,0,20,1,6
483,534918,0,20,1,3
6835,45362,0,20,1,3
728,237829,1,10,1,8
9593,43511,1,10,1,9
8398,167092,1,10,1,14
4130,339156,0,20,1,2
984,869988,0,20,1,8
2393,350325,0,20,1,9
2641,709980,0,20,1,1
6919,783223,0,20,1,7
6983,388911,1,10,1,7
5286,1500,1,10,1,6
7479,396848,1,10,1,7
8526,388688,0,20,1,14
5273,116082,1,10,1,9
3323,335292,0,20,1,11
3341,896074,1,10,1,13
7476,557714,0,20,1,4
5839,767973,1,10,1,15
1349,589920,1,10,1,5
546,216948,1,10,1,2
4538,72054,1,10,1,10
9452,834742,1,10,1,12
529,400936,0,20,1,1
3640,122182,1,10,1,8
3089,680086,0,20,1,1
6492,486600,0,20,1,12
6982,746090,0,20,1,6
5572,749328,1,10,1,4
5071,294119,1,10,1,15
8189,570342,0,20,1,13
9445,92837,1,10,1,5
9912,385965,0,20,1,8
7099,91353,1,10,1,11
6722,994767,0,20,1,2
9125,703626,1,10,1,5
4238,364432,1,10,1,14
6658,809987,1,10,1,2
8841,902453,1,10,1,9
3549,840462,0,20,1,13
6693,754504,1,10,1,5
9960,756933,1,10,1,8
1861,51631,0,20,1,5
2094,156933,0,20,1,14
4344,502107,1,10,1,8
8288,624952,1,10,1,0
5710,163647,0,20,1,14
9230,116554,0,20,1,14
7447,456406,0,20,1,7
4034,787563,0,20,1,2
5456,417457,0,20,1,0
5877,329376,1,10,1,5
4500,878411,0,20,1,4
2682,675323,0,20,1,10
2440,917746,0,20,1,8
9319,753999,0,20,1,7
1166,237477,0,20,1,14
5198,98346,1,10,1,14
6407,588030,1,10,1,7
6770,263157,0,20,1,2
5580,584782,0,20,1,12
6422,966690,0,20,1,6
5045,992012,0,20,1,5
2269,901579,1,10,1,13
2021,626729,1,10,1,5
5322,850179,0,20,1,10
5570,299976,0,20,1,2
778,691719,1,10,1,10
1339,271877,1,10,1,11
3525,795936,1,10,1,5
6321,844374,0,20,1,1
5135,501888,1,10,1,15
2685,267306,1,10,1,13
2714,573182,1,10,1,10
298,896236,0,20,1,10
3722,563825,1,10,1,10
8406,751784,1,10,1,6
4913,449737,0,20,1,1
1295,112666,1,10,1,15
2500,931850,0,20,1,4
8383,76462,0,20,1,15
1063,252964,1,10,1,7
6709,279158,1,10,1,5
9754,480934,1,10,1,10
7335,527842,0,20,1,7
9788,656076,1,10,1,12
7305,646594,0,20,1,9
9060,847438,0,20,1,4
4518,689124,1,10,1,6
3196,692858,1,10,1,12
4666,16399,1,10,1,10
3648,360339,0,20,1,0
6915,641269,0,20,1,3
24,180500,1,10,1,8
9870,172235,1,10,1,14
5911,458510,0,20,1,7
8174,737547,1,10,1,14
4174,843973,1,10,1,14
9019,370862,1,10,1,11
2754,128516,1,10,1,2
7556,720975,1,10,1,4
5053,712256,0,20,1,13
5143,628632,1,10,1,7
6473,90552,0,20,1,9
2259,252773,1,10,1,3
2998,649875,0,20,1,6
957,810632,1,10,1,13
1398,419530,0,20,1,6
6704,209846,1,10,1,0
3957,591201,0,20,1,5
3425,782059,1,10,1,1
907,325734,0,20,1,11
3973,493594,1,10,1,5
2655,61789,0,20,1,15
3932,197802,1,10,1,12
4457,165319,0,20,1,9
662,550357,0,20,1,6
5316,917820,1,10,1,4
909,644425,1,10,1,13
4906,349575,0,20,1,10
3822,275159,1,10,1,14
6883,42993,1,10,1,3
8672,516827,0,20,1,0
4956,580323,0,20,1,12
6121,363589,1,10,1,9
6990,479206,1,10,1,14
4720,399165,1,10,1,0
8948,439261,1,10,1,4
4640,380248,1,10,1,0
8209,471580,1,10,1,1
4292,703799,0,20,1,4
1618,938055,1,10,1,2
2514,739590,1,10,1,2
1897,260236,1,10,1,9
1502,550951,1,10,1,14
2109,325463,1,10,1,13
1662,307772,1,10,1,14
3901,218623,1,10,1,13
5536,567501,1,10,1,0
306,340691,0,20,1,2
5796,10113,1,10,1,4
3227,502910,0,20,1,11
6705,728974,1,10,1,1
9910,30162,0,20,1,6
7316,679545,0,20,1,4
3991,705590,0,20,1,7
8170,795512,1,10,1,10
4531,547640,1,10,1,3
8800,88794,0,20,1,0
3029,970564,1,10,1,5
9051,182920,0,20,1,11
8109,150091,1,10,1,13
6089,218271,0,20,1,9
9851,674425,1,10,1,11
2042,389430,0,20,1,10
6887,439493,0,20,1,7
3435,145236,1,10,1,11
6425,380250,0,20,1,9
7006,627936,0,20,1,14
7828,896706,0,20,1,4
9286,954681,0,20,1,6
4611,445658,0,20,1,3
259,252117,1,10,1,3
9143,822561,1,10,1,7
7126,550230,0,20,1,6
101,276169,0,20,1,5
7707,434711,1,10,1,11
3332,77796,1,10,1,4
9165,904055,0,20,1,13
9040,631987,0,20,1,0
3937,932673,0,20,1,1
8749,108090,1,10,1,13
1623,932264,1,10,1,7
2695,169249,0,20,1,7
5524,190723,1,10,1,4
946,255990,1,10,1,2
7640,62379,0,20,1,8
4586,494182,1,10,1,10
8927,822754,0,20,1,15
2817,554834,1,10,1,1
7537,289780,0,20,1,1
9729,270330,0,20,1,1
8792,605169,1,10,1,8
9387,72778,0,20,1,11
6011,80297,1,10,1,11
9942,766487,0,20,1,6
6572,717454,0,20,1,12
1042,716597,0,20,1,2
3070,547833,1,10,1,14
9696,351198,0,20,1,0
1696,503909,1,10,1,0
9215,646355,1,10,1,15
6529,785000,1,10,1,1
144,513050,0,20,1,0
2708,573141,0,20,1,4
3612,932890,1,10,1,12
8597,415851,1,10,1,5
9335,724526,1,10,1,7
1650,720662,0,20,1,2
4209,421131,0,20,1,1
2901,907167,0,20,1,5
5688,964786,0,20,1,8
1685,676961,1,10,1,5
1114,351199,0,20,1,10
796,861537,1,10,1,12
9891,941353,1,10,1,3
275,89452,0,20,1,3
7245,994739,1,10,1,13
2814,769686,0,20,1,14
7859,603513,1,10,1,3
6832,199198,0,20,1,0
6176,836392,1,10,1,0
3397,325127,0,20,1,5
9002,968898,0,20,1,10
7178,620856,0,20,1,10
1517,562793,1,10,1,13
6897,116090,1,10,1,1
3251,502387,1,10,1,3
2124,224035,0,20,1,12
1427,243359,0,20,1,3
5809,840189,1,10,1,1
2792,916669,0,20,1,8
3665,803862,1,10,1,1
1413,852419,0,20,1,5
910,86866,0,20,1,14
9809,314486,1,10,1,1
1479,716049,0,20,1,7
2926,344707,0,20,1,14
3231,681947,1,10,1,15
9792,436807,0,20,1,0
2288,845681,0,20,1,0
5581,738215,0,20,1,13
7318,961290,0,20,1,6
2162,77699,1,10,1,2
8368,827101,0,20,1,0
3720,550497,0,20,1,8
3356,795225,0,20,1,12
4297,339948,1,10,1,9
4795,106728,1,10,1,11
5791,153518,1,10,1,15
8699,486868,0,20,1,11
5028,908454,1,10,1,4
3568,604072,0,20,1,0
5552,427952,1,10,1,0
192,175898,1,10,1,0
6995,64585,0,20,1,3
7941,409692,1,10,1,5
2394,834047,1,10,1,10
6729,274537,1,10,1,9
1977,760895,0,20,1,9
6148,691075,0,20,1,4
8439,779693,1,10,1,7
5594,412848,0,20,1,10
1431,677392,1,10,1,7
6080,576254,1,10,1,0
8111,228907,1,10,1,15
5164,750994,0,20,1,12
3637,817584,0,20,1,5
6522,727501,0,20,1,10
3955,118088,1,10,1,3
815,858459,1,10,1,15
9474,823832,1,10,1,2
7144,716375,1,10,1,8
1462,871793,1,10,1,6
5496,555672,1,10,1,8
1536,534895,0,20,1,0
6554,192263,0,20,1,10
1437,34572,0,20,1,13
2205,299178,1,10,1,13
3119,81869,1,10,1,15
5548,863044,0,20,1,12
8024,779116,1,10,1,8
5517,184007,1,10,1,13
4881,603038,1,10,1,1
4237,371880,1,10,1,13
2061,93266,0,20,1,13
7350,667978,1,10,1,6
7673,723880,0,20,1,9
4129,690438,0,20,1,1
715,225073,1,10,1,11
290,846619,0,20,1,2
6826,485996,0,20,1,10
3838,1007,1,10,1,14
8701,237099,0,20,1,13
7585,466705,1,10,1,1
9374,546680,0,20,1,14
8386,877306,1,10,1,2
9213,239512,1,10,1,13
2846,528706,1,10,1,14
831,940149,0,20,1,15
6715,183357,1,10,1,11
8283,601261,0,20,1,11
4311,558677,1,10,1,7
1912,671978,0,20,1,8
5310,573034,0,20,1,14
9533,282282,0,20,1,13
8602,726456,1,10,1,10
7937,274820,0,20,1,1
8454,825146,1,10,1,6
4622,69227,1,10,1,14
1268,887924,1,10,1,4
1577,687104,1,10,1,9
5676,672511,1,10,1,12
4811,507212,0,20,1,11
3615,292083,1,10,1,15
3300,591129,1,10,1,4
4901,664607,0,20,1,5
127,129710,1,10,1,15
3578,601515,0,20,1,10
2851,383002,0,20,1,3
881,124861,1,10,1,1
5092,186384,1,10,1,4
4593,19531,0,20,1,1
9314,716495,1,10,1,2
4102,784920,0,20,1,6
8883,320131,1,10,1,3
1086,841716,0,20,1,14
934,895418,1,10,1,6
252,736214,0,20,1,12
9514,725552,0,20,1,10
1792,221186,1,10,1,0
2847,258875,1,10,1,15
3418,426144,1,10,1,10
9456,946706,0,20,1,0
2351,108718,0,20,1,15
5070,374537,1,10,1,14
7527,563956,1,10,1,7
2930,735211,0,20,1,2
2741,866378,0,20,1,5
6345,750792,1,10,1,9
8894,924215,1,10,1,14
5460,826696,1,10,1,4
1533,26321,1,10,1,13
2807,112229,0,20,1,7
2283,759778,0,20,1,11
8377,432531,1,10,1,9
2354,514393,1,10,1,2
5392,1703,1,10,1,0
929,900255,0,20,1,1
497,951701,0,20,1,1
8168,33389,1,10,1,8
1538,324249,1,10,1,2
1367,89544,0,20,1,7
8392,918413,1,10,1,8
9639,963995,0,20,1,7
1738,833138,1,10,1,10
8522,517339,0,20,1,10
3756,602567,1,10,1,12
9467,401672,0,20,1,11
5307,301317,0,20,1,11
415,310117,1,10,1,15
5866,113858,1,10,1,10
1539,833023,0,20,1,3
6373,108180,0,20,1,5
7775,746096,0,20,1,15
6333,602831,0,20,1,13
1789,586202,1,10,1,13
8963,381246,1,10,1,3
1957,20909,1,10,1,5
5589,981477,1,10,1,5
7056,423294,1,10,1,0
2939,507875,0,20,1,11
9588,118323,1,10,1,4
1275,511369,0,20,1,11
441,543267,0,20,1,9
1215,630157,1,10,1,15
5922,217012,1,10,1,2
6526,531681,1,10,1,14
5442,220958,1,10,1,2
2277,103705,0,20,1,5
9054,320061,0,20,1,14
1923,209602,0,20,1,3
9675,301541,0,20,1,11
7472,675199,0,20,1,0
2780,379703,1,10,1,12
878,1889,1,10,1,14
376,214891,0,20,1,8
871,273484,0,20,1,7
718,978618,1,10,1,14
3776,331674,0,20,1,0
4888,766416,1,10,1,8
3010,573184,0,20,1,2
3812,542450,1,10,1,4
6678,482150,0,20,1,6
3931,310646,1,10,1,11
6878,612221,1,10,1,14
6065,250634,1,10,1,1
5120,42448,1,10,1,0
2468,935903,0,20,1,4
4758,79288,1,10,1,6
5558,140125,1,10,1,6
9144,377646,1,10,1,8
3520,272810,0,20,1,0
2683,481903,1,10,1,11
8243,452862,1,10,1,3
8166,814385,0,20,1,6
9309,202134,0,20,1,13
9963,594337,1,10,1,11
2943,679008,0,20,1,15
5654,87506,1,10,1,6
5831,561027,0,20,1,7
8851,368154,1,10,1,3
3176,551433,1,10,1,8
1787,942144,1,10,1,11
7081,642833,1,10,1,9
1135,159042,0,20,1,15
7506,62781,1,10,1,2
3748,648641,1,10,1,4
3984,2403,1,10,1,0
7614,184522,0,20,1,14
2324,476917,0,20,1,4
4971,924105,0,20,1,11
4442,889012,1,10,1,10
6656,578908,0,20,1,0
2968,902695,1,10,1,8
7499,609235,1,10,1,11
5876,523123,0,20,1,4
7557,190592,1,10,1,5
8992,935979,1,10,1,0
780,732765,1,10,1,12
4610,155380,1,10,1,2
1070,689894,0,20,1,14
5463,458125,1,10,1,7
4581,129972,1,10,1,5
1178,366980,0,20,1,10
1563,820039,1,10,1,11
8553,183085,0,20,1,9
3949,712037,1,10,1,13
461,854679,0,20,1,13
6168,521030,1,10,1,8
3798,207792,0,20,1,6
1938,282661,0,20,1,2
5904,229721,1,10,1,0
42,63906,1,10,1,10
6935,633742,1,10,1,7
1593,722277,0,20,1,9
7808,45036,0,20,1,0
1753,847818,0,20,1,9
636,81053,1,10,1,12
4890,736238,1,10,1,10
3734,473704,1,10,1,6
4346,8615,1,10,1,10
242,47300,0,20,1,2
4288,657035,1,10,1,0
3551,447884,0,20,1,15
1021,283010,1,10,1,13
5627,187124,1,10,1,11
2565,618620,1,10,1,5
3833,50619,1,10,1,9
4983,277852,0,20,1,7
8663,343169,0,20,1,7
9220,691380,0,20,1,4
7802,262248,1,10,1,10
995,861210,1,10,1,3
8551,580828,0,20,1,7
882,726843,0,20,1,2
9857,251037,0,20,1,1
786,233576,1,10,1,2
6953,226203,0,20,1,9
7430,53309,0,20,1,6
4653,580974,1,10,1,13
8509,244402,1,10,1,13
6898,707977,0,20,1,2
3051,992765,1,10,1,11
4046,157044,1,10,1,14
2929,6118,0,20,1,1
5154,956273,1,10,1,2
8279,125559,0,20,1,7
4191,912510,0,20,1,15
8848,144374,0,20,1,0
7502,281944,0,20,1,14
7147,634520,1,10,1,11
3788,101771,0,20,1,12
8649,695199,0,20,1,9
6371,656673,0,20,1,3
2041,35879,0,20,1,9
248,504433,1,10,1,8
9025,385884,0,20,1,1
661,498117,0,20,1,5
4182,642139,0,20,1,6
9170,759940,1,10,1,2
6873,773676,1,10,1,9
5190,373479,1,10,1,6
7332,234684,0,20,1,4
5261,935733,1,10,1,13
819,294331,1,10,1,3
1057,579079,0,20,1,1
9504,399965,0,20,1,0
853,709830,1,10,1,5
832,400173,1,10,1,0
1825,838969,1,10,1,1
3816,200600,1,10,1,8
6111,155171,1,10,1,15
2553,101378,1,10,1,9
3177,742651,0,20,1,9
7026,678159,1,10,1,2
8535,163416,1,10,1,7
5404,964262,1,10,1,12
5768,794888,1,10,1,8
8476,236931,1,10,1,12
9690,64450,1,10,1,10
9133,298881,1,10,1,13
3497,710549,0,20,1,9
2592,24134,0,20,1,0
9201,259168,1,10,1,1
9251,802136,1,10,1,3
211,835884,1,10,1,3
1109,658053,1,10,1,5
4063,965605,0,20,1,15
7131,132957,1,10,1,11
8813,811059,1,10,1,13
8665,953228,0,20,1,9
8950,154708,0,20,1,6
4847,802418,0,20,1,15
532,765513,0,20,1,4
9556,620279,1,10,1,4
757,634814,1,10,1,5
7801,534507,0,20,1,9
8445,143146,0,20,1,13
2141,894595,0,20,1,13
7868,166555,1,10,1,12
1415,974935,1,10,1,7
4153,141971,0,20,1,9
2748,46634,0,20,1,12
477,460389,0,20,1,13
7839,968817,1,10,1,15
1979,709040,0,20,1,11
4082,433232,1,10,1,2
9005,838241,1,10,1,13
9589,494074,0,20,1,5
3869,14365,1,10,1,13
2900,225655,1,10,1,4
9937,13297,1,10,1,1
5870,825422,0,20,1,14
1064,830562,1,10,1,8
352,630770,0,20,1,0
5596,127995,0,20,1,12
7215,700044,1,10,1,15
8604,856192,0,20,1,12
4207,101010,0,20,1,15
4279,845953,1,10,1,7
8705,731754,1,10,1,1
2175,473964,1,10,1,15
7730,279414,1,10,1,2
1100,327638,1,10,1,12
4511,835133,0,20,1,15
1319,646871,0,20,1,7
5489,310880,1,10,1,1
993,992892,1,10,1,1
7003,351756,0,20,1,11
7685,152912,0,20,1,5
193,287931,0,20,1,1
4527,593600,0,20,1,15
5085,813854,0,20,1,13
8474,438597,1,10,1,10
417,749270,1,10,1,1
3938,190425,0,20,1,2
8122,695619,1,10,1,10
628,884481,0,20,1,4
7121,923550,0,20,1,1
8782,612065,1,10,1,14
2535,674493,0,20,1,7
2420,251899,1,10,1,4
6501,298622,1,10,1,5
359,193760,0,20,1,7
1561,379666,0,20,1,9
3125,604201,0,20,1,5
4265,620462,0,20,1,9
2634,837807,0,20,1,10
2108,862571,0,20,1,12
4915,476946,0,20,1,3
9138,821384,0,20,1,2
8696,461215,1,10,1,8
5408,811421,0,20,1,0
2165,747152,1,10,1,5
6171,765918,1,10,1,11
2512,443952,1,10,1,0
705,451038,0,20,1,1
4373,855789,1,10,1,5
2479,645750,0,20,1,15
3511,82347,0,20,1,7
936,48089,1,10,1,8
3316,584890,1,10,1,4
4201,653842,1,10,1,9
8874,749958,1,10,1,10
6856,461851,1,10,1,8
6024,433965,1,10,1,8
4974,545,1,10,1,14
368,256183,0,20,1,0
9488,800765,1,10,1,0
605,909561,0,20,1,13
64,221639,1,10,1,0
9428,357656,1,10,1,4
2107,818443,0,20,1,11
2878,893004,0,20,1,14
5262,798175,0,20,1,14
5827,914831,1,10,1,3
2127,822909,0,20,1,15
544,541562,0,20,1,0
6489,790418,0,20,1,9
9071,899371,0,20,1,15
3855,889270,0,20,1,15
4777,791948,1,10,1,9
5736,556337,1,10,1,8
4540,300150,1,10,1,12
6214,789241,0,20,1,6
7973,605876,0,20,1,5
1554,486089,0,20,1,2
7493,37188,1,10,1,5
4117,11886,1,10,1,5
362,503807,0,20,1,10
1483,145930,0,20,1,11
2311,673027,1,10,1,7
2831,595284,0,20,1,15
5276,501574,1,10,1,12
3537,747724,1,10,1,1
4743,963091,0,20,1,7
7312,984300,1,10,1,0
6424,751905,1,10,1,8
5794,81243,0,20,1,2
5469,921342,0,20,1,13
8899,314484,0,20,1,3
8898,753599,0,20,1,2
3362,335948,0,20,1,2
4817,329348,0,20,1,1
5687,137146,1,10,1,7
8030,651915,0,20,1,14
4559,627537,0,20,1,15
8228,145880,1,10,1,4
8905,514046,0,20,1,9
265,177292,1,10,1,9
85,163099,0,20,1,5
8140,233188,0,20,1,12
3545,978802,1,10,1,9
4826,548925,1,10,1,10
4849,134073,0,20,1,1
9983,946069,1,10,1,15
4204,922089,1,10,1,12
5141,606642,1,10,1,5
2330,652351,0,20,1,10
4121,555712,1,10,1,9
5893,500317,0,20,1,5
1541,343211,0,20,1,5
8628,965618,1,10,1,4
526,286728,0,20,1,14
3624,183029,1,10,1,8
7082,487266,1,10,1,10
6010,214419,1,10,1,10
1947,610474,1,10,1,11
9943,47850,0,20,1,7
4961,835833,0,20,1,1
9477,808500,0,20,1,5
7767,393797,1,10,1,7
3027,635382,1,10,1,3
2478,697404,0,20,1,14
1551,443636,0,20,1,15
9455,38878,1,10,1,15
5498,149579,0,20,1,10
6903,641651,1,10,1,7
457,144590,0,20,1,9
7050,738431,1,10,1,10
7442,116,0,20,1,2
7024,152385,0,20,1,0
5174,523551,0,20,1,6
5613,629907,0,20,1,13
5550,483641,0,20,1,14
8343,960209,1,10,1,7
8229,54812,1,10,1,5
2697,459381,1,10,1,9
5995,485165,0,20,1,11
7477,161341,1,10,1,5
9240,387251,1,10,1,8
2967,889014,1,10,1,7
7362,553316,1,10,1,2
1930,673589,1,10,1,10
3565,4155,1,10,1,13
3688,705726,1,10,1,8
8679,587611,0,20,1,7
9196,87648,0,20,1,12
8110,102025,0,20,1,14
8448,971349,1,10,1,0
7049,131259,1,10,1,9
5109,220865,0,20,1,5
613,221163,1,10,1,5
7694,348744,0,20,1,14
9884,529560,0,20,1,12
4597,793672,1,10,1,5
4010,722483,0,20,1,10
194,47578,0,20,1,2
2281,17738,0,20,1,9
4382,742745,0,20,1,14
9780,675064,0,20,1,4
3141,216484,0,20,1,5
1197,457722,1,10,1,13
8021,152954,0,20,1,5
478,626369,0,20,1,14
7359,365896,1,10,1,15
5750,868034,0,20,1,6
76,432197,0,20,1,12
5043,400952,1,10,1,3
8753,669300,1,10,1,1
6855,171695,1,10,1,7
6442,875710,0,20,1,10
3309,994714,1,10,1,13
4196,780038,1,10,1,4
9805,202136,0,20,1,13
2002,782861,1,10,1,2
5873,374541,1,10,1,1
7870,961917,0,20,1,14
6280,222851,0,20,1,8
3138,462414,1,10,1,2
3060,327494,0,20,1,4
4166,365084,0,20,1,6
8957,148551,0,20,1,13
8975,281998,1,10,1,15
7741,454220,1,10,1,13
6464,316018,0,20,1,0
8469,585066,0,20,1,5
6662,82195,1,10,1,6
2273,638200,1,10,1,1
9250,543891,0,20,1,2
8523,917000,1,10,1,11
4919,887434,1,10,1,7
9826,423199,0,20,1,2
6440,284966,0,20,1,8
862,935552,1,10,1,14
9419,661282,0,20,1,11
5097,365939,0,20,1,9
3041,819736,1,10,1,1
714,599304,0,20,1,10
3203,196231,1,10,1,3
1455,219609,0,20,1,15
873,697369,0,20,1,9
6834,984674,0,20,1,2
9015,863426,0,20,1,7
4598,680234,1,10,1,6
9832,672152,1,10,1,8
5665,338122,0,20,1,1
5762,927925,1,10,1,2
8371,873758,1,10,1,3
501,33846,1,10,1,5
3494,323512,1,10,1,6
5807,876794,0,20,1,15
6521,846554,1,10,1,9
8391,80184,0,20,1,7
7189,791051,1,10,1,5
6711,863010,1,10,1,7
1698,257089,0,20,1,2
2534,523897,1,10,1,6
3414,705369,0,20,1,6
7135,394963,1,10,1,15
6433,605321,0,20,1,1
7299,90299,1,10,1,3
4528,186841,0,20,1,0
562,860479,1,10,1,2
916,556417,1,10,1,4
4937,927475,1,10,1,9
688,386191,1,10,1,0
6459,548423,1,10,1,11
8273,209293,0,20,1,1
9140,970867,1,10,1,4
6178,332587,1,10,1,2
6393,618073,0,20,1,9
4122,493991,1,10,1,10
9289,118013,0,20,1,9
9425,25408,1,10,1,1
1252,519349,1,10,1,4
7716,974624,1,10,1,4
2381,687157,1,10,1,13
9660,344715,1,10,1,12
6758,988847,1,10,1,6
4278,458309,1,10,1,6
530,106475,0,20,1,2
7208,663352,1,10,1,8
6696,164198,0,20,1,8
2767,77460,0,20,1,15
4341,274640,0,20,1,5
5359,683875,1,10,1,15
4899,929666,0,20,1,3
990,394400,1,10,1,14
6134,423185,0,20,1,6
7387,431445,0,20,1,11
2941,340320,1,10,1,13
5137,300658,1,10,1,1
6408,202673,1,10,1,8
5509,876521,1,10,1,5
8096,460869,0,20,1,0
1547,553831,0,20,1,11
4862,459195,0,20,1,14
4934,116825,0,20,1,6
4836,877911,0,20,1,4
8433,709945,1,10,1,1
2729,990238,1,10,1,9
110,363044,0,20,1,14
8219,204093,0,20,1,11
9226,830536,1,10,1,10
1438,400475,1,10,1,14
3254,328034,1,10,1,6
3012,61504,1,10,1,4
6822,518665,1,10,1,6
446,728722,1,10,1,14
1616,296454,1,10,1,0
8614,587566,0,20,1,6
1677,363795,0,20,1,13
7885,311834,0,20,1,13
8105,832061,0,20,1,9
3361,878814,0,20,1,1
5394,340045,0,20,1,2
1211,63935,0,20,1,11
9666,936517,0,20,1,2
901,177238,0,20,1,5
4336,201971,1,10,1,0
4402,781310,1,10,1,2
4880,197021,1,10,1,0
5240,464480,1,10,1,8
1141,152555,1,10,1,5
614,633642,1,10,1,6
6664,410172,1,10,1,8
8251,313307,1,10,1,11
8598,343340,1,10,1,6
6859,273772,1,10,1,11
1879,551502,0,20,1,7
4138,233617,0,20,1,10
4627,486436,0,20,1,3
8501,925840,1,10,1,5
5078,51049,1,10,1,6
7926,617859,1,10,1,6
8532,108051,0,20,1,4
6466,214824,0,20,1,2
9026,442731,0,20,1,2
5037,389851,0,20,1,13
9394,113000,1,10,1,2
1081,197747,0,20,1,9
896,6118,0,20,1,0
1884,821324,1,10,1,12
7962,509476,0,20,1,10
9348,342265,1,10,1,4
387,741289,0,20,1,3
3698,968373,1,10,1,2
9159,830949,0,20,1,7
6996,621668,0,20,1,4
1734,608009,1,10,1,6
9158,989112,0,20,1,6
3067,938538,1,10,1,11
2034,674436,1,10,1,2
2186,738492,1,10,1,10
6956,680464,0,20,1,12
6987,730971,0,20,1,11
8103,562161,0,20,1,7
2711,503025,0,20,1,7
8655,712279,1,10,1,15
2489,717564,1,10,1,9
197,908146,0,20,1,5
9997,840114,1,10,1,13
8870,959977,1,10,1,6
6030,549583,0,20,1,14
7961,674277,0,20,1,9
8258,69539,1,10,1,2
7117,639386,1,10,1,13
9059,519127,0,20,1,3
3993,984996,1,10,1,9
601,533561,1,10,1,9
401,121905,1,10,1,1
2261,612257,0,20,1,5
643,110271,0,20,1,3
4468,413207,0,20,1,4
1776,618272,1,10,1,0
1090,471612,0,20,1,2
3247,583233,0,20,1,15
8506,722869,1,10,1,10
2899,740747,0,20,1,3
8,338755,1,10,1,8
6449,904213,1,10,1,1
4741,717676,0,20,1,5
6861,34097,1,10,1,13
6787,369001,1,10,1,3
1068,185283,1,10,1,12
494,89796,1,10,1,14
4942,116886,0,20,1,14
5662,60204,1,10,1,14
1025,522804,0,20,1,1
750,536265,0,20,1,14
2378,896903,1,10,1,10
593,115155,0,20,1,1
2457,714446,0,20,1,9
7432,649325,0,20,1,8
7321,526964,1,10,1,9
9878,914069,0,20,1,6
8537,88162,1,10,1,9
146,569481,0,20,1,2
207,89765,0,20,1,15
2130,618010,0,20,1,2
2690,18997,1,10,1,2
1875,650468,0,20,1,3
8969,450987,1,10,1,9
4073,969682,1,10,1,9
8982,47073,0,20,1,6
7849,910196,1,10,1,9
2289,223846,0,20,1,1
6911,673140,0,20,1,15
4908,404610,0,20,1,12
4312,795758,1,10,1,8
2411,643829,1,10,1,11
254,575852,0,20,1,14
6222,534443,1,10,1,14
6050,632719,0,20,1,2
9893,532287,1,10,1,5
7455,36503,0,20,1,15
823,867194,1,10,1,7
981,640776,0,20,1,5
8907,674262,1,10,1,11
6793,177379,1,10,1,9
6829,750923,0,20,1,13
3561,239258,0,20,1,9
7637,484509,0,20,1,5
8340,307109,0,20,1,4
1083,962398,0,20,1,11
4492,794370,0,20,1,12
6278,542929,1,10,1,6
203,407215,0,20,1,11
1571,604787,1,10,1,3
1534,162812,1,10,1,14
8919,827227,0,20,1,7
635,741827,0,20,1,11
3266,645422,0,20,1,2
5465,366458,1,10,1,9
9970,27346,1,10,1,2
5770,275644,0,20,1,10
7622,802199,0,20,1,6
7558,964433,1,10,1,6
2160,516587,1,10,1,0
3983,875795,1,10,1,15
4295,541484,1,10,1,7
9237,643494,0,20,1,5
1795,465388,1,10,1,3
1430,400603,1,10,1,6
3646,245226,0,20,1,14
8990,293989,1,10,1,14
8713,902659,1,10,1,9
5411,112393,0,20,1,3
7544,552661,0,20,1,8
7076,771849,0,20,1,4
2392,994816,0,20,1,8
4825,405468,0,20,1,9
6081,262135,0,20,1,1
6951,291788,0,20,1,7
519,923053,0,20,1,7
9597,623448,1,10,1,13
2424,801530,1,10,1,8
1138,857852,1,10,1,2
3690,469467,1,10,1,10
7027,633505,1,10,1,3
3087,278056,1,10,1,15
3256,479388,1,10,1,8
8620,751847,0,20,1,12
6683,772018,0,20,1,11
2335,113890,1,10,1,15
7277,449081,1,10,1,13
9198,940995,0,20,1,14
6228,840568,0,20,1,4
1963,902636,0,20,1,11
7100,605495,0,20,1,12
9598,202550,0,20,1,14
1982,865842,1,10,1,14
2622,685483,1,10,1,14
4133,842851,1,10,1,5
9657,849935,0,20,1,9
3824,988832,0,20,1,0
1469,303574,1,10,1,13
6874,516352,0,20,1,10
1519,849311,0,20,1,15
8188,801810,1,10,1,12
7686,183575,0,20,1,6
573,82827,1,10,1,13
5609,388719,0,20,1,9
8364,239141,1,10,1,12
2624,523437,0,20,1,0
9312,335693,0,20,1,0
9162,778291,0,20,1,10
4841,839512,0,20,1,9
2375,145160,1,10,1,7
5157,881894,0,20,1,5
8320,853051,0,20,1,0
9665,284576,1,10,1,1
6564,520083,1,10,1,4
7536,999140,1,10,1,0
7255,759416,1,10,1,7
7047,388341,0,20,1,7
5251,480251,0,20,1,3
2629,879126,0,20,1,5
7137,889663,1,10,1,1
6100,396441,0,20,1,4
1325,631540,1,10,1,13
8491,319412,0,20,1,11
7015,249297,1,10,1,7
2863,236519,1,10,1,15
877,229197,1,10,1,13
4533,207334,1,10,1,5
7048,916567,1,10,1,8
8751,657177,0,20,1,15
7262,815698,0,20,1,14
7267,887739,0,20,1,3
9013,251551,0,20,1,5
8345,43173,1,10,1,9
4973,879319,1,10,1,13
9773,486979,0,20,1,13
9458,951923,0,20,1,2
199,170941,1,10,1,7
6510,46946,1,10,1,14
2537,506985,0,20,1,9
8784,88582,1,10,1,0
3706,971663,0,20,1,10
5194,416655,1,10,1,10
6872,710545,0,20,1,8
8715,48804,0,20,1,11
4249,759633,1,10,1,9
5259,678111,0,20,1,11
9381,851336,0,20,1,5
6245,459339,1,10,1,5
8496,425431,1,10,1,0
4051,480508,1,10,1,3
1379,235739,1,10,1,3
5862,72568,1,10,1,6
9328,547911,0,20,1,0
5063,85507,1,10,1,7
5212,512359,1,10,1,12
1617,290024,0,20,1,1
4197,95601,1,10,1,5
2435,645841,0,20,1,3
8893,957910,1,10,1,13
8642,531524,1,10,1,2
2291,769049,0,20,1,3
4058,92298,1,10,1,10
1037,908222,0,20,1,13
1983,264331,1,10,1,15
8819,11671,0,20,1,3
7012,102260,1,10,1,4
9357,55851,0,20,1,13
6792,801715,1,10,1,8
8327,127165,0,20,1,7
6508,538050,1,10,1,12
2812,740893,0,20,1,12
9689,154180,0,20,1,9
7815,244451,0,20,1,7
2,692711,0,20,1,2
4806,304930,1,10,1,6
8412,6412,1,10,1,12
4050,153654,1,10,1,2
1254,733635,0,20,1,6
6360,531532,0,20,1,8
8740,590477,0,20,1,4
8460,734920,1,10,1,12
4845,576593,0,20,1,13
1746,598845,1,10,1,2
5128,330892,0,20,1,8
719,150597,0,20,1,15
9551,937905,0,20,1,15
8066,993583,1,10,1,2
4359,955613,1,10,1,7
4663,902153,0,20,1,7
8214,97061,1,10,1,6
868,380375,0,20,1,4
8530,909496,1,10,1,2
6516,951869,1,10,1,4
3618,760817,0,20,1,2
1194,411014,1,10,1,10
6563,581492,0,20,1,3
7817,552048,0,20,1,9
7343,670157,1,10,1,15
4620,486117,0,20,1,12
276,789477,1,10,1,4
6208,357111,0,20,1,0
9748,297072,0,20,1,4
543,822250,0,20,1,15
610,234773,1,10,1,2
7559,526525,1,10,1,7
9605,846920,0,20,1,5
6103,391948,1,10,1,7
119,479515,1,10,1,7
5089,133574,1,10,1,1
4224,905240,0,20,1,0
4081,831308,0,20,1,1
4412,752706,1,10,1,12
6583,763377,1,10,1,7
8354,976802,1,10,1,2
313,668994,1,10,1,9
9614,787544,0,20,1,14
9582,106903,0,20,1,14
2486,744384,1,10,1,6
5424,188581,1,10,1,0
5778,691185,1,10,1,2
468,686310,1,10,1,4
264,589030,0,20,1,8
4454,165016,1,10,1,6
1029,151615,0,20,1,5
7404,346296,1,10,1,12
8147,985179,1,10,1,3
7357,645592,1,10,1,13
6632,102584,0,20,1,8
4085,497524,1,10,1,5
2885,582631,1,10,1,5
9065,729529,1,10,1,9
8182,406851,1,10,1,6
3936,206171,1,10,1,0
6736,432200,1,10,1,0
8687,298935,1,10,1,15
931,375452,1,10,1,3
7306,176201,0,20,1,10
6277,574822,1,10,1,5
5760,404728,1,10,1,0
5977,155745,1,10,1,9
9086,240142,1,10,1,14
8941,847569,0,20,1,13
2088,868439,0,20,1,8
3934,619553,1,10,1,14
1292,296155,0,20,1,12
7608,88795,1,10,1,8
4501,15831,1,10,1,5
7287,437763,0,20,1,7
6976,268536,0,20,1,0
1959,790377,0,20,1,7
8936,475773,0,20,1,8
358,408875,0,20,1,6
6232,363243,0,20,1,8
3851,386931,1,10,1,11
1426,216999,0,20,1,2
9685,366222,1,10,1,5
6199,261662,1,10,1,7
9769,795888,1,10,1,9
7191,820727,1,10,1,7
2015,14846,1,10,1,15
8706,478282,0,20,1,2
3820,462332,1,10,1,12
7625,141254,1,10,1,9
8774,380967,0,20,1,6
7375,397792,1,10,1,15
1857,741630,0,20,1,1
1164,696710,1,10,1,12
8875,578127,1,10,1,11
5126,60032,0,20,1,6
7722,707983,1,10,1,10
9615,657887,1,10,1,15
2676,402577,1,10,1,4
5767,95786,0,20,1,7
2280,256923,1,10,1,8
4334,428805,1,10,1,14
2542,116228,0,20,1,14
4639,570089,0,20,1,15
7413,229078,0,20,1,5
4151,246539,0,20,1,7
7612,288914,1,10,1,12
6643,500793,0,20,1,3
4215,917014,0,20,1,7
8133,422874,1,10,1,5
3162,993104,0,20,1,10
7090,169789,1,10,1,2
2800,762363,1,10,1,0
1532,254880,0,20,1,12
7651,250576,0,20,1,3
5364,636596,0,20,1,4
5116,964013,1,10,1,12
6964,834544,1,10,1,4
3111,612941,0,20,1,7
4185,498251,0,20,1,9
6954,803487,1,10,1,10
9764,281195,1,10,1,4
2093,249466,0,20,1,13
1233,448545,0,20,1,1
4876,620959,1,10,1,12
7780,516446,0,20,1,4
2454,789021,1,10,1,6
3441,24791,0,20,1,1
5226,822682,0,20,1,10
2906,875478,1,10,1,10
1446,485094,1,10,1,6
4585,412130,0,20,1,9
8712,903463,0,20,1,8
277,647768,0,20,1,5
344,680721,0,20,1,8
5369,306583,1,10,1,9
727,849813,1,10,1,7
9386,841956,1,10,1,10
2578,157544,0,20,1,2
1208,323817,0,20,1,8
1670,337209,0,20,1,6
6212,819556,0,20,1,4
1522,175453,1,10,1,2
3742,370570,0,20,1,14
3977,127489,0,20,1,9
943,473600,1,10,1,15
4190,833244,0,20,1,14
2806,176028,1,10,1,6
4445,514844,1,10,1,13
6437,65692,0,20,1,5
8310,242716,0,20,1,6
9296,306488,1,10,1,0
5478,138718,1,10,1,6
262,604924,0,20,1,6
3823,484807,1,10,1,15
6158,341448,1,10,1,14
1558,83397,0,20,1,6
6943,273568,1,10,1,15
2912,128988,0,20,1,0
7227,703656,0,20,1,11
4679,651766,0,20,1,7
6618,839076,1,10,1,10
5130,60500,1,10,1,10
7268,907618,0,20,1,4
7627,126791,1,10,1,11
3526,945583,1,10,1,6
2515,429091,0,20,1,3
3081,210104,0,20,1,9
8576,808561,1,10,1,0
8719,975518,0,20,1,15
6718,610790,1,10,1,14
5123,555017,1,10,1,3
2079,383445,1,10,1,15
9475,624055,1,10,1,3
311,508744,0,20,1,7
1521,939654,0,20,1,1
5437,670905,0,20,1,13
798,906976,1,10,1,14
9587,710972,0,20,1,3
4768,51458,0,20,1,0
9111,405070,0,20,1,7
6429,90451,0,20,1,13
7600,18060,1,10,1,0
2881,768954,0,20,1,1
8812,730570,0,20,1,12
8922,702302,0,20,1,10
8579,759220,1,10,1,3
799,368721,0,20,1,15
1330,232043,0,20,1,2
5066,617414,1,10,1,10
6314,85924,1,10,1,10
768,482530,1,10,1,0
6868,971861,0,20,1,4
7228,635368,0,20,1,12
189,416413,0,20,1,13
9829,797493,0,20,1,5
4791,859462,1,10,1,7
5793,207852,1,10,1,1
1964,336692,0,20,1,12
3652,684169,1,10,1,4
2672,330835,1,10,1,0
854,987071,1,10,1,6
5822,44617,1,10,1,14
4475,415733,0,20,1,11
9160,994007,1,10,1,8
568,912618,0,20,1,8
3207,224012,1,10,1,7
9724,722168,0,20,1,12
5256,513459,1,10,1,8
4525,209269,0,20,1,13
3500,673751,1,10,1,12
756,3300,0,20,1,4
6253,321348,1,10,1,13
7984,374499,0,20,1,0
9099,390207,0,20,1,11
7569,168512,1,10,1,1
9545,779348,1,10,1,9
3248,444867,0,20,1,0
3839,815672,0,20,1,15
3758,123164,0,20,1,14
4832,952107,0,20,1,0
133,944725,1,10,1,5
3437,279569,1,10,1,13
9992,370603,1,10,1,8
8961,71994,0,20,1,1
3298,798086,0,20,1,2
7531,37372,1,10,1,11
9534,463606,1,10,1,14
2448,573432,1,10,1,0
2343,805524,1,10,1,7
2068,216686,1,10,1,4
3386,269003,1,10,1,10
2481,392091,0,20,1,1
487,650690,0,20,1,7
1460,116499,1,10,1,4
1565,231154,1,10,1,13
607,201052,0,20,1,15
6001,376585,0,20,1,1
1765,100661,0,20,1,5
1342,324146,1,10,1,14
6797,125796,1,10,1,13
1343,715108,0,20,1,15
8524,555916,0,20,1,12
6896,993054,0,20,1,0
1394,506691,1,10,1,2
2017,176994,0,20,1,1
5166,75938,0,20,1,14
898,435260,0,20,1,2
9670,11975,1,10,1,6
3190,227443,0,20,1,6
3576,4670,1,10,1,8
1548,453264,0,20,1,12
9257,480443,1,10,1,9
8651,864065,1,10,1,11
1814,273945,1,10,1,6
2038,687602,0,20,1,6
8128,320112,0,20,1,0
8698,465953,1,10,1,10
3952,523509,1,10,1,0
9564,844736,0,20,1,12
7534,298222,0,20,1,14
1980,786821,1,10,1,12
6368,341400,0,20,1,0
1778,808456,0,20,1,2
4134,400210,0,20,1,6
9012,213985,0,20,1,4
6034,544621,0,20,1,2
2845,495929,1,10,1,13
4780,462870,0,20,1,12
1297,473677,1,10,1,1
7004,3182,0,20,1,12
3513,730952,0,20,1,9
5748,179212,1,10,1,4
9848,245285,0,20,1,8
3842,931310,0,20,1,2
9976,377444,0,20,1,8
2051,80313,0,20,1,3
9202,598266,0,20,1,2
7252,301697,1,10,1,4
1152,405125,0,20,1,0
8380,864275,1,10,1,12
9700,98823,0,20,1,4
5728,904159,0,20,1,0
9629,279386,1,10,1,13
1693,947149,0,20,1,13
665,697901,0,20,1,9
8691,725579,0,20,1,3
4383,564932,0,20,1,15
3804,580163,1,10,1,12
6945,353948,0,20,1,1
2632,243756,0,20,1,8
6712,542994,0,20,1,8
5219,635327,0,20,1,3
1265,223813,1,10,1,1
2180,368766,0,20,1,4
5510,977302,1,10,1,6
1643,616785,1,10,1,11
6386,864202,0,20,1,2
1637,544475,0,20,1,5
2643,880585,1,10,1,3
6412,808750,1,10,1,12
6667,196085,0,20,1,11
4162,816387,0,20,1,2
4146,671898,1,10,1,2
5072,441790,1,10,1,0
7795,934451,0,20,1,3
200,433196,1,10,1,8
1761,699834,1,10,1,1
1997,342332,1,10,1,13
4676,946860,0,20,1,4
7701,647237,0,20,1,5
3613,335258,1,10,1,13
1673,671745,0,20,1,9
6842,972159,0,20,1,10
1876,481801,0,20,1,4
5378,150278,0,20,1,2
6622,832366,0,20,1,14
5838,824275,1,10,1,14
6629,281381,1,10,1,5
7632,928834,1,10,1,0
8571,792927,1,10,1,11
4250,168706,1,10,1,10
3410,605628,1,10,1,2
5719,631035,0,20,1,7
3718,623163,0,20,1,6
6783,464280,1,10,1,15
9274,630137,0,20,1,10
1075,208651,0,20,1,3
7120,126852,0,20,1,0
5325,13880,0,20,1,13
8985,108922,1,10,1,9
783,328600,1,10,1,15
3102,30694,0,20,1,14
8633,100147,0,20,1,9
9698,87927,1,10,1,2
5964,143577,0,20,1,12
7211,734454,1,10,1,11
318,297051,1,10,1,14
3755,440993,1,10,1,11
1986,130009,1,10,1,2
4068,587145,0,20,1,4
3727,973778,1,10,1,15
8912,988345,1,10,1,0
3061,436589,1,10,1,5
6672,853540,1,10,1,0
3619,243662,0,20,1,3
9030,309254,1,10,1,6
452,231335,0,20,1,4
255,651117,0,20,1,15
8788,624502,0,20,1,4
9552,831198,0,20,1,0
2649,379659,0,20,1,9
8150,39255,0,20,1,6
444,844170,1,10,1,12
8250,211771,0,20,1,10
8632,342164,0,20,1,8
9008,893095,1,10,1,0
5792,435032,1,10,1,0
9056,217220,0,20,1,0
7799,76653,0,20,1,7
2550,737153,1,10,1,6
3106,204645,0,20,1,2
8998,591783,0,20,1,6
5451,186388,1,10,1,11
8680,392401,1,10,1,8
427,558881,1,10,1,11
2401,539647,1,10,1,1
5661,171467,1,10,1,13
7604,350127,0,20,1,4
8583,372114,1,10,1,7
8132,127951,0,20,1,4
4569,692836,0,20,1,9
4405,416344,1,10,1,5
5564,990890,1,10,1,12
619,535948,1,10,1,11
8277,312746,0,20,1,5
436,604606,1,10,1,4
1468,940025,0,20,1,12
3650,915453,1,10,1,2
6651,555670,0,20,1,11
6905,997065,1,10,1,9
776,607799,0,20,1,8
351,549980,0,20,1,15
6127,968683,1,10,1,15
7902,930298,1,10,1,14
9231,539963,0,20,1,15
1535,937756,0,20,1,15
4765,307549,1,10,1,13
1039,299136,0,20,1,15
6268,375040,0,20,1,12
5577,487811,0,20,1,9
7023,268055,0,20,1,15
3058,427305,1,10,1,2
7609,342510,1,10,1,9
3725,8940,1,10,1,13
1552,893416,0,20,1,0
7611,837308,1,10,1,11
4519,681782,1,10,1,7
8466,246453,1,10,1,2
4617,123409,0,20,1,9
5804,351575,1,10,1,12
5850,677104,0,20,1,10
9049,499687,0,20,1,9
3875,58272,1,10,1,3
2297,315342,1,10,1,9
7355,672736,1,10,1,11
5593,463716,0,20,1,9
7030,575937,1,10,1,6
7098,994639,1,10,1,10
2955,164820,1,10,1,11
6870,50524,0,20,1,6
8908,587699,0,20,1,12
3215,982315,0,20,1,15
4107,656065,0,20,1,11
4514,745821,0,20,1,2
8359,104914,0,20,1,7
6825,820740,0,20,1,9
733,697476,1,10,1,13
8850,998828,1,10,1,2
897,338583,0,20,1,1
3783,152384,1,10,1,7
2057,216258,0,20,1,9
9896,361604,1,10,1,8
4549,655812,0,20,1,5
1465,907259,1,10,1,9
7750,451627,1,10,1,6
9270,308972,0,20,1,6
1915,799965,0,20,1,11
2265,696371,0,20,1,9
9944,350540,0,20,1,8
4370,653220,1,10,1,2
2791,507652,1,10,1,7
6636,277308,1,10,1,12
5069,355587,0,20,1,13
6036,988760,1,10,1,4
3197,585520,0,20,1,13
892,493150,0,20,1,12
2142,264268,1,10,1,14
9828,961414,0,20,1,4
282,211781,0,20,1,10
1470,506047,1,10,1,14
4321,224890,0,20,1,1
6750,345877,1,10,1,14
3221,3116,0,20,1,5
404,539998,1,10,1,4
6891,219798,0,20,1,11
8259,208311,1,10,1,3
3909,296547,1,10,1,5
7358,283282,0,20,1,14
6230,824513,1,10,1,6
5745,809330,0,20,1,1
1808,863502,0,20,1,0
7766,875492,0,20,1,6
6194,598225,0,20,1,2
9978,371738,1,10,1,10
2126,45824,0,20,1,14
8668,706134,1,10,1,12
1940,794742,0,20,1,4
2766,231131,1,10,1,14
3632,284994,0,20,1,0
4451,234540,0,20,1,3
5650,940146,0,20,1,2
6910,493397,0,20,1,14
7757,591204,1,10,1,13
2379,477825,0,20,1,11
7938,964625,1,10,1,2
5079,511796,0,20,1,7
2073,103509,0,20,1,9
2504,186095,0,20,1,8
5419,495656,0,20,1,11
954,166331,1,10,1,10
8077,815189,0,20,1,13
8558,351582,0,20,1,14
6237,831479,0,20,1,13
4035,906187,1,10,1,3
3016,243119,1,10,1,8
9373,807717,1,10,1,13
5571,549746,1,10,1,3
7925,49250,0,20,1,5
361,45890,1,10,1,9
1487,721865,0,20,1,15
8508,440499,1,10,1,12
8612,544897,1,10,1,4
1691,374444,0,20,1,11
8301,278272,1,10,1,13
6284,77159,1,10,1,12
3066,511079,0,20,1,10
1840,798942,1,10,1,0
5826,491615,1,10,1,2
5386,592513,1,10,1,10
1800,599408,0,20,1,8
8268,295417,1,10,1,12
3498,681677,0,20,1,10
2010,753832,0,20,1,10
4195,194745,0,20,1,3
2317,951835,1,10,1,13
1495,148157,0,20,1,7
5052,46319,0,20,1,12
3571,266696,1,10,1,3
2549,139837,0,20,1,5
2854,642224,1,10,1,6
4818,272725,0,20,1,2
6849,312403,0,20,1,1
2886,188973,1,10,1,6
6558,855228,1,10,1,14
4975,580113,1,10,1,15
840,818335,0,20,1,8
8545,872561,0,20,1,1
6361,892353,1,10,1,9
7307,102014,1,10,1,11
1307,877815,1,10,1,11
4160,997636,0,20,1,0
7881,909168,1,10,1,9
4883,813043,0,20,1,3
9525,823890,1,10,1,5
246,10089,0,20,1,6
9391,841974,1,10,1,15
5309,930484,1,10,1,13
7512,909016,0,20,1,8
6088,761794,0,20,1,8
2587,770157,1,10,1,11
7675,792678,1,10,1,11
7162,867221,1,10,1,10
8951,886956,1,10,1,7
1058,803751,1,10,1,2
4016,343313,0,20,1,0
1629,786300,1,10,1,13
9292,748932,1,10,1,12
5692,772863,0,20,1,12
2050,482216,1,10,1,2
9297,91079,0,20,1,1
3479,439424,1,10,1,7
5944,871229,1,10,1,8
3285,780048,0,20,1,5
6880,754964,1,10,1,0
4276,225599,1,10,1,4
3139,280918,1,10,1,3
8071,523538,1,10,1,7
6366,233678,0,20,1,14
788,949251,1,10,1,4
3586,750505,1,10,1,2
7862,550067,1,10,1,6
5816,204641,1,10,1,8
5539,863355,0,20,1,3
3889,955767,0,20,1,1
1422,236795,0,20,1,14
62,450771,1,10,1,14
506,2465,1,10,1,10
1228,85361,0,20,1,12
4594,619073,0,20,1,2
8732,387134,0,20,1,12
4424,189989,1,10,1,8
8226,737691,1,10,1,2
3724,630216,1,10,1,12
8913,878282,0,20,1,1
9473,765436,0,20,1,1
2278,251266,0,20,1,6
2103,699138,0,20,1,7
3605,374495,0,20,1,5
7575,389130,1,10,1,7
3970,844312,0,20,1,2
8677,149525,1,10,1,5
3572,560278,0,20,1,4
7105,652085,1,10,1,1
5087,630268,0,20,1,15
818,302697,1,10,1,2
1388,266493,0,20,1,12
1124,365920,0,20,1,4
6666,168854,1,10,1,10
753,549633,1,10,1,1
8887,881524,0,20,1,7
7929,410905,1,10,1,9
5698,385611,1,10,1,2
3343,452467,0,20,1,15
6819,55358,0,20,1,3
3030,123081,1,10,1,6
1475,946614,0,20,1,3
5917,924905,0,20,1,13
4490,145366,1,10,1,10
6748,837756,1,10,1,12
7579,273469,0,20,1,11
7785,968419,1,10,1,9
8949,51740,0,20,1,5
7733,646353,0,20,1,5
7884,406298,1,10,1,12
5720,757027,1,10,1,8
3930,613309,0,20,1,10
9798,781399,0,20,1,6
8269,774583,0,20,1,13
7398,42392,0,20,1,6
5905,334600,1,10,1,1
4338,847295,0,20,1,2
1162,508581,0,20,1,10
68,158546,0,20,1,4
1644,170085,1,10,1,12
4202,762273,1,10,1,10
2080,279272,1,10,1,0
2072,408024,0,20,1,8
4319,36334,0,20,1,15
2441,936897,0,20,1,9
5546,66031,1,10,1,10
5238,507416,1,10,1,6
9254,765401,0,20,1,6
9797,172508,0,20,1,5
2062,760387,0,20,1,14
72,515098,1,10,1,8
8473,243643,0,20,1,9
4814,175406,1,10,1,14
7824,507503,0,20,1,0
1148,962634,0,20,1,12
9894,472501,0,20,1,6
2566,548242,0,20,1,6
3695,866969,1,10,1,15
6324,606001,1,10,1,4
5138,769640,0,20,1,2
172,792057,0,20,1,12
8113,97669,1,10,1,1
3554,485929,1,10,1,2
754,306120,1,10,1,2
7109,369641,1,10,1,5
9087,823065,1,10,1,15
8009,825313,0,20,1,9
8586,354671,0,20,1,10
8861,527073,0,20,1,13
3617,126720,1,10,1,1
88,204507,0,20,1,8
5863,573058,0,20,1,7
720,662926,0,20,1,0
2052,924879,1,10,1,4
4262,221362,0,20,1,6
2915,570421,0,20,1,3
7957,689984,1,10,1,5
9774,739070,0,20,1,14
7433,409320,0,20,1,9
6122,951553,0,20,1,10
3501,949872,0,20,1,13
3100,829211,0,20,1,12
8348,651507,1,10,1,12
6325,718331,1,10,1,5
816,531323,0,20,1,0
6538,599095,1,10,1,10
925,206242,0,20,1,13
3118,16761,1,10,1,14
6181,968141,0,20,1,5
6104,184073,0,20,1,8
1015,29262,0,20,1,7
3942,265355,0,20,1,6
1145,184726,1,10,1,9
5022,882262,1,10,1,14
9114,274201,0,20,1,10
5231,370127,0,20,1,15
5865,881384,1,10,1,9
6638,214086,0,20,1,14
5265,107306,0,20,1,1
7259,673520,0,20,1,11
1902,326841,1,10,1,14
3623,110533,1,10,1,7
7807,668506,1,10,1,15
8844,763700,0,20,1,12
1494,544691,1,10,1,6
2889,692918,1,10,1,9
8606,785823,1,10,1,14
933,169305,1,10,1,5
5319,930122,1,10,1,7
9620,727544,0,20,1,4
4154,140884,0,20,1,10
2526,395255,1,10,1,14
2917,718093,0,20,1,5
9480,162886,0,20,1,8
4762,310034,0,20,1,10
2909,976793,0,20,1,13
8589,178219,0,20,1,13
124,185277,0,20,1,12
3590,695414,1,10,1,6
3212,482410,1,10,1,12
3598,822124,0,20,1,14
9668,810572,0,20,1,4
2464,542018,0,20,1,0
5851,823534,1,10,1,11
4333,973078,0,20,1,13
7392,28442,1,10,1,0
3442,306923,0,20,1,2
4669,159811,1,10,1,13
1005,963664,0,20,1,13
9152,764174,0,20,1,0
3524,453618,0,20,1,4
3621,243984,1,10,1,5
5093,793584,1,10,1,5
514,548038,0,20,1,2
4351,843004,0,20,1,15
1093,353939,1,10,1,5
357,337605,1,10,1,5
3895,19988,0,20,1,7
3355,61977,1,10,1,11
9654,685914,1,10,1,6
7021,33512,1,10,1,13
7709,53803,1,10,1,13
9682,758608,1,10,1,2
2419,391343,0,20,1,3
7519,916341,1,10,1,15
6673,206506,0,20,1,1
67,467755,1,10,1,3
6948,122905,0,20,1,4
1620,166611,1,10,1,4
911,146359,0,20,1,15
977,977750,0,20,1,1
7567,100397,0,20,1,15
1098,593605,1,10,1,10
1756,964034,0,20,1,12
2999,512891,1,10,1,7
7848,478276,0,20,1,8
3979,75230,1,10,1,11
7273,759098,1,10,1,9
1407,78330,1,10,1,15
4486,137650,0,20,1,6
8692,139503,1,10,1,4
5795,688911,1,10,1,3
2855,282955,0,20,1,7
4396,943451,0,20,1,12
216,957718,1,10,1,8
8970,639194,0,20,1,10
966,426914,1,10,1,6
3778,585932,0,20,1,2
6645,727804,0,20,1,5
3773,709739,1,10,1,13
6468,846379,0,20,1,4
2189,361525,1,10,1,13
2298,756257,0,20,1,10
5287,842211,0,20,1,7
845,241447,0,20,1,13
7052,290545,0,20,1,12
8567,642923,1,10,1,7
8822,584629,0,20,1,6
8262,765904,1,10,1,6
8169,793977,0,20,1,9
5551,612873,0,20,1,15
3353,760060,0,20,1,9
6231,959906,1,10,1,7
6927,206363,0,20,1,15
8823,801711,1,10,1,7
9264,99137,1,10,1,0
870,718212,0,20,1,6
2645,328477,0,20,1,5
7468,539699,1,10,1,12
991,802631,1,10,1,15
8708,96217,0,20,1,4
1133,521041,1,10,1,13
7409,762235,1,10,1,1
510,114756,0,20,1,14
1627,53245,1,10,1,11
6502,974751,1,10,1,6
4390,467548,1,10,1,6
5328,790384,0,20,1,0
575,658421,1,10,1,15
3853,301897,1,10,1,13
8276,129108,1,10,1,4
9167,595842,1,10,1,15
7230,826442,1,10,1,14
9128,34303,1,10,1,8
1574,852431,0,20,1,6
4863,301581,1,10,1,15
6818,251860,0,20,1,2
9378,464959,1,10,1,2
2734,116324,1,10,1,14
8979,966106,1,10,1,3
1096,892277,1,10,1,8
7457,905701,1,10,1,1
4905,61809,0,20,1,9
3083,109913,1,10,1,11
1079,956235,0,20,1,7
624,45672,0,20,1,0
58,88344,0,20,1,10
2971,616697,1,10,1,11
9427,85207,0,20,1,3
1903,924872,1,10,1,15
2150,584680,0,20,1,6
5214,792415,0,20,1,14
924,248359,0,20,1,12
3950,598522,0,20,1,14
4031,615872,1,10,1,15
3473,110866,0,20,1,1
2449,566673,0,20,1,1
9372,620410,1,10,1,12
9375,717817,1,10,1,15
5755,496760,1,10,1,11
7985,822880,1,10,1,1
7696,86793,1,10,1,0
7254,552165,0,20,1,6
2033,978630,0,20,1,1
9457,533275,1,10,1,1
3534,988871,0,20,1,14
2839,500201,1,10,1,7
6276,984526,0,20,1,4
9214,708702,1,10,1,14
5346,533574,0,20,1,2
385,241895,0,20,1,1
980,305508,0,20,1,4
8767,934854,1,10,1,15
5146,815349,1,10,1,10
7842,263352,1,10,1,2
1509,562005,0,20,1,5
3609,16848,0,20,1,9
2789,51252,1,10,1,5
7827,474847,0,20,1,3
6421,680803,0,20,1,5
447,611737,0,20,1,15
997,975850,1,10,1,5
945,87403,1,10,1,1
2300,939361,1,10,1,12
399,526505,0,20,1,15
3562,345085,0,20,1,10
8393,65528,1,10,1,9
2959,332118,1,10,1,15
2588,57165,0,20,1,12
245,163687,0,20,1,5
1385,58080,1,10,1,9
3390,592495,1,10,1,14
6350,749937,0,20,1,14
919,514523,0,20,1,7
8505,260848,1,10,1,9
9630,708356,1,10,1,14
6196,517016,0,20,1,4
14,666391,0,20,1,14
5896,374501,0,20,1,8
9592,201553,0,20,1,8
2179,157279,1,10,1,3
1805,65854,1,10,1,13
4774,191768,1,10,1,6
2184,610579,0,20,1,8
7060,841222,0,20,1,4
4183,457346,0,20,1,7
3487,847696,1,10,1,15
6699,952833,0,20,1,11
4727,425867,1,10,1,7
1049,60524,0,20,1,9
8019,423375,0,20,1,3
7351,58747,1,10,1,7
5271,106605,0,20,1,7
7086,226674,1,10,1,14
4331,451477,0,20,1,11
3518,838260,1,10,1,14
8539,394063,0,20,1,11
6805,617242,0,20,1,5
3008,711915,1,10,1,0
1922,569388,0,20,1,2
8561,617211,0,20,1,1
3128,986312,0,20,1,8
9742,435319,0,20,1,14
9954,306925,0,20,1,2
9304,721186,0,20,1,8
128,667591,0,20,1,0
8314,907690,1,10,1,10
118,621404,0,20,1,6
3124,362636,0,20,1,4
1555,780383,0,20,1,3
1700,939654,1,10,1,4
3094,452770,1,10,1,6
6523,45851,1,10,1,11
2944,671896,1,10,1,0
312,566476,1,10,1,8
1156,307425,1,10,1,4
1600,497326,0,20,1,0
7190,840493,0,20,1,6
9861,557058,1,10,1,5
8897,194275,1,10,1,1
448,394190,0,20,1,0
4223,450620,1,10,1,15
8292,345359,1,10,1,4
7981,241114,0,20,1,13
8797,981016,1,10,1,13
6401,515609,0,20,1,1
7219,18020,0,20,1,3
7394,406599,0,20,1,2
9120,516138,1,10,1,0
3005,253057,1,10,1,13
6096,248420,0,20,1,0
6115,522903,0,20,1,3
4484,488252,0,20,1,4
8161,668732,0,20,1,1
9161,890423,0,20,1,9
4126,739121,0,20,1,14
4477,187984,0,20,1,13
8630,952724,1,10,1,6
7820,777088,1,10,1,12
6082,381904,1,10,1,2
1793,432050,1,10,1,1
7116,845786,1,10,1,12
1811,250094,0,20,1,3
5076,896009,1,10,1,4
2615,229111,0,20,1,7
9346,838030,1,10,1,2
2689,33284,0,20,1,1
3075,368491,1,10,1,3
4211,194453,0,20,1,3
5101,581824,1,10,1,13
263,850405,0,20,1,7
7142,196703,0,20,1,6
9890,871250,0,20,1,2
1048,378582,1,10,1,8
2337,207285,0,20,1,1
8920,722253,1,10,1,8
171,856859,1,10,1,11
7113,693185,0,20,1,9
3214,968806,0,20,1,14
1334,895001,0,20,1,6
9332,931456,1,10,1,4
4894,865325,1,10,1,14
9681,560564,1,10,1,1
2639,829893,1,10,1,15
1993,916274,0,20,1,9
738,498403,0,20,1,2
2539,570057,0,20,1,11
5297,775266,1,10,1,1
8490,68550,0,20,1,10
6867,242080,1,10,1,3
2495,245843,1,10,1,15
473,287211,1,10,1,9
4200,115424,1,10,1,8
3730,648522,1,10,1,2
1346,484032,1,10,1,2
2404,239164,0,20,1,4
4565,845693,0,20,1,5
6318,286114,0,20,1,14
4423,582408,1,10,1,7
3192,804827,1,10,1,8
6610,409142,0,20,1,2
4871,276292,1,10,1,7
1518,587635,0,20,1,14
8158,72476,1,10,1,14
1099,62560,0,20,1,11
4214,73660,1,10,1,6
8427,674340,1,10,1,11
3421,510787,1,10,1,13
9193,193737,1,10,1,9
6611,319970,0,20,1,3
278,412140,0,20,1,6
424,762553,1,10,1,8
9492,865062,1,10,1,4
6739,947631,0,20,1,3
5207,454429,0,20,1,7
7169,618184,0,20,1,1
4902,586539,1,10,1,6
9365,531206,0,20,1,5
8056,152170,0,20,1,8
513,724273,0,20,1,1
2519,487896,0,20,1,7
8034,646453,1,10,1,2
9420,800608,0,20,1,12
5475,678867,0,20,1,3
7638,966806,0,20,1,6
8807,587320,1,10,1,7
8528,758337,0,20,1,0
6708,3713,0,20,1,4
6609,682319,0,20,1,1
6845,368255,1,10,1,13
7592,993659,1,10,1,8
6949,293397,1,10,1,5
7751,30413,0,20,1,7
5402,536504,0,20,1,10
678,162705,0,20,1,6
6724,631437,0,20,1,4
4719,38754,0,20,1,15
561,115975,1,10,1,1
7520,848750,0,20,1,0
5513,691698,1,10,1,9
9466,340474,1,10,1,10
2603,567639,0,20,1,11
1919,660114,1,10,1,15
6163,776683,0,20,1,3
5621,238248,0,20,1,5
7635,141247,1,10,1,3
3557,225498,0,20,1,5
9235,388379,1,10,1,3
8432,452693,0,20,1,0
6691,443017,0,20,1,3
6979,608293,1,10,1,3
1631,601598,0,20,1,15
6790,781980,0,20,1,6
4017,763561,0,20,1,1
9361,911672,0,20,1,1
3346,398891,0,20,1,2
8495,669214,1,10,1,15
3659,422576,0,20,1,11
6730,917867,0,20,1,10
8191,510196,0,20,1,15
1772,470546,1,10,1,12
8014,192850,0,20,1,14
8366,88357,1,10,1,14
5343,563415,1,10,1,15
2608,348332,1,10,1,0
4375,217459,0,20,1,7
2169,699177,1,10,1,9
5229,252671,1,10,1,13
6296,349270,0,20,1,8
9609,721014,1,10,1,9
1060,758431,1,10,1,4
3826,640637,1,10,1,2
6824,521082,1,10,1,8
2327,397414,1,10,1,7
3941,204405,1,10,1,5
4529,284194,1,10,1,1
3039,410870,1,10,1,15
7257,379272,0,20,1,9
5691,19223,0,20,1,11
8231,992402,0,20,1,7
3095,351463,0,20,1,7
9968,110292,0,20,1,0
4968,163701,1,10,1,8
2948,965782,0,20,1,4
5351,616722,0,20,1,7
2045,937841,0,20,1,13
2153,98551,1,10,1,9
7683,943428,1,10,1,3
295,394295,0,20,1,7
9538,192927,0,20,1,2
7959,979743,0,20,1,7
9649,401773,1,10,1,1
5122,36042,0,20,1,2
9209,260022,0,20,1,9
3564,404908,0,20,1,12
5432,138326,1,10,1,8
9097,293655,1,10,1,9
2322,297879,0,20,1,2
7317,358521,0,20,1,5
1560,676325,0,20,1,8
5225,858765,1,10,1,9
5757,606260,1,10,1,13
855,563763,1,10,1,7
274,948863,1,10,1,2
8331,872317,0,20,1,11
1161,176824,0,20,1,9
8766,158861,1,10,1,14
6053,958052,0,20,1,5
2679,773512,1,10,1,7
5421,977884,0,20,1,13
8293,589034,1,10,1,5
5938,344513,1,10,1,2
5706,357357,0,20,1,10
8092,436699,1,10,1,12
8434,372071,1,10,1,2
373,134538,0,20,1,5
5919,245142,1,10,1,15
8736,197342,0,20,1,0
1167,43958,0,20,1,15
550,442572,1,10,1,6
8138,196669,1,10,1,10
3482,951325,1,10,1,10
5068,944461,1,10,1,12
1925,76834,1,10,1,5
8032,764326,0,20,1,0
5464,97965,1,10,1,8
1910,255151,1,10,1,6
3311,979415,0,20,1,15
9990,219456,1,10,1,6
181,929382,0,20,1,5
842,48931,0,20,1,10
7836,833888,0,20,1,12
9430,155553,0,20,1,6
6524,645194,1,10,1,12
7367,987465,0,20,1,7
4781,906461,1,10,1,13
1969,41445,0,20,1,1
9955,979387,0,20,1,3
5107,688288,0,20,1,3
2561,792602,0,20,1,1
9557,377735,0,20,1,5
6799,607799,1,10,1,15
3340,232939,0,20,1,12
6601,389844,0,20,1,9
1165,624786,1,10,1,13
7972,70080,1,10,1,4
7064,951317,0,20,1,8
4462,901233,1,10,1,14
4702,862271,0,20,1,14
2805,373995,1,10,1,5
8204,377878,0,20,1,12
205,368802,0,20,1,13
701,521878,1,10,1,13
4030,658663,0,20,1,14
2644,524503,0,20,1,4
4248,749372,0,20,1,8
4374,263580,0,20,1,6
6607,268757,0,20,1,15
6530,874891,1,10,1,2
6749,197369,0,20,1,13
5352,110281,1,10,1,8
5481,105205,0,20,1,9
418,856862,0,20,1,2
8974,750525,0,20,1,14
4450,79116,1,10,1,2
5009,20827,0,20,1,1
7714,40162,1,10,1,2
6546,821646,0,20,1,2
8025,951942,0,20,1,9
4852,95878,1,10,1,4
9206,564367,0,20,1,6
2756,903564,1,10,1,4
5331,631347,1,10,1,3
7389,839091,0,20,1,13
1476,764776,0,20,1,4
542,842896,0,20,1,14
6043,285415,0,20,1,11
4498,225461,1,10,1,2
3430,872286,0,20,1,6
8107,316176,1,10,1,11
5537,846377,1,10,1,1
5296,893341,0,20,1,0
9575,737979,1,10,1,7
3062,962332,0,20,1,6
5142,219300,1,10,1,6
3467,287422,1,10,1,11
6763,878004,1,10,1,11
7991,109913,0,20,1,7
3693,679329,0,20,1,13
6938,703288,1,10,1,10
4471,26540,0,20,1,7
4903,430794,0,20,1,7
8613,82259,0,20,1,5
8557,834426,0,20,1,13
699,346672,0,20,1,11
4576,536958,1,10,1,0
9590,27547,0,20,1,6
8981,602970,1,10,1,5
8382,798885,0,20,1,14
4656,558459,1,10,1,0
4858,128752,1,10,1,10
6335,254053,0,20,1,15
559,117464,1,10,1,15
1739,697181,0,20,1,11
883,705057,0,20,1,3
630,7999,1,10,1,6
9004,881836,0,20,1,12
196,858318,1,10,1,4
3198,512379,0,20,1,14
9892,624741,0,20,1,4
2506,379967,0,20,1,10
1900,323055,1,10,1,12
6093,675734,1,10,1,13
5055,292605,1,10,1,15
8156,150277,1,10,1,12
8179,251200,0,20,1,3
6117,915823,0,20,1,5
4371,405480,1,10,1,3
5942,18246,1,10,1,6
7605,235185,1,10,1,5
6118,183153,0,20,1,6
5117,908805,0,20,1,13
2172,339285,0,20,1,12
5751,697023,0,20,1,7
4286,386839,0,20,1,14
4766,519058,1,10,1,14
7792,379743,1,10,1,0
9618,535068,0,20,1,2
8233,668345,1,10,1,9
2844,182317,0,20,1,12
2633,614927,0,20,1,9
5808,971943,1,10,1,0
9108,463918,1,10,1,4
2370,332980,0,20,1,2
5004,191017,1,10,1,12
56,900461,0,20,1,8
8271,629740,1,10,1,15
9307,346196,0,20,1,11
7422,116517,1,10,1,14
6336,420471,1,10,1,0
8674,766800,0,20,1,2
5821,39655,1,10,1,13
3959,850511,0,20,1,7
7284,449165,1,10,1,4
5678,267568,0,20,1,14
9499,704485,0,20,1,11
1130,327974,1,10,1,10
7690,467148,0,20,1,10
2229,246335,0,20,1,5
166,114769,0,20,1,6
3069,386877,1,10,1,13
3519,126262,0,20,1,15
1008,267005,1,10,1,0
3370,357064,1,10,1,10
9330,423464,0,20,1,2
8935,526468,1,10,1,7
5430,574296,1,10,1,6
8977,762203,0,20,1,1
7779,261545,0,20,1,3
9298,582567,1,10,1,2
8484,565026,0,20,1,4
5189,880174,1,10,1,5
5939,868938,1,10,1,3
2413,650119,1,10,1,13
4684,665102,0,20,1,12
6039,715317,1,10,1,7
8416,434723,1,10,1,0
6840,319568,0,20,1,8
5061,493448,0,20,1,5
2465,10602,0,20,1,1
4167,600422,0,20,1,7
5562,469185,0,20,1,10
5082,397666,0,20,1,10
8709,101061,1,10,1,5
9141,643503,1,10,1,5
7642,690164,1,10,1,10
1445,592735,0,20,1,5
6992,563587,1,10,1,0
5753,464092,0,20,1,9
3635,709168,0,20,1,3
3844,463770,1,10,1,4
5518,774726,0,20,1,14
7070,952003,1,10,1,14
7071,217004,1,10,1,15
5406,595175,0,20,1,14
3009,975598,0,20,1,1
3719,475889,0,20,1,7
7804,702610,0,20,1,12
7263,285381,0,20,1,15
9291,582662,0,20,1,11
330,673913,1,10,1,10
4379,739798,0,20,1,11
4272,734162,0,20,1,0
5133,288759,1,10,1,13
3685,313873,1,10,1,5
9246,532710,0,20,1,14
8631,70464,0,20,1,7
2451,128915,0,20,1,3
5185,924712,0,20,1,1
3006,984021,1,10,1,14
1032,595469,1,10,1,8
5149,273528,1,10,1,13
8964,807461,0,20,1,4
5982,724750,1,10,1,14
7084,906273,1,10,1,12
3740,622299,0,20,1,12
7606,361182,1,10,1,6
8192,705412,1,10,1,0
2894,654930,1,10,1,14
7488,866427,0,20,1,0
2798,197891,1,10,1,14
1612,662881,0,20,1,12
3286,910687,1,10,1,6
551,659178,1,10,1,7
3193,282008,1,10,1,9
5051,307475,0,20,1,11
2492,282593,1,10,1,12
5006,548113,1,10,1,14
1868,155981,1,10,1,12
6726,931882,1,10,1,6
7206,379338,1,10,1,6
2005,580516,1,10,1,5
4281,128530,1,10,1,9
2529,191624,0,20,1,1
5388,107578,1,10,1,12
3154,133728,1,10,1,2
3077,316288,1,10,1,5
8149,709685,0,20,1,5
969,790507,0,20,1,9
4674,26648,0,20,1,2
4650,795664,1,10,1,10
8360,396953,0,20,1,8
3357,821683,0,20,1,13
9522,67735,0,20,1,2
43,406433,0,20,1,11
7315,932611,0,20,1,3
5494,515705,1,10,1,6
126,541149,0,20,1,14
280,726467,1,10,1,8
2138,260929,1,10,1,10
5326,414428,1,10,1,14
237,431338,0,20,1,13
8187,538739,1,10,1,11
6441,792979,1,10,1,9
6922,282417,1,10,1,10
1461,664229,0,20,1,5
3547,781516,1,10,1,11
6485,253291,1,10,1,5
5903,432368,1,10,1,15
2698,670499,0,20,1,10
2363,521667,1,10,1,11
94,218524,1,10,1,14
8746,259623,1,10,1,10
1314,448030,0,20,1,2
6918,895992,1,10,1,6
3240,139384,1,10,1,8
1707,319519,0,20,1,11
1279,35295,0,20,1,15
3208,103294,0,20,1,8
4619,443974,1,10,1,11
1715,919759,0,20,1,3
9007,224291,1,10,1,15
4579,477097,1,10,1,3
1803,842638,1,10,1,11
4979,556087,1,10,1,3
472,313402,1,10,1,8
3205,261670,1,10,1,5
8835,695859,1,10,1,3
1391,691329,1,10,1,15
8020,669327,0,20,1,4
6017,584574,0,20,1,1
811,602179,0,20,1,11
1140,640346,0,20,1,4
5290,605725,1,10,1,10
7533,682326,0,20,1,13
8548,853173,0,20,1,4
5717,600446,1,10,1,5
1137,227989,1,10,1,1
6788,342305,1,10,1,4
8145,872578,1,10,1,1
4444,901666,0,20,1,12
5039,570439,1,10,1,15
7927,273621,1,10,1,7
9765,878575,0,20,1,5
5433,69463,1,10,1,9
6668,699355,0,20,1,12
3711,968111,1,10,1,15
3782,92072,0,20,1,6
5030,479249,0,20,1,6
9699,254631,0,20,1,3
2428,760251,0,20,1,12
612,456969,1,10,1,4
4376,448489,0,20,1,8
4537,57576,1,10,1,9
426,758777,0,20,1,10
2788,299544,0,20,1,4
7323,325729,1,10,1,11
9706,91910,0,20,1,10
9784,621989,0,20,1,8
7122,64823,0,20,1,2
6114,181582,0,20,1,2
8779,619419,1,10,1,11
4098,524906,0,20,1,2
538,444051,1,10,1,10
1632,525418,1,10,1,0
3831,402189,0,20,1,7
3626,710967,0,20,1,10
212,822393,0,20,1,4
1833,400195,1,10,1,9
6998,617273,1,10,1,6
2828,536895,0,20,1,12
9364,338299,1,10,1,4
8165,729416,1,10,1,5
1207,95606,0,20,1,7
7654,705414,0,20,1,6
2238,303728,1,10,1,14
3453,612054,0,20,1,13
6806,530130,1,10,1,6
2244,742771,0,20,1,4
442,834134,1,10,1,10
3867,267747,1,10,1,11
1447,266374,1,10,1,7
9324,725134,0,20,1,12
7074,809271,0,20,1,2
9478,666302,0,20,1,6
8489,30561,0,20,1,9
6458,245228,0,20,1,10
1112,479390,0,20,1,8
4189,368937,0,20,1,13
9513,350381,1,10,1,9
1043,702874,0,20,1,3
2718,451986,1,10,1,14
6959,527027,1,10,1,15
537,722026,0,20,1,9
2380,517945,0,20,1,12
7400,99030,1,10,1,8
576,342290,1,10,1,0
1855,249295,0,20,1,15
951,294255,0,20,1,7
150,494272,1,10,1,6
1635,14470,1,10,1,3
3234,732210,1,10,1,2
4601,26167,1,10,1,9
1131,526860,1,10,1,11
2560,792632,0,20,1,0
6098,606848,1,10,1,2
1308,489185,0,20,1,12
7426,343891,1,10,1,2
1887,314201,0,20,1,15
8624,529722,0,20,1,0
5200,544170,1,10,1,0
2577,586359,1,10,1,1
3581,319189,1,10,1,13
4665,255064,0,20,1,9
5420,190435,1,10,1,12
9418,598188,1,10,1,10
6067,882306,1,10,1,3
8215,686726,1,10,1,7
371,305082,0,20,1,3
1684,578398,0,20,1,4
46,796469,0,20,1,14
4848,624065,1,10,1,0
4461,926079,1,10,1,13
6312,635851,1,10,1,8
8223,772099,0,20,1,15
1656,989542,1,10,1,8
4257,669171,0,20,1,1
4274,439772,1,10,1,2
3749,730400,1,10,1,5
6471,801176,1,10,1,7
2770,541683,0,20,1,2
3476,836090,1,10,1,4
4550,357384,0,20,1,6
9337,256820,1,10,1,9
233,712572,0,20,1,9
1321,68188,1,10,1,9
1134,811914,1,10,1,14
7668,680593,1,10,1,4
2511,713157,1,10,1,15
4353,516987,0,20,1,1
1836,218857,1,10,1,12
8313,514724,0,20,1,9
8547,782796,1,10,1,3
2248,52530,0,20,1,8
7830,994792,0,20,1,6
2975,366568,0,20,1,15
2965,970484,1,10,1,5
6252,253557,1,10,1,12
5890,688802,0,20,1,2
5113,145676,1,10,1,9
9604,228513,1,10,1,4
5729,40875,0,20,1,1
2907,965513,1,10,1,11
7679,654336,1,10,1,15
2366,170787,0,20,1,14
1575,410843,0,20,1,7
3404,185376,0,20,1,12
1393,950075,0,20,1,1
4904,951959,0,20,1,8
1020,859828,0,20,1,12
2868,297565,1,10,1,4
3684,749571,0,20,1,4
2191,299393,1,10,1,15
2144,101839,0,20,1,0
7207,770484,0,20,1,7
9462,978769,1,10,1,6
6747,508873,0,20,1,11
5829,773537,0,20,1,5
7776,527304,1,10,1,0
7674,744878,1,10,1,10
6068,521249,1,10,1,4
6719,337893,1,10,1,15
8564,498658,1,10,1,4
460,384140,1,10,1,12
8175,281015,1,10,1,15
21,960550,0,20,1,5
8217,17523,0,20,1,9
4005,20780,0,20,1,5
4889,169996,1,10,1,9
9315,157936,1,10,1,3
4244,819959,1,10,1,4
75,916105,1,10,1,11
4838,503165,1,10,1,6
660,100069,1,10,1,4
9367,244657,0,20,1,7
251,543525,1,10,1,11
9463,335641,1,10,1,7
3250,317732,1,10,1,2
8584,167943,1,10,1,8
6710,140879,0,20,1,6
3675,290146,1,10,1,11
7860,825956,1,10,1,4
1841,162140,1,10,1,1
9521,644246,0,20,1,1
2287,644566,1,10,1,15
1396,341454,1,10,1,4
2648,217804,0,20,1,8
1603,213410,1,10,1,3
6052,615390,0,20,1,4
7500,141019,0,20,1,12
498,937382,1,10,1,2
7813,862606,1,10,1,5
2996,363794,0,20,1,4
9272,517453,1,10,1,8
4643,821063,0,20,1,3
6452,455664,0,20,1,4
8479,148795,1,10,1,15
7334,154762,0,20,1,6
8091,375662,0,20,1,11
4290,201216,1,10,1,2
680,433958,1,10,1,8
1024,790866,1,10,1,0
6833,400349,1,10,1,1
9258,72369,0,20,1,10
6860,83313,1,10,1,12
8346,535958,1,10,1,10
3057,868323,1,10,1,1
7765,355495,0,20,1,5
4074,103948,1,10,1,10
3813,970770,0,20,1,5
7435,808464,0,20,1,11
8621,941567,1,10,1,13
1261,53784,1,10,1,13
3922,267926,0,20,1,2
3163,835266,1,10,1,11
6415,743549,1,10,1,15
5899,844874,1,10,1,11
4986,586380,1,10,1,10
4574,610050,0,20,1,14
3053,458186,1,10,1,13
7687,579983,1,10,1,7
3383,506178,0,20,1,7
7834,337646,0,20,1,10
670,278298,1,10,1,14
3793,435005,1,10,1,1
8675,906162,0,20,1,3
247,495567,0,20,1,7
4844,924942,0,20,1,12
9316,927437,1,10,1,4
4064,502162,0,20,1,0
8201,266135,1,10,1,9
8952,961582,1,10,1,8
8834,697141,1,10,1,2
4184,305680,0,20,1,8
6364,356908,1,10,1,12
6713,790498,1,10,1,9
8078,115683,0,20,1,14
1599,566838,1,10,1,15
6051,135770,0,20,1,3
7923,197568,1,10,1,3
1999,759355,0,20,1,15
4094,998920,1,10,1,14
6804,318790,1,10,1,4
8768,18797,0,20,1,0
3580,172761,1,10,1,12
8200,158010,0,20,1,8
9045,142338,1,10,1,5
8734,578069,1,10,1,14
8726,686917,1,10,1,6
592,564792,1,10,1,0
4407,250658,0,20,1,7
8574,263009,0,20,1,14
1965,638814,0,20,1,13
8357,926909,0,20,1,5
861,245471,0,20,1,13
958,765202,0,20,1,14
7893,908418,0,20,1,5
9095,181457,1,10,1,7
1686,85541,1,10,1,6
4260,641921,0,20,1,4
3295,813370,0,20,1,15
140,582158,0,20,1,12
3427,540773,0,20,1,3
849,304702,1,10,1,1
8573,412233,0,20,1,13
8939,202168,1,10,1,11
5448,162311,1,10,1,8
5646,487203,0,20,1,14
5380,373101,1,10,1,4
7588,11024,1,10,1,4
4705,578811,0,20,1,1
8520,656624,1,10,1,8
29,50274,0,20,1,13
6390,130583,1,10,1,6
5639,154470,1,10,1,7
1736,196336,0,20,1,8
9962,819266,1,10,1,10
1389,550797,0,20,1,13
9409,312110,1,10,1,1
80,55042,1,10,1,0
3790,947082,1,10,1,14
2353,774034,1,10,1,1
9353,60333,1,10,1,9
7521,227361,0,20,1,1
7119,188339,1,10,1,15
5764,222063,0,20,1,4
3335,682739,1,10,1,7
5860,60898,0,20,1,4
4018,385533,0,20,1,2
3521,961148,0,20,1,1
3514,781335,0,20,1,10
9495,55423,0,20,1,7
3110,852383,0,20,1,6
8636,225895,1,10,1,12
1218,69078,0,20,1,2
2873,524268,0,20,1,9
7899,430094,1,10,1,11
8956,35710,1,10,1,12
6227,503,0,20,1,3
9244,381806,0,20,1,12
7772,81405,0,20,1,12
3349,395273,1,10,1,5
5993,445288,1,10,1,9
9578,784002,0,20,1,10
6341,262142,0,20,1,5
3302,956465,1,10,1,6
4734,986166,0,20,1,14
112,987953,1,10,1,0
4040,459615,0,20,1,8
3071,866375,0,20,1,15
8159,971171,0,20,1,15
2977,846166,1,10,1,1
7577,406927,1,10,1,9
5403,956031,1,10,1,11
297,986063,1,10,1,9
3261,901373,0,20,1,13
1500,572554,0,20,1,12
5363,67233,0,20,1,3
6095,931735,0,20,1,15
9255,956059,1,10,1,7
4618,92071,1,10,1,10
1375,823379,1,10,1,15
8298,158267,0,20,1,10
1274,40595,0,20,1,10
8533,789783,1,10,1,5
5730,150660,0,20,1,2
500,292249,0,20,1,4
7261,450211,1,10,1,13
8994,996567,0,20,1,2
170,587668,0,20,1,10
5960,754711,1,10,1,8
1816,345988,0,20,1,8
2081,300005,1,10,1,1
7180,176979,0,20,1,12
4364,176454,0,20,1,12
6338,596038,1,10,1,2
5395,80536,0,20,1,3
9541,120877,1,10,1,5
9595,384215,0,20,1,11
8847,212360,1,10,1,15
2860,932949,1,10,1,12
2480,625645,0,20,1,0
4707,378756,0,20,1,3
7058,605802,0,20,1,2
4042,768054,1,10,1,10
7997,166365,0,20,1,13
1255,595510,1,10,1,7
4978,217047,0,20,1,2
8911,941781,0,20,1,15
6785,986643,0,20,1,1
2193,32340,1,10,1,1
2199,286187,0,20,1,7
5765,15351,1,10,1,5
2575,388146,0,20,1,15
3743,124815,0,20,1,15
7352,111949,1,10,1,8
301,464679,0,20,1,13
9900,764586,1,10,1,12
2433,355317,1,10,1,1
2086,956744,1,10,1,6
1854,588685,0,20,1,14
1416,559790,1,10,1,8
968,443594,1,10,1,8
8889,728641,0,20,1,9
1665,179766,0,20,1,1
7173,516969,1,10,1,5
1636,477631,0,20,1,4
5501,464964,0,20,1,13
6454,884168,0,20,1,6
4590,632097,0,20,1,14
1357,768741,1,10,1,13
2918,417379,1,10,1,6
6032,815355,0,20,1,0
6414,511754,0,20,1,14
7463,415238,1,10,1,7
7978,281458,1,10,1,10
4128,603317,1,10,1,0
1374,645599,0,20,1,14
687,552608,0,20,1,15
6895,363401,1,10,1,15
8904,285035,0,20,1,8
4853,979155,1,10,1,5
6384,905168,1,10,1,0
928,153009,0,20,1,0
2580,564211,1,10,1,4
2134,539227,0,20,1,6
6225,19190,0,20,1,1
5473,964464,1,10,1,1
3174,496021,1,10,1,6
2102,912684,0,20,1,6
8085,722903,1,10,1,5
4954,742774,0,20,1,10
5715,717774,0,20,1,3
6823,758285,0,20,1,7
9187,851908,0,20,1,3
4303,330300,0,20,1,15
6251,675504,0,20,1,11
3892,65381,0,20,1,4
7059,153085,1,10,1,3
4690,831462,0,20,1,2
6426,405700,0,20,1,10
9465,133196,1,10,1,9
7471,456124,1,10,1,15
4753,328924,1,10,1,1
7256,445366,0,20,1,8
9674,210336,1,10,1,10
5908,547814,0,20,1,4
3059,209146,0,20,1,3
2556,337630,1,10,1,12
3365,642933,0,20,1,5
4355,740857,1,10,1,3
2950,235013,1,10,1,6
5743,357283,0,20,1,15
1510,223443,0,20,1,6
9168,163171,1,10,1,0
5127,84919,0,20,1,7
223,564417,1,10,1,15
3809,753889,0,20,1,1
667,152873,0,20,1,11
1764,21118,0,20,1,4
9491,50658,0,20,1,3
9667,352035,0,20,1,3
6,152615,0,20,1,6
5393,824787,1,10,1,1
4397,383878,1,10,1,13
8438,832437,0,20,1,6
1891,773879,1,10,1,3
2204,616945,1,10,1,12
7522,616111,0,20,1,2
3135,122995,0,20,1,15
3185,539971,0,20,1,1
3980,837649,0,20,1,12
137,896082,0,20,1,9
7990,731144,1,10,1,6
5019,643667,1,10,1,11
134,662601,0,20,1,6
891,576912,1,10,1,11
9325,339209,0,20,1,13
4004,463578,1,10,1,4
4988,540718,1,10,1,12
8337,330048,0,20,1,1
6684,313446,0,20,1,12
2559,527914,1,10,1,15
8203,806615,0,20,1,11
2866,207416,0,20,1,2
378,115138,0,20,1,10
548,936714,1,10,1,4
1592,329347,1,10,1,8
1722,10882,0,20,1,10
4789,873965,0,20,1,5
7732,685443,1,10,1,4
7871,845349,1,10,1,15
6175,487926,0,20,1,15
8335,851042,1,10,1,15
9743,262056,0,20,1,15
4716,934658,1,10,1,12
2346,186965,0,20,1,10
5014,671237,1,10,1,6
8808,874621,1,10,1,8
2931,706102,1,10,1,3
772,901909,1,10,1,4
9382,51606,0,20,1,6
9490,410405,0,20,1,2
4842,183877,1,10,1,10
4345,491301,1,10,1,9
7342,97756,0,20,1,14
904,11825,0,20,1,8
3107,792676,0,20,1,3
4736,731627,0,20,1,0
9113,444966,1,10,1,9
577,774487,1,10,1,1
1918,315544,0,20,1,14
4797,159035,1,10,1,13
7745,956558,1,10,1,1
3739,516117,1,10,1,11
2736,303508,1,10,1,0
1557,871368,1,10,1,5
4322,508958,0,20,1,2
5095,330743,0,20,1,7
3364,89583,0,20,1,4
6292,643791,1,10,1,4
3275,924124,1,10,1,11
7022,551290,1,10,1,14
4216,274103,0,20,1,8
2364,631005,1,10,1,12
1355,32914,0,20,1,11
6270,81220,1,10,1,14
176,75977,1,10,1,0
2292,997473,1,10,1,4
8681,918665,1,10,1,9
6478,441722,1,10,1,14
6844,478472,1,10,1,12
4733,52393,1,10,1,13
6310,122261,1,10,1,6
7369,458582,0,20,1,9
8721,347286,0,20,1,1
4399,656836,0,20,1,15
7469,981823,0,20,1,13
582,67269,0,20,1,6
6025,944081,0,20,1,9
7809,870007,0,20,1,1
6602,853071,1,10,1,10
9044,111703,0,20,1,4
2123,729701,1,10,1,11
8555,506988,0,20,1,11
5204,234132,0,20,1,4
9684,683464,1,10,1,4
7495,622438,1,10,1,7
1350,917395,0,20,1,6
5010,479068,0,20,1,2
6902,216177,0,20,1,6
2979,864237,1,10,1,3
4515,430551,1,10,1,3
0,976663,1,10,1,0
1886,628720,1,10,1,14
2864,407114,1,10,1,0
3466,590318,1,10,1,10
3777,260547,0,20,1,1
2014,288804,0,20,1,14
3954,688292,0,20,1,2
8059,201240,1,10,1,11
791,789222,1,10,1,7
6598,700119,1,10,1,6
9417,693449,1,10,1,9
9511,362680,0,20,1,7
3189,965884,1,10,1,5
1899,246078,1,10,1,11
2747,356945,1,10,1,11
4718,970542,1,10,1,14
1118,410672,1,10,1,14
3503,446628,1,10,1,15
2129,642043,1,10,1,1
3502,981001,1,10,1,14
657,180489,0,20,1,1
3068,150536,0,20,1,12
5335,935960,0,20,1,7
32,376617,0,20,1,0
7995,864886,0,20,1,11
3907,599227,0,20,1,3
6469,332976,1,10,1,5
9945,764551,0,20,1,9
8067,76433,1,10,1,3
1589,76719,1,10,1,5
3113,430476,1,10,1,9
722,230754,1,10,1,2
5266,680811,0,20,1,2
2308,612526,1,10,1,4
5246,28702,0,20,1,14
6484,929084,0,20,1,4
9772,812317,1,10,1,12
8033,297338,1,10,1,1
4747,39882,1,10,1,11
7971,95442,1,10,1,3
1826,889819,1,10,1,2
7680,65054,0,20,1,0
6029,200566,1,10,1,13
272,397837,0,20,1,0
2653,653293,0,20,1,13
157,358061,0,20,1,13
1213,900144,0,20,1,13
659,887443,0,20,1,3
5660,570797,0,20,1,12
6888,948737,0,20,1,8
7667,548758,0,20,1,3
9787,287265,1,10,1,11
3282,172975,1,10,1,2
5777,847637,1,10,1,1
8027,904161,1,10,1,11
9529,680123,1,10,1,9
9691,669542,1,10,1,11
9139,192210,1,10,1,3
5837,473353,0,20,1,13
5016,534334,0,20,1,8
8068,483315,1,10,1,4
3939,530066,0,20,1,3
2352,915982,0,20,1,0
9210,368108,0,20,1,10
6593,504936,1,10,1,1
1038,607415,1,10,1,14
1026,979127,1,10,1,2
9852,254917,1,10,1,12
9027,481002,0,20,1,3
782,449119,1,10,1,14
9308,405953,1,10,1,12
5237,871008,1,10,1,5
4293,726341,1,10,1,5
3368,760743,0,20,1,8
7777,239063,0,20,1,1
1066,148303,1,10,1,10
1821,29460,0,20,1,13
6170,682564,1,10,1,10
2781,820470,1,10,1,13
5427,479583,1,10,1,3
8515,779212,1,10,1,3
5652,919972,1,10,1,4
4047,196985,1,10,1,15
8451,66330,1,10,1,3
6123,250871,1,10,1,11
8683,919027,1,10,1,11
8256,372581,1,10,1,0
729,296363,1,10,1,9
8483,371139,0,20,1,3
9283,464063,0,20,1,3
7584,434656,0,20,1,0
3681,680195,0,20,1,1
3268,660385,0,20,1,4
3729,329102,1,10,1,1
6243,534307,1,10,1,3
2358,365680,0,20,1,6
1974,482616,0,20,1,6
8062,448458,1,10,1,14
8933,815289,0,20,1,5
17,598980,1,10,1,1
6141,789809,1,10,1,13
7399,503067,1,10,1,7
8193,25134,1,10,1,1
922,597784,0,20,1,10
2487,487168,0,20,1,7
6258,3063,1,10,1,2
617,395641,1,10,1,9
7143,212205,0,20,1,7
1270,704461,0,20,1,6
3394,534514,1,10,1,2
7053,227552,1,10,1,13
8976,412574,1,10,1,0
2159,424975,1,10,1,15
2795,703853,0,20,1,11
7628,134386,0,20,1,12
806,967574,1,10,1,6
9311,89525,1,10,1,15
1704,971826,0,20,1,8
7501,402969,0,20,1,13
2880,737298,0,20,1,0
566,540208,1,10,1,6
1332,854734,1,10,1,4
5413,691159,0,20,1,5
4535,285444,0,20,1,7
8236,752095,0,20,1,12
4008,203078,1,10,1,8
6577,471115,1,10,1,1
61,332012,0,20,1,13
4298,878841,1,10,1,10
9868,415073,1,10,1,12
5503,9922,0,20,1,15
3296,341462,1,10,1,0
2101,99847,1,10,1,5
3020,396576,0,20,1,12
7246,840726,0,20,1,14
6909,933619,0,20,1,13
1062,993762,1,10,1,6
1411,63077,1,10,1,3
1331,635288,0,20,1,3
1732,610309,0,20,1,4
2696,166220,0,20,1,8
552,754535,1,10,1,8
3195,41751,1,10,1,11
6275,742600,1,10,1,3
2294,208089,0,20,1,6
5872,959829,1,10,1,0
34,341337,0,20,1,2
2367,715824,1,10,1,15
8569,214288,1,10,1,9
7691,560978,1,10,1,11
1239,64088,1,10,1,7
6939,350150,1,10,1,11
142,84830,0,20,1,14
6197,307401,0,20,1,5
8278,596493,0,20,1,6
9496,827494,0,20,1,8
694,59765,0,20,1,6
8647,700568,0,20,1,7
932,20545,0,20,1,4
8662,348281,1,10,1,6
1921,677486,1,10,1,1
9145,948820,1,10,1,9
9908,212715,0,20,1,4
8944,682945,0,20,1,0
2660,874894,0,20,1,4
9781,567452,1,10,1,5
3573,621778,1,10,1,5
3211,272047,1,10,1,11
8565,501402,0,20,1,5
1230,27395,0,20,1,14
6129,634271,0,20,1,1
2677,447184,0,20,1,5
4491,468591,0,20,1,11
5511,908693,0,20,1,7
4557,774131,0,20,1,13
6236,228144,0,20,1,12
5007,809675,0,20,1,15
8787,986157,1,10,1,3
6617,344859,0,20,1,9
5134,147139,1,10,1,14
9546,274822,1,10,1,10
3732,604180,1,10,1,4
8016,679992,0,20,1,0
992,491901,1,10,1,0
6327,770368,1,10,1,7
9084,312765,1,10,1,12
3431,517438,0,20,1,7
5100,198925,1,10,1,12
1846,987781,0,20,1,6
3337,936370,0,20,1,9
1958,824984,0,20,1,6
596,589042,1,10,1,4
7240,618555,1,10,1,8
6966,884661,0,20,1,6
1143,964719,0,20,1,7
377,837679,1,10,1,9
6308,142124,1,10,1,4
4408,257247,0,20,1,8
7266,743791,0,20,1,2
3515,73258,1,10,1,11
2493,224313,1,10,1,13
9037,629824,1,10,1,13
4218,714649,1,10,1,10
1727,211439,0,20,1,15
3735,737733,1,10,1,7
6815,369768,0,20,1,15
1523,768963,1,10,1,3
8780,926743,0,20,1,12
4077,635584,0,20,1,13
2883,293324,1,10,1,3
1668,47823,1,10,1,4
6320,40137,0,20,1,0
6288,492309,0,20,1,0
3887,980270,1,10,1,15
7552,137933,0,20,1,0
1184,622084,0,20,1,0
8347,320886,1,10,1,11
3423,642221,0,20,1,15
8307,442505,0,20,1,3
3099,310765,0,20,1,11
8413,581822,1,10,1,13
6674,428476,1,10,1,2
3330,56275,1,10,1,2
6631,762093,1,10,1,7
9500,521479,1,10,1,12
9434,344943,0,20,1,10
5985,378300,0,20,1,1
4308,83587,1,10,1,4
1564,314061,0,20,1,12
8730,474054,1,10,1,10
6488,108663,0,20,1,8
9009,463421,0,20,1,1
231,695067,1,10,1,7
9528,614675,1,10,1,8
3956,636384,1,10,1,4
4815,200665,1,10,1,15
4621,22111,0,20,1,13
9,692665,1,10,1,9
2279,511562,0,20,1,7
8673,195169,1,10,1,1
1566,34694,0,20,1,14
6877,309562,0,20,1,13
4839,607433,1,10,1,7
4715,730900,0,20,1,11
4542,482371,1,10,1,14
8220,774170,1,10,1,12
2218,401025,0,20,1,10
9975,516416,1,10,1,7
8594,754693,1,10,1,2
6854,393287,1,10,1,6
5118,837735,1,10,1,14
5417,578706,0,20,1,9
6332,247403,0,20,1,12
8010,234338,0,20,1,10
3669,550308,1,10,1,5
183,754843,0,20,1,7
2470,865280,1,10,1,6
9692,137027,0,20,1,12
8198,994530,0,20,1,6
3925,738989,0,20,1,5
8783,177045,0,20,1,15
8543,357859,1,10,1,15
2442,852869,1,10,1,10
7538,584123,0,20,1,2
4709,240144,0,20,1,5
5521,974914,0,20,1,1
8117,383860,1,10,1,5
6921,240016,0,20,1,9
1796,79472,0,20,1,4
343,62892,0,20,1,7
569,84099,1,10,1,9
9188,794518,0,20,1,4
408,792143,0,20,1,8
1785,749768,1,10,1,9
2797,143124,1,10,1,13
3319,973495,0,20,1,7
1543,742911,0,20,1,7
2339,219926,1,10,1,3
8341,329289,0,20,1,5
4596,313409,0,20,1,4
8993,561575,0,20,1,1
2252,138341,0,20,1,12
8890,392660,0,20,1,10
5440,331425,1,10,1,0
5210,920681,1,10,1,10
961,465631,0,20,1,1
3616,379509,1,10,1,0
4296,917039,0,20,1,8
3910,580225,1,10,1,6
5669,125902,1,10,1,5
5619,521708,1,10,1,3
4467,453830,0,20,1,3
220,340591,0,20,1,12
7661,889151,1,10,1,13
1754,217940,0,20,1,10
3293,484744,1,10,1,13
6952,528762,0,20,1,8
4555,798904,1,10,1,11
7989,371461,1,10,1,5
8407,860132,1,10,1,7
9647,375205,1,10,1,15
5637,741984,1,10,1,5
7290,678852,0,20,1,10
5182,262741,1,10,1,14
1520,917192,1,10,1,0
7630,363425,0,20,1,14
5673,580614,0,20,1,9
2862,247863,0,20,1,14
6326,880247,0,20,1,6
822,843562,1,10,1,6
7542,233720,1,10,1,6
7427,34474,1,10,1,3
8426,932719,1,10,1,10
2590,22511,0,20,1,14
1847,526208,0,20,1,7
1204,258270,1,10,1,4
3334,63629,1,10,1,6
8332,878715,0,20,1,12
5931,913429,0,20,1,11
8999,828689,0,20,1,7
5914,437718,0,20,1,10
236,508289,1,10,1,12
3401,811492,0,20,1,9
1766,980660,1,10,1,6
4097,582287,1,10,1,1
2530,140841,1,10,1,2
8803,270933,1,10,1,3
5674,395639,1,10,1,10
3449,932274,0,20,1,9
3014,905792,1,10,1,6
4269,364130,0,20,1,13
1748,148022,0,20,1,4
6603,857350,0,20,1,11
2700,570129,0,20,1,12
2761,802549,1,10,1,9
8054,112808,1,10,1,6
4192,512037,1,10,1,0
1786,181384,0,20,1,10
7293,79721,0,20,1,13
1699,832327,1,10,1,3
6342,650893,0,20,1,6
9866,767623,0,20,1,10
3354,643638,0,20,1,10
4940,160102,1,10,1,12
4147,797539,0,20,1,3
5625,337760,0,20,1,9
9379,57269,1,10,1,3
1493,655133,0,20,1,5
9581,868864,0,20,1,13
3604,723573,0,20,1,4
2902,255975,1,10,1,6
3079,96286,1,10,1,7
2523,230151,1,10,1,11
5105,842016,0,20,1,1
6264,632592,0,20,1,8
1972,884052,0,20,1,4
5001,554211,0,20,1,9
7244,138292,1,10,1,12
3559,579047,1,10,1,7
2973,470794,1,10,1,13
5472,697278,1,10,1,0
4447,312805,0,20,1,15
1741,541986,1,10,1,13
5842,350699,0,20,1,2
1280,821903,1,10,1,0
7148,438798,1,10,1,12
9439,700680,1,10,1,15
7960,20705,1,10,1,8
3965,620544,0,20,1,13
2673,616463,1,10,1,1
6843,49671,0,20,1,11
5962,33093,0,20,1,10
647,87732,1,10,1,7
8587,532884,1,10,1,11
9150,129080,1,10,1,14
9988,889498,1,10,1,4
4740,876552,1,10,1,4
8404,598037,1,10,1,4
9740,26372,1,10,1,12
6144,975907,1,10,1,0
7298,681659,0,20,1,2
2133,662325,0,20,1,5
3754,994992,0,20,1,10
1863,404874,1,10,1,7
5886,760758,1,10,1,14
1569,481345,0,20,1,1
7916,232531,0,20,1,12
1221,455034,0,20,1,5
459,13384,1,10,1,11
6159,532912,0,20,1,15
6595,873266,1,10,1,3
2857,698569,1,10,1,9
2830,643865,0,20,1,14
9881,546637,0,20,1,9
8931,757112,0,20,1,3
3593,446175,0,20,1,9
7703,59639,0,20,1,7
1303,602729,1,10,1,7
3608,508445,0,20,1,8
2019,44674,0,20,1,3
5299,826417,0,20,1,3
9932,727491,0,20,1,12
7349,860885,0,20,1,5
1401,484877,1,10,1,9
787,183978,1,10,1,3
5179,965763,1,10,1,11
4615,174966,1,10,1,7
9046,64867,0,20,1,6
7080,155103,0,20,1,8
7490,333436,0,20,1,2
9389,140975,1,10,1,13
3802,143338,0,20,1,10
185,543998,1,10,1,9
4327,800877,0,20,1,7
3994,875838,1,10,1,10
7094,442068,0,20,1,6
3696,148063,1,10,1,0
1017,354388,0,20,1,9
292,522755,1,10,1,4
2192,46136,0,20,1,0
2858,445851,0,20,1,10
2338,881221,0,20,1,2
2647,96028,1,10,1,7
6585,269725,1,10,1,9
8689,524293,1,10,1,1
4829,798438,1,10,1,13
7193,77664,0,20,1,9
4219,489996,1,10,1,11
6925,144476,0,20,1,13
1172,372627,1,10,1,4
8049,54984,0,20,1,1
5284,168487,0,20,1,4
8116,621458,0,20,1,4
2497,144024,1,10,1,1
6659,992351,1,10,1,3
3239,707472,1,10,1,7
4135,927598,0,20,1,7
7949,433869,0,20,1,13
9178,34342,0,20,1,10
3262,751453,1,10,1,14
8946,931922,1,10,1,2
1392,492220,0,20,1,0
2447,314213,1,10,1,15
6140,167247,1,10,1,12
7831,383005,1,10,1,7
73,956276,1,10,1,9
5722,931671,0,20,1,10
4360,744982,1,10,1,8
2236,212650,1,10,1,12
7210,21135,1,10,1,10
4048,704043,0,20,1,0
5228,820267,0,20,1,12
8799,113151,0,20,1,15
900,348975,1,10,1,4
9957,182382,1,10,1,5
6286,275202,0,20,1,14
7011,495513,0,20,1,3
3859,238959,0,20,1,3
9895,829674,1,10,1,7
4235,943681,1,10,1,11
7889,668574,1,10,1,1
3701,7100,1,10,1,5
4630,579613,1,10,1,6
9622,703738,1,10,1,6
3992,372791,1,10,1,8
879,935960,0,20,1,15
7043,988830,0,20,1,3
2247,265882,0,20,1,7
8724,318,0,20,1,4
4259,245491,0,20,1,3
6914,610016,0,20,1,2
4592,806740,0,20,1,0
9643,60651,1,10,1,11
2355,187750,1,10,1,3
2705,154770,0,20,1,1
3738,7225,1,10,1,10
9075,808162,0,20,1,3
6612,847825,1,10,1,4
5891,147002,1,10,1,3
2445,551373,0,20,1,13
5390,610373,1,10,1,14
4776,891501,1,10,1,8
2663,362033,0,20,1,7
9702,793452,1,10,1,6
8079,593995,1,10,1,15
3584,792200,0,20,1,0
7013,287181,0,20,1,5
8248,450785,0,20,1,8
3908,680572,0,20,1,4
1718,175620,1,10,1,6
3048,753297,0,20,1,8
6908,530061,0,20,1,12
7291,468929,1,10,1,11
7599,752803,0,20,1,15
7764,464825,0,20,1,4
2063,450328,0,20,1,15
2483,681503,0,20,1,3
2120,761204,0,20,1,8
671,545275,0,20,1,15
737,456476,1,10,1,1
8857,84799,1,10,1,9
3281,846192,0,20,1,1
2430,212142,1,10,1,14
7561,541846,1,10,1,9
5156,847781,0,20,1,4
4148,84750,1,10,1,4
4426,880669,1,10,1,10
9224,789305,1,10,1,8
2333,829145,0,20,1,13
1942,252279,1,10,1,6
3003,330741,1,10,1,11
8867,211389,0,20,1,3
285,555172,0,20,1,13
7797,362298,0,20,1,5
5530,977931,1,10,1,10
7452,528777,0,20,1,12
9338,74597,1,10,1,10
7769,636299,1,10,1,9
1559,25296,1,10,1,7
6901,642896,0,20,1,5
4175,209706,1,10,1,15
3483,453934,0,20,1,11
724,488601,1,10,1,4
1190,603338,0,20,1,6
8461,585813,1,10,1,13
5597,966371,0,20,1,13
583,201833,1,10,1,7
11,610893,0,20,1,11
6924,493248,0,20,1,12
6754,819326,1,10,1,2
7437,571469,1,10,1,13
7251,66304,0,20,1,3
3217,113931,1,10,1,1
641,899783,1,10,1,1
9358,54686,0,20,1,14
2224,529530,0,20,1,0
49,833923,0,20,1,1
153,302334,0,20,1,9
4208,224902,1,10,1,0
5267,579394,1,10,1,3
6851,494662,1,10,1,3
2579,400940,0,20,1,3
9864,807786,1,10,1,8
8568,978279,1,10,1,8
2387,505824,1,10,1,3
2508,247576,0,20,1,12
9077,165960,0,20,1,5
8300,913149,1,10,1,12
988,441669,1,10,1,12
8802,963739,0,20,1,2
4458,981237,0,20,1,10
1449,15367,1,10,1,9
5963,801742,1,10,1,11
3456,150046,0,20,1,0
5168,328155,1,10,1,0
4264,697184,1,10,1,8
7450,162155,1,10,1,10
1530,396767,0,20,1,10
3552,770783,1,10,1,0
803,530721,0,20,1,3
8007,278987,0,20,1,7
1725,278914,1,10,1,13
6157,464321,1,10,1,13
8222,392819,0,20,1,14
4116,224441,0,20,1,4
6963,832503,1,10,1,3
5084,824721,1,10,1,12
4560,728987,0,20,1,0
9859,510144,0,20,1,3
7754,670241,1,10,1,10
9993,593828,1,10,1,9
5787,731931,1,10,1,11
3032,496444,1,10,1,8
4947,457208,0,20,1,3
5788,320880,1,10,1,12
1527,682107,1,10,1,7
7330,9974,1,10,1,2
3290,56252,0,20,1,10
3351,536118,1,10,1,7
1045,148141,1,10,1,5
5410,326665,1,10,1,2
3179,615051,1,10,1,11
7892,700508,1,10,1,4
7438,838123,0,20,1,14
2217,387323,0,20,1,9
1193,311917,0,20,1,9
4834,599400,1,10,1,2
8339,551310,0,20,1,3
7874,4812,1,10,1,2
784,691581,1,10,1,0
443,20413,1,10,1,11
1286,380083,0,20,1,6
6752,553719,0,20,1,0
7705,384489,1,10,1,9
6728,939069,0,20,1,8
769,464698,1,10,1,1
8711,284848,1,10,1,7
319,564933,1,10,1,15
9790,141895,0,20,1,14
9422,832811,1,10,1,14
3,404596,0,20,1,3
6108,1934,0,20,1,12
3129,667414,1,10,1,9
9617,420373,1,10,1,1
2210,32119,0,20,1,2
3455,92971,1,10,1,15
6281,871290,1,10,1,9
9827,352087,1,10,1,3
3279,84565,0,20,1,15
6023,792424,0,20,1,7
713,463388,1,10,1,9
6022,70859,1,10,1,6
5682,767975,0,20,1,2
5294,878090,0,20,1,14
6547,800899,0,20,1,3
1844,694671,0,20,1,4
7443,114520,1,10,1,3
6457,951169,0,20,1,9
1023,736641,1,10,1,15
5379,888173,1,10,1,3
3873,625571,0,20,1,1
5817,81471,1,10,1,9
2368,750985,0,20,1,0
6974,398200,1,10,1,14
3988,999308,0,20,1,4
9411,40153,1,10,1,3
8934,421018,0,20,1,6
1842,144529,1,10,1,2
7653,66069,1,10,1,5
2604,607876,0,20,1,12
9862,501323,0,20,1,6
8865,15763,1,10,1,1
4179,206756,1,10,1,3
1989,97613,0,20,1,5
4893,407411,0,20,1,13
1269,18940,1,10,1,5
4891,658045,0,20,1,11
8531,679289,0,20,1,3
4287,562851,1,10,1,15
3948,28234,1,10,1,12
511,543823,0,20,1,15
7719,189984,0,20,1,7
4921,743114,0,20,1,9
9398,544250,0,20,1,6
328,453303,1,10,1,8
930,834316,1,10,1,2
3399,709178,0,20,1,7
8877,963622,0,20,1,13
258,247372,1,10,1,2
8824,173877,0,20,1,8
356,988235,1,10,1,4
9116,316684,0,20,1,12
683,668195,1,10,1,11
6113,604713,1,10,1,1
4965,885032,0,20,1,5
1363,678048,1,10,1,3
8475,461212,0,20,1,11
1405,831204,0,20,1,13
8666,915491,0,20,1,10
2737,256643,1,10,1,1
3145,687450,1,10,1,9
219,912449,1,10,1,11
5075,501063,1,10,1,3
4324,188903,0,20,1,4
9078,394911,1,10,1,6
3385,435063,0,20,1,9
6741,879441,0,20,1,5
9563,334389,1,10,1,11
1567,816590,1,10,1,15
1702,192642,0,20,1,6
6430,935817,0,20,1,14
7250,709718,1,10,1,2
7708,536825,0,20,1,12
6172,758207,1,10,1,12
9687,315054,0,20,1,7
6889,185151,0,20,1,9
5330,767307,1,10,1,2
7183,107674,0,20,1,15
2924,618625,1,10,1,12
2713,90318,0,20,1,9
1201,362456,1,10,1,1
6756,430021,1,10,1,4
5234,881948,1,10,1,2
2784,803435,0,20,1,0
6608,646314,0,20,1,0
27,963409,0,20,1,11
8864,265991,1,10,1,0
4387,512825,1,10,1,3
6271,822100,0,20,1,15
4635,822829,1,10,1,11
1336,280745,1,10,1,8
5582,959148,1,10,1,14
225,108165,0,20,1,1
6639,977305,0,20,1,15
6689,636513,1,10,1,1
3412,20861,1,10,1,4
1102,893136,0,20,1,14
6706,793407,1,10,1,2
2867,866286,1,10,1,3
1649,516093,1,10,1,1
1243,113977,0,20,1,11
9730,158249,1,10,1,2
7338,201444,1,10,1,10
8417,14895,1,10,1,1
959,386890,1,10,1,15
5292,472053,0,20,1,12
7656,915345,0,20,1,8
7301,77152,1,10,1,5
4241,733009,0,20,1,1
2686,735504,1,10,1,14
4967,40947,0,20,1,7
4993,683544,1,10,1,1
9280,133385,0,20,1,0
1709,991573,0,20,1,13
9438,418147,0,20,1,14
9601,385316,1,10,1,1
2185,916492,1,10,1,9
7107,984766,0,20,1,3
2938,922847,1,10,1,10
5102,617739,0,20,1,14
8945,323594,0,20,1,1
7353,488458,1,10,1,9
3400,252020,0,20,1,8
7924,77533,1,10,1,4
6190,54409,1,10,1,14
7139,136710,0,20,1,3
7420,682133,1,10,1,12
2013,200634,1,10,1,13
7983,989398,1,10,1,15
30,299434,0,20,1,14
677,531888,1,10,1,5
2202,889643,1,10,1,10
7054,307762,0,20,1,14
5025,513316,0,20,1,1
5083,146251,1,10,1,11
4787,744073,0,20,1,3
2235,306682,0,20,1,11
5972,381720,1,10,1,4
2778,709784,0,20,1,10
4452,659045,1,10,1,4
4363,872033,0,20,1,11
5175,790461,1,10,1,7
8358,55081,0,20,1,6
1471,804900,1,10,1,15
6133,885139,1,10,1,5
876,340835,0,20,1,12
1390,720030,0,20,1,14
2286,521663,1,10,1,14
7407,720097,0,20,1,15
8443,93673,0,20,1,11
4751,933055,1,10,1,15
3832,882382,0,20,1,8
6858,97674,0,20,1,10
4291,480314,0,20,1,3
1111,545148,1,10,1,7
8324,47170,0,20,1,4
7658,321520,1,10,1,10
3923,834793,0,20,1,3
9831,833920,1,10,1,7
2986,677437,1,10,1,10
3103,682323,1,10,1,15
4564,680677,1,10,1,4
8906,27090,1,10,1,10
9931,868893,1,10,1,11
5371,3049,0,20,1,11
6623,172707,1,10,1,15
95,135794,1,10,1,15
365,173084,1,10,1,13
7439,595576,1,10,1,15
9705,81063,0,20,1,9
4786,234171,0,20,1,2
83,667152,1,10,1,3
1962,361123,1,10,1,10
4551,749582,1,10,1,7
4069,314522,0,20,1,5
3828,615778,0,20,1,4
7833,98053,0,20,1,9
2268,250622,1,10,1,12
3858,279651,1,10,1,2
4105,120098,0,20,1,9
121,249549,0,20,1,9
5525,974242,0,20,1,5
7374,879086,1,10,1,14
5956,832062,0,20,1,4
9063,246538,0,20,1,7
9295,827144,1,10,1,15
1127,662964,0,20,1,7
7840,202488,0,20,1,0
1041,2451,0,20,1,1
5700,741919,0,20,1,4
1624,226685,0,20,1,8
6717,407315,1,10,1,13
8786,180196,0,20,1,2
6626,565114,0,20,1,2
4306,814093,1,10,1,2
2503,528738,1,10,1,7
204,311522,0,20,1,12
3705,89014,0,20,1,9
3976,136610,0,20,1,8
5181,993488,0,20,1,13
9384,144842,0,20,1,8
8318,468997,0,20,1,14
1790,317904,0,20,1,14
8805,366788,1,10,1,5
9671,55639,1,10,1,7
9688,603998,0,20,1,8
1364,467574,0,20,1,4
4090,980358,1,10,1,10
5783,559940,0,20,1,7
7821,741800,1,10,1,13
3904,173451,0,20,1,0
91,301164,0,20,1,11
7247,972218,0,20,1,15
4171,587717,0,20,1,11
2462,264472,1,10,1,14
8743,709889,1,10,1,7
396,52885,1,10,1,12
9080,977613,1,10,1,8
1949,97537,0,20,1,13
7381,439482,1,10,1,5
2852,686393,0,20,1,4
8585,727940,0,20,1,9
8625,626518,1,10,1,1
1540,308498,0,20,1,4
6038,728085,0,20,1,6
7964,479591,0,20,1,12
4313,288747,1,10,1,9
324,630126,1,10,1,4
4946,252820,0,20,1,2
7771,653209,1,10,1,11
1293,590023,1,10,1,13
6923,302450,0,20,1,11
3920,594640,1,10,1,0
673,936083,0,20,1,1
2638,983815,0,20,1,14
2572,99452,0,20,1,12
3603,489691,0,20,1,3
6402,430879,0,20,1,2
6642,804388,1,10,1,2
8355,626948,1,10,1,3
2659,605276,1,10,1,3
3649,786399,1,10,1,1
398,549196,0,20,1,14
8080,533223,1,10,1,0
6981,194655,1,10,1,5
2594,268346,0,20,1,2
7845,489140,0,20,1,5
2026,982331,1,10,1,10
6349,960302,1,10,1,13
338,697641,1,10,1,2
1954,581730,1,10,1,2
8737,110563,0,20,1,1
4914,257705,0,20,1,2
7017,938870,1,10,1,9
6467,286647,0,20,1,3
8280,796643,0,20,1,8
7221,951827,1,10,1,5
3127,216661,0,20,1,7
218,994645,1,10,1,10
740,340090,0,20,1,4
2312,515446,1,10,1,8
93,813063,1,10,1,13
2254,281447,1,10,1,14
5305,157422,1,10,1,9
6394,755965,0,20,1,10
4584,294377,1,10,1,8
4169,519558,1,10,1,9
1074,77709,1,10,1,2
821,321444,1,10,1,5
9101,967497,0,20,1,13
5681,292893,0,20,1,1
1087,631241,0,20,1,15
3763,699669,1,10,1,3
989,358925,0,20,1,13
6675,452554,1,10,1,3
4111,366795,0,20,1,15
6152,359139,0,20,1,8
6091,974567,0,20,1,11
528,357671,0,20,1,0
3663,603461,0,20,1,15
4206,573490,1,10,1,14
6767,21577,0,20,1,15
7218,65634,0,20,1,2
3606,692454,0,20,1,6
8987,697036,0,20,1,11
6006,365229,0,20,1,6
3132,595138,0,20,1,12
2623,928645,0,20,1,15
8119,786728,1,10,1,7
858,921161,0,20,1,10
9994,543604,1,10,1,10
4307,616870,0,20,1,3
7289,736249,0,20,1,9
98,369310,1,10,1,2
9635,417593,1,10,1,3
5920,843986,1,10,1,0
2716,532200,1,10,1,12
4703,405667,1,10,1,15
131,969130,1,10,1,3
4812,580504,0,20,1,12
3450,403688,0,20,1,10
1290,434007,1,10,1,10
9122,393533,0,20,1,2
6249,44709,1,10,1,9
2190,326289,1,10,1,14
9464,245339,0,20,1,8
1436,148283,0,20,1,12
336,696859,1,10,1,0
7384,101664,1,10,1,8
6778,113650,1,10,1,10
2730,871453,1,10,1,10
4231,649348,0,20,1,7
2524,582820,1,10,1,12
2777,349825,0,20,1,9
3600,146371,1,10,1,0
3807,564948,1,10,1,15
9070,341862,0,20,1,14
8040,339291,1,10,1,8
4950,141575,1,10,1,6
2669,537838,1,10,1,13
5749,728513,1,10,1,5
3358,337195,0,20,1,14
300,317467,0,20,1,12
571,107538,1,10,1,11
8385,144221,0,20,1,1
4867,842092,1,10,1,3
6784,99998,1,10,1,0
8235,118716,0,20,1,11
1352,973171,1,10,1,8
9830,607077,0,20,1,6
1170,775361,1,10,1,2
1799,463635,1,10,1,7
4759,661683,0,20,1,7
3167,957468,1,10,1,15
2541,338916,1,10,1,13
9137,499939,1,10,1,1
8917,664273,0,20,1,5
866,83871,1,10,1,2
4939,598902,1,10,1,11
6376,929727,0,20,1,8
917,281910,1,10,1,5
979,932099,1,10,1,3
5780,579809,0,20,1,4
6188,527787,0,20,1,12
8500,872182,0,20,1,4
6830,928412,1,10,1,14
9818,837523,1,10,1,10
5224,190970,0,20,1,8
588,583126,1,10,1,12
2476,403017,1,10,1,12
5044,255894,0,20,1,4
522,189996,1,10,1,10
5476,585705,0,20,1,4
3470,970253,0,20,1,14
9450,259871,1,10,1,10
2892,492498,0,20,1,12
5470,931036,1,10,1,14
7586,24785,1,10,1,2
6365,832490,0,20,1,13
5603,184023,1,10,1,3
1630,249878,0,20,1,14
6000,784600,0,20,1,0
1880,747891,1,10,1,8
3007,298256,0,20,1,15
696,110922,0,20,1,8
7529,813889,0,20,1,9
4819,797488,0,20,1,3
3328,569864,1,10,1,0
3396,315400,1,10,1,4
7040,973031,0,20,1,0
8263,31371,0,20,1,7
7598,420183,0,20,1,14
4907,212400,1,10,1,11
104,658904,0,20,1,8
978,758504,1,10,1,2
8075,685328,1,10,1,11
634,680701,1,10,1,10
8860,153918,0,20,1,12
2207,326182,0,20,1,15
3774,514077,0,20,1,14
7783,392240,1,10,1,7
342,709879,1,10,1,6
4448,813799,0,20,1,0
5529,592901,1,10,1,9
8627,369379,0,20,1,3
6528,466070,1,10,1,0
4752,587617,0,20,1,0
2732,34729,0,20,1,12
4981,366438,0,20,1,5
2680,435712,0,20,1,8
3235,154225,0,20,1,3
431,586936,1,10,1,15
7275,57632,1,10,1,11
6648,551700,0,20,1,8
3297,641417,1,10,1,1
1428,985150,1,10,1,4
7603,542469,0,20,1,3
3655,802331,0,20,1,7
5901,719060,1,10,1,13
4595,709038,1,10,1,3
1065,906951,1,10,1,9
6055,746286,0,20,1,7
2092,959446,1,10,1,12
7311,779706,1,10,1,15
5567,679139,1,10,1,15
567,545417,0,20,1,7
9672,950462,0,20,1,8
746,142944,1,10,1,10
5998,7787,1,10,1,14
5191,519104,0,20,1,7
6411,943630,0,20,1,11
7507,327848,1,10,1,3
9282,440078,0,20,1,2
4305,467716,1,10,1,1
3805,673717,1,10,1,13
7657,229017,0,20,1,9
8400,126772,0,20,1,0
3808,310783,0,20,1,0
8435,638892,0,20,1,3
8925,335960,1,10,1,13
4429,6038,0,20,1,13
3911,92791,1,10,1,7
7865,627101,1,10,1,9
2208,154558,1,10,1,0
1585,513511,0,20,1,1
5533,345488,0,20,1,13
8183,188276,1,10,1,7
7068,920680,0,20,1,12
2670,940698,1,10,1,14
1235,460308,0,20,1,3
2321,628204,1,10,1,1
4277,435736,0,20,1,5
7453,118190,0,20,1,13
5041,682466,1,10,1,1
8777,456906,0,20,1,9
4507,389878,1,10,1,11
7747,587203,0,20,1,3
5349,842923,1,10,1,5
5384,511425,0,20,1,8
3787,128752,0,20,1,11
3338,273438,1,10,1,10
2149,30652,0,20,1,5
8316,168150,0,20,1,12
8306,648433,0,20,1,2
2870,206679,1,10,1,6
6334,502061,1,10,1,14
4900,825493,1,10,1,4
445,409076,1,10,1,13
5018,333767,0,20,1,10
1823,264236,0,20,1,15
7666,696071,0,20,1,2
6218,129171,0,20,1,10
1073,820646,1,10,1,1
3392,721510,1,10,1,0
1106,948131,1,10,1,2
5574,109100,1,10,1,6
6496,177138,0,20,1,0
2969,967413,0,20,1,9
4036,572324,0,20,1,4
7123,894443,1,10,1,3
4431,84656,0,20,1,15
3495,217547,1,10,1,7
1498,303714,0,20,1,10
2558,80924,0,20,1,14
198,853879,1,10,1,6
915,344507,1,10,1,3
761,703378,0,20,1,9
2568,568834,0,20,1,8
2113,350616,1,10,1,1
5907,274579,0,20,1,3
3019,958019,0,20,1,11
7411,989665,0,20,1,3
7401,799350,0,20,1,9
8363,719103,0,20,1,11
481,769873,1,10,1,1
8428,269792,1,10,1,12
6372,421317,1,10,1,4
6233,723654,1,10,1,9
7895,272277,0,20,1,7
2071,527138,1,10,1,7
8257,312829,1,10,1,1
8093,591014,1,10,1,13
3817,181070,0,20,1,9
7403,269561,1,10,1,11
9134,197738,1,10,1,14
6866,829742,0,20,1,2
5987,400250,0,20,1,3
6045,300126,1,10,1,13
8163,463258,0,20,1,3
2715,736657,0,20,1,11
8177,210002,0,20,1,1
9082,614911,1,10,1,10
2597,674775,0,20,1,5
5853,343877,1,10,1,13
1036,522996,1,10,1,12
4898,384823,1,10,1,2
4220,711234,0,20,1,12
9768,184575,0,20,1,8
8811,280592,1,10,1,11
3830,709608,1,10,1,6
3651,260437,1,10,1,3
3847,350494,1,10,1,7
7333,554883,1,10,1,5
8796,717210,0,20,1,12
3544,83459,0,20,1,8
9323,493332,1,10,1,11
6356,879732,1,10,1,4
7753,869109,1,10,1,9
3101,401783,1,10,1,13
7644,579268,1,10,1,12
129,448428,0,20,1,1
2743,445768,1,10,1,7
1132,575736,1,10,1,12
414,544841,1,10,1,14
2699,569633,0,20,1,11
2518,340158,0,20,1,6
6138,902889,1,10,1,10
4092,623949,1,10,1,12
1356,993054,0,20,1,12
1824,203046,1,10,1,0
9460,561404,0,20,1,4
2652,48462,0,20,1,12
2567,881285,1,10,1,7
976,383958,1,10,1,0
4142,900327,1,10,1,14
7737,367358,0,20,1,9
2884,756759,0,20,1,4
6646,314130,1,10,1,6
2437,821040,0,20,1,5
4422,964022,0,20,1,6
6205,707455,1,10,1,13
1528,840749,0,20,1,8
3896,72346,1,10,1,8
7897,568392,0,20,1,9
7397,186694,1,10,1,5
8143,148426,0,20,1,15
1256,384189,0,20,1,8
151,732580,0,20,1,7
2667,499484,0,20,1,11
7185,784597,0,20,1,1
1313,236868,0,20,1,1
105,560394,0,20,1,9
2619,823054,0,20,1,11
7187,304562,0,20,1,3
6986,1904,1,10,1,10
9761,258486,0,20,1,1
5975,92561,0,20,1,7
1425,143890,1,10,1,1
4864,478211,0,20,1,0
2132,925898,1,10,1,4
8980,220700,1,10,1,4
820,236433,0,20,1,4
3961,544364,0,20,1,9
1467,428035,1,10,1,11
3815,852202,0,20,1,7
9720,684792,1,10,1,8
2582,993534,1,10,1,6
1478,791538,0,20,1,6
3849,154234,1,10,1,9
8064,349790,1,10,1,0
2307,545927,0,20,1,3
4808,109898,1,10,1,8
1537,412306,1,10,1,1
7097,89988,1,10,1,9
2914,777637,1,10,1,2
7509,811450,0,20,1,5
7331,649602,1,10,1,3
9320,652384,0,20,1,8
937,220867,0,20,1,9
1136,843577,0,20,1,0
4668,523850,1,10,1,12
802,210722,0,20,1,2
2188,34433,0,20,1,12
973,60947,1,10,1,13
1362,508193,0,20,1,2
6003,548736,1,10,1,3
2221,611450,1,10,1,13
5397,507410,0,20,1,5
9901,15767,1,10,1,13
1317,156039,0,20,1,5
5318,643879,0,20,1,6
3928,186870,0,20,1,8
3856,954530,0,20,1,0
7788,920744,0,20,1,12
6040,321592,0,20,1,8
6184,453629,0,20,1,8
3367,95197,0,20,1,7
5329,734694,0,20,1,1
8264,733133,1,10,1,8
2409,143619,0,20,1,9
7698,282567,1,10,1,2
2946,721427,0,20,1,2
5046,498200,1,10,1,6
6241,772985,1,10,1,1
4304,286367,1,10,1,0
880,197482,1,10,1,0
7933,191245,0,20,1,13
2606,985438,0,20,1,14
8745,623536,0,20,1,9
5232,207595,0,20,1,0
6620,532252,1,10,1,12
6110,543052,0,20,1,14
1872,191220,1,10,1,0
4499,923006,1,10,1,3
6500,670691,0,20,1,4
8124,444942,0,20,1,12
893,810636,1,10,1,13
8891,839057,0,20,1,11
3575,36842,1,10,1,7
7470,122139,0,20,1,14
7663,437905,0,20,1,15
6679,992938,1,10,1,7
8126,471641,1,10,1,14
5997,709126,1,10,1,13
31,315996,0,20,1,15
9847,361832,1,10,1,7
1088,668081,0,20,1,0
672,275447,1,10,1,0
6331,1171,0,20,1,11
5659,871337,0,20,1,11
8022,695796,1,10,1,6
9247,210180,0,20,1,15
8444,268714,1,10,1,12
767,281377,0,20,1,15
970,884976,0,20,1,10
7155,727076,1,10,1,3
47,716831,1,10,1,15
8582,472934,1,10,1,6
7717,606728,0,20,1,5
7461,80568,0,20,1,5
8431,206614,1,10,1,15
7177,988809,1,10,1,9
9658,404482,1,10,1,10
79,282155,0,20,1,15
9169,971071,1,10,1,1
7706,354294,0,20,1,10
4606,875543,1,10,1,14
8603,279362,0,20,1,11
7581,680080,0,20,1,13
1019,427171,0,20,1,11
3594,855719,1,10,1,10
2850,160867,0,20,1,2
3935,692799,1,10,1,15
5885,163106,0,20,1,13
4625,51096,1,10,1,1
1182,89773,1,10,1,14
4028,586499,1,10,1,12
2786,245113,1,10,1,2
4392,991612,1,10,1,8
3947,320518,1,10,1,11
1909,305145,0,20,1,5
6434,167369,1,10,1,2
759,769726,0,20,1,7
8744,904884,1,10,1,8
3374,372534,1,10,1,14
6968,486492,0,20,1,8
4337,461714,0,20,1,1
9447,586834,0,20,1,7
903,654250,1,10,1,7
8872,174089,1,10,1,8
9329,463804,0,20,1,1
1150,167697,0,20,1,14
4763,468462,0,20,1,11
8900,15078,0,20,1,4
2084,821048,1,10,1,4
1052,684539,0,20,1,12
7954,225721,0,20,1,2
5814,718889,0,20,1,6
7968,102403,1,10,1,0
2390,373285,1,10,1,6
9821,667305,0,20,1,13
4823,922060,1,10,1,7
9750,628230,1,10,1,6
7274,223294,1,10,1,10
5861,354717,0,20,1,5
5196,123304,0,20,1,12
9110,744127,1,10,1,6
2018,872691,1,10,1,2
256,400796,1,10,1,0
3230,197517,1,10,1,14
843,94049,1,10,1,11
8253,598445,0,20,1,13
2082,925312,0,20,1,2
4348,37422,1,10,1,12
1615,388428,1,10,1,15
2794,238623,1,10,1,10
5559,635374,1,10,1,7
9820,160992,0,20,1,12
7626,357541,0,20,1,10
3543,515351,0,20,1,7
7952,919650,1,10,1,0
3962,824711,0,20,1,10
2898,304959,0,20,1,2
3546,344915,1,10,1,10
7993,622299,1,10,1,9
4136,537570,0,20,1,8
5163,395490,1,10,1,11
1219,727414,0,20,1,3
1583,390052,1,10,1,15
8728,22815,1,10,1,8
3459,928144,0,20,1,3
505,713862,1,10,1,9
2821,420781,0,20,1,5
7617,693853,0,20,1,1
6186,190051,1,10,1,10
1227,409144,0,20,1,11
1486,545434,0,20,1,14
4384,162395,0,20,1,0
6301,791302,1,10,1,13
9602,56628,1,10,1,2
6755,336913,0,20,1,3
3225,451058,0,20,1,9
3307,38297,0,20,1,11
5145,176398,0,20,1,9
5405,80835,0,20,1,13
4672,190593,0,20,1,0
2214,375199,0,20,1,6
1780,394584,1,10,1,4
2004,201679,1,10,1,4
6262,242224,1,10,1,6
9756,776686,0,20,1,12
9904,726492,0,20,1,0
7602,609310,0,20,1,2
3834,459140,0,20,1,10
4079,216406,1,10,1,15
2459,104075,1,10,1,11
9579,909740,1,10,1,11
5468,644178,1,10,1,12
7873,711089,0,20,1,1
1341,63142,1,10,1,13
9377,492186,1,10,1,1
623,648659,0,20,1,15
8879,178553,0,20,1,15
6223,822569,1,10,1,15
1217,40942,0,20,1,1
5121,635119,1,10,1,1
4357,954064,0,20,1,5
4020,599704,0,20,1,4
3336,97429,1,10,1,8
618,891064,0,20,1,10
8972,314028,1,10,1,12
5828,647907,0,20,1,4
3457,872083,1,10,1,1
2668,17526,0,20,1,12
2466,417409,1,10,1,2
648,836083,1,10,1,8
1250,827020,0,20,1,2
135,772326,1,10,1,7
9956,547240,1,10,1,4
3331,13688,0,20,1,3
2505,12563,0,20,1,9
8536,660032,0,20,1,8
1338,826530,1,10,1,10
3416,89773,0,20,1,8
723,450865,1,10,1,3
2692,320308,0,20,1,4
2161,561987,1,10,1,1
6061,685492,0,20,1,13
9155,270870,1,10,1,3
5547,10218,0,20,1,11
3040,973898,0,20,1,0
5462,684735,0,20,1,6
7212,212197,0,20,1,12
6419,713638,1,10,1,3
8560,210586,1,10,1,0
230,126404,0,20,1,6
5810,795604,0,20,1,2
8336,81070,0,20,1,0
5909,89627,0,20,1,5
6727,653576,0,20,1,7
5484,293140,1,10,1,12
7570,942978,0,20,1,2
9751,730783,1,10,1,7
8415,934674,0,20,1,15
8146,252045,1,10,1,2
646,966207,1,10,1,6
3628,598563,0,20,1,12
6389,840135,1,10,1,5
8806,182556,1,10,1,6
3533,911971,1,10,1,13
2605,166079,0,20,1,13
2710,111848,0,20,1,6
1751,585945,0,20,1,7
781,464982,1,10,1,13
5491,703934,0,20,1,3
584,280339,1,10,1,8
5303,925054,1,10,1,7
9568,693662,0,20,1,0
5242,779601,1,10,1,10
9342,886855,0,20,1,14
5334,30145,1,10,1,6
5002,843398,1,10,1,10
2733,746911,0,20,1,13
8549,498710,0,20,1,5
7851,905936,1,10,1,11
7370,800247,0,20,1,10
4443,935521,1,10,1,11
960,808664,1,10,1,0
9405,6868,0,20,1,13
3509,360146,1,10,1,5
2838,315503,1,10,1,6
8653,478815,0,20,1,13
229,25588,1,10,1,5
3591,368616,1,10,1,7
6344,417909,0,20,1,8
8997,950729,1,10,1,5
8638,262820,0,20,1,14
6206,650597,1,10,1,14
6209,947610,0,20,1,1
2460,582110,0,20,1,12
839,911266,1,10,1,7
2905,881039,1,10,1,9
5186,36535,1,10,1,2
4835,851675,0,20,1,3
7621,883140,1,10,1,5
5159,621134,1,10,1,7
4790,435831,0,20,1,6
120,707789,1,10,1,8
2035,183460,1,10,1,3
998,421038,1,10,1,6
2006,160628,0,20,1,6
3158,616618,0,20,1,6
9136,86716,0,20,1,0
4869,908975,0,20,1,5
7713,655770,1,10,1,1
5033,90889,0,20,1,9
5247,490476,0,20,1,15
4430,294182,0,20,1,14
9745,659052,1,10,1,1
4521,488892,0,20,1,9
7819,688699,1,10,1,11
7677,59033,0,20,1,13
1550,516140,0,20,1,14
6476,582389,0,20,1,12
7209,438431,1,10,1,9
2545,756415,0,20,1,1
1420,519387,0,20,1,12
3382,833411,1,10,1,6
4029,815857,1,10,1,13
3402,306529,1,10,1,10
1205,11639,1,10,1,5
2927,608432,1,10,1,15
2315,117341,1,10,1,11
7649,435367,1,10,1,1
3697,585112,0,20,1,1
5065,691172,0,20,1,9
5383,203638,1,10,1,7
5566,413145,0,20,1,14
8073,510650,1,10,1,9
9882,172204,0,20,1,10
2750,312805,0,20,1,14
2154,682160,1,10,1,10
2636,863364,0,20,1,12
1867,570560,1,10,1,11
8697,584306,1,10,1,9
7669,58720,0,20,1,5
8035,6581,0,20,1,3
123,991917,1,10,1,11
5713,716924,0,20,1,1
2709,270519,0,20,1,5
5193,277135,0,20,1,9
1866,10506,1,10,1,10
6962,827579,1,10,1,2
2772,634265,1,10,1,4
3840,433181,0,20,1,0
7440,54242,0,20,1,0
1089,881545,1,10,1,1
2611,398276,1,10,1,3
310,761477,1,10,1,6
2796,558392,1,10,1,12
3237,376224,0,20,1,5
3862,55907,1,10,1,6
4689,491063,1,10,1,1
5697,95851,1,10,1,1
7986,476106,1,10,1,2
3940,768365,1,10,1,4
6445,615206,0,20,1,13
2290,902305,1,10,1,2
2598,594901,0,20,1,6
3472,11661,1,10,1,0
5338,982380,0,20,1,10
5705,873069,0,20,1,9
2593,150977,1,10,1,1
7726,511640,1,10,1,14
3796,370706,1,10,1,4
6686,14603,0,20,1,14
7877,638658,1,10,1,5
1914,16934,1,10,1,10
9157,68942,1,10,1,5
1794,712689,0,20,1,2
3376,668896,1,10,1,0
1012,608084,0,20,1,4
4636,613930,1,10,1,12
851,744379,1,10,1,3
8018,594647,0,20,1,2
5074,539861,1,10,1,2
177,5452,0,20,1,1
496,510279,1,10,1,0
3789,905119,0,20,1,13
4003,91616,1,10,1,3
3078,310833,1,10,1,6
5248,816972,0,20,1,0
1666,393244,1,10,1,2
4706,965081,1,10,1,2
2397,967081,1,10,1,13
1939,1665,1,10,1,3
5495,238032,0,20,1,7
2891,443108,1,10,1,11
433,577696,0,20,1,1
6019,645412,1,10,1,3
847,262841,0,20,1,15
6073,941949,1,10,1,9
1726,942096,1,10,1,14
8793,383014,1,10,1,9
191,199986,1,10,1,15
7073,669821,1,10,1,1
3981,156097,1,10,1,13
9400,788073,0,20,1,8
4775,441272,0,20,1,7
4432,338761,1,10,1,0
7734,816387,0,20,1,6
751,368900,1,10,1,15
5177,74474,0,20,1,9
8031,849257,0,20,1,15
5556,118221,1,10,1,4
8661,585345,0,20,1,5
6137,154491,0,20,1,9
7963,203141,0,20,1,11
4645,701107,0,20,1,5
3104,233853,1,10,1,0
2704,722650,0,20,1,0
3308,129521,0,20,1,12
8833,440161,0,20,1,1
6075,412479,1,10,1,11
1992,428690,0,20,1,8
2746,630256,0,20,1,10
9238,701279,1,10,1,6
7482,557963,1,10,1,10
9795,45836,0,20,1,3
5647,25493,0,20,1,15
8171,708534,1,10,1,11
3918,575738,0,20,1,14
1655,198828,0,20,1,7
4434,425763,0,20,1,2
4917,152807,1,10,1,5
7576,974459,0,20,1,8
7163,91347,0,20,1,11
435,580049,0,20,1,3
8566,948512,0,20,1,6
3413,7456,0,20,1,5
6182,462162,1,10,1,6
8287,819992,1,10,1,15
50,135394,1,10,1,2
3556,358764,1,10,1,4
8266,578668,0,20,1,10
9594,397977,0,20,1,10
8770,597321,1,10,1,2
1299,374905,1,10,1,3
8361,131016,1,10,1,9
1067,912368,0,20,1,11
8955,932056,1,10,1,11
1664,743346,1,10,1,0
9909,883099,0,20,1,5
1076,68329,1,10,1,4
4067,632849,1,10,1,3
1832,598352,1,10,1,8
8099,197183,1,10,1,3
7864,484882,0,20,1,8
8112,198056,0,20,1,0
8246,791811,1,10,1,6
7743,187339,0,20,1,15
6380,935050,0,20,1,12
2240,631423,0,20,1,0
1744,160020,1,10,1,0
6355,153885,1,10,1,3
3191,982511,1,10,1,7
303,208971,0,20,1,15
2049,822446,0,20,1,1
6250,274201,0,20,1,10
7878,847343,0,20,1,6
869,863073,1,10,1,5
3359,410966,1,10,1,15
1382,596722,0,20,1,6
7231,541692,1,10,1,15
9619,346572,0,20,1,3
9737,588433,0,20,1,9
6624,19798,0,20,1,0
4686,480291,1,10,1,14
2785,68632,0,20,1,1
348,859785,0,20,1,12
5274,847598,0,20,1,10
6865,426333,0,20,1,1
8410,553791,1,10,1,10
3407,537807,1,10,1,15
9317,184903,0,20,1,5
6403,106893,0,20,1,3
394,40381,0,20,1,10
2016,992746,0,20,1,0
1294,195903,0,20,1,14
9339,227027,0,20,1,11
8731,135512,0,20,1,11
2584,150825,0,20,1,8
8795,613167,0,20,1,11
6655,869554,0,20,1,15
964,824824,1,10,1,4
9779,593095,0,20,1,3
6813,753044,1,10,1,13
8087,63456,0,20,1,7
5425,830061,0,20,1,1
9562,360495,1,10,1,10
9062,199572,0,20,1,6
1387,157506,1,10,1,11
5658,156793,0,20,1,10
201,561239,1,10,1,9
9303,899363,1,10,1,7
9573,352632,1,10,1,5
5488,108946,0,20,1,0
6126,367079,0,20,1,14
9053,300920,0,20,1,13
846,639754,0,20,1,14
4247,482335,1,10,1,7
2774,126490,0,20,1,6
4634,183156,1,10,1,10
2362,249890,1,10,1,10
3481,351560,1,10,1,9
2074,39421,0,20,1,10
4541,831635,0,20,1,13
7417,470942,1,10,1,9
7390,130816,0,20,1,14
6174,68752,0,20,1,14
1157,989945,0,20,1,5
5602,763335,1,10,1,2
5655,577253,1,10,1,7
2586,981042,0,20,1,10
7565,591241,1,10,1,13
7037,893820,1,10,1,13
7234,828235,0,20,1,2
4599,511805,0,20,1,7
7725,541102,1,10,1,13
3529,828267,1,10,1,9
2216,471608,0,20,1,8
3096,489782,0,20,1,8
5165,649189,1,10,1,13
6413,863151,1,10,1,13
9179,988068,0,20,1,11
1596,505804,1,10,1,12
7530,994016,1,10,1,10
3857,80456,1,10,1,1
2477,55481,1,10,1,13
9132,610288,0,20,1,12
6049,161550,1,10,1,1
8390,475508,1,10,1,6
1837,995781,0,20,1,13
8261,171724,0,20,1,5
286,190122,1,10,1,14
9245,387517,1,10,1,13
6213,191183,0,20,1,5
4372,738461,0,20,1,4
918,410290,0,20,1,6
403,549477,0,20,1,3
9732,133013,0,20,1,4
9523,708964,1,10,1,3
465,544363,0,20,1,1
9293,409177,1,10,1,13
4912,695531,1,10,1,0
3468,705196,0,20,1,12
6698,56403,1,10,1,10
8225,755599,1,10,1,1
6062,632285,0,20,1,14
9336,664295,0,20,1,8
4782,472458,1,10,1,14
9469,894573,1,10,1,13
8394,296414,0,20,1,10
3258,442113,0,20,1,10
2738,324991,0,20,1,2
3015,6580,1,10,1,7
3660,814696,0,20,1,12
3766,601516,1,10,1,6
3536,479130,0,20,1,0
8617,295013,0,20,1,9
5835,931484,0,20,1,11
1797,44829,0,20,1,5
6525,355385,1,10,1,13
5344,621471,0,20,1,0
8299,747189,1,10,1,11
5824,867795,1,10,1,0
7798,412887,0,20,1,6
8048,749991,0,20,1,0
6828,938106,0,20,1,12
703,694609,0,20,1,15
6046,217900,1,10,1,14
4874,475379,1,10,1,10
5466,192970,1,10,1,10
8296,716675,1,10,1,8
5583,536904,1,10,1,15
5115,98813,0,20,1,11
3273,444858,0,20,1,9
7242,82266,1,10,1,10
7138,918354,0,20,1,2
3960,165058,0,20,1,8
2194,969274,1,10,1,2
1851,774670,1,10,1,11
8710,65853,0,20,1,6
5515,405341,0,20,1,11
227,279077,1,10,1,3
8342,626031,0,20,1,6
1951,694045,0,20,1,15
2787,487696,0,20,1,3
6131,126884,0,20,1,3
7784,61880,0,20,1,8
8707,709990,1,10,1,3
4435,773715,1,10,1,3
8376,803771,1,10,1,8
9022,712607,0,20,1,14
8916,757518,1,10,1,4
4882,652832,1,10,1,2
9907,96218,1,10,1,3
2215,418982,1,10,1,7
2987,60484,1,10,1,11
421,338776,1,10,1,5
5038,794236,0,20,1,14
7328,765081,1,10,1,0
9717,995978,1,10,1,5
8180,24875,1,10,1,4
5293,931620,0,20,1,13
6409,953766,1,10,1,9
6265,223005,1,10,1,9
2723,599506,1,10,1,3
9939,222890,0,20,1,3
6814,64487,1,10,1,14
3339,358797,1,10,1,11
4021,247364,0,20,1,5
654,96023,1,10,1,14
2557,911385,0,20,1,13
2408,563691,0,20,1,8
5618,62256,1,10,1,2
2635,981223,1,10,1,11
6841,396183,0,20,1,9
3445,160342,0,20,1,5
6669,81746,1,10,1,13
4851,182417,0,20,1,3
6340,73017,0,20,1,4
3446,35105,0,20,1,6
1978,413071,1,10,1,10
3093,637245,0,20,1,5
730,803438,1,10,1,10
2813,615526,1,10,1,13
4366,53204,0,20,1,14
6221,186053,0,20,1,13
4039,524825,0,20,1,7
8424,843881,0,20,1,8
2972,330861,1,10,1,12
7756,487440,0,20,1,12
1154,509441,0,20,1,2
308,816334,1,10,1,4
5959,880484,0,20,1,7
7140,72976,1,10,1,4
1203,899650,1,10,1,3
6904,27630,1,10,1,8
4976,256058,0,20,1,0
430,876757,1,10,1,14
364,758421,0,20,1,12
1059,61885,1,10,1,3
5900,869508,1,10,1,12
5614,302042,1,10,1,14
1377,272472,1,10,1,1
5304,714847,0,20,1,8
8629,25351,1,10,1,5
8575,586926,1,10,1,15
4949,308650,1,10,1,5
1365,930450,1,10,1,5
2517,34364,1,10,1,5
8356,493105,1,10,1,4
392,952824,1,10,1,8
4546,147812,1,10,1,2
5091,516077,1,10,1,3
6920,766360,0,20,1,8
4065,425575,1,10,1,1
664,691137,0,20,1,8
6107,910975,0,20,1,11
5528,417569,1,10,1,8
2882,676736,1,10,1,2
3492,395000,0,20,1,4
6810,295817,1,10,1,10
9090,585087,0,20,1,2
464,321377,0,20,1,0
9426,785774,1,10,1,2
3903,527497,1,10,1,15
5664,653906,0,20,1,0
2114,94080,0,20,1,2
3555,658565,1,10,1,3
5694,155196,1,10,1,14
7648,951702,0,20,1,0
3531,45873,1,10,1,11
9448,601970,1,10,1,8
6480,945246,1,10,1,0
8983,475782,0,20,1,7
6037,827358,1,10,1,5
8213,747463,1,10,1,5
4413,630740,0,20,1,13
682,732297,1,10,1,10
5976,614540,1,10,1,8
6087,780958,0,20,1,7
7670,669930,0,20,1,6
9920,906982,1,10,1,0
2920,784791,1,10,1,8
1258,681260,1,10,1,10
4054,814212,1,10,1,6
4730,274069,0,20,1,10
6640,851239,1,10,1,0
9252,723271,0,20,1,4
1878,257059,0,20,1,6
4732,415402,1,10,1,12
4456,441996,0,20,1,8
9693,35321,0,20,1,13
7944,713242,0,20,1,8
1791,6931,1,10,1,15
6537,391261,1,10,1,9
4605,654210,1,10,1,13
4232,211764,1,10,1,8
1838,255879,1,10,1,14
7345,894263,0,20,1,1
1621,630039,0,20,1,5
604,594560,1,10,1,12
9268,793204,1,10,1,4
155,429580,1,10,1,11
8572,731117,1,10,1,12
920,674505,1,10,1,8
1284,867326,1,10,1,4
4284,4631,1,10,1,12
3155,464147,0,20,1,3
19,20863,1,10,1,3
8384,207344,1,10,1,0
894,260090,0,20,1,14
117,212202,1,10,1,5
63,256121,1,10,1,15
8063,529500,0,20,1,15
3582,879623,0,20,1,14
4143,244003,0,20,1,15
9810,196041,1,10,1,2
8718,137472,0,20,1,14
450,925747,1,10,1,2
1146,163680,1,10,1,10
3653,100430,0,20,1,5
9130,79712,1,10,1,10
1006,139317,0,20,1,14
8601,519225,0,20,1,9
3905,629287,0,20,1,1
8297,369229,1,10,1,9
2993,328161,0,20,1,1
9432,825838,1,10,1,8
41,858274,1,10,1,9
8308,308771,0,20,1,4
7213,508319,1,10,1,13
8868,87979,0,20,1,4
2818,668753,1,10,1,2
2070,42642,0,20,1,6
1503,164869,1,10,1,15
2640,151619,0,20,1,0
5852,416154,0,20,1,12
828,717235,0,20,1,12
5439,36407,1,10,1,15
1716,301484,1,10,1,4
9453,921100,0,20,1,13
3631,338325,0,20,1,15
3715,151388,1,10,1,3
4955,883853,1,10,1,11
1121,857642,1,10,1,1
1892,372004,1,10,1,4
6944,570500,0,20,1,0
2771,550508,0,20,1,3
2957,964031,1,10,1,13
6224,423701,1,10,1,0
7810,387392,0,20,1,2
2090,587324,0,20,1,10
1351,972166,1,10,1,7
7216,834625,1,10,1,0
5108,779417,1,10,1,4
1988,813743,1,10,1,4
382,947640,1,10,1,14
9479,695617,1,10,1,7
40,216671,0,20,1,8
9259,872137,0,20,1,11
1713,355069,0,20,1,1
8275,741422,1,10,1,3
413,351061,1,10,1,13
7541,395941,1,10,1,5
9524,583968,0,20,1,4
2509,143423,0,20,1,13
4168,276264,0,20,1,8
6150,536601,1,10,1,6
8142,1654,1,10,1,14
1488,670991,1,10,1,0
3795,843228,1,10,1,3
3223,731293,0,20,1,7
4124,507982,0,20,1,12
2769,136255,0,20,1,1
1688,61997,0,20,1,8
8095,650415,0,20,1,15
7591,119104,1,10,1,7
261,900786,1,10,1,5
4243,708556,0,20,1,3
6971,282286,0,20,1,11
4608,480046,0,20,1,0
9935,573363,1,10,1,15
6665,394091,1,10,1,9
793,112525,0,20,1,9
2115,126372,0,20,1,3
9645,950783,0,20,1,13
3440,861033,1,10,1,0
1570,93104,1,10,1,2
8742,413603,0,20,1,6
950,356138,1,10,1,6
1082,86485,0,20,1,10
8973,46418,0,20,1,13
7589,745607,0,20,1,5
7568,45792,1,10,1,0
1679,794670,1,10,1,15
7620,903910,0,20,1,4
2037,73922,0,20,1,5
4061,561575,1,10,1,13
5747,567754,1,10,1,3
8563,846245,0,20,1,3
3746,832305,0,20,1,2
9916,800307,0,20,1,12
7325,120091,1,10,1,13
9413,687901,1,10,1,5
39,9363,0,20,1,7
8641,516829,0,20,1,1
8559,69587,0,20,1,15
7939,172705,1,10,1,3
1163,853546,1,10,1,11
2735,117096,0,20,1,15
6680,744001,0,20,1,8
8814,575225,1,10,1,14
7539,434363,1,10,1,3
4052,744067,0,20,1,4
6753,749738,0,20,1,1
8825,317859,1,10,1,9
5526,627028,0,20,1,6
1094,527492,0,20,1,6
3539,201787,0,20,1,3
3987,724054,0,20,1,3
6406,625843,1,10,1,6
1384,38157,1,10,1,8
4007,609655,1,10,1,7
4616,848555,0,20,1,8
3517,571928,1,10,1,13
8748,237807,1,10,1,12
771,295124,1,10,1,3
9423,398840,1,10,1,15
2463,156128,1,10,1,15
9633,214289,0,20,1,1
4837,502854,0,20,1,5
4754,716242,0,20,1,2
1731,112277,1,10,1,3
2414,946778,1,10,1,14
2609,549025,0,20,1,1
2940,429716,0,20,1,12
1839,256862,1,10,1,15
2143,55172,1,10,1,15
8455,692974,0,20,1,7
7562,657670,1,10,1,10
3236,315970,0,20,1,4
6018,410477,0,20,1,2
3821,415154,0,20,1,13
7496,830870,1,10,1,8
7508,614426,0,20,1,4
7900,932365,0,20,1,12
1894,506532,1,10,1,6
2596,657578,0,20,1,4
6177,557020,0,20,1,1
4378,594080,0,20,1,10
814,228823,0,20,1,14
3769,38992,0,20,1,9
9359,214928,1,10,1,15
8421,771381,1,10,1,5
2656,544642,1,10,1,0
1877,590493,1,10,1,5
985,391137,1,10,1,9
6590,45779,0,20,1,14
9959,791747,0,20,1,7
8527,159306,0,20,1,15
3550,804458,0,20,1,14
2779,20262,1,10,1,11
2140,313406,0,20,1,12
6289,350633,0,20,1,1
4011,665745,0,20,1,11
6514,278754,0,20,1,2
8928,61774,1,10,1,0
309,965600,0,20,1,5
9933,752533,1,10,1,13
1948,345229,0,20,1,12
7005,541969,0,20,1,13
8578,306234,1,10,1,2
9265,305238,1,10,1,1
6007,139149,1,10,1,7
9055,465856,0,20,1,15
7505,510650,0,20,1,1
1247,907568,1,10,1,15
9766,623794,1,10,1,6
1701,325417,0,20,1,5
8739,21875,1,10,1,3
603,531257,0,20,1,11
2937,648061,0,20,1,9
7854,216184,0,20,1,14
7192,338502,0,20,1,8
6385,507497,1,10,1,1
7205,388849,1,10,1,5
6534,114392,0,20,1,6
6671,673005,1,10,1,15
1424,839776,0,20,1,0
6351,926813,1,10,1,15
9973,627086,1,10,1,5
6146,197524,0,20,1,2
9961,595034,0,20,1,9
1714,230041,1,10,1,2
6762,326367,1,10,1,10
3072,440937,0,20,1,0
9276,650198,0,20,1,12
5315,580372,0,20,1,3
4436,116282,0,20,1,4
3667,795133,0,20,1,3
890,763127,0,20,1,10
8423,754749,0,20,1,7
6599,384786,1,10,1,7
9770,72250,1,10,1,10
5347,594087,0,20,1,3
3387,876922,1,10,1,11
7935,715921,1,10,1,15
1633,272090,0,20,1,1
1512,248174,0,20,1,8
9876,815441,1,10,1,4
9613,599975,0,20,1,13
8458,659223,0,20,1,10
6272,216177,1,10,1,0
9412,496002,1,10,1,4
3570,93903,0,20,1,2
5027,520110,0,20,1,3
8131,843728,0,20,1,3
6079,977861,0,20,1,15
9042,833472,0,20,1,2
2365,495531,1,10,1,13
2602,934728,0,20,1,10
518,992977,0,20,1,6
4796,601113,1,10,1,12
7814,833393,0,20,1,6
779,18716,1,10,1,11
2095,689342,1,10,1,15
9875,676071,0,20,1,3
6162,286117,0,20,1,2
8929,857548,0,20,1,1
3803,48827,1,10,1,11
7913,487261,0,20,1,9
1320,416619,0,20,1,8
5519,139821,0,20,1,15
291,624633,1,10,1,3
4652,670004,0,20,1,12
7744,106338,1,10,1,0
381,48498,1,10,1,13
1315,920028,1,10,1,3
1288,531957,0,20,1,8
5712,43401,0,20,1,0
3772,906206,0,20,1,12
4798,145336,0,20,1,14
9686,644973,0,20,1,6
5916,414338,1,10,1,12
4066,711995,1,10,1,2
7631,334868,0,20,1,15
7752,108611,0,20,1,8
1638,661318,0,20,1,6
3001,530397,0,20,1,9
3175,854789,0,20,1,7
5773,827179,1,10,1,13
9388,639541,0,20,1,12
5579,172199,1,10,1,11
4502,737479,0,20,1,6
2510,183919,0,20,1,14
3491,278321,1,10,1,3
4711,578461,0,20,1,7
3877,301474,0,20,1,5
1984,422042,0,20,1,0
9369,198356,0,20,1,9
2681,652867,1,10,1,9
4210,132231,0,20,1,2
4927,549571,1,10,1,15
4677,31219,0,20,1,5
4137,369758,0,20,1,9
5543,834114,1,10,1,7
1501,121868,1,10,1,13
9986,633210,0,20,1,2
7731,762383,1,10,1,3
4683,10680,1,10,1,11
1434,208935,0,20,1,10
6063,606539,0,20,1,15
9449,718143,0,20,1,9
9512,433405,1,10,1,8
2627,827240,0,20,1,3
9207,975346,1,10,1,7
2431,353666,1,10,1,15
5746,608653,1,10,1,2
1864,136998,1,10,1,8
6506,647237,1,10,1,10
2174,148023,1,10,1,14
70,742141,1,10,1,6
1697,415170,1,10,1,1
82,927815,0,20,1,2
9397,50759,0,20,1,5
9998,154774,0,20,1,14
4578,649773,1,10,1,2
6200,524864,1,10,1,8
3963,259117,1,10,1,11
3599,821300,0,20,1,15
7091,453943,0,20,1,3
1815,494818,1,10,1,7
5744,722415,1,10,1,0
7704,535419,0,20,1,8
8986,162373,0,20,1,10
419,312651,1,10,1,3
4267,5894,0,20,1,11
3860,948903,1,10,1,4
4778,82570,0,20,1,10
712,762295,0,20,1,8
145,753404,0,20,1,1
7229,975599,0,20,1,13
3393,134026,0,20,1,1
4057,769808,0,20,1,9
7436,64594,1,10,1,12
3689,657133,1,10,1,9
7546,513215,0,20,1,10
395,349642,1,10,1,11
6955,715759,0,20,1,11
4367,667061,0,20,1,15
7778,677949,1,10,1,2
6768,288676,0,20,1,0
777,4105,1,10,1,9
4989,192683,0,20,1,13
7532,576395,1,10,1,12
6628,207976,0,20,1,4
867,943563,0,20,1,3
6399,533523,0,20,1,15
8114,524792,1,10,1,2
580,821388,0,20,1,4
7232,325879,1,10,1,0
5429,394326,0,20,1,5
9606,607302,1,10,1,6
2759,969424,0,20,1,7
2053,818229,0,20,1,5
2266,685199,1,10,1,10
2935,842224,1,10,1,7
8061,586825,1,10,1,13
3018,165027,1,10,1,10
3996,146487,1,10,1,12
3553,788688,1,10,1,1
5048,822188,0,20,1,8
1653,79184,0,20,1,5
1210,848332,0,20,1,10
7079,756865,0,20,1,7
4339,775601,0,20,1,3
3322,356130,0,20,1,10
3028,475590,0,20,1,4
92,254431,1,10,1,12
8325,525443,1,10,1,5
5358,75085,1,10,1,14
830,575588,1,10,1,14
5973,392087,0,20,1,5
6837,42502,1,10,1,5
9733,999819,0,20,1,5
159,210816,1,10,1,15
7647,641928,0,20,1,15
749,928582,1,10,1,13
9301,590254,1,10,1,5
1353,625282,0,20,1,9
3493,875102,0,20,1,5
2576,411266,0,20,1,0
3265,888707,1,10,1,1
5523,25937,0,20,1,3
3144,247775,0,20,1,8
8086,112377,1,10,1,6
302,693189,1,10,1,14
5239,30819,0,20,1,7
5057,184823,1,10,1,1
5129,953660,0,20,1,9
4992,101851,0,20,1,0
3579,972216,0,20,1,11
7067,322302,0,20,1,11
3050,605059,1,10,1,10
6592,349396,1,10,1,0
6337,688607,0,20,1,1
9550,911893,0,20,1,14
8678,744015,0,20,1,6
4977,874262,0,20,1,1
9755,838437,0,20,1,11
6621,488404,1,10,1,13
6155,128333,1,10,1,11
7917,811183,0,20,1,13
9902,172381,1,10,1,14
3741,327706,1,10,1,13
679,366847,1,10,1,7
6362,120297,1,10,1,10
615,347337,0,20,1,7
2947,567979,0,20,1,3
6090,454191,1,10,1,10
4145,63705,1,10,1,1
6850,93839,0,20,1,2
9676,862783,1,10,1,12
5520,508214,0,20,1,0
9248,418066,0,20,1,0
7672,740503,1,10,1,8
422,589602,0,20,1,6
3878,786070,1,10,1,6
1030,870858,1,10,1,6
9085,189696,0,20,1,13
5077,553649,0,20,1,5
7888,811506,0,20,1,0
8654,55003,1,10,1,14
7560,499480,1,10,1,8
595,684158,1,10,1,3
7008,604405,0,20,1,0
339,645821,1,10,1,3
7700,375196,1,10,1,4
165,8135,1,10,1,5
3658,758539,0,20,1,10
9964,577413,1,10,1,12
8592,41082,1,10,1,0
9334,788575,1,10,1,6
5544,946998,0,20,1,8
9936,725991,0,20,1,0
1706,201951,1,10,1,10
807,609542,0,20,1,7
7934,859448,1,10,1,14
2085,298999,1,10,1,5
2314,170905,0,20,1,10
9971,155391,1,10,1,3
2348,341216,0,20,1,12
1409,437918,0,20,1,1
5094,352107,0,20,1,6
1595,657060,0,20,1,11
4861,421841,1,10,1,13
2223,779535,0,20,1,15
5252,898947,0,20,1,4
77,87118,0,20,1,13
7682,405564,0,20,1,2
2527,815032,0,20,1,15
1730,291572,1,10,1,2
4494,475252,1,10,1,14
22,597197,0,20,1,6
1242,353051,1,10,1,10
7543,565731,1,10,1,7
111,224456,0,20,1,15
3771,291780,0,20,1,11
2060,668146,1,10,1,12
9234,787130,1,10,1,2
7423,453084,0,20,1,15
8873,210945,1,10,1,9
9266,705056,1,10,1,2
420,792142,0,20,1,4
208,694337,0,20,1,0
486,16319,1,10,1,6
6220,374309,0,20,1,12
3097,240433,0,20,1,9
3607,748984,0,20,1,7
7920,877111,1,10,1,0
6885,12614,1,10,1,5
7103,719123,1,10,1,15
4714,993097,0,20,1,10
7283,963115,1,10,1,3
5187,162861,0,20,1,3
9801,568209,0,20,1,9
8052,601961,0,20,1,4
1515,863756,0,20,1,11
4217,733598,0,20,1,9
9652,691129,0,20,1,4
2555,354144,1,10,1,11
7136,150967,0,20,1,0
8309,215305,1,10,1,5
9023,487578,1,10,1,15
6363,480477,1,10,1,11
480,314287,1,10,1,0
9889,967675,0,20,1,1
2105,390199,1,10,1,9
8090,987308,0,20,1,10
1451,751565,1,10,1,11
9435,249869,1,10,1,11
6497,709321,1,10,1,1
6863,519697,1,10,1,15
5217,706337,0,20,1,1
1359,33937,0,20,1,15
1968,50571,1,10,1,0
2895,711936,0,20,1,15
721,616278,0,20,1,1
6906,813301,1,10,1,10
9603,365867,1,10,1,3
8634,645251,0,20,1,10
5645,179960,1,10,1,13
5864,815956,0,20,1,8
5573,304305,1,10,1,5
1920,836937,1,10,1,0
4466,395728,0,20,1,2
3209,147023,1,10,1,9
4496,107965,1,10,1,0
154,798068,1,10,1,10
6443,63069,1,10,1,11
6330,636299,1,10,1,10
795,522558,0,20,1,11
5742,275849,0,20,1,14
2574,419574,1,10,1,14
6720,646497,1,10,1,0
2385,494955,1,10,1,1
7038,122474,0,20,1,14
9333,811433,0,20,1,5
5534,452503,0,20,1,14
3199,633411,1,10,1,15
4509,796382,1,10,1,13
4609,298865,0,20,1,1
4120,804154,0,20,1,8
6575,333908,0,20,1,15
3810,442412,0,20,1,2
5205,192941,1,10,1,5
2921,813577,1,10,1,9
6533,392514,1,10,1,5
3854,824168,0,20,1,14
6569,361078,1,10,1,9
6084,21269,1,10,1,4
1625,722714,1,10,1,9
5785,900468,1,10,1,9
6512,151261,0,20,1,0
9653,410977,1,10,1,5
8660,549278,1,10,1,4
5060,414123,1,10,1,4
9404,734150,0,20,1,12
4962,422944,1,10,1,2
8028,994327,0,20,1,12
6058,265137,0,20,1,10
4532,220720,1,10,1,4
5848,230416,0,20,1,8
9119,306401,0,20,1,15
8591,203073,1,10,1,15
7811,94923,0,20,1,3
824,971683,1,10,1,8
8134,618479,0,20,1,6
6652,74223,1,10,1,12
3924,800006,0,20,1,4
1770,783226,1,10,1,10
1192,918703,0,20,1,8
2147,556904,0,20,1,3
8369,687318,1,10,1,1
4857,467998,1,10,1,9
5657,122446,1,10,1,9
8206,524841,0,20,1,14
2206,892628,0,20,1,14
9507,235173,1,10,1,3
743,273121,1,10,1,7
8562,624688,1,10,1,2
2329,554966,0,20,1,9
7655,635537,0,20,1,7
4158,227658,0,20,1,14
4398,112075,1,10,1,14
6021,614887,1,10,1,5
7340,662366,1,10,1,12
1572,140255,0,20,1,4
2075,500113,1,10,1,11
173,960755,0,20,1,13
744,955080,0,20,1,8
3794,618413,1,10,1,2
3864,125573,0,20,1,8
3512,938675,1,10,1,8
9655,488067,0,20,1,7
5950,365117,0,20,1,14
4985,667900,1,10,1,9
7550,644997,1,10,1,14
5415,556255,1,10,1,7
3480,120510,0,20,1,8
323,816188,1,10,1,3
5264,955534,1,10,1,0
8202,265724,0,20,1,10
5640,277221,1,10,1,8
1849,780155,0,20,1,9
9808,824030,0,20,1,0
8395,260936,0,20,1,11
6246,400355,1,10,1,6
1546,316823,1,10,1,10
2384,162313,0,20,1,0
1497,761596,1,10,1,9
4816,727062,0,20,1,0
6139,640534,0,20,1,11
6606,671984,0,20,1,14
1055,38000,1,10,1,15
8267,762659,1,10,1,11
5679,591693,0,20,1,15
3274,827021,1,10,1,10
4757,923284,1,10,1,5
9947,293189,1,10,1,11
2415,935805,0,20,1,15
8516,533587,1,10,1,4
6323,172663,0,20,1,3
8270,346080,1,10,1,14
1022,47023,1,10,1,14
926,260795,0,20,1,14
7639,800324,0,20,1,7
491,837740,0,20,1,11
6379,984944,0,20,1,11
1961,277486,1,10,1,9
2152,550337,0,20,1,8
3764,884926,1,10,1,4
4470,181300,0,20,1,6
2456,223592,0,20,1,8
4510,624905,0,20,1,14
406,961085,1,10,1,6
7300,892449,1,10,1,4
4256,179623,1,10,1,0
691,414703,1,10,1,3
1348,206078,0,20,1,4
4400,230892,1,10,1,0
6816,400803,0,20,1,0
9949,648920,0,20,1,13
1169,273468,1,10,1,1
2211,345142,1,10,1,3
3314,296773,0,20,1,2
4330,847911,0,20,1,10
4464,66896,0,20,1,0
8685,566129,0,20,1,13
2832,751271,1,10,1,0
4895,417904,0,20,1,15
6852,434031,0,20,1,4
8688,126130,1,10,1,0
8127,614,0,20,1,15
948,809503,1,10,1,4
9928,967086,1,10,1,8
695,347560,0,20,1,7
7029,747810,1,10,1,5
7395,892808,1,10,1,3
547,390735,1,10,1,3
9580,536374,1,10,1,12
9489,265121,1,10,1,1
6839,801794,1,10,1,7
3187,74067,1,10,1,3
5925,454871,1,10,1,5
7880,954364,1,10,1,8
3499,590484,0,20,1,11
5269,137573,0,20,1,5
4822,275783,0,20,1,6
2675,608505,0,20,1,3
7036,600582,0,20,1,12
2702,295111,0,20,1,14
6654,346022,0,20,1,14
2382,906873,1,10,1,14
4804,622475,1,10,1,4
1195,109883,0,20,1,11
2029,793018,0,20,1,13
6660,211664,1,10,1,4
3024,161508,0,20,1,0
7057,217341,0,20,1,1
7393,956037,1,10,1,1
9401,798905,0,20,1,9
2934,634120,0,20,1,6
8446,278160,0,20,1,14
6969,656468,1,10,1,9
4401,505314,0,20,1,1
4692,610967,1,10,1,4
6989,958959,0,20,1,13
9570,956603,0,20,1,2
2811,425620,0,20,1,11
8352,18816,1,10,1,0
3420,794420,1,10,1,12
1202,153626,1,10,1,2
7748,44854,0,20,1,4
4813,63085,0,20,1,13
3767,733831,1,10,1,7
1408,633902,0,20,1,0
2595,363462,1,10,1,3
4695,47555,1,10,1,7
9624,152027,0,20,1,8
5345,492919,0,20,1,1
1935,850245,0,20,1,15
221,764933,0,20,1,13
5716,224554,1,10,1,4
8607,628704,0,20,1,15
1003,81566,0,20,1,11
8186,604857,0,20,1,10
4547,519302,0,20,1,3
6128,240578,0,20,1,0
2829,636564,0,20,1,13
3369,979332,1,10,1,9
6300,759073,0,20,1,12
4115,721866,1,10,1,3
2136,267098,1,10,1,8
3464,783952,1,10,1,8
6916,492879,1,10,1,4
8272,725625,0,20,1,0
6494,449541,0,20,1,14
224,702076,1,10,1,0
3645,856261,1,10,1,13
2581,921542,1,10,1,5
7372,664317,1,10,1,12
1967,438694,1,10,1,15
1189,664630,1,10,1,5
4926,807883,1,10,1,14
5457,895772,1,10,1,1
6571,815879,0,20,1,11
8471,331638,0,20,1,7
6900,840370,0,20,1,4
967,81715,0,20,1,7
4966,570796,0,20,1,6
7310,824663,1,10,1,14
4886,205714,1,10,1,6
3289,444597,1,10,1,9
1160,286732,0,20,1,8
4084,436093,0,20,1,4
6619,379921,0,20,1,11
1119,862996,0,20,1,15
5434,732172,0,20,1,10
214,719599,0,20,1,6
1007,952500,1,10,1,15
7062,440144,0,20,1,6
8405,829029,1,10,1,5
1737,726110,1,10,1,9
1276,281217,0,20,1,12
9163,285797,0,20,1,11
8026,449628,0,20,1,10
5467,463502,1,10,1,11
90,70650,1,10,1,10
2156,545830,1,10,1,12
1883,227609,1,10,1,11
9623,944050,1,10,1,7
9267,84748,1,10,1,3
8759,226678,0,20,1,7
4033,913425,0,20,1,1
7497,666047,1,10,1,9
640,736615,1,10,1,0
4767,717821,1,10,1,15
1283,971025,1,10,1,3
4998,597828,1,10,1,6
7787,580166,1,10,1,11
1760,48299,0,20,1,0
4516,204389,1,10,1,4
875,600252,0,20,1,11
3436,144024,0,20,1,12
8693,283721,1,10,1,5
8135,158076,1,10,1,7
2425,268458,1,10,1,9
334,290151,0,20,1,14
3348,863263,1,10,1,4
6791,999998,1,10,1,7
8869,404015,0,20,1,5
7214,181730,1,10,1,14
1680,315473,0,20,1,0
7724,566848,0,20,1,12
600,189713,0,20,1,8
4022,150414,1,10,1,6
5499,21529,0,20,1,11
3257,403831,0,20,1,9
5727,22911,0,20,1,15
5630,582772,0,20,1,14
6999,463632,1,10,1,7
1937,914855,0,20,1,1
5628,259095,1,10,1,12
4352,85541,1,10,1,0
4170,487622,0,20,1,10
6882,791721,0,20,1,2
841,94987,1,10,1,9
9219,935378,1,10,1,3
3475,95717,0,20,1,3
3611,609348,1,10,1,11
7348,725969,1,10,1,4
2332,316957,0,20,1,12
1175,801863,0,20,1,7
8160,297345,0,20,1,0
3837,388,0,20,1,13
1432,701503,1,10,1,8
3522,835351,1,10,1,2
9204,397105,1,10,1,4
7692,519226,0,20,1,12
4186,840817,1,10,1,10
4380,200471,1,10,1,12
5971,62829,0,20,1,3
1316,935193,1,10,1,4
3876,692018,1,10,1,4
6183,11898,1,10,1,7
3477,551083,1,10,1,5
8652,414879,0,20,1,12
6650,346151,0,20,1,10
987,9764,1,10,1,11
305,850158,0,20,1,1
2357,855577,1,10,1,5
8152,778469,1,10,1,8
4700,495159,1,10,1,12
2173,184469,0,20,1,13
5656,898101,0,20,1,8
6932,350076,0,20,1,4
6290,690075,1,10,1,2
96,606000,1,10,1,0
5382,653964,0,20,1,6
5202,42375,1,10,1,2
455,966438,1,10,1,7
3451,851776,1,10,1,11
4181,467929,1,10,1,5
572,665499,0,20,1,12
4801,398678,1,10,1,1
1168,665512,1,10,1,0
9731,414621,1,10,1,3
686,573496,1,10,1,14
7982,279355,1,10,1,14
2628,127139,0,20,1,4
5538,966078,0,20,1,2
3380,434026,1,10,1,4
2232,778513,0,20,1,8
2386,934047,1,10,1,2
8695,240890,0,20,1,7
4261,507035,1,10,1,5
405,493007,1,10,1,5
9102,160749,1,10,1,14
517,610655,0,20,1,5
2058,576937,0,20,1,10
4698,607108,1,10,1,10
454,134782,0,20,1,6
9326,100085,0,20,1,14
789,118851,1,10,1,5
2228,274962,0,20,1,4
7294,102953,0,20,1,14
