id,value,flag,loop_count,retained,lookup_key
5223,845178,0,10,1,7
6471,14380,0,100,1,7
6091,572671,1,10,1,11
4761,775929,1,10,1,9
5192,600289,1,100,1,8
4676,248245,1,100,1,4
3237,934476,0,10,1,5
9523,66737,0,10,1,3
4901,860955,1,10,1,5
8007,137128,0,10,1,7
6908,465096,0,100,1,12
7339,488834,1,100,1,11
1070,714086,1,100,1,14
2574,378575,1,10,1,14
3154,316305,0,100,1,2
8227,919641,0,100,1,3
5955,674999,1,100,1,3
3569,52104,1,100,1,1
4752,320301,1,10,1,0
1797,272274,1,100,1,5
586,96237,1,100,1,10
2348,642913,1,10,1,12
1152,623707,0,100,1,0
3178,12182,0,100,1,10
4731,574900,0,100,1,11
6726,484493,0,10,1,6
9334,752553,1,100,1,6
3936,786048,0,100,1,0
4720,853523,1,100,1,0
7871,74549,1,10,1,15
7631,207162,0,100,1,15
4247,364683,1,10,1,7
4106,906347,0,100,1,10
5009,839378,1,100,1,1
872,479169,0,100,1,8
8448,785101,0,10,1,0
7259,526978,1,10,1,11
3400,405972,0,10,1,8
5247,258775,0,100,1,15
3355,157758,1,100,1,11
6674,640520,1,10,1,2
823,782003,0,100,1,7
2318,805732,1,100,1,14
8359,438105,0,100,1,7
9778,163747,1,100,1,2
8628,818089,0,100,1,4
4352,750844,0,100,1,0
8690,625571,1,10,1,2
444,870103,1,100,1,12
7550,570630,1,100,1,14
1581,121715,0,100,1,13
5421,898582,1,100,1,13
2964,508130,1,100,1,4
6327,63727,0,10,1,7
1274,160693,1,100,1,10
1514,670036,0,10,1,10
2748,168092,1,10,1,12
531,967738,0,100,1,3
8513,508471,1,100,1,1
4475,34055,0,10,1,11
8514,936324,0,10,1,2
2511,783783,1,100,1,15
3899,281446,0,10,1,11
88,905749,0,10,1,8
827,514426,0,10,1,11
1820,576163,1,10,1,12
7188,406771,1,10,1,4
3141,617497,0,10,1,5
7417,537354,1,10,1,9
9813,392218,1,10,1,5
9421,594282,0,10,1,13
9108,603434,0,10,1,4
2219,909544,0,100,1,11
6474,388837,1,10,1,10
8438,465987,0,100,1,6
7142,427702,0,100,1,6
2972,833272,0,10,1,12
9437,856447,1,10,1,13
9359,36493,0,10,1,15
4193,219821,0,10,1,1
4308,412929,1,100,1,4
5519,730848,0,100,1,15
7313,667706,0,100,1,1
7851,629896,0,10,1,11
4370,401453,0,100,1,2
3537,942330,0,100,1,1
6247,512668,1,100,1,7
619,431903,0,100,1,11
5091,247881,0,10,1,3
4417,164482,1,10,1,1
2393,745239,0,100,1,9
7389,135391,0,10,1,13
7532,817180,0,100,1,12
7468,293584,0,10,1,12
651,10910,0,10,1,11
8560,278317,1,10,1,0
9845,798827,0,100,1,5
5033,278268,1,10,1,9
9682,969315,1,100,1,2
4290,611444,1,10,1,2
6011,511688,1,100,1,11
765,512596,0,10,1,13
40,663742,1,100,1,8
8699,320480,1,100,1,11
5339,403310,1,10,1,11
5625,928167,0,100,1,9
8284,967054,1,100,1,12
3838,284265,0,10,1,14
69,396270,1,10,1,5
6529,995701,1,10,1,1
8104,371122,0,100,1,8
9635,876892,1,100,1,3
2839,885534,0,100,1,7
4778,830169,1,10,1,10
4733,513266,1,100,1,13
7601,239660,1,100,1,1
7158,420983,1,100,1,6
189,826514,0,10,1,13
8398,661683,1,10,1,14
5229,685474,1,100,1,13
9263,330337,0,10,1,15
796,525659,1,10,1,12
3434,913921,0,10,1,10
4148,469042,1,10,1,4
9690,220650,1,100,1,10
3313,969066,1,10,1,1
182,572081,1,10,1,6
2457,952159,0,10,1,9
3414,405518,0,10,1,6
710,46801,0,10,1,6
5553,108549,0,100,1,1
3696,302090,0,100,1,0
871,614078,0,10,1,7
9207,882662,1,10,1,7
4004,842705,0,10,1,4
628,633764,1,10,1,4
7046,968060,1,100,1,6
8537,223314,0,10,1,9
7230,975975,1,100,1,14
7251,167483,0,10,1,3
2376,17421,0,100,1,8
288,316273,1,10,1,0
8492,879594,0,100,1,12
3697,358904,0,10,1,1
2077,122416,1,100,1,13
1697,106330,0,100,1,1
7624,497793,1,100,1,8
8219,758314,1,100,1,11
5092,836612,1,10,1,4
6419,839745,0,10,1,3
1071,607471,1,10,1,15
8152,998081,1,100,1,8
3378,367535,1,100,1,2
9871,456610,0,10,1,15
2064,223872,0,100,1,0
2459,824838,0,100,1,11
9223,136729,1,10,1,7
8270,349271,1,100,1,14
5075,382885,0,100,1,3
3166,464643,0,100,1,14
9496,856787,0,10,1,8
7946,650876,1,10,1,10
2453,196416,0,10,1,5
4361,623690,1,10,1,9
2172,902299,0,100,1,12
1033,468486,1,100,1,9
1327,809676,0,100,1,15
9634,119855,1,100,1,2
1170,136696,0,10,1,2
6671,508573,0,10,1,15
2148,522149,0,100,1,4
1164,123147,1,100,1,12
8970,363110,0,10,1,10
472,758859,1,100,1,8
3748,852692,1,10,1,4
3590,852193,0,100,1,6
1633,325603,1,10,1,1
9416,30319,1,100,1,8
2009,376297,0,10,1,9
6695,59904,1,10,1,7
5725,499738,1,100,1,13
2383,906037,0,10,1,15
8612,159520,0,10,1,4
6308,45429,0,10,1,4
2573,644916,0,100,1,13
3550,448729,1,100,1,14
9270,628865,0,100,1,6
6815,41751,1,10,1,15
7199,24365,0,100,1,15
6168,161953,1,100,1,8
3487,448990,0,100,1,15
5638,432304,1,100,1,6
4405,128731,1,100,1,5
4459,561181,0,10,1,11
7711,7185,0,10,1,15
1140,411127,1,10,1,4
1911,69721,0,10,1,7
4594,859354,1,10,1,2
7356,785580,0,10,1,12
742,193349,1,100,1,6
6841,576020,0,10,1,9
2140,851849,1,100,1,12
6234,919179,0,10,1,10
8969,92638,1,100,1,9
7462,650911,1,10,1,6
5486,311240,0,10,1,14
9633,729281,1,10,1,1
5727,234226,0,10,1,15
400,557034,1,10,1,0
774,230273,1,100,1,6
6182,517450,0,100,1,6
3892,404555,1,10,1,4
7701,852199,1,10,1,5
2713,130450,0,10,1,9
7231,499307,0,100,1,15
2149,25272,0,100,1,5
1526,147467,1,100,1,6
7114,965644,0,10,1,10
4711,969468,1,100,1,7
9267,194719,1,100,1,3
2415,670140,1,100,1,15
2568,337837,0,100,1,8
9506,392841,1,100,1,2
9500,403519,1,100,1,12
766,173690,1,10,1,14
264,742101,1,10,1,8
3493,647367,0,10,1,5
6753,46474,1,100,1,1
8210,396620,1,100,1,2
678,807555,1,10,1,6
5472,229687,1,100,1,0
9800,671485,0,100,1,8
672,634605,1,100,1,0
2311,226295,1,10,1,7
8530,606015,1,100,1,2
4996,796408,0,100,1,4
7255,228016,1,100,1,7
5834,154450,1,100,1,10
4597,445139,1,10,1,5
2543,217224,1,10,1,15
7258,719424,0,100,1,10
5968,544252,0,100,1,0
5976,20134,0,10,1,8
6071,845630,0,100,1,7
254,340877,0,100,1,14
7570,36858,1,10,1,2
9035,386515,1,10,1,11
9080,540928,1,100,1,8
5703,883357,0,100,1,7
747,669508,0,100,1,11
2347,536201,1,10,1,11
2249,230323,0,10,1,9
7475,352550,0,10,1,3
1312,251835,0,100,1,0
2193,778508,1,10,1,1
9340,723757,0,10,1,12
9411,224342,1,100,1,3
2592,363495,0,100,1,0
5699,53015,0,100,1,3
6342,713898,0,100,1,6
3763,556616,0,100,1,3
1321,587482,0,10,1,9
8142,300328,1,100,1,14
3325,769316,0,10,1,13
6835,342992,1,100,1,3
6118,473079,0,100,1,6
2584,871859,1,10,1,8
337,520290,1,100,1,1
1051,38454,0,100,1,11
6020,683626,1,10,1,4
842,116198,1,10,1,10
3647,873644,0,10,1,15
4627,164615,1,10,1,3
520,221692,1,100,1,8
2526,650519,0,100,1,14
6269,421867,1,100,1,13
2295,367356,0,10,1,7
5498,622956,0,100,1,10
7642,110932,0,100,1,10
9074,126283,1,10,1,2
2933,568982,0,10,1,5
8855,117319,0,10,1,7
4435,835718,1,100,1,3
3015,411106,1,10,1,7
8614,352145,0,10,1,6
9067,506983,1,10,1,11
6448,838484,1,100,1,0
611,169686,1,100,1,3
7286,950570,1,10,1,6
1842,253654,1,10,1,2
3937,402876,0,10,1,1
890,807057,0,100,1,10
6586,110359,0,100,1,10
1970,544806,1,100,1,2
7126,288751,0,100,1,6
5842,880763,1,100,1,2
3778,699178,1,10,1,2
3738,284588,1,100,1,10
9703,232812,1,10,1,7
9817,10979,0,100,1,9
5328,242793,0,10,1,0
6734,967400,0,100,1,14
6240,800589,1,10,1,0
46,248035,0,100,1,14
2995,894828,1,100,1,3
8407,852892,1,100,1,7
7652,148985,0,100,1,4
500,565076,1,10,1,4
1710,816367,1,10,1,14
1894,568385,1,100,1,6
7357,806602,0,10,1,13
533,876001,1,10,1,5
4962,326428,1,100,1,2
7716,691765,1,100,1,4
8311,64831,0,100,1,7
7610,194907,1,10,1,10
6418,279227,1,10,1,2
7472,468830,1,100,1,0
3465,480352,0,10,1,9
6631,93560,0,100,1,7
473,552114,0,100,1,9
7361,90246,0,100,1,1
341,202337,1,10,1,5
9809,401833,0,10,1,1
7806,777648,1,10,1,14
1987,906402,1,10,1,3
4349,208657,0,10,1,13
9017,760573,0,100,1,9
2500,633003,1,100,1,4
4161,135821,1,100,1,1
414,978447,1,100,1,14
5220,479297,0,100,1,4
3157,665470,0,100,1,5
2000,630678,1,100,1,0
7242,950128,1,100,1,10
9245,382383,1,10,1,13
8467,923241,1,100,1,3
5296,340603,0,10,1,0
4687,376954,1,10,1,15
5996,298046,0,10,1,12
2194,975791,0,100,1,2
5644,992819,0,100,1,12
7428,308557,0,10,1,4
4440,348036,0,100,1,8
5949,801701,1,100,1,13
7314,193061,0,100,1,2
7272,914224,1,10,1,8
8616,315379,0,100,1,8
5750,348687,0,100,1,6
5641,192087,0,10,1,9
906,574638,0,10,1,10
4073,197375,0,10,1,9
8275,289640,0,10,1,3
1207,976497,0,10,1,7
3961,250437,0,100,1,9
6154,975556,1,100,1,10
9361,980123,1,100,1,1
6568,802159,0,100,1,8
2434,844789,0,10,1,2
1440,97497,0,100,1,0
6845,916225,0,10,1,13
8916,345311,1,100,1,4
8943,522264,1,10,1,15
6582,625386,0,100,1,6
8558,613068,0,10,1,14
2984,823472,1,10,1,8
7495,836697,0,10,1,7
1163,892855,0,100,1,11
5084,759983,0,100,1,12
8617,107817,1,100,1,9
5845,980751,0,100,1,5
7206,188921,1,100,1,6
6374,306429,0,100,1,6
7747,600704,1,100,1,3
9961,968211,0,100,1,9
3213,969103,1,10,1,13
3950,151910,0,100,1,14
2342,666921,1,10,1,6
4505,820499,1,100,1,9
366,789917,1,100,1,14
44,517665,0,100,1,12
3556,955381,1,10,1,4
5997,264784,1,100,1,13
1511,635125,1,100,1,7
4023,489408,1,100,1,7
739,470748,0,10,1,3
744,956802,0,10,1,8
8805,467136,0,10,1,5
6363,92099,1,100,1,11
354,472362,0,10,1,2
9313,907850,1,100,1,1
8351,760010,0,10,1,15
1074,451238,0,100,1,2
2168,292295,1,100,1,8
7865,409845,0,100,1,9
37,279690,0,100,1,5
7775,212864,1,10,1,15
8163,635798,1,100,1,3
365,197369,1,100,1,13
1672,958976,0,10,1,8
6742,123786,1,100,1,6
1086,302805,0,100,1,14
3666,463181,0,10,1,2
5363,800221,1,10,1,3
2797,977662,0,100,1,13
8955,968489,0,100,1,11
6132,492871,0,10,1,4
2330,145455,1,10,1,10
8247,667409,1,10,1,7
5882,163042,1,10,1,10
345,168306,0,10,1,9
1863,644629,0,10,1,7
4512,513874,1,100,1,0
1294,421809,0,10,1,14
956,79650,1,100,1,12
8873,830841,1,10,1,9
2890,425524,0,10,1,10
8043,477556,0,100,1,11
6583,851072,0,100,1,7
1982,938436,1,100,1,14
6035,45837,0,100,1,3
2196,537885,0,10,1,4
8740,468453,0,100,1,4
5427,373919,1,100,1,3
5429,37712,0,10,1,5
6823,628352,0,10,1,7
2075,587603,1,10,1,11
9911,825559,0,10,1,7
3123,449225,1,10,1,3
1245,644630,1,10,1,13
379,317803,1,10,1,11
6331,795734,1,10,1,11
7637,601845,0,100,1,5
5681,583796,0,10,1,1
4186,74427,1,100,1,10
4651,914431,1,100,1,11
4160,445085,1,10,1,0
7445,210551,1,100,1,5
5195,681216,0,100,1,11
9277,78937,1,10,1,13
9478,873630,0,100,1,6
6884,765860,1,10,1,4
6993,408297,1,100,1,1
5966,425051,0,10,1,14
2977,354625,0,10,1,1
7841,407973,0,100,1,1
8031,36167,1,10,1,15
8991,670099,0,100,1,15
8602,208143,0,10,1,10
2498,514791,0,100,1,2
3641,704425,1,10,1,9
4351,848848,1,100,1,15
1411,127421,1,100,1,3
2710,627379,1,100,1,6
7504,127194,0,100,1,0
5335,487722,0,100,1,7
5746,978336,1,100,1,2
4460,903783,1,10,1,12
5430,953735,0,100,1,6
4860,774642,0,10,1,12
6169,61848,0,100,1,9
7978,548436,0,100,1,10
4436,481917,1,100,1,4
5836,731368,0,10,1,12
377,884083,0,100,1,9
2900,900124,1,100,1,4
6389,633830,0,10,1,5
4598,875897,1,100,1,6
1115,85429,0,100,1,11
4964,900259,1,10,1,4
9833,88806,1,100,1,9
659,501015,0,100,1,3
6711,115245,1,10,1,7
3861,576639,0,100,1,5
4800,553342,0,10,1,0
8807,99968,1,100,1,7
2741,475600,1,10,1,5
1790,653805,1,100,1,14
5660,600254,0,100,1,12
4244,579982,0,100,1,4
452,120870,1,10,1,4
2546,394257,0,100,1,2
1006,799940,1,100,1,14
2888,379479,0,100,1,8
5620,262746,0,100,1,4
3779,35117,0,10,1,3
6392,195203,1,10,1,8
5170,947360,1,10,1,2
615,720685,0,100,1,7
7722,202911,0,100,1,10
9473,275447,1,100,1,1
6339,290060,0,100,1,3
1562,191344,1,100,1,10
487,991902,0,100,1,7
3097,717593,0,10,1,9
9122,166695,0,100,1,2
6606,34001,1,10,1,14
5868,609832,1,10,1,12
4434,249927,0,10,1,2
386,100444,1,100,1,2
9083,57122,1,100,1,11
8984,916985,0,100,1,8
6705,151640,0,10,1,1
745,114874,0,100,1,9
4899,786480,1,10,1,3
650,167898,1,100,1,10
4047,335231,0,100,1,15
6739,898345,0,10,1,3
8748,67518,1,100,1,12
1702,453806,0,100,1,6
7852,799333,1,10,1,12
8876,11113,0,100,1,12
2128,25972,0,100,1,0
9088,254186,1,10,1,0
978,781100,1,10,1,2
4773,487570,0,100,1,5
1621,371030,1,10,1,5
4960,567726,1,100,1,0
8528,131596,0,100,1,0
4382,619362,0,100,1,14
7488,753395,0,10,1,0
2408,681937,1,10,1,8
7721,102214,1,100,1,9
4470,874868,1,100,1,6
4354,652545,1,10,1,2
8010,738855,0,10,1,10
3315,633941,0,10,1,3
4713,826817,1,100,1,9
9046,430715,1,100,1,6
9092,303526,0,10,1,4
4346,383948,1,100,1,10
1566,164578,0,10,1,14
5096,768393,0,10,1,8
2346,381604,0,10,1,10
4109,84522,1,100,1,13
4928,333135,1,10,1,0
4050,286905,0,100,1,2
2358,851830,0,100,1,6
4553,812482,0,100,1,9
5596,876825,0,100,1,12
9984,999544,1,10,1,0
8319,200414,0,100,1,15
2288,839675,0,100,1,0
5289,514070,1,10,1,9
2655,811421,0,100,1,15
5237,37587,0,10,1,5
6862,752139,0,10,1,14
285,597602,0,10,1,13
86,897091,0,10,1,6
6181,178011,0,100,1,5
995,828664,0,100,1,3
9346,14916,0,10,1,2
7639,804944,1,100,1,7
4981,893495,0,10,1,5
4911,525142,0,100,1,15
3533,953527,0,100,1,13
2611,127273,0,100,1,3
5926,935633,0,100,1,6
8918,919309,0,10,1,6
4724,143820,0,100,1,4
8466,256402,0,100,1,2
902,571154,0,100,1,6
8504,649707,1,100,1,8
6587,802545,0,100,1,11
123,876911,1,10,1,11
7443,306087,0,10,1,3
9624,61014,0,100,1,8
2240,773996,1,10,1,0
6612,529159,0,100,1,4
7783,608709,0,100,1,7
6466,985500,0,10,1,2
221,117028,0,10,1,13
9307,424032,0,100,1,11
3070,962256,1,100,1,14
53,584425,1,100,1,5
5742,30959,1,100,1,14
3630,236796,1,100,1,14
4082,468229,1,10,1,2
7185,30577,0,10,1,1
7404,356144,0,100,1,12
7903,409015,1,10,1,15
8021,261490,1,10,1,5
937,819762,0,100,1,9
5530,273794,1,10,1,10
2789,715888,1,10,1,5
5487,50294,0,10,1,15
1999,391919,0,100,1,15
2827,946922,0,100,1,11
7832,603437,0,100,1,8
6871,67244,1,100,1,7
3612,352431,0,100,1,12
5871,507834,1,100,1,15
4465,392523,1,100,1,1
5144,745272,1,10,1,8
3466,911344,0,100,1,10
5850,632256,0,10,1,10
2225,886330,1,10,1,1
1117,306266,0,10,1,13
2301,866100,1,100,1,13
4539,502747,1,100,1,11
1569,89456,0,100,1,1
1470,384723,0,10,1,14
3632,209423,1,100,1,0
532,982948,1,100,1,4
8366,877830,1,100,1,14
7139,572113,0,100,1,3
2571,140109,0,100,1,11
7164,592257,0,100,1,12
4250,320893,1,100,1,10
83,452443,1,100,1,3
3911,927009,0,100,1,7
8787,219490,1,10,1,3
557,762137,1,100,1,13
8462,191530,1,100,1,14
8621,289359,0,10,1,13
8125,829946,0,10,1,13
111,309704,1,100,1,15
9156,304013,1,100,1,4
2319,463975,1,10,1,15
9717,259308,0,100,1,5
721,175308,1,100,1,1
1068,793615,1,100,1,12
5146,765416,0,10,1,10
9744,993207,0,100,1,0
4688,766668,0,100,1,0
685,88249,0,100,1,13
1241,423784,1,100,1,9
2317,638129,0,10,1,13
168,762806,0,10,1,8
6776,64580,1,100,1,8
1943,374474,1,10,1,7
4832,920453,1,10,1,0
4132,402487,1,10,1,4
2582,785079,0,10,1,6
8246,321313,1,10,1,6
3244,616839,1,100,1,12
9315,233142,0,100,1,3
543,733396,1,100,1,15
289,584644,1,100,1,1
3587,462240,1,10,1,3
3039,145259,1,10,1,15
1316,409548,0,10,1,4
6619,591962,1,100,1,11
2746,662985,0,10,1,10
9936,831245,0,100,1,0
8515,257976,1,10,1,3
8445,700679,1,100,1,13
1568,972755,0,10,1,0
8428,105001,1,10,1,12
2589,657210,1,100,1,13
7406,94191,1,100,1,14
2744,442507,1,10,1,8
5233,680317,0,100,1,1
7673,110545,1,100,1,9
8078,166511,1,100,1,14
7150,403376,0,10,1,14
1688,241281,1,100,1,8
7599,620803,1,100,1,15
8527,638289,1,100,1,15
2512,241177,1,100,1,0
9463,640951,1,100,1,7
4227,869199,0,10,1,3
632,832478,0,10,1,8
6531,916820,0,100,1,3
9365,29016,0,10,1,5
554,488010,1,10,1,10
8218,743411,0,10,1,10
1663,328875,1,100,1,15
3333,207224,0,10,1,5
7616,166523,1,100,1,0
4443,391592,1,100,1,11
5094,186743,0,10,1,6
6249,721415,0,10,1,9
228,593317,0,100,1,4
3143,98010,1,100,1,7
1561,610931,1,10,1,9
868,407537,1,10,1,4
1532,333486,0,10,1,12
7576,645061,0,100,1,8
7650,823700,1,10,1,2
6467,778459,0,100,1,3
5749,110256,0,10,1,5
8999,405176,0,10,1,7
9476,925161,0,100,1,4
6498,713612,0,100,1,2
3527,997882,0,100,1,7
6500,337732,1,100,1,4
1539,298580,0,10,1,3
8834,251739,1,100,1,2
4328,247045,0,10,1,8
5511,98825,1,10,1,7
4952,93345,0,100,1,8
350,704051,1,10,1,14
5603,626894,0,10,1,3
1939,43524,0,100,1,3
2141,43271,1,100,1,13
8945,322757,1,10,1,1
1691,283824,0,100,1,11
6992,59522,0,100,1,0
4829,135203,0,10,1,13
2727,141009,0,100,1,7
3103,288790,0,10,1,15
4883,429649,1,10,1,3
9273,150830,0,100,1,9
4664,395947,0,10,1,8
5071,769084,1,100,1,15
6482,710744,1,10,1,2
262,398960,1,10,1,6
7275,202463,1,10,1,11
3670,377589,0,100,1,6
5900,698730,1,10,1,12
8691,948676,0,100,1,3
3165,136807,1,10,1,13
4934,122596,1,10,1,6
2368,272413,1,10,1,0
5489,704761,1,10,1,1
1957,323503,1,100,1,5
9150,378010,1,100,1,14
6052,174343,1,100,1,4
7666,338649,0,100,1,2
9146,470133,1,100,1,10
3910,542548,1,100,1,6
2752,953554,0,10,1,0
4263,451768,1,100,1,7
6537,318628,1,100,1,9
395,20543,0,10,1,11
2949,649310,0,100,1,5
9032,512521,0,100,1,8
5049,97294,0,100,1,9
9898,6891,0,100,1,10
7516,875020,1,100,1,12
2581,74690,0,10,1,5
1657,859031,0,10,1,9
7756,111833,1,100,1,12
3665,59137,1,100,1,1
7797,781728,1,10,1,5
8320,332232,1,100,1,0
1287,807710,0,10,1,7
278,316520,0,10,1,6
8640,901223,0,10,1,0
1210,111892,0,100,1,10
2738,611229,0,10,1,2
436,626950,0,10,1,4
1921,230235,0,100,1,1
7121,580561,0,100,1,1
1972,64125,1,100,1,4
2261,732502,1,100,1,5
6848,916530,0,100,1,0
3305,211820,0,10,1,9
1703,666897,1,100,1,7
9269,562067,1,100,1,5
8668,26013,1,10,1,12
5965,878060,0,10,1,13
4037,166219,1,10,1,5
2253,809817,1,10,1,13
1547,55278,1,10,1,11
7240,239857,0,10,1,8
3372,436361,0,100,1,12
1938,891159,1,100,1,2
9662,473806,0,100,1,14
8852,237365,0,10,1,4
2907,907259,0,100,1,11
4372,18652,1,100,1,4
5499,916475,0,100,1,11
9077,736123,1,100,1,5
49,925752,0,100,1,1
1579,433425,1,100,1,11
3711,689435,0,10,1,15
477,240245,1,100,1,13
4466,345235,1,100,1,2
5700,562082,1,10,1,4
3131,707468,1,100,1,11
5560,195577,1,100,1,8
1352,825867,0,100,1,8
538,569203,1,100,1,10
5969,808082,0,100,1,1
9783,876843,1,10,1,7
1735,651496,0,10,1,7
3759,954804,0,10,1,15
4257,205768,1,100,1,1
6799,955561,1,10,1,15
2421,458952,1,100,1,5
1653,985057,1,10,1,5
2892,878535,0,100,1,12
1831,196250,1,10,1,7
6662,419456,1,10,1,6
5652,615182,0,100,1,4
7299,249933,0,10,1,3
5012,743859,0,10,1,4
2701,943871,0,100,1,13
7278,465776,1,10,1,14
9978,309779,0,10,1,10
3721,479477,0,100,1,9
2065,669662,1,100,1,1
8401,325338,0,10,1,1
6899,309568,0,100,1,3
8702,639587,0,100,1,14
3446,629513,1,100,1,6
4105,637945,0,100,1,9
5024,381728,0,100,1,0
7154,475614,1,10,1,2
8483,28209,1,10,1,3
3581,438960,1,10,1,13
5342,262402,1,10,1,14
6652,582078,1,10,1,12
8701,389665,1,100,1,13
7176,152110,1,10,1,8
4175,414805,0,10,1,15
847,499794,0,100,1,15
219,778974,1,100,1,11
6816,407275,0,100,1,0
2623,176801,1,10,1,15
3234,520340,0,100,1,2
1370,173840,0,10,1,10
7780,736299,1,100,1,4
1659,221134,1,100,1,11
7919,828706,1,10,1,15
7850,283761,0,100,1,10
4305,7499,0,100,1,1
6581,397118,0,10,1,5
3171,290412,0,100,1,3
2178,133674,1,100,1,2
1404,371278,0,100,1,12
5710,386817,0,100,1,14
7682,888132,0,10,1,2
3419,128063,0,10,1,11
8113,904762,0,100,1,1
5979,630372,1,100,1,11
8800,593526,1,10,1,0
2519,900421,0,100,1,7
2989,363765,1,10,1,13
7857,106727,0,100,1,1
6725,44175,0,100,1,5
62,876210,1,10,1,14
3288,893852,0,10,1,8
6727,92804,0,10,1,7
7080,481194,0,100,1,8
9012,627651,0,10,1,4
888,464352,1,10,1,8
8957,770082,0,10,1,13
4104,420837,1,10,1,8
1762,850507,0,10,1,2
575,14518,0,10,1,15
7645,123025,0,10,1,13
7754,845231,0,10,1,10
9266,952469,1,100,1,2
7449,399997,1,10,1,9
5866,210826,0,10,1,10
7827,183151,0,100,1,3
5466,820523,0,100,1,10
7247,13038,1,100,1,15
7365,710563,0,100,1,5
7328,812517,0,10,1,0
6279,850811,0,10,1,7
1646,233485,0,100,1,14
2948,968190,1,100,1,4
786,141652,0,100,1,2
6417,480892,0,100,1,1
8577,255008,0,10,1,1
6883,296946,0,10,1,3
8968,860217,0,100,1,8
9408,219053,0,10,1,0
5929,560250,0,10,1,9
4173,200218,1,10,1,13
9699,258711,1,100,1,3
1854,472482,1,100,1,14
4744,749230,0,10,1,8
7092,223786,1,100,1,4
1897,633261,0,10,1,9
2829,899466,1,10,1,13
4850,740914,0,10,1,2
1538,574820,0,100,1,2
1043,960862,0,10,1,3
898,756533,0,10,1,2
9728,135268,1,100,1,0
2609,814857,0,100,1,1
4801,108693,0,100,1,1
4700,183256,0,100,1,12
1342,10752,0,10,1,14
5345,748605,1,10,1,1
1947,929652,0,10,1,11
7169,121218,0,100,1,1
8942,480124,0,10,1,14
1662,224265,0,100,1,14
270,647490,0,100,1,14
7484,495330,0,100,1,12
165,662136,1,10,1,5
894,773026,1,100,1,14
8223,731585,1,100,1,15
3480,897843,1,100,1,8
9763,764901,0,100,1,3
8802,949833,0,10,1,2
4980,368625,0,100,1,4
9689,734516,0,10,1,9
3061,842656,0,10,1,5
1510,963689,1,10,1,6
9427,507095,0,10,1,3
8544,774173,1,10,1,0
7781,416264,1,10,1,5
2943,369669,1,10,1,15
993,72001,1,10,1,1
8297,409930,1,10,1,9
3605,304996,0,10,1,5
177,166822,0,10,1,1
7364,840159,0,10,1,4
8373,485483,0,100,1,5
3435,115658,1,100,1,11
2086,971434,1,100,1,6
5820,619150,0,100,1,12
8543,863072,0,10,1,15
245,783450,1,10,1,5
5397,451167,0,10,1,5
6068,834050,1,100,1,4
1971,497380,1,10,1,3
7684,490646,1,10,1,4
6306,610307,0,100,1,2
2159,734986,0,10,1,15
9864,427281,1,100,1,8
384,671472,1,10,1,0
2209,5837,1,10,1,1
5109,843713,0,10,1,5
5436,227906,0,100,1,12
3662,894250,0,10,1,14
9509,783440,1,100,1,5
3531,976973,0,10,1,11
8506,669353,1,100,1,10
4494,847623,1,10,1,14
3308,430651,0,100,1,12
790,89345,0,10,1,6
8772,133468,0,10,1,4
7718,390878,0,100,1,6
787,192011,1,10,1,3
23,354494,1,100,1,7
5291,139446,0,100,1,11
356,32207,1,100,1,4
8307,343145,0,100,1,3
3835,256782,0,100,1,11
4769,417012,1,100,1,1
9394,965935,0,100,1,2
9719,995749,1,10,1,7
1091,659306,1,100,1,3
4401,810169,1,10,1,1
4564,664217,0,100,1,4
1802,891491,1,10,1,10
9566,805988,1,10,1,14
7412,765522,1,10,1,4
8238,278807,1,100,1,14
6479,634786,0,10,1,15
5532,706020,1,100,1,12
9291,650652,1,100,1,11
6690,460669,0,100,1,2
4926,556315,1,100,1,14
2325,876760,1,100,1,5
6062,406019,0,100,1,14
6204,352660,1,10,1,12
4200,836367,0,10,1,8
8954,815611,0,10,1,10
7954,151325,1,10,1,2
6790,447547,1,10,1,6
2816,528190,1,100,1,0
949,413555,0,10,1,5
9301,169352,0,100,1,5
8412,58812,0,10,1,12
7593,6896,0,10,1,9
9741,840290,0,10,1,13
4038,999049,0,10,1,6
2331,353100,0,10,1,11
3746,361494,1,100,1,2
4691,696039,1,10,1,3
9617,846430,0,100,1,1
9986,509478,1,10,1,2
6159,972943,0,10,1,15
7074,908001,0,10,1,2
9480,681455,0,100,1,8
7122,699457,0,10,1,2
588,841028,0,100,1,12
8189,1347,0,10,1,13
5919,252412,1,10,1,15
6565,499112,0,100,1,5
8384,446833,0,100,1,0
3758,109506,0,10,1,14
4748,553622,1,100,1,12
5135,149526,1,10,1,15
3276,444413,0,100,1,12
2610,420472,1,100,1,2
635,742560,0,100,1,11
9631,844129,0,10,1,15
7761,463264,0,10,1,1
1729,576788,0,100,1,1
5851,388776,1,100,1,11
7029,852675,1,100,1,5
5331,759607,0,100,1,3
5860,872916,0,10,1,4
6396,462129,0,10,1,12
7926,943744,1,10,1,6
9059,536907,1,100,1,3
4912,424021,0,100,1,0
17,639371,1,100,1,1
2622,246974,0,100,1,14
9186,83952,1,10,1,2
9486,761529,1,100,1,14
513,862776,0,10,1,1
6201,981295,0,10,1,9
2921,447192,0,100,1,9
944,316724,1,10,1,0
7224,548698,1,10,1,8
4593,343369,0,10,1,1
9338,251108,1,100,1,10
5129,664841,1,10,1,9
8858,713167,0,100,1,10
1050,737148,1,100,1,10
4684,221266,1,10,1,12
8600,549317,0,100,1,8
9504,204361,0,100,1,0
9558,477128,0,100,1,6
8608,736608,0,100,1,0
2901,407380,0,100,1,5
1541,328491,0,100,1,5
1150,486088,1,100,1,14
7966,896626,1,10,1,14
5648,951384,1,100,1,0
2048,181496,0,100,1,0
7807,479239,0,100,1,15
525,945234,0,100,1,13
8093,377916,0,10,1,13
2883,27161,0,100,1,3
6094,897721,1,10,1,14
5226,373393,1,10,1,10
6882,445741,0,100,1,2
1951,210390,1,100,1,15
3460,635619,0,10,1,4
6284,714943,0,100,1,12
7629,636457,1,100,1,13
181,856844,0,10,1,5
1680,617627,0,100,1,0
4355,128221,1,10,1,3
2552,569639,0,10,1,8
603,233330,0,10,1,11
8095,53781,0,100,1,15
8962,430766,1,10,1,2
449,413851,1,10,1,1
7930,851474,1,10,1,10
229,4298,0,10,1,5
7285,430067,1,100,1,5
5419,121127,1,100,1,11
2810,689091,0,100,1,10
1781,653723,0,10,1,5
4042,156737,0,10,1,10
2978,177159,1,100,1,2
5203,203584,0,10,1,3
6879,719141,1,10,1,15
5774,312523,0,10,1,14
6492,571597,0,10,1,12
5290,24459,1,10,1,10
5072,11598,1,10,1,0
5280,506254,0,10,1,0
4576,519955,1,10,1,0
7826,188188,0,10,1,2
8053,381042,0,10,1,5
3398,653767,1,10,1,6
8260,588180,1,100,1,4
6361,604158,1,10,1,9
6473,603758,1,100,1,9
7218,334250,1,10,1,2
527,210725,0,10,1,15
6701,455303,1,100,1,13
8539,912343,1,10,1,11
5704,5835,1,10,1,8
9329,975195,0,100,1,1
8815,333577,0,10,1,15
2321,581606,0,10,1,1
9348,855443,0,100,1,4
2387,607293,0,100,1,3
1231,430482,0,10,1,15
3216,323174,1,100,1,0
431,218739,0,10,1,15
7423,500926,0,10,1,15
5610,494224,1,100,1,10
3101,95221,1,100,1,13
4049,37660,1,100,1,1
2491,932231,0,10,1,11
1902,626585,0,10,1,14
7812,852058,1,10,1,4
7886,504042,1,10,1,14
4100,503469,0,10,1,4
7118,770038,0,100,1,14
9762,909077,1,10,1,2
9456,305357,0,100,1,0
1995,566233,1,100,1,11
6651,779529,1,100,1,11
1518,881920,0,100,1,14
2137,946924,0,100,1,9
5697,51027,1,10,1,1
100,534693,0,100,1,4
1174,999926,1,10,1,6
2698,614650,1,10,1,10
5689,4959,1,100,1,9
3065,30688,1,10,1,9
5953,888281,1,10,1,1
3503,583292,0,100,1,15
8353,994104,1,10,1,1
2639,586184,1,100,1,15
5754,575534,0,10,1,10
7246,933101,0,100,1,14
2118,434586,1,10,1,6
2906,401780,0,100,1,10
994,465602,0,100,1,2
9654,472254,0,100,1,6
7904,612708,1,100,1,0
4181,45523,1,100,1,5
8995,339536,0,10,1,3
2910,467860,0,100,1,14
3172,395043,0,100,1,4
2291,711384,1,100,1,3
2703,379047,1,100,1,15
2066,445502,1,10,1,2
8198,329683,0,10,1,6
5720,591983,0,10,1,8
9752,51563,0,10,1,8
9487,350234,0,100,1,15
7359,489452,0,100,1,15
1495,965457,1,100,1,7
2264,611123,0,10,1,8
1094,140537,1,10,1,6
5406,416291,0,100,1,14
7882,621810,0,10,1,10
9730,76971,0,10,1,2
7025,261318,1,10,1,1
1954,365771,0,100,1,2
7380,768470,1,10,1,4
9887,619139,0,100,1,15
3040,850819,1,10,1,0
829,695915,0,10,1,13
6912,105212,1,10,1,0
7549,328967,0,10,1,13
3431,858315,1,100,1,7
9956,363656,1,100,1,4
7705,115015,1,10,1,9
3523,982645,1,100,1,3
3188,445230,1,100,1,4
375,8351,1,100,1,7
8566,43985,1,100,1,6
5959,264032,0,100,1,7
7623,405276,1,10,1,7
7148,154899,0,10,1,12
5268,375506,1,100,1,4
1351,983017,0,10,1,7
6729,865353,1,100,1,9
3198,300265,0,100,1,14
3440,454876,0,100,1,0
3018,26862,0,100,1,10
4389,558560,0,10,1,5
4196,564896,0,100,1,4
9626,511435,0,10,1,10
145,476085,0,10,1,1
2391,31251,1,10,1,7
5474,736302,0,10,1,2
3842,433450,0,10,1,2
4612,473188,1,10,1,4
2583,20302,0,10,1,7
8598,748878,0,100,1,6
8775,480284,1,100,1,7
6994,498503,1,100,1,2
5265,164240,1,100,1,1
3574,368820,0,100,1,6
4286,628738,0,10,1,14
6206,939609,0,100,1,14
3624,984343,1,100,1,8
2002,881355,1,10,1,2
439,398344,0,10,1,7
1099,393332,0,10,1,11
4403,840363,0,10,1,3
9858,492179,0,100,1,2
8820,185732,0,100,1,4
8086,506031,0,100,1,6
3084,846485,0,10,1,12
1337,22854,0,100,1,9
2250,474556,0,100,1,10
8793,625708,0,10,1,9
9354,759503,0,10,1,10
3177,693271,0,10,1,9
2411,865816,0,100,1,11
7981,219860,1,100,1,13
1056,487915,0,100,1,0
5694,107663,1,100,1,14
5604,154070,0,100,1,4
3449,766433,0,100,1,9
2996,868183,0,100,1,4
5523,408427,1,10,1,3
6134,472468,1,10,1,6
1169,648928,0,100,1,1
3301,837311,0,100,1,5
4410,991141,1,10,1,10
9355,900177,1,100,1,11
8963,915922,0,100,1,3
6373,235550,1,100,1,5
2658,550379,0,100,1,2
8646,30389,0,100,1,6
4532,667257,1,100,1,4
1250,588882,1,10,1,2
553,806820,0,100,1,9
4194,277861,1,10,1,2
4812,499936,0,10,1,12
9158,436823,0,100,1,6
2201,360113,0,100,1,9
9582,896283,1,100,1,14
5376,744985,0,100,1,0
9213,998711,1,10,1,13
3947,38048,0,100,1,11
5602,737727,1,10,1,2
281,379482,0,10,1,9
8751,778395,0,100,1,15
8137,511165,1,10,1,9
404,48289,1,100,1,4
8190,160235,0,10,1,14
1604,24985,1,100,1,4
6353,493499,0,100,1,1
7892,388400,1,10,1,4
8645,895263,1,100,1,5
7738,545217,1,10,1,10
9643,754708,0,10,1,11
8405,947019,0,100,1,5
7509,952745,0,10,1,5
8541,132487,1,10,1,13
8725,719378,0,10,1,5
2882,558876,1,10,1,2
3621,19210,0,10,1,5
6950,571630,0,10,1,6
5757,851112,1,10,1,13
5780,970440,0,100,1,4
9958,97177,1,100,1,6
8929,180844,1,100,1,1
3208,574542,1,10,1,8
4369,926195,1,10,1,1
4360,72666,0,10,1,8
3881,336191,0,10,1,9
6369,969602,1,100,1,1
1128,622457,0,100,1,8
9237,401717,0,10,1,5
6888,915849,1,100,1,8
2645,426369,1,10,1,5
6930,299531,0,10,1,2
4963,888429,1,10,1,3
6687,254368,0,100,1,15
8742,319204,1,10,1,6
3478,207032,1,10,1,6
4749,838786,0,100,1,13
9041,937094,0,100,1,1
1024,843215,1,100,1,0
4450,681148,1,100,1,2
6166,351808,1,10,1,6
5171,892138,0,10,1,3
3064,384555,1,100,1,8
9877,966103,0,100,1,5
789,27245,0,10,1,5
7411,705726,0,10,1,3
8465,732789,1,100,1,1
3598,545887,1,100,1,14
3865,276419,0,10,1,9
1299,427053,0,100,1,3
1544,954014,0,10,1,8
5278,323367,1,10,1,14
446,225959,0,10,1,14
8439,289752,0,10,1,7
7939,245088,0,100,1,3
1196,487336,0,10,1,12
1003,412720,0,100,1,11
1793,7824,0,10,1,1
3396,207050,0,100,1,4
4317,129920,0,100,1,13
9856,317687,1,100,1,0
2482,990094,0,10,1,2
2620,411173,1,10,1,12
4267,396938,0,10,1,11
479,90217,1,100,1,15
6633,329404,0,10,1,9
5785,855646,0,100,1,9
7961,43724,1,100,1,9
4415,296339,0,10,1,15
6468,588455,1,10,1,4
8020,120098,0,100,1,4
137,454240,1,10,1,9
5655,64937,1,100,1,7
4480,116,0,100,1,0
1422,849975,0,10,1,14
1698,85980,0,100,1,2
5605,333198,1,10,1,5
6995,744524,0,100,1,3
1945,622102,1,100,1,9
8712,958154,1,10,1,8
1215,260039,1,100,1,15
8587,220857,0,10,1,11
3192,571051,0,10,1,8
3682,719109,1,10,1,2
6039,274549,0,100,1,7
1989,973006,0,10,1,5
8871,32215,0,100,1,7
967,306531,1,100,1,7
9565,416533,1,10,1,13
8697,688257,0,100,1,9
2847,401574,0,100,1,15
1209,149288,1,10,1,9
9249,210293,0,100,1,1
2315,414133,0,10,1,11
7245,434947,0,100,1,13
8801,862532,1,10,1,1
9628,313857,0,10,1,12
6036,765288,1,10,1,4
4289,772976,1,100,1,1
9698,156427,1,100,1,2
9996,515579,1,100,1,12
7207,932136,0,100,1,7
4890,669486,0,100,1,10
574,684537,1,10,1,14
5777,701279,1,10,1,1
2154,891997,0,10,1,10
5016,784451,1,10,1,8
2238,153382,1,10,1,14
8495,448674,0,100,1,15
7790,17299,0,10,1,14
6409,117644,0,10,1,9
3939,35056,1,10,1,3
9822,487998,1,100,1,14
1925,907396,1,100,1,5
7105,859907,1,100,1,1
347,964819,0,10,1,11
1014,455471,0,100,1,6
1614,827098,1,10,1,14
7583,820134,0,10,1,15
5592,384813,1,100,1,8
21,716554,0,100,1,5
6087,205243,1,100,1,7
8397,193104,0,100,1,13
311,710199,0,100,1,7
109,260601,0,100,1,13
4347,811275,1,100,1,11
3546,258996,1,100,1,10
3554,237208,1,10,1,2
7764,540837,0,100,1,4
3733,79969,1,10,1,5
1585,75009,0,100,1,1
5317,451607,0,10,1,5
8347,498090,1,10,1,11
4886,560454,1,10,1,6
6876,741777,1,10,1,12
6462,376964,0,100,1,14
9151,146454,0,10,1,15
4279,320070,0,100,1,7
1782,636696,1,100,1,6
3725,318177,0,100,1,13
3183,225110,1,10,1,15
1670,404049,1,100,1,6
4729,315693,1,100,1,9
8265,944115,1,10,1,9
4057,767920,0,100,1,9
9639,158691,1,100,1,7
1080,977925,1,10,1,8
2771,698853,1,10,1,3
1269,753263,1,10,1,5
675,344360,0,100,1,3
2881,970230,0,100,1,1
7179,230213,0,10,1,11
3528,204828,0,10,1,8
5324,850000,0,10,1,12
6830,78929,0,10,1,14
2134,410694,1,10,1,6
5637,668098,1,100,1,5
3856,356686,0,10,1,0
22,599257,1,100,1,6
6054,665938,1,100,1,6
8309,565796,0,10,1,5
11,15958,0,10,1,11
7010,290944,1,100,1,2
4767,244773,1,10,1,15
7979,40247,1,10,1,11
590,681546,0,10,1,14
8663,325100,0,10,1,7
8735,376481,1,100,1,15
9045,367237,0,10,1,5
2734,894367,1,10,1,14
544,3554,0,100,1,0
9544,673144,1,100,1,8
116,506408,1,100,1,4
725,892646,0,100,1,5
5438,371140,1,10,1,14
5902,707937,0,10,1,14
1910,271062,0,100,1,6
1572,506238,0,100,1,4
1183,121046,1,100,1,15
4988,570,0,100,1,12
4236,971052,0,10,1,12
754,47619,1,100,1,2
8694,997557,0,10,1,6
1204,880213,1,10,1,4
4259,878755,0,100,1,3
2705,511228,0,10,1,1
3827,359444,1,100,1,3
6470,312445,1,100,1,6
4273,829620,1,10,1,1
1403,786261,0,100,1,11
9308,992939,1,10,1,12
5271,949637,1,100,1,7
7349,887311,0,100,1,5
2915,81125,1,10,1,3
7897,577965,1,10,1,9
1685,535153,1,10,1,5
2121,560771,1,10,1,9
1649,355593,1,10,1,1
867,997520,0,100,1,3
1017,412342,0,100,1,9
694,183370,0,10,1,6
9745,427509,0,10,1,1
3469,1255,0,10,1,13
8862,225258,0,10,1,14
8060,209091,1,10,1,12
357,60460,1,100,1,5
9603,324423,1,10,1,3
4557,301634,0,10,1,13
8341,649779,0,100,1,5
2025,188865,0,10,1,9
1783,412509,1,10,1,7
4323,393453,1,10,1,3
4026,797770,1,10,1,10
6203,984905,1,10,1,11
4172,626866,0,10,1,12
2919,38185,0,100,1,7
368,242260,0,100,1,0
8774,73729,0,10,1,6
9363,38324,0,100,1,3
5273,965357,0,100,1,9
4943,166026,1,100,1,15
9645,224962,1,100,1,13
4438,132724,1,100,1,6
1439,874764,0,10,1,15
6022,782825,1,100,1,6
7564,803219,1,10,1,12
6289,610681,1,10,1,1
3209,13892,1,100,1,9
1410,729300,1,100,1,2
3784,19592,1,10,1,8
8642,321716,0,10,1,2
6858,442482,0,100,1,10
9945,177025,1,100,1,9
2271,452032,1,10,1,15
1615,638579,0,10,1,15
1909,985599,1,10,1,5
1722,332637,1,100,1,10
7517,381361,1,100,1,13
7833,835452,0,10,1,9
5142,838210,0,10,1,6
1876,105818,0,10,1,4
9120,655624,1,10,1,0
7037,364487,1,100,1,13
8796,728284,1,100,1,12
6789,418670,1,10,1,5
1277,900475,0,10,1,13
646,742190,0,10,1,6
5978,76561,0,100,1,10
3197,64057,0,10,1,13
2896,653139,1,100,1,0
4202,354019,1,100,1,10
9915,280934,0,10,1,11
8461,2701,0,10,1,13
9446,385976,1,100,1,6
4098,100148,0,100,1,2
4686,143446,1,10,1,14
534,509193,1,100,1,6
1553,794631,0,100,1,1
4311,406219,0,10,1,7
6608,597229,1,100,1,0
7100,509066,0,10,1,12
9515,79378,1,100,1,11
5982,244584,1,100,1,14
8768,102824,1,100,1,0
1297,282084,0,100,1,1
5849,822386,1,100,1,9
8488,263653,0,100,1,8
4070,983227,0,10,1,6
3264,432750,0,10,1,0
2,971891,1,100,1,2
4521,787609,0,100,1,9
9754,535194,0,100,1,10
6566,416573,0,10,1,6
3026,609999,1,100,1,2
654,576499,1,10,1,14
5705,621106,0,100,1,9
1226,79590,1,10,1,10
5122,502189,1,10,1,2
845,297928,1,100,1,13
5559,717814,1,100,1,7
4139,200913,0,100,1,11
6487,418753,1,100,1,7
6404,310679,0,10,1,4
1198,912907,1,10,1,14
6231,451650,0,100,1,7
1610,997554,0,100,1,10
203,707130,0,10,1,11
6721,491606,0,100,1,1
7714,243552,1,100,1,2
4608,285682,1,100,1,0
3638,695964,1,100,1,6
648,274811,1,100,1,8
925,765882,1,100,1,13
9015,556520,1,100,1,7
9396,793396,0,10,1,4
9019,907659,1,10,1,11
9715,521171,0,10,1,3
1940,125929,1,100,1,4
8583,939702,0,10,1,7
2362,91669,0,100,1,10
2522,43008,0,10,1,10
7864,112402,0,10,1,8
5099,20056,0,100,1,11
7883,404632,1,100,1,11
3005,977918,1,100,1,13
4481,339001,1,100,1,1
5327,575390,1,10,1,15
5925,483837,0,10,1,5
1915,44411,1,100,1,11
3033,633151,1,10,1,9
5903,32430,1,100,1,15
1302,186044,1,100,1,6
1652,520722,1,10,1,4
4297,474350,1,10,1,9
383,313297,1,10,1,15
2088,119974,1,10,1,8
2406,455681,0,10,1,6
8660,472507,0,10,1,4
9250,690731,1,10,1,2
9788,593383,0,10,1,12
3050,976953,1,100,1,10
7518,406049,0,100,1,14
9384,372853,0,10,1,8
3411,39866,1,10,1,3
4108,156595,0,100,1,12
1308,797075,0,100,1,12
5678,78814,1,100,1,14
359,350748,0,10,1,7
8648,787487,0,100,1,8
7044,412614,0,100,1,4
5986,228783,1,100,1,2
7900,663838,1,100,1,12
9792,845845,0,10,1,0
6685,149697,1,10,1,13
832,540523,1,100,1,0
416,147590,1,100,1,0
3246,889581,1,10,1,14
7837,367607,0,10,1,13
4482,655822,0,100,1,2
3346,389095,1,100,1,2
9400,801926,1,100,1,8
5311,496023,1,10,1,15
3567,712353,0,100,1,15
5140,391277,0,10,1,4
4548,251650,0,10,1,4
6574,552017,0,10,1,14
2893,377269,1,10,1,13
4915,860812,1,10,1,3
7809,651586,1,100,1,1
3650,244414,1,100,1,2
760,987612,1,10,1,8
3286,214967,1,10,1,6
3957,431381,1,100,1,5
8897,422721,0,100,1,1
4976,591680,1,10,1,0
1742,528749,0,10,1,14
6509,642087,1,100,1,13
2531,547580,0,100,1,3
1430,436457,0,10,1,6
7581,574151,1,10,1,13
3303,628492,1,100,1,7
205,793948,0,10,1,13
5321,685711,0,100,1,9
2763,309015,0,10,1,11
9299,369678,0,100,1,3
6901,893406,1,100,1,5
4893,6644,0,100,1,13
5993,393810,1,100,1,9
2824,930355,1,100,1,8
3913,658047,1,10,1,9
9740,559811,1,100,1,12
991,898401,1,10,1,15
9485,735859,1,100,1,13
7041,896991,1,100,1,1
1599,572089,1,100,1,15
9202,241775,0,10,1,2
7232,645277,1,10,1,0
5818,979762,0,100,1,10
2082,702172,0,100,1,2
3982,46828,0,10,1,14
6323,531384,1,10,1,3
298,726325,0,10,1,10
131,185568,0,10,1,3
3085,652602,0,10,1,13
4146,791775,0,100,1,2
4476,600853,0,10,1,12
2537,861607,1,10,1,9
3663,857851,1,100,1,15
8251,808860,0,10,1,11
4112,985646,1,10,1,0
9531,602966,1,10,1,11
6031,888469,1,100,1,15
1671,338914,1,100,1,7
193,269764,0,10,1,1
4093,110364,1,100,1,13
2012,245448,1,10,1,12
8259,574644,1,10,1,3
7931,986775,0,10,1,11
3199,902898,1,100,1,15
2107,478661,1,100,1,11
5266,386213,0,100,1,2
2813,378753,1,10,1,13
6772,108024,1,10,1,4
160,459101,0,100,1,0
374,361076,0,100,1,6
1309,413900,1,10,1,13
9479,992627,0,10,1,7
6710,115029,0,100,1,6
4888,711625,1,100,1,8
2836,816087,0,100,1,4
9622,865370,1,10,1,6
9204,454711,0,100,1,4
8313,959613,0,100,1,9
9684,384798,0,10,1,4
622,935970,1,100,1,14
5751,809483,1,100,1,7
5821,704250,0,100,1,13
3004,352023,0,10,1,12
3740,292006,0,10,1,12
7997,995537,0,10,1,13
1991,13428,1,100,1,7
8693,603628,1,10,1,5
9374,384698,0,10,1,14
9826,16595,0,10,1,2
9132,929399,0,10,1,12
8913,192833,0,10,1,1
4779,337044,0,10,1,11
5806,821254,1,100,1,14
29,763342,1,10,1,13
3678,798551,0,10,1,14
3553,911258,0,10,1,1
8902,509402,0,10,1,6
7319,906665,0,100,1,7
3000,58220,0,100,1,8
3482,714176,0,100,1,10
516,202010,1,100,1,4
2053,467068,0,100,1,5
4034,84992,0,100,1,2
2529,929307,1,10,1,1
5025,72009,1,100,1,1
9492,758710,1,100,1,4
6741,632272,1,10,1,5
2899,438672,0,100,1,3
9865,985036,0,10,1,9
5038,458020,1,100,1,14
505,491273,0,10,1,9
1979,152351,1,100,1,11
4488,988373,1,100,1,8
2911,522862,1,100,1,15
3898,264495,1,10,1,10
2279,533231,1,10,1,7
9159,981806,0,100,1,7
9152,87258,1,10,1,0
1694,961361,0,10,1,14
6940,800926,1,100,1,12
2021,26665,1,100,1,5
8512,591258,1,10,1,0
2599,224595,0,10,1,7
8361,333872,1,100,1,9
4032,514595,0,10,1,0
957,626461,1,100,1,13
4219,784046,0,10,1,11
2495,654230,0,100,1,15
1784,354152,0,10,1,8
7749,842912,0,100,1,5
8242,943932,0,100,1,2
2757,184178,1,100,1,5
1047,379084,0,10,1,7
4363,710153,1,100,1,11
7023,778126,0,100,1,15
4322,640187,1,10,1,2
3459,500659,0,10,1,3
2601,293937,0,100,1,9
7519,81968,1,100,1,15
2366,810602,0,10,1,14
9013,54359,1,100,1,5
1313,195642,1,100,1,1
3232,383562,0,100,1,0
9964,408485,1,100,1,12
703,750864,0,100,1,15
3408,370499,1,100,1,0
1919,350574,0,10,1,15
5735,6751,1,10,1,7
1850,864679,1,10,1,10
9102,929644,1,10,1,14
8856,862864,0,10,1,8
2041,711858,0,100,1,9
6338,218412,1,100,1,2
9701,182630,1,10,1,5
4138,81827,0,10,1,10
9392,720191,0,10,1,0
8738,732806,1,100,1,2
4377,87751,0,100,1,9
9537,215558,0,100,1,1
5103,303224,0,100,1,15
9310,238760,0,100,1,14
1104,773603,0,100,1,0
318,724004,0,10,1,14
7951,320427,1,100,1,15
4867,921057,1,100,1,3
7513,857190,1,10,1,9
2217,814483,1,10,1,9
1303,385769,1,100,1,7
6534,156079,1,100,1,6
564,441600,0,10,1,4
8261,704688,0,100,1,5
9173,138098,1,100,1,5
6893,107578,0,100,1,13
6340,970975,1,100,1,4
1973,317326,1,10,1,5
3432,318127,0,10,1,8
9139,695059,1,10,1,3
8535,180407,1,100,1,7
7124,662169,1,10,1,4
3958,876699,1,100,1,6
5811,122224,1,100,1,3
5598,276468,1,10,1,14
1293,936036,1,100,1,13
2129,226486,0,100,1,1
2667,136726,0,100,1,11
9391,505184,1,10,1,15
2633,504600,1,10,1,9
5440,827461,1,10,1,0
3639,325602,0,10,1,7
3788,425538,0,10,1,12
5566,944789,0,100,1,14
4983,988358,1,10,1,7
3207,160656,0,100,1,7
825,340142,0,10,1,9
1494,275425,0,100,1,6
2336,18044,1,10,1,0
4157,219066,1,100,1,13
3407,302873,0,100,1,15
9484,374307,0,10,1,12
5340,338011,0,100,1,12
8836,647541,1,10,1,4
5048,643945,1,100,1,8
6243,406551,1,100,1,3
1512,887185,1,10,1,8
2959,438383,0,100,1,15
2764,986683,1,10,1,12
6902,323363,0,10,1,6
2768,587191,0,10,1,0
4147,695096,1,10,1,3
4522,241208,1,100,1,10
2112,950510,1,100,1,0
8864,473945,0,10,1,0
1076,201242,0,10,1,4
1725,523521,1,100,1,13
3519,245600,1,100,1,15
1188,528412,0,100,1,4
6018,906743,1,10,1,2
1765,613803,0,100,1,5
8474,530155,1,100,1,10
3594,593196,1,10,1,10
1127,582451,1,10,1,7
6196,271316,1,100,1,4
7543,795622,0,10,1,7
5779,168562,0,10,1,3
8817,238761,1,10,1,1
8580,999965,1,100,1,4
5446,469652,1,100,1,6
9760,523205,1,100,1,0
3918,83580,1,10,1,14
4570,390970,1,100,1,10
5809,55550,1,10,1,1
6103,87780,1,100,1,7
1088,153273,0,10,1,0
9550,110875,1,100,1,14
4751,748160,1,100,1,15
4331,142376,1,10,1,11
4771,802707,0,100,1,3
5043,437011,1,100,1,3
9254,786955,0,10,1,6
74,258789,1,10,1,10
7803,821896,1,10,1,11
4891,183954,0,10,1,11
1791,945216,0,100,1,15
3106,493892,1,10,1,2
8101,373617,1,100,1,5
4457,891216,0,100,1,9
4816,33590,1,10,1,0
6519,350114,1,100,1,7
5206,233595,1,10,1,6
6983,261502,1,10,1,7
9953,2125,0,100,1,1
2262,944994,1,100,1,6
8022,754861,0,100,1,6
226,260692,0,100,1,2
7724,48530,1,10,1,12
196,690912,1,10,1,4
4583,564764,0,100,1,7
7192,943867,0,10,1,8
2747,244870,0,100,1,11
5442,193206,1,10,1,2
9160,711768,1,100,1,8
8732,451563,0,10,1,12
239,83637,1,100,1,15
4241,585851,0,100,1,1
6960,429147,0,10,1,0
620,466771,0,10,1,12
4909,113059,1,10,1,13
3485,172696,1,10,1,13
4956,281771,0,10,1,12
2055,650151,1,10,1,7
6707,632182,1,100,1,3
5575,854907,0,100,1,7
9127,82181,0,10,1,7
3016,506573,0,10,1,8
528,589796,1,10,1,0
8194,21646,1,100,1,2
1083,17860,0,100,1,11
4966,907523,0,10,1,6
8708,833412,0,100,1,4
6611,588183,0,100,1,3
4968,125854,0,10,1,8
5944,486830,1,10,1,8
10,306439,1,10,1,10
3334,691596,0,100,1,6
7902,938304,0,10,1,14
9244,972579,0,100,1,12
2477,164395,0,100,1,13
2908,895897,0,100,1,12
572,263638,0,10,1,12
3575,454299,0,10,1,7
6808,283083,0,10,1,8
6758,255839,0,10,1,6
3077,919707,1,10,1,5
2840,579026,0,10,1,8
3852,344205,1,100,1,12
6277,939980,1,10,1,5
6378,466576,0,10,1,10
7433,289978,0,10,1,9
8501,962936,0,100,1,5
2730,409765,1,100,1,10
9352,552695,0,10,1,8
3989,43653,0,100,1,5
5394,141065,1,10,1,2
7366,678115,1,10,1,6
8516,75345,1,100,1,4
4892,740106,1,100,1,12
6250,695132,1,100,1,10
2697,886458,1,10,1,9
5550,967678,1,10,1,14
3572,864837,0,100,1,4
1844,589833,0,10,1,4
459,469466,0,10,1,11
2294,535459,1,100,1,6
1388,274838,1,100,1,12
4997,234534,1,100,1,5
9066,200214,0,100,1,10
9965,41899,0,100,1,13
549,324002,0,100,1,5
2364,677960,1,100,1,12
1195,508421,0,10,1,11
7012,858267,1,10,1,4
4569,293830,0,100,1,9
6873,625354,0,10,1,9
9881,130339,1,100,1,9
7762,627368,0,10,1,2
3092,248221,0,100,1,4
8056,751391,1,100,1,8
8290,796694,0,100,1,2
3799,489784,1,10,1,7
8092,378773,1,100,1,12
7170,709426,1,10,1,2
7537,327185,0,100,1,1
3256,503035,1,100,1,8
6847,545262,1,100,1,15
1232,95227,1,100,1,0
9895,342313,0,10,1,7
9793,91085,0,100,1,1
3536,884826,0,100,1,0
3603,685895,1,100,1,3
3031,490623,1,10,1,7
2929,271887,1,100,1,1
3158,851262,1,100,1,6
8950,36181,1,10,1,6
6944,62715,1,10,1,0
9653,431904,1,10,1,5
3591,829061,1,10,1,7
7007,417496,0,10,1,15
9390,954561,0,100,1,14
3694,102193,0,10,1,14
593,714142,0,100,1,1
1743,377309,1,10,1,15
3509,323106,0,10,1,5
792,323802,1,100,1,8
48,917417,1,100,1,0
5482,259975,1,100,1,10
3754,577857,0,10,1,10
5787,385484,0,10,1,11
7771,536037,1,10,1,11
1065,493014,0,100,1,9
5534,114525,1,100,1,14
3249,370924,1,10,1,1
623,793658,1,100,1,15
3747,431969,0,10,1,3
3385,591266,1,10,1,9
3752,795336,1,10,1,8
12,782766,1,100,1,12
1438,125378,0,10,1,14
9934,41320,1,100,1,14
5755,337554,1,10,1,11
7766,415414,1,100,1,6
7879,383213,0,100,1,7
4379,168710,1,10,1,11
4777,521881,0,10,1,9
7804,536279,1,100,1,12
2380,77681,0,10,1,12
7753,312831,0,100,1,9
9623,833583,0,10,1,7
9764,472646,0,100,1,4
8435,846655,1,100,1,3
406,918272,1,100,1,6
7395,939733,1,100,1,3
9974,840630,1,10,1,6
5909,369104,1,10,1,5
5885,675471,0,100,1,13
9053,580440,1,10,1,13
899,36655,0,10,1,3
2392,625753,1,10,1,8
7588,725348,1,10,1,4
438,938940,0,100,1,6
799,197071,0,100,1,15
3211,588779,0,10,1,11
2966,101768,0,100,1,6
3905,724888,0,100,1,1
2547,838023,0,100,1,3
8985,169607,1,10,1,9
2439,107687,1,100,1,7
6105,128459,1,10,1,9
816,537961,1,10,1,0
3755,416833,0,100,1,11
8966,861293,1,100,1,6
2683,154428,0,10,1,11
7315,790099,0,10,1,3
9306,378286,1,10,1,10
186,363800,1,100,1,10
1235,175481,1,100,1,3
1545,292019,0,10,1,9
217,926064,0,10,1,9
6429,325694,1,10,1,13
4183,154994,1,100,1,7
9538,514018,0,10,1,2
2721,134902,1,100,1,1
5316,842190,0,100,1,4
954,350529,1,100,1,10
9912,5809,0,10,1,8
6476,759737,0,100,1,12
77,108176,1,10,1,13
4345,941389,1,10,1,9
5619,998665,0,100,1,3
8274,140452,0,10,1,2
2781,156304,0,100,1,13
7810,603976,0,100,1,2
3327,129166,1,10,1,15
8055,774060,1,10,1,7
2403,37165,0,100,1,3
13,993661,1,100,1,13
1956,292172,0,100,1,4
4021,184978,0,100,1,5
9125,4611,1,100,1,5
7040,802771,0,10,1,0
1734,258936,1,10,1,6
5824,778299,0,10,1,0
340,949291,1,10,1,4
6616,635342,0,10,1,8
5593,900041,0,10,1,9
4264,741114,0,100,1,8
6370,613685,1,100,1,2
3888,713994,1,100,1,0
5663,378293,0,10,1,15
743,186415,0,10,1,7
8119,971978,0,100,1,7
9933,119930,1,10,1,13
3673,659520,0,100,1,9
8814,818337,0,100,1,14
3507,396712,0,10,1,3
6682,867300,1,10,1,10
1881,763177,1,10,1,9
625,615494,1,10,1,1
8500,506225,1,100,1,4
7520,767345,1,10,1,0
3139,852767,1,100,1,3
7881,90459,0,10,1,9
7949,150101,1,10,1,13
2401,295456,1,100,1,1
8403,998985,0,10,1,3
1087,419145,0,100,1,15
8075,493121,1,100,1,11
4174,94148,1,100,1,14
3616,94527,1,10,1,0
8286,792495,1,10,1,14
1119,28462,0,100,1,15
6694,817312,1,100,1,6
9091,550390,0,100,1,3
2396,426111,1,100,1,12
5035,940582,0,10,1,11
3338,369767,1,10,1,10
133,288940,0,100,1,5
9211,874375,1,10,1,11
6213,844345,1,10,1,5
6236,391208,0,100,1,12
2982,573977,1,10,1,6
9692,472775,0,100,1,12
958,697039,1,100,1,14
5320,939545,1,100,1,8
6354,410306,0,100,1,2
7147,759322,1,10,1,11
8054,606059,0,10,1,6
5611,256107,0,10,1,11
8201,779094,0,100,1,9
342,980096,0,10,1,6
9866,675868,1,100,1,10
4595,665241,0,10,1,3
1807,426389,0,100,1,15
3100,167578,0,100,1,12
2385,310384,1,100,1,1
3260,250011,1,10,1,12
3631,24864,0,100,1,15
7502,731620,0,100,1,14
1564,870055,1,10,1,12
1216,166708,0,100,1,0
9564,592593,1,10,1,12
9377,19409,0,100,1,1
1935,202048,1,10,1,15
6082,110707,0,100,1,2
4693,311258,0,100,1,5
7043,985587,0,100,1,3
9116,263616,0,100,1,12
7393,945021,1,100,1,1
6345,396032,1,10,1,9
2808,399416,1,10,1,8
7983,183541,1,100,1,15
4712,401201,1,10,1,8
5708,738770,1,100,1,12
2192,542683,0,100,1,0
4233,712238,1,10,1,9
2314,972174,1,10,1,10
2615,690154,0,100,1,7
7908,7058,1,100,1,4
571,686738,0,10,1,11
4141,314920,1,100,1,13
501,46719,0,10,1,5
8917,295673,1,100,1,5
8974,802483,0,100,1,14
1639,379209,1,10,1,7
7042,709210,0,10,1,2
1462,924559,1,100,1,6
1270,948580,1,10,1,6
3421,632767,0,100,1,13
5194,860760,1,10,1,10
7861,103208,1,10,1,5
8760,118713,0,10,1,8
548,892549,0,100,1,4
5061,556393,1,100,1,5
4848,845571,0,10,1,0
41,97305,1,10,1,9
4239,117299,1,100,1,15
4924,563999,1,10,1,12
4318,862450,1,100,1,14
2280,351193,1,100,1,8
5738,794722,0,100,1,10
6252,534761,1,10,1,12
8128,78063,1,100,1,0
5614,510028,1,10,1,14
9339,972355,1,10,1,11
494,629279,1,100,1,14
2887,900617,0,10,1,7
8301,77495,0,10,1,13
8416,97095,0,10,1,0
7697,263326,0,10,1,1
5040,81488,1,100,1,0
3518,707576,0,10,1,14
208,988487,1,10,1,0
3054,214961,1,100,1,14
6157,576845,0,100,1,13
9691,959906,1,10,1,11
6297,706388,0,100,1,9
8470,492455,1,10,1,6
1166,285422,0,100,1,14
5467,930781,1,10,1,11
8162,439835,1,10,1,2
4759,935033,0,10,1,7
8280,148153,1,100,1,8
1928,139999,0,100,1,8
5475,777434,1,10,1,3
8588,557316,0,100,1,12
1130,494079,0,10,1,10
3001,509781,1,100,1,9
2386,745600,0,10,1,2
4020,681835,1,100,1,4
2412,31625,0,10,1,12
855,107332,1,100,1,7
4177,924230,0,10,1,1
2986,138779,1,10,1,10
6911,168519,1,10,1,15
9071,831301,1,10,1,15
9101,20878,1,100,1,13
6139,850425,1,10,1,11
5249,756128,0,100,1,1
2994,121907,1,100,1,2
1172,980725,1,100,1,4
6225,604272,0,10,1,1
6464,982565,1,10,1,0
3543,832226,1,100,1,7
3700,256215,0,100,1,4
7523,989394,1,10,1,3
9112,339050,0,10,1,8
9192,832361,1,100,1,8
7525,736946,1,100,1,5
6755,578982,0,10,1,3
660,4122,0,10,1,4
9167,292569,0,10,1,15
1605,576950,1,100,1,5
2413,784117,0,10,1,13
9759,282983,1,10,1,15
1799,670868,1,100,1,7
9026,964344,0,10,1,2
1055,164137,1,100,1,15
8526,658091,0,10,1,14
2116,553549,0,10,1,4
2916,520133,1,10,1,4
7,777500,1,100,1,7
5983,988321,0,100,1,15
7326,58322,0,10,1,14
7284,250289,1,10,1,4
3261,744949,0,10,1,13
1892,355224,1,100,1,4
4654,289896,1,100,1,14
1918,352313,0,100,1,14
9883,701684,1,100,1,11
4541,35180,0,10,1,13
9657,21284,0,100,1,9
1960,620528,0,10,1,8
693,200347,1,100,1,5
1173,20419,1,100,1,5
9107,914352,1,100,1,3
6763,758708,1,100,1,11
8212,211513,1,100,1,4
2606,733171,1,10,1,14
7379,932061,0,10,1,3
9371,17011,0,100,1,11
6756,401547,0,10,1,4
6334,259101,0,10,1,14
3829,805932,0,10,1,5
5293,153021,0,10,1,13
8103,640865,1,10,1,7
614,941009,0,100,1,6
7571,292491,0,10,1,3
5958,625452,1,100,1,6
5478,866176,1,100,1,6
7302,707288,1,10,1,6
2003,666421,1,10,1,3
8687,96840,0,100,1,15
2561,919666,1,100,1,1
753,640736,1,10,1,1
9916,154684,0,10,1,12
3336,522402,0,10,1,8
7346,668803,0,10,1,2
8484,304653,1,100,1,4
3727,429931,0,10,1,15
6793,572271,1,100,1,9
9789,100181,0,10,1,13
1501,985472,0,100,1,13
2749,697547,1,100,1,13
9814,49011,0,100,1,6
8328,801916,1,10,1,8
2922,849766,0,100,1,10
5810,642188,1,10,1,2
6010,395114,1,100,1,10
3498,227040,1,10,1,10
6025,617525,0,10,1,9
4471,651545,0,100,1,7
4853,694410,1,10,1,5
2375,311081,1,100,1,7
1348,240203,0,100,1,4
821,887684,1,10,1,5
3866,179370,1,10,1,10
5046,829542,0,100,1,6
5354,763446,0,100,1,10
3732,921144,0,10,1,4
136,749190,0,10,1,8
8581,315922,1,10,1,5
1008,696067,1,10,1,0
8764,921574,1,100,1,12
3184,116884,0,10,1,0
7597,349440,0,100,1,13
7970,220227,1,10,1,2
4018,20890,0,10,1,2
8044,333068,1,100,1,12
2359,664140,0,10,1,7
7784,721862,1,100,1,8
9465,422595,0,100,1,9
2481,470267,0,100,1,1
2671,788562,0,10,1,15
2438,40596,1,10,1,6
405,479138,1,100,1,5
7026,751324,0,10,1,2
6185,278636,0,100,1,9
1007,110370,1,10,1,15
8718,338351,0,100,1,14
8340,15075,1,10,1,4
4610,245739,1,10,1,2
9286,881911,0,100,1,6
758,447034,1,10,1,6
4568,503831,0,10,1,8
6981,243974,1,10,1,5
2762,288652,0,10,1,10
3766,417614,1,100,1,6
9333,586825,1,10,1,5
5537,86784,1,10,1,1
3994,315485,0,10,1,10
4456,717365,1,100,1,8
4054,419463,0,100,1,6
8893,129607,1,100,1,13
6088,665542,1,10,1,8
7541,586979,1,10,1,5
6878,306138,0,10,1,14
4385,258228,0,100,1,1
8649,273187,1,100,1,9
2694,198984,0,100,1,6
5568,159151,1,100,1,0
9775,145742,0,10,1,15
9430,135,1,10,1,6
1445,872098,0,10,1,5
7225,139298,1,10,1,9
4338,907040,1,100,1,2
822,551667,1,10,1,6
9612,213882,1,100,1,12
4016,434098,1,10,1,0
2696,154578,0,100,1,8
7479,465619,0,10,1,7
6715,920023,0,100,1,11
643,505618,0,100,1,3
8570,824059,0,10,1,10
9540,494671,0,100,1,4
6666,885010,0,100,1,10
7567,408513,1,10,1,15
5995,536488,0,100,1,11
5647,584255,0,100,1,15
3239,202774,0,100,1,7
2702,681337,1,100,1,14
7214,535169,0,10,1,14
5590,325886,1,10,1,6
1459,976750,0,100,1,3
8655,655264,1,100,1,15
5901,8922,1,10,1,13
27,688902,0,100,1,11
251,15409,0,100,1,11
674,591244,1,10,1,2
9552,921158,0,100,1,0
2310,951279,1,100,1,6
8565,401413,0,100,1,5
8316,604909,1,10,1,12
8464,325473,0,10,1,0
7294,725139,1,100,1,14
5907,124098,0,100,1,3
569,672998,1,100,1,9
1305,188744,0,100,1,9
1847,20483,1,100,1,7
7201,295301,0,100,1,1
701,616307,1,100,1,13
412,834777,1,10,1,12
3296,649652,1,10,1,0
791,935480,0,100,1,7
4348,10457,0,10,1,12
397,720835,0,10,1,13
1721,152556,1,10,1,9
5964,776104,0,10,1,12
2326,397085,0,100,1,6
7830,703898,0,100,1,6
1028,567298,1,100,1,4
7427,840189,1,10,1,3
9226,769969,1,10,1,10
5513,86778,0,100,1,9
1032,258415,1,10,1,8
6290,292561,1,10,1,2
5391,410090,1,10,1,15
2270,339575,0,100,1,14
764,186521,1,100,1,12
31,383542,1,100,1,15
4709,750183,1,10,1,5
8545,213086,0,10,1,1
9386,544648,0,10,1,10
1454,581125,1,10,1,14
4293,594601,1,100,1,5
1815,723415,1,100,1,7
9105,604162,0,10,1,1
642,953207,1,100,1,2
4834,848729,1,100,1,2
4707,682792,0,100,1,3
9331,85372,0,10,1,3
4412,924469,0,10,1,12
9134,226387,0,10,1,14
5209,620052,0,100,1,9
7177,983012,0,100,1,9
4987,241233,0,100,1,11
5285,748278,0,100,1,5
7312,584641,0,100,1,0
3617,615751,1,10,1,1
7075,286624,1,100,1,3
2784,162925,1,10,1,0
8333,356981,1,100,1,13
9375,992744,0,10,1,15
9849,301311,0,10,1,9
1575,145548,0,10,1,7
806,215410,1,10,1,6
7646,10198,0,10,1,14
8730,318054,1,100,1,10
7265,232325,1,10,1,1
7244,926166,1,10,1,12
4424,122744,0,10,1,8
7497,158651,0,100,1,9
2659,748211,1,10,1,3
6446,86549,0,10,1,14
8777,9885,1,10,1,9
7377,88866,1,100,1,1
3002,455097,1,100,1,10
5887,233157,0,10,1,15
2254,488529,1,100,1,14
5172,343078,1,10,1,4
7713,829257,0,100,1,1
1549,161477,0,100,1,13
638,750061,1,100,1,14
2222,940879,0,10,1,14
1713,930225,0,100,1,1
3405,785650,1,10,1,13
3529,43993,0,10,1,9
4143,969367,1,10,1,15
5669,260389,0,100,1,5
2252,434255,1,100,1,12
5549,416545,1,100,1,13
9193,186010,1,100,1,9
4393,27560,0,100,1,9
8635,728249,0,100,1,11
3132,168677,0,10,1,12
2819,526959,1,10,1,3
8434,80594,1,100,1,2
3816,404822,1,100,1,8
4929,490146,1,100,1,1
1746,760389,1,100,1,2
1666,603522,1,100,1,2
3520,546339,1,10,1,0
3848,81468,1,100,1,8
2465,481147,1,10,1,1
1826,223202,0,100,1,2
4362,504916,0,10,1,10
9219,988498,0,100,1,3
668,187047,0,10,1,12
7096,880159,1,100,1,8
7168,215287,0,100,1,0
4992,184189,1,10,1,0
1824,435737,0,100,1,0
8727,114292,0,100,1,7
7117,233830,0,10,1,13
7013,164438,1,10,1,5
7402,947755,0,10,1,10
6559,347026,1,10,1,15
4003,716523,0,100,1,3
4737,110265,1,100,1,1
597,583223,0,10,1,5
201,721375,1,100,1,9
283,266420,1,10,1,11
9660,872728,1,100,1,12
6106,853158,0,100,1,10
8926,142953,0,100,1,14
2803,445291,0,100,1,3
1789,68395,1,100,1,13
4563,244359,0,10,1,3
39,217073,1,100,1,7
6508,357504,0,100,1,12
5784,91516,1,10,1,8
9904,783566,1,10,1,0
5136,182984,1,10,1,0
8739,223159,1,10,1,3
803,366214,0,100,1,3
3025,18219,1,10,1,1
4913,522020,1,100,1,1
432,332692,0,10,1,0
1315,83182,1,100,1,3
5713,665395,1,10,1,1
307,793222,0,10,1,3
3817,671990,0,10,1,9
582,96960,1,100,1,6
6255,311068,1,100,1,15
929,686320,1,10,1,1
1870,469620,0,100,1,14
3540,321381,0,100,1,4
3966,79054,0,100,1,14
9667,696187,1,100,1,3
6097,814233,1,100,1,1
454,808591,1,100,1,6
7535,892898,1,10,1,15
6129,116967,0,10,1,1
5695,546458,0,10,1,15
6963,578417,0,10,1,3
6377,558277,0,10,1,9
6435,383799,1,100,1,3
3107,951794,0,10,1,3
2662,477683,0,100,1,6
6668,247024,0,100,1,12
6967,356976,0,10,1,7
7895,107699,0,10,1,7
5765,386463,0,100,1,5
6410,382303,0,10,1,10
6152,770526,0,10,1,8
6444,80842,1,100,1,12
8863,623056,0,100,1,15
6926,979561,0,10,1,14
2220,915507,1,100,1,12
4205,554040,0,100,1,13
9322,199484,0,100,1,10
1350,167307,0,100,1,6
2018,628198,1,100,1,2
5971,12272,1,10,1,3
7003,2933,0,100,1,11
6108,637153,1,10,1,12
2282,711272,0,10,1,10
4371,329707,0,10,1,3
4974,331890,1,10,1,14
5639,416154,0,10,1,7
2365,237288,1,100,1,13
8442,491308,1,10,1,10
4643,527075,1,10,1,3
6216,776792,0,10,1,8
573,44771,1,10,1,13
2856,61323,0,100,1,8
2410,230413,1,100,1,10
2092,242088,1,10,1,12
8795,607467,0,10,1,11
5668,765617,0,10,1,4
7562,161906,1,10,1,10
5431,798988,0,10,1,7
7447,616928,1,100,1,7
6749,745499,0,10,1,13
2312,499251,1,10,1,8
103,668219,0,100,1,7
612,49289,1,100,1,4
6621,110959,1,100,1,13
3710,389539,0,10,1,14
2073,333322,1,100,1,9
8888,871615,1,100,1,8
6226,580683,0,10,1,2
5185,387557,0,100,1,1
4540,506626,1,10,1,12
5942,173204,1,10,1,6
4959,725895,0,100,1,15
3044,394561,1,10,1,4
5621,521859,0,100,1,5
2517,693661,1,100,1,5
2850,403244,1,100,1,2
7965,952564,0,10,1,13
1176,509090,0,100,1,8
2355,411953,1,10,1,3
735,899975,1,100,1,15
7982,449938,1,100,1,14
5533,278096,0,10,1,13
8122,523763,1,10,1,10
3767,829283,1,10,1,7
8900,587309,1,10,1,4
9203,829711,1,100,1,3
5635,722285,1,10,1,3
5630,491858,1,10,1,14
1829,78476,0,10,1,5
7020,606177,1,100,1,12
194,8517,1,10,1,2
1461,462959,1,100,1,5
6472,571557,0,100,1,8
875,778953,1,100,1,11
1424,584572,1,10,1,0
2672,151627,1,100,1,0
9869,890441,1,10,1,13
6947,58421,0,100,1,3
5055,634149,0,10,1,15
8016,747430,0,10,1,0
79,599245,0,10,1,15
8639,725645,1,10,1,15
3558,392612,1,100,1,6
6738,943489,1,100,1,2
3436,980518,1,100,1,12
4178,550518,1,10,1,2
8413,243392,0,10,1,13
1165,593787,0,10,1,13
6330,911473,0,10,1,10
8099,270931,1,10,1,3
7953,984076,0,10,1,1
5934,213135,1,10,1,14
5045,531897,1,10,1,5
3462,379575,1,10,1,6
5312,984911,0,10,1,0
8272,581715,1,10,1,0
4514,748202,1,10,1,2
9399,522988,1,100,1,7
6654,603127,0,100,1,14
152,274587,1,10,1,8
8026,655654,1,10,1,10
2292,547089,1,100,1,4
8070,491827,1,100,1,6
5200,313023,0,100,1,0
7253,981224,0,100,1,5
2281,923931,1,10,1,9
2759,293257,0,100,1,7
4216,994491,0,10,1,8
7986,48383,0,100,1,2
2608,758490,1,100,1,0
9284,415859,1,10,1,4
810,656589,0,100,1,10
4659,512653,0,100,1,3
2455,688461,0,100,1,7
4065,127808,0,100,1,1
9950,562523,0,10,1,14
1584,678910,0,10,1,0
5840,488952,0,10,1,0
2083,265958,1,10,1,3
709,692952,1,10,1,5
9663,352805,1,10,1,15
3304,184384,0,10,1,8
3381,420088,1,100,1,5
138,375315,1,100,1,10
9620,338508,0,100,1,4
7889,574482,1,10,1,1
5744,316642,0,10,1,0
8993,116555,1,10,1,1
492,779379,1,10,1,12
4307,442096,1,10,1,3
506,299028,0,100,1,10
8244,510970,1,10,1,4
563,254459,0,100,1,3
5424,408989,1,10,1,0
3088,947483,1,10,1,0
1177,454681,1,100,1,9
9389,815859,0,10,1,13
5183,827128,1,100,1,15
1877,714403,1,100,1,5
9801,134521,0,10,1,9
9536,317465,1,10,1,0
1893,546774,1,10,1,5
457,224559,0,100,1,9
3864,412922,1,100,1,8
3577,934296,0,100,1,9
3831,120187,1,10,1,7
4507,871146,0,10,1,11
5918,14661,1,10,1,14
9295,909700,0,10,1,15
8523,441874,0,10,1,11
856,874893,0,10,1,8
1859,976191,1,100,1,3
2306,190839,0,10,1,2
2859,734659,1,10,1,11
7352,578631,0,100,1,8
3765,128808,0,10,1,5
260,553921,0,10,1,4
6381,43935,0,10,1,13
5238,747261,0,10,1,6
1887,727456,1,10,1,15
9921,608279,0,10,1,1
2035,965294,1,10,1,3
2033,926649,0,100,1,1
8910,474570,0,10,1,14
5163,118773,1,100,1,11
6268,495423,0,10,1,12
373,412875,1,10,1,5
4260,236048,0,10,1,4
669,931359,0,100,1,13
4544,248608,0,10,1,0
4281,46705,1,10,1,9
839,257860,1,100,1,7
9201,488756,0,100,1,1
5362,823618,1,100,1,2
1359,703149,1,100,1,15
6747,986524,0,10,1,11
4660,943663,1,100,1,4
7668,760880,0,10,1,4
6246,70313,1,100,1,6
5981,486248,1,10,1,13
4578,267546,1,10,1,2
7234,40793,0,100,1,2
2108,50020,1,100,1,12
8063,989313,1,100,1,15
234,873519,1,10,1,10
5251,245078,1,10,1,3
8623,109614,1,10,1,15
9543,47940,1,10,1,7
1708,47474,0,10,1,12
6217,824378,0,100,1,9
8174,42200,0,10,1,14
9225,207189,0,100,1,9
5972,988098,1,100,1,4
2302,694340,0,10,1,14
9075,184577,0,10,1,3
9650,671977,1,100,1,2
773,685685,1,10,1,5
6155,225723,1,10,1,11
5452,349932,1,100,1,12
3934,198499,0,10,1,14
7547,878447,1,100,1,11
9076,789268,1,10,1,4
3277,631023,1,100,1,13
5443,495645,1,100,1,3
4695,114061,1,100,1,7
4702,360039,1,100,1,14
5232,585627,0,10,1,0
7999,8935,1,10,1,15
8409,658304,0,10,1,9
928,78529,1,100,1,0
6107,912268,1,10,1,11
3619,814516,1,10,1,3
5139,817013,0,10,1,3
2602,456751,1,10,1,10
163,351869,1,100,1,3
8000,399438,0,100,1,0
3809,653340,1,100,1,1
2971,162122,0,100,1,11
1123,265714,0,100,1,3
5623,460076,1,10,1,7
6207,255375,0,100,1,15
1771,42528,0,100,1,11
6051,649468,0,100,1,3
933,738694,0,100,1,5
139,741774,1,100,1,11
2569,480847,1,10,1,9
1338,455389,1,10,1,10
5815,99640,0,10,1,7
2416,806250,1,10,1,0
2828,331782,0,100,1,12
9005,532366,0,100,1,13
1472,164561,1,10,1,0
8946,512462,0,100,1,2
7888,674407,0,10,1,0
2138,42328,0,100,1,10
3452,336904,1,100,1,12
2017,612611,0,100,1,1
504,554652,0,10,1,8
5494,298320,1,10,1,6
1574,457761,0,10,1,6
6825,754285,1,100,1,9
305,234476,0,10,1,1
343,445380,0,100,1,7
8287,374323,1,10,1,15
5582,928022,0,100,1,14
4396,721347,1,10,1,12
4333,879589,0,100,1,13
8896,177248,0,10,1,0
2786,795957,1,10,1,2
2224,756900,1,100,1,0
8327,537077,1,10,1,7
5803,503337,1,100,1,11
4826,574988,1,100,1,10
1090,496063,0,100,1,2
1822,294587,0,10,1,14
4600,103884,1,10,1,8
5954,162738,1,100,1,2
1192,328866,0,10,1,8
9309,459804,0,10,1,13
9750,439632,0,10,1,6
2130,537296,1,10,1,2
407,222725,0,10,1,7
5218,192382,0,100,1,2
1959,662493,1,10,1,7
2970,261723,0,10,1,10
5692,455049,0,100,1,12
5554,198709,0,10,1,2
7534,533799,0,10,1,14
682,846507,1,10,1,10
2345,582421,1,10,1,9
7734,33267,0,10,1,6
5014,916061,1,10,1,6
7870,590703,1,10,1,14
3361,242996,0,10,1,1
7460,137648,1,100,1,4
7066,561588,1,10,1,10
6237,461214,1,10,1,13
3105,120660,0,100,1,1
8317,507070,0,10,1,13
9205,73014,0,10,1,5
9587,300064,1,100,1,3
5928,46755,0,100,1,8
3019,676466,1,10,1,11
1054,724782,0,10,1,14
3846,472187,0,100,1,6
1306,184986,1,100,1,10
6350,345942,1,100,1,14
9029,644581,0,10,1,5
4636,729965,0,100,1,12
2723,28971,0,100,1,3
6461,172024,1,10,1,13
8476,145590,0,100,1,12
2878,746170,1,10,1,14
3253,429931,1,10,1,5
8202,587211,0,100,1,10
7036,904485,0,100,1,12
1618,633679,0,100,1,2
7800,37812,1,10,1,8
6650,772815,1,100,1,10
8172,346763,0,10,1,12
7901,519785,1,10,1,13
1570,949403,1,10,1,2
6712,572422,1,10,1,8
3611,16877,1,100,1,11
7998,758753,1,10,1,14
3521,708331,1,10,1,1
936,605775,0,100,1,8
4374,54514,0,10,1,6
3291,628301,0,10,1,11
8884,562762,0,100,1,4
7702,324322,1,100,1,6
5456,397576,0,100,1,0
9716,420381,1,100,1,4
9001,537510,1,10,1,9
5160,531473,0,10,1,8
1530,18195,0,100,1,10
5396,743643,1,10,1,4
3122,121256,1,100,1,2
861,429509,0,10,1,13
5846,960950,0,10,1,6
5137,26164,0,100,1,1
3445,114744,0,100,1,5
218,127510,1,10,1,10
3538,412380,0,100,1,2
5028,152986,1,10,1,4
7088,642489,1,100,1,0
8972,332873,1,10,1,12
7205,335657,1,10,1,5
7072,68399,0,100,1,0
6146,895047,0,100,1,2
9551,498558,1,10,1,15
6173,549907,1,10,1,13
5356,279318,0,10,1,12
8278,957707,1,100,1,6
2197,53759,0,10,1,5
4086,868887,1,10,1,6
1011,327663,1,100,1,3
5176,440610,1,100,1,8
9514,157203,0,100,1,10
3774,479710,1,100,1,14
5535,646854,1,100,1,15
4699,226381,1,10,1,11
6299,822219,0,10,1,11
4671,742267,0,10,1,15
3324,358208,0,10,1,12
4802,685924,1,10,1,2
7515,223049,1,100,1,11
7633,919467,0,10,1,1
5294,519594,1,10,1,14
4390,64238,1,100,1,6
552,830497,0,10,1,8
9862,231239,0,100,1,6
7641,728140,1,10,1,9
1137,529659,1,10,1,1
7662,440641,1,100,1,14
5015,992851,1,100,1,7
5676,438688,0,100,1,12
302,538506,0,10,1,14
3534,260959,0,10,1,14
8507,705265,0,10,1,11
2795,551752,1,100,1,11
2181,979923,0,100,1,5
6959,801277,0,100,1,15
2852,27558,1,10,1,4
3946,308235,0,10,1,10
1255,310047,0,10,1,7
1242,376611,1,10,1,10
5102,514940,0,100,1,14
4528,892787,1,10,1,0
5227,532577,0,10,1,11
2290,395263,1,10,1,2
6614,887212,1,10,1,6
2353,573699,0,10,1,1
1888,748718,1,10,1,0
4097,920774,1,10,1,1
5645,37978,0,100,1,13
1554,345024,0,100,1,2
6099,281375,0,100,1,3
8915,730675,1,100,1,3
2443,542630,1,10,1,11
8154,53479,1,10,1,10
8594,536198,0,10,1,2
9902,76565,0,10,1,14
4918,99570,1,10,1,6
9589,8127,1,100,1,5
4937,248452,0,10,1,9
3983,821360,1,10,1,15
1040,750637,1,10,1,0
9930,507399,1,10,1,10
361,35669,1,10,1,9
7587,481830,0,10,1,3
1573,623734,0,10,1,5
8453,885440,1,100,1,5
9052,203150,0,10,1,12
9951,924966,0,100,1,15
9435,443092,0,100,1,11
2987,414664,0,10,1,11
9157,723296,0,10,1,5
4638,127868,1,100,1,14
4367,984971,0,10,1,15
1142,477184,1,10,1,6
2180,150464,0,100,1,4
7500,693815,0,10,1,12
8037,635937,0,100,1,5
6072,633862,0,100,1,8
7060,882868,0,100,1,4
726,653397,0,10,1,6
2456,708502,1,100,1,8
30,951523,0,100,1,14
4719,142155,0,100,1,15
3161,507815,1,100,1,9
6549,351977,1,10,1,5
2774,876048,1,100,1,6
1737,839146,1,10,1,9
2776,258530,1,100,1,8
8390,666375,1,100,1,6
9438,53892,0,10,1,14
1476,455139,1,100,1,4
3787,971186,0,10,1,11
8151,472627,1,10,1,7
3009,203068,0,100,1,1
7241,469393,1,100,1,9
8035,391552,0,10,1,3
7941,981806,1,100,1,5
7238,70735,0,10,1,6
8947,292284,0,100,1,3
1042,370396,0,10,1,2
8710,226713,0,100,1,6
6393,469292,1,100,1,9
4948,518904,1,100,1,4
8533,780686,1,10,1,5
4935,578946,1,100,1,7
5541,502884,1,100,1,5
2962,340857,1,100,1,2
2478,600346,1,100,1,14
687,992520,0,10,1,15
7572,402395,1,100,1,4
9235,412979,1,100,1,3
7627,889786,0,100,1,11
4071,785827,0,100,1,7
9832,713783,0,10,1,8
1913,391517,0,10,1,9
5733,997588,0,10,1,5
4833,575895,0,10,1,1
2447,883552,0,100,1,15
238,113508,1,10,1,14
7184,1062,0,10,1,0
7566,834408,0,100,1,14
6027,240981,0,10,1,11
1415,306472,1,10,1,7
2124,353883,1,10,1,12
9938,117583,0,100,1,2
1333,102405,1,100,1,5
1477,524872,1,10,1,5
156,822008,1,10,1,12
4989,639169,1,100,1,13
2711,185688,0,10,1,7
3601,92783,0,100,1,1
2518,755846,0,100,1,6
2480,101417,0,100,1,0
7710,911164,0,100,1,14
4398,787708,1,100,1,14
1253,971226,0,100,1,5
3897,347779,0,10,1,9
9236,180980,1,10,1,4
2023,973839,1,10,1,7
3455,348122,1,100,1,15
9272,966601,0,10,1,8
9212,99287,0,10,1,12
7933,420739,1,100,1,13
8555,605000,1,10,1,11
4622,468376,1,10,1,14
4683,886470,0,100,1,11
6003,870289,1,10,1,3
4000,740673,0,10,1,0
9867,589868,0,100,1,11
274,217462,0,100,1,2
2135,307133,1,100,1,7
1238,808183,0,10,1,6
9708,548930,0,10,1,12
4473,247010,0,10,1,9
6414,65858,1,10,1,14
5506,126398,1,100,1,2
6422,248146,0,10,1,6
4115,965951,1,100,1,3
9712,75314,1,10,1,0
1835,464245,1,10,1,11
5127,990560,1,10,1,7
737,789705,1,10,1,1
727,437929,0,100,1,7
2263,734981,0,10,1,7
6737,846547,1,100,1,1
3640,211219,1,10,1,8
2885,376270,1,100,1,5
3955,204414,1,10,1,3
8593,806730,1,100,1,1
8885,656223,0,10,1,5
4069,906533,1,10,1,5
3377,718668,0,10,1,1
9556,682018,1,10,1,4
9089,573509,1,10,1,1
9243,968389,1,100,1,11
784,795048,0,10,1,0
6104,64938,1,100,1,8
6628,161201,1,10,1,4
3314,846180,1,100,1,2
3795,568060,1,100,1,3
5722,815936,0,100,1,10
1556,324031,0,10,1,4
6215,576105,0,100,1,7
4234,168119,1,100,1,10
2647,971030,1,10,1,7
1296,583847,1,100,1,0
3853,147505,1,100,1,13
6438,765695,1,10,1,6
2373,731100,1,10,1,5
5776,339065,1,10,1,0
8293,316706,0,10,1,5
3399,381578,1,10,1,7
7542,319194,1,100,1,6
2084,408600,0,10,1,4
2833,906563,1,10,1,1
2838,500409,1,10,1,6
9583,375038,1,100,1,15
2085,26356,0,100,1,5
1949,998702,0,10,1,13
1692,172975,1,100,1,12
4973,641937,1,100,1,13
1034,616900,1,10,1,10
5696,398678,1,100,1,0
8998,282582,0,100,1,6
60,592285,0,10,1,12
2688,293795,1,100,1,0
5507,690526,1,10,1,3
560,324459,1,100,1,0
4971,805857,1,10,1,11
2155,478614,0,100,1,11
2163,847193,0,100,1,3
5539,702074,1,10,1,3
4029,451290,0,100,1,13
7360,558212,1,10,1,0
5492,139676,0,100,1,4
4611,407446,0,10,1,3
6041,358867,1,10,1,9
3328,382767,1,10,1,0
7262,187544,0,10,1,14
8880,990569,1,100,1,0
9407,713586,1,10,1,15
3111,258321,1,10,1,7
9694,140320,0,100,1,14
5057,834184,1,10,1,1
6557,800573,1,10,1,13
2011,472820,0,100,1,11
3075,408977,1,100,1,3
1798,7653,1,100,1,6
6184,318098,1,10,1,8
5616,606012,0,10,1,0
1243,321609,1,10,1,11
6702,266576,1,10,1,14
3530,5947,1,100,1,10
8459,738316,1,10,1,11
4411,256670,1,100,1,11
1509,759337,1,100,1,5
3794,865622,1,10,1,2
4081,982062,0,10,1,1
5459,567228,0,10,1,3
3981,887486,0,100,1,13
6996,521812,1,100,1,4
9292,325346,0,100,1,12
3193,963884,0,100,1,9
252,667408,1,10,1,12
3902,474043,0,10,1,14
5747,258420,1,10,1,3
7944,256974,0,100,1,8
1030,687216,0,100,1,6
4088,246990,0,100,1,8
2038,332597,0,10,1,6
3805,207102,0,100,1,13
6321,604427,0,10,1,1
4579,485863,1,10,1,3
9494,261170,1,100,1,6
4324,264332,0,10,1,4
3083,417577,1,100,1,11
4237,440616,0,100,1,13
947,702226,0,10,1,3
6819,786074,0,10,1,3
6921,372658,1,100,1,9
3386,683197,1,100,1,10
6817,691273,1,10,1,1
3174,196736,1,100,1,6
6828,797962,0,100,1,12
1485,501884,0,100,1,13
5904,293773,0,10,1,0
5988,448699,0,10,1,4
2689,471788,1,100,1,1
3390,741689,0,100,1,14
8589,518166,0,100,1,13
8418,626218,0,10,1,2
9428,900530,0,10,1,4
3547,126160,0,10,1,11
118,328697,1,10,1,6
9283,329628,0,10,1,3
2992,940667,0,10,1,0
7732,121750,0,100,1,4
1280,349357,0,10,1,0
6515,882894,1,10,1,3
9753,221649,0,10,1,9
8703,572092,0,10,1,15
2328,643633,0,10,1,8
9007,497972,0,10,1,15
5374,50295,1,100,1,14
8081,646600,0,10,1,1
2350,298397,0,10,1,14
4326,921946,0,10,1,6
277,614387,0,100,1,5
909,491111,1,100,1,13
5518,793024,1,10,1,14
5286,134939,1,10,1,6
7174,572249,1,10,1,6
5222,737626,1,100,1,6
9319,381779,0,100,1,7
3904,65863,0,100,1,0
4428,976803,0,100,1,12
8028,119326,0,10,1,12
9376,507649,0,100,1,0
5204,67901,0,100,1,4
2550,907864,1,100,1,6
1673,402514,1,100,1,9
670,133313,0,100,1,14
2988,526564,1,100,1,12
8842,844559,1,100,1,10
7141,202247,0,10,1,5
5714,293623,1,10,1,2
9613,577826,0,100,1,13
8683,703051,1,100,1,11
6367,840593,1,10,1,15
8804,298978,0,100,1,4
6148,681817,1,100,1,4
6002,927683,0,100,1,2
6561,540704,0,100,1,1
6050,806100,1,100,1,2
8692,646289,0,10,1,4
9068,300550,0,10,1,12
5107,658899,0,100,1,3
7615,572967,0,10,1,15
3525,458432,0,10,1,5
6829,597551,1,10,1,13
1795,700208,1,10,1,3
5661,358965,1,100,1,13
6827,217423,1,10,1,11
7976,158426,1,10,1,8
8845,321610,1,100,1,13
8225,591228,1,100,1,1
6282,145509,1,100,1,10
9586,850392,1,100,1,2
8630,912054,1,10,1,6
2804,399953,1,10,1,4
6086,797444,1,100,1,6
8610,739292,0,10,1,2
795,651418,0,100,1,11
9155,383171,0,10,1,3
6864,274495,0,10,1,0
5272,771573,1,10,1,8
1890,72052,0,10,1,2
1963,99530,1,10,1,11
3935,380816,1,100,1,15
4538,615101,0,10,1,10
1254,325970,1,100,1,6
1557,181829,0,100,1,5
6703,767895,0,10,1,15
6093,270472,0,10,1,13
8362,638451,1,100,1,10
8705,22606,0,100,1,1
2123,503396,0,10,1,11
8399,838800,0,100,1,15
474,614619,1,100,1,10
6706,379569,0,10,1,2
5743,471522,0,10,1,15
4979,887229,1,100,1,3
4662,706240,1,100,1,6
5496,629281,1,100,1,8
8670,394906,0,10,1,14
1249,450317,1,100,1,1
1976,392146,1,100,1,8
3719,208862,0,100,1,7
6945,5645,0,100,1,1
5068,779465,1,100,1,12
9917,932405,0,100,1,13
2865,494767,1,100,1,1
9289,66757,1,10,1,9
5193,161422,1,10,1,9
8329,634789,0,100,1,9
880,564164,0,100,1,0
3877,899549,0,10,1,5
781,510259,1,10,1,13
4646,124191,1,100,1,6
7252,995773,1,10,1,4
7798,939763,1,10,1,6
8574,509210,1,100,1,14
1421,465785,0,100,1,13
6163,649068,0,10,1,3
2486,960099,1,100,1,6
807,357670,1,10,1,7
3217,207275,1,10,1,1
5556,211215,1,10,1,4
4238,74155,0,10,1,14
1930,901333,0,100,1,10
401,3616,0,10,1,1
6214,76190,1,100,1,6
4542,952401,1,10,1,14
3914,954231,0,100,1,10
6744,735774,1,10,1,8
1437,10030,0,10,1,13
425,753538,1,100,1,9
9535,796355,1,100,1,15
51,350284,1,10,1,3
5797,796153,0,10,1,5
1189,240387,0,10,1,5
3312,167185,1,100,1,0
6309,397236,1,10,1,5
4364,635550,0,10,1,12
1286,476476,0,100,1,6
5576,85022,1,100,1,8
1864,474029,0,100,1,8
6357,248475,1,10,1,5
8415,317615,0,100,1,15
5182,107699,0,10,1,14
1159,139640,1,100,1,7
6524,788810,0,100,1,12
3168,938243,1,100,1,0
6230,433460,1,10,1,6
1496,432090,0,100,1,8
1733,51857,0,10,1,5
2676,620986,0,100,1,4
6780,629713,1,10,1,12
7336,176170,0,100,1,8
8187,774789,1,10,1,11
2621,997138,0,100,1,13
5521,957596,0,100,1,1
7817,562782,0,100,1,9
6301,684222,0,10,1,13
6388,575394,0,10,1,4
5835,935360,1,100,1,11
124,27216,1,10,1,12
6866,73508,0,10,1,2
6820,206110,1,100,1,4
5349,262370,0,10,1,5
8519,784058,1,100,1,7
704,670118,1,100,1,0
4743,360319,1,10,1,7
5319,533055,1,10,1,7
942,951577,0,100,1,14
8427,198253,0,100,1,11
8828,335027,1,10,1,12
2652,91551,1,100,1,12
9409,562001,0,10,1,1
6341,563604,0,100,1,5
5483,118231,1,10,1,11
28,907510,0,10,1,12
7001,561049,1,10,1,9
3285,165484,1,100,1,5
5101,107420,0,10,1,13
770,553419,1,100,1,2
6175,492418,1,100,1,15
7558,937791,1,10,1,6
8784,209154,0,10,1,0
1648,177895,0,100,1,0
8294,630675,0,10,1,6
1061,763236,1,10,1,5
7191,554199,1,100,1,7
3271,807145,1,100,1,7
5858,633403,1,10,1,2
1958,654602,0,10,1,6
9855,137880,0,100,1,15
7613,649976,1,100,1,13
5791,326230,0,100,1,15
7768,928987,1,100,1,8
1736,34123,1,10,1,8
4657,87404,0,10,1,1
7511,780204,0,100,1,7
4845,82284,1,100,1,13
9976,40173,1,100,1,8
5841,737929,1,100,1,1
8091,314892,1,100,1,11
4661,52808,0,10,1,5
4171,310718,0,10,1,11
1552,553254,1,100,1,0
2770,878721,0,100,1,2
4906,576694,0,100,1,10
2049,994296,1,10,1,1
5314,140379,1,100,1,2
1384,738043,1,10,1,8
8503,340686,0,100,1,7
1728,524922,0,10,1,0
3409,942457,0,10,1,1
8170,461334,1,10,1,10
4332,340666,1,100,1,12
2239,792608,1,100,1,15
2605,364777,0,10,1,13
1429,565259,1,10,1,5
4339,602619,1,10,1,3
96,102457,0,100,1,0
367,108502,0,10,1,15
9588,784114,0,100,1,4
6649,923901,1,100,1,9
6074,664478,1,100,1,10
1681,149254,1,100,1,1
255,292036,0,10,1,15
4859,528931,1,10,1,11
6123,753887,0,10,1,11
6433,76085,1,10,1,1
3202,781478,1,100,1,2
4961,112566,0,100,1,1
1481,275035,1,10,1,9
7660,641370,0,100,1,12
9929,168447,0,100,1,9
8656,545714,1,100,1,0
8424,343986,0,10,1,8
879,389347,0,10,1,15
2190,961257,0,10,1,14
9265,575605,1,100,1,1
8839,367717,0,10,1,7
7101,616559,1,10,1,13
5113,443909,0,10,1,9
5788,845611,0,100,1,12
8175,24696,1,10,1,15
6788,486247,0,10,1,4
7728,127858,1,100,1,0
1948,218759,1,10,1,12
732,82315,1,100,1,12
4667,940532,0,10,1,11
2952,158231,0,10,1,8
7338,949936,1,10,1,10
7435,978610,0,100,1,11
1645,978150,1,10,1,13
5082,757108,1,100,1,10
6696,447614,0,100,1,8
4099,953333,0,100,1,3
8421,659820,1,10,1,5
7144,614829,0,100,1,8
3121,466667,0,100,1,1
7458,724313,1,100,1,2
6775,954536,1,100,1,7
2468,556658,1,10,1,4
4765,412178,0,10,1,13
9285,175112,0,100,1,5
3776,840949,0,10,1,0
8590,172189,0,100,1,14
4353,606753,0,10,1,1
917,893664,1,100,1,5
4223,615993,0,10,1,15
6449,904493,0,100,1,1
8569,227976,0,10,1,9
5031,691734,1,100,1,7
3920,552719,0,100,1,0
6872,834694,0,100,1,8
5745,865842,1,100,1,1
8268,592174,1,10,1,12
2467,267288,1,10,1,3
8887,412221,0,10,1,7
9405,992309,1,100,1,13
7317,228981,1,10,1,5
4555,59846,1,10,1,11
8534,600425,1,10,1,6
1035,451839,0,10,1,11
8052,692129,1,100,1,4
9087,823293,0,100,1,15
9499,379422,1,100,1,11
2947,862492,1,100,1,3
8084,756738,0,10,1,4
9131,203881,0,100,1,11
5250,889769,0,10,1,2
6639,454295,0,100,1,15
9271,551719,0,10,1,7
5524,562896,1,100,1,4
3886,589858,0,100,1,14
7371,647523,1,100,1,11
6452,232198,0,100,1,4
9580,244490,1,10,1,12
3027,389105,1,100,1,3
8356,188200,1,10,1,4
8323,927020,1,10,1,3
5773,405140,1,10,1,13
1478,897755,1,10,1,6
3823,268754,1,10,1,15
1191,738484,1,100,1,7
6915,169710,0,10,1,3
1053,830003,1,10,1,13
8547,993575,0,100,1,3
7819,888035,0,100,1,11
8840,908775,1,10,1,8
5338,511370,1,100,1,10
7959,624482,0,10,1,7
2618,932626,0,100,1,10
9304,856697,1,10,1,8
7276,595379,0,100,1,12
7305,831052,1,100,1,9
4158,497026,1,10,1,14
9937,92523,1,10,1,1
6570,183725,1,10,1,10
1408,444468,0,10,1,0
4084,566048,0,100,1,4
3962,482797,1,10,1,10
7605,911477,1,10,1,5
9795,927950,1,10,1,3
7839,738,1,100,1,15
4710,303911,0,10,1,6
9370,622919,1,100,1,10
9298,159743,1,10,1,2
2394,499450,1,100,1,10
3212,264137,1,100,1,12
6854,705688,0,100,1,6
6748,595101,0,10,1,12
9885,89008,0,10,1,13
8949,338988,1,10,1,5
2532,435914,0,10,1,4
6997,475490,1,100,1,5
8009,226142,1,100,1,9
5698,250206,1,100,1,2
3716,362267,1,100,1,4
5305,523574,0,100,1,9
1753,877232,1,10,1,9
6653,754470,1,100,1,13
4392,270261,1,100,1,8
4265,399026,0,10,1,9
4406,491824,0,100,1,6
7769,270497,0,100,1,9
1837,799818,1,100,1,13
8997,127813,1,10,1,5
8681,804853,1,10,1,9
9919,219330,1,100,1,15
4432,585834,1,10,1,0
4721,261454,0,10,1,1
5848,183754,0,10,1,8
6768,937808,1,10,1,0
8783,156047,1,10,1,15
6880,471580,0,10,1,0
1158,23812,1,10,1,6
7630,179572,0,10,1,14
5924,351873,0,100,1,4
2559,323251,0,100,1,15
6119,475224,0,100,1,7
3773,227970,1,100,1,13
6205,794901,1,10,1,13
3810,126373,1,100,1,2
6547,577739,1,100,1,3
6931,121695,0,10,1,3
7694,613579,1,10,1,14
2674,380584,0,100,1,2
7405,791888,1,100,1,13
1924,838667,0,10,1,4
1836,859780,1,100,1,12
987,404648,0,10,1,11
2979,95682,1,100,1,3
8923,23737,1,100,1,11
8792,692402,0,10,1,8
299,425488,0,10,1,11
7049,709952,0,100,1,9
2216,88547,1,10,1,8
4189,988524,1,100,1,13
2660,369937,0,10,1,4
2799,82302,0,100,1,15
9452,881420,1,100,1,12
9678,809759,0,10,1,14
4722,846514,0,100,1,2
1869,264756,0,10,1,13
9968,25463,0,10,1,0
8848,103135,0,100,1,0
9994,625953,0,100,1,10
581,185032,0,100,1,5
7476,510394,0,100,1,4
9470,626871,0,100,1,14
1326,710548,1,100,1,14
1519,607187,0,100,1,15
8933,554752,1,10,1,5
7257,291784,0,10,1,9
7249,6015,0,100,1,1
2405,247933,0,10,1,5
7261,838539,0,100,1,13
4738,974592,0,100,1,2
2430,318684,1,10,1,14
1623,873070,1,100,1,7
3318,51900,0,10,1,6
5992,345199,1,10,1,8
3444,241068,0,100,1,4
6416,391394,1,100,1,0
982,637921,1,100,1,6
9176,95764,0,10,1,8
5116,653407,0,10,1,12
984,880381,0,100,1,8
1383,212577,0,100,1,7
3236,392031,0,100,1,4
594,964388,0,10,1,2
2200,854160,0,100,1,8
7678,356885,0,10,1,14
8723,797733,0,10,1,3
6560,231062,1,10,1,0
3741,378250,0,100,1,13
25,865623,0,100,1,9
6142,239268,1,100,1,14
6624,672805,0,100,1,0
9512,115812,0,10,1,8
6520,996673,0,10,1,8
9020,684689,0,100,1,12
6766,841316,0,10,1,14
1706,150550,1,10,1,10
7731,969815,1,100,1,3
7758,687793,1,10,1,14
6273,259957,1,100,1,1
4525,309146,1,100,1,13
3786,745759,1,100,1,10
5688,935691,0,10,1,8
976,240084,1,100,1,0
1062,523217,0,100,1,6
2903,468075,1,10,1,7
3655,291969,0,100,1,7
8912,784331,0,100,1,0
55,229425,1,100,1,7
7341,62325,0,10,1,13
1540,392855,1,10,1,4
2766,120250,0,100,1,14
2426,308614,1,10,1,10
5778,265855,0,10,1,2
1484,817667,1,10,1,12
5367,720979,0,10,1,7
7119,223428,1,100,1,15
3771,576387,0,100,1,11
903,931105,0,100,1,7
3832,702445,1,100,1,8
8048,526982,0,10,1,0
3373,51654,0,100,1,13
7167,481078,1,10,1,15
5844,470975,0,10,1,4
3960,685322,1,10,1,8
4330,867022,0,10,1,10
4717,283125,1,10,1,13
5872,486960,0,10,1,0
5686,432785,0,10,1,6
5493,221633,1,100,1,5
144,380263,1,100,1,0
5141,94676,1,100,1,5
2276,179447,1,100,1,4
4680,284999,0,10,1,8
4008,407647,1,100,1,8
7730,549413,0,100,1,2
8576,479098,0,100,1,0
392,136354,1,100,1,8
6346,952496,1,100,1,10
1617,885382,1,100,1,1
4378,437372,0,10,1,10
6943,590294,1,100,1,15
430,514678,0,10,1,14
7536,72126,1,100,1,0
9162,265770,0,10,1,10
2876,925178,1,100,1,12
566,11960,0,100,1,6
7578,364274,0,100,1,10
7792,647838,1,10,1,0
8759,976736,1,100,1,7
4716,949781,0,100,1,12
1482,322371,0,100,1,10
777,58383,1,100,1,9
4102,575192,1,100,1,6
7455,325554,0,10,1,15
9970,916768,1,100,1,2
5346,948580,1,100,1,2
9051,225988,0,100,1,11
7209,543753,1,100,1,9
1527,699783,1,10,1,7
2120,398742,0,10,1,8
3349,227859,0,100,1,5
5525,133054,0,10,1,5
6076,441381,0,10,1,12
8689,215415,1,10,1,1
7971,799502,0,10,1,3
6365,406242,0,100,1,13
1135,730699,1,100,1,15
969,79386,0,10,1,9
2690,956995,1,100,1,2
4810,769626,1,100,1,10
6227,910508,0,10,1,3
7765,566113,0,100,1,5
6894,714281,0,100,1,14
1994,296241,0,10,1,10
696,966947,0,10,1,8
4726,842837,0,100,1,6
296,209104,1,10,1,8
5706,666223,0,10,1,10
4012,42148,1,100,1,12
8468,797071,1,10,1,4
671,185119,1,10,1,15
2815,516260,1,10,1,15
8638,578339,0,100,1,14
9567,385505,1,100,1,15
2296,514318,1,10,1,8
604,722088,0,10,1,12
1993,90368,1,10,1,9
5263,283451,0,100,1,15
7692,607087,0,10,1,12
7653,551389,0,100,1,5
1267,563315,1,100,1,3
6676,549243,0,10,1,4
8231,71103,1,100,1,7
7548,657362,1,100,1,12
8141,28132,0,100,1,13
3104,864814,1,100,1,0
8556,427096,0,10,1,12
7846,239107,0,10,1,6
972,565262,1,100,1,12
9521,136646,1,10,1,1
6281,913993,1,100,1,9
197,712919,1,100,1,5
9114,182963,0,100,1,10
3968,488095,1,100,1,0
2243,152084,0,10,1,3
3671,429439,1,10,1,7
9596,400066,0,100,1,12
8981,907752,1,10,1,5
8790,200196,0,10,1,6
1878,663096,0,10,1,6
3863,904584,1,100,1,7
3504,135537,1,10,1,0
5224,685808,0,10,1,8
8948,576714,1,10,1,4
171,48272,1,10,1,11
1927,298730,1,10,1,7
3170,186768,0,100,1,2
460,415574,1,100,1,12
2442,620100,0,10,1,10
6821,351182,1,10,1,5
8071,842722,1,10,1,7
4064,833011,1,100,1,0
6660,146264,0,100,1,4
9973,317692,0,100,1,5
7932,321694,0,100,1,12
7448,458683,1,10,1,8
1916,418770,1,10,1,12
3129,711125,0,100,1,9
8882,94253,1,100,1,2
8058,313984,0,10,1,10
3494,218832,1,10,1,6
7470,327340,1,100,1,14
6305,139234,0,100,1,1
2147,248716,1,10,1,3
9785,361181,0,100,1,9
338,635906,1,10,1,2
3051,447636,0,10,1,11
4295,284201,0,10,1,7
3012,372885,1,100,1,4
8905,131761,0,10,1,9
1571,431208,1,10,1,3
3606,614249,0,100,1,6
3922,731887,1,10,1,2
1374,728565,1,100,1,14
3290,354005,1,10,1,10
3317,990832,1,10,1,5
7070,932257,1,10,1,14
7598,644440,1,10,1,14
6493,765704,1,10,1,13
8077,694037,0,100,1,13
1145,623943,0,100,1,9
3709,183587,0,10,1,13
5716,285014,0,100,1,4
4110,310706,0,10,1,14
5357,814072,1,100,1,13
4945,759351,0,100,1,1
1714,700581,1,100,1,2
5207,93101,1,10,1,7
7914,556204,1,10,1,10
2806,175931,1,100,1,6
2008,461990,0,10,1,8
8992,832833,0,10,1,0
4567,3779,1,100,1,7
8987,99446,1,10,1,11
5134,554428,0,10,1,14
3992,45348,0,10,1,8
4588,799803,1,10,1,12
846,530192,0,10,1,14
7229,882793,0,10,1,13
7363,314666,0,100,1,3
1580,574618,1,100,1,12
7057,818325,1,100,1,1
2490,36169,1,100,1,10
1458,937641,0,10,1,2
9278,994589,0,100,1,14
7934,712632,0,10,1,14
2600,789293,1,100,1,8
6555,748934,1,10,1,11
4028,233037,0,100,1,12
2096,671266,0,10,1,0
4301,982753,0,10,1,13
4531,791947,1,10,1,3
2965,34255,0,10,1,5
661,273030,1,100,1,5
882,742447,0,10,1,2
6352,311830,0,100,1,0
850,713318,0,100,1,2
8816,794136,0,10,1,0
9098,750015,1,10,1,10
524,496874,1,10,1,12
8586,67251,0,10,1,10
567,433803,0,10,1,7
4426,91286,0,10,1,10
2990,267696,0,10,1,14
8449,266925,0,100,1,1
3515,241996,1,100,1,11
8493,324542,0,10,1,13
4152,235028,0,100,1,8
185,38640,1,10,1,9
6837,875824,1,100,1,5
7270,8106,0,100,1,6
8826,732784,0,10,1,10
3928,213563,1,10,1,8
6673,358563,0,100,1,1
5089,55702,1,10,1,1
6109,701716,1,100,1,13
5156,385373,0,10,1,4
7397,662029,1,10,1,5
5896,292476,0,10,1,8
5315,708229,0,100,1,3
6569,189742,0,10,1,9
0,439153,1,100,1,0
389,513267,0,10,1,5
8344,784617,0,10,1,8
8085,881456,1,10,1,5
3287,723042,1,10,1,7
2382,597502,0,10,1,14
4087,72687,0,10,1,7
9462,359759,1,100,1,6
9610,538514,1,100,1,10
176,448282,1,10,1,0
2773,924866,0,100,1,5
7929,972626,1,10,1,9
7657,537273,1,10,1,9
3620,184867,1,100,1,4
6824,814981,1,100,1,8
2673,60242,0,10,1,1
5564,759692,0,10,1,12
1361,525377,0,100,1,1
34,127502,1,10,1,2
3058,775426,1,100,1,2
1693,872763,0,10,1,13
7752,502955,0,10,1,8
2109,510060,0,100,1,13
5330,62271,0,10,1,2
5857,603857,0,100,1,1
6740,509882,0,10,1,4
7956,387389,0,10,1,4
8033,235471,0,10,1,1
5259,71579,1,10,1,11
7069,984939,0,10,1,13
2684,273507,1,10,1,12
230,799314,0,100,1,6
1120,435054,0,10,1,0
5428,356880,0,100,1,4
464,594533,0,10,1,0
3564,413752,0,100,1,12
2307,727900,1,100,1,3
9502,237735,1,10,1,14
3300,410441,0,100,1,4
2357,636466,0,10,1,5
5759,210526,0,10,1,15
7425,31615,1,100,1,1
9606,559988,1,100,1,6
2603,523187,0,100,1,11
2054,275055,0,10,1,6
6475,253478,0,10,1,11
4879,65431,1,100,1,15
5748,83392,1,100,1,4
4502,990335,0,10,1,6
4472,934724,1,100,1,8
8631,608867,1,10,1,7
9941,349389,0,100,1,5
852,766629,0,10,1,4
7228,399412,1,10,1,12
1224,409247,0,10,1,8
478,545299,0,10,1,14
7136,889341,1,100,1,0
1483,380169,0,100,1,11
5343,723342,0,100,1,15
6158,746461,0,10,1,14
4169,149718,1,100,1,9
6137,992016,0,10,1,9
7283,854269,0,100,1,3
8843,617234,0,10,1,11
6667,111647,0,100,1,11
6571,335135,1,10,1,11
6141,40840,1,100,1,13
75,901330,1,100,1,11
4394,171130,0,10,1,10
4145,719569,1,10,1,1
7720,806163,0,100,1,8
1705,899530,0,100,1,9
6716,260271,0,100,1,12
9836,946393,0,10,1,12
8797,667388,1,100,1,13
2731,576520,1,10,1,11
2378,744321,0,10,1,10
4027,184040,1,10,1,11
9563,720414,1,100,1,11
3706,912858,0,100,1,10
9424,288039,1,10,1,0
2897,353259,0,100,1,1
6528,133482,1,10,1,0
1832,429120,0,100,1,8
2435,261131,0,10,1,3
4226,888638,0,10,1,2
4095,93578,0,100,1,15
5011,896753,1,100,1,3
6219,959132,1,100,1,11
1256,487722,1,100,1,8
2513,233105,0,10,1,1
9541,683720,0,100,1,5
4842,599936,1,100,1,10
6700,953565,1,100,1,12
7308,36154,0,100,1,12
1760,771634,1,100,1,0
4760,211810,1,100,1,8
8990,935606,1,100,1,14
9215,137921,1,100,1,15
8302,373572,0,100,1,14
4126,167386,1,10,1,14
1931,987461,0,10,1,11
1200,848986,0,10,1,0
7936,87247,0,100,1,0
8548,783722,1,100,1,4
7743,599619,1,10,1,15
1446,984997,1,10,1,6
935,611739,1,10,1,7
2680,428260,1,100,1,8
6351,53998,1,10,1,15
2381,849376,1,10,1,13
2925,165746,1,10,1,13
4791,786082,0,10,1,7
3363,929385,0,10,1,3
7577,172693,0,100,1,9
5588,808686,0,10,1,4
2504,981677,0,10,1,8
8546,93843,0,10,1,2
3417,473607,0,10,1,9
4423,693227,0,10,1,7
2739,979979,1,10,1,3
334,849481,1,100,1,14
8773,758884,1,100,1,5
5876,632997,0,10,1,4
7993,301812,0,10,1,9
596,813153,1,100,1,4
4781,842318,0,10,1,13
8824,642892,1,10,1,8
3502,193378,1,10,1,14
1772,170312,0,10,1,12
9014,237520,1,10,1,6
4197,606955,0,100,1,5
4708,994730,0,100,1,4
2936,267595,1,10,1,8
1879,415209,1,100,1,7
7957,279092,0,100,1,5
5572,861721,1,100,1,4
4679,462488,0,100,1,7
1288,22120,1,10,1,8
1651,51599,1,10,1,3
7967,635695,0,100,1,15
4009,556614,1,10,1,9
9831,363155,0,100,1,7
7186,775384,1,100,1,2
757,540372,1,10,1,5
3821,100082,1,100,1,13
3707,354645,1,100,1,11
1778,493899,1,100,1,2
6442,879023,0,10,1,10
7726,922970,0,100,1,14
3453,589393,1,100,1,13
2388,713529,0,100,1,4
8743,967807,1,100,1,7
2013,491605,1,10,1,13
8477,470225,0,10,1,13
946,781299,1,10,1,2
7910,781114,0,10,1,6
6221,253120,0,100,1,13
5022,534768,0,100,1,14
2040,985025,0,10,1,8
9605,737715,0,10,1,5
4292,189781,1,10,1,4
9184,925355,0,10,1,0
3522,504868,1,100,1,2
8209,798796,0,10,1,1
6156,928481,0,100,1,12
4325,767120,1,100,1,5
5561,883223,1,100,1,9
8306,180998,0,100,1,2
6629,699524,1,10,1,5
7362,786722,1,10,1,2
1944,317799,0,100,1,8
3890,529282,1,10,1,2
7300,976687,0,10,1,4
7651,366319,1,10,1,3
6513,201831,1,100,1,1
3949,682471,0,10,1,13
7256,362465,1,100,1,8
6623,802325,1,10,1,15
2643,619626,1,10,1,3
1537,462700,1,10,1,1
666,564719,1,100,1,10
7687,37939,1,10,1,7
6920,966372,0,100,1,8
3404,46403,1,100,1,12
2595,903542,1,100,1,3
8657,241775,1,10,1,1
9709,991398,1,100,1,13
891,449589,0,100,1,11
9966,649657,0,100,1,14
6151,497951,0,10,1,7
7568,64682,0,100,1,0
579,139641,0,100,1,3
5870,602746,0,10,1,14
7938,376065,0,10,1,2
717,932376,0,100,1,13
3306,97636,1,10,1,10
1041,54770,0,10,1,1
4024,479325,1,100,1,8
8550,465035,0,10,1,6
7594,931214,0,10,1,10
223,261028,1,100,1,15
4681,881766,1,100,1,9
1780,366918,1,10,1,4
4556,576159,0,10,1,12
7856,322160,1,100,1,0
7273,64701,0,10,1,9
4844,712817,0,10,1,12
4696,473714,1,10,1,8
720,205604,1,100,1,0
8505,624879,0,100,1,9
8986,806240,0,10,1,10
6382,624268,1,10,1,14
3963,919856,0,10,1,11
5786,901057,1,10,1,10
1479,866874,1,10,1,7
9133,512879,1,100,1,13
4284,681122,0,100,1,12
2508,567165,1,10,1,12
8688,710301,0,10,1,0
9818,679729,1,100,1,10
2879,733657,0,100,1,15
4296,418154,1,10,1,8
4793,470031,1,10,1,9
7709,306464,0,10,1,13
730,640287,1,10,1,10
7530,116149,0,100,1,10
7453,682125,0,10,1,13
3205,713294,1,100,1,5
2446,203842,0,100,1,14
3664,33460,1,10,1,0
5812,396611,0,10,1,4
4875,323977,1,100,1,11
8208,422134,0,100,1,0
6311,957441,0,100,1,7
3599,669884,0,10,1,15
8279,188339,1,100,1,7
6709,984922,1,100,1,5
7595,648115,1,10,1,11
1611,836862,0,100,1,11
4215,918736,0,100,1,7
5001,624605,0,100,1,9
8073,210735,0,100,1,9
1362,800999,1,10,1,2
7183,53459,0,100,1,15
910,808609,1,100,1,14
681,238783,0,10,1,9
1745,982713,0,10,1,1
3247,249659,0,100,1,15
2542,849376,1,10,1,14
6851,824516,1,100,1,3
1129,974918,1,100,1,9
1073,792267,1,100,1,1
9048,923985,0,100,1,8
7612,227436,0,100,1,12
9747,951062,1,100,1,3
4975,778834,1,10,1,15
8436,551255,0,10,1,4
4852,498706,1,100,1,4
1029,838507,1,100,1,5
6218,381849,0,10,1,10
3164,517663,1,100,1,12
1358,270841,0,10,1,14
6923,170102,1,100,1,11
3251,367514,1,100,1,3
8049,51819,0,100,1,1
9415,593376,1,10,1,7
9482,881894,1,10,1,10
9599,425146,1,10,1,15
5830,359695,1,10,1,6
6070,434512,1,10,1,6
9279,66996,1,100,1,15
484,580154,1,10,1,4
7292,886975,0,100,1,12
64,198021,1,100,1,0
8018,800320,1,100,1,2
4153,403652,0,100,1,9
8891,162040,1,10,1,11
8165,110893,0,100,1,5
4134,528862,0,100,1,6
7120,689895,0,100,1,0
606,720482,0,10,1,14
3984,488345,1,100,1,0
7507,550017,1,100,1,3
9044,874833,0,100,1,4
7600,900643,0,100,1,0
8595,234921,1,100,1,3
9118,676299,1,10,1,14
8106,34187,0,10,1,10
7940,741316,1,100,1,4
8097,120769,1,100,1,1
5351,146651,0,100,1,7
9028,567662,0,10,1,4
213,547334,0,100,1,5
7816,151026,0,100,1,8
5585,208714,0,10,1,1
9679,848823,0,100,1,15
658,577536,1,100,1,2
5085,653854,0,100,1,13
3825,193579,1,100,1,1
1967,552137,0,10,1,15
9721,572872,0,100,1,9
9103,790568,0,10,1,15
1276,172670,1,10,1,12
7198,113278,1,10,1,14
9373,810653,1,10,1,13
2090,356379,1,10,1,10
2692,233153,1,10,1,4
9454,414893,1,10,1,14
4562,37367,0,10,1,2
4581,204194,1,100,1,5
4487,959663,0,10,1,7
9946,11294,0,100,1,10
7814,728498,0,10,1,6
911,141779,1,10,1,15
7432,668494,1,10,1,8
6079,5700,1,10,1,15
3760,599175,1,100,1,0
2967,168916,0,100,1,7
9680,794017,1,10,1,0
3034,590514,1,10,1,10
1480,640452,1,10,1,8
3648,219807,0,10,1,0
8498,959859,1,100,1,2
1582,761111,0,100,1,14
5221,451085,0,10,1,5
24,182554,1,10,1,8
8567,43401,1,100,1,7
1419,880561,0,100,1,11
2269,207184,1,10,1,13
1704,325170,1,100,1,8
9253,13110,0,10,1,5
8220,841044,1,100,1,12
9163,566260,0,10,1,11
5079,771535,1,10,1,7
1060,776025,0,100,1,4
1371,246155,1,100,1,11
7478,984823,1,100,1,6
2821,431796,0,10,1,5
3977,505338,1,100,1,9
8620,569073,0,10,1,12
8525,867143,1,10,1,13
7512,776720,1,10,1,8
5691,785216,1,10,1,11
3155,282757,1,10,1,3
2450,56540,1,10,1,2
8143,451358,0,100,1,15
3454,966092,1,10,1,14
6892,199388,0,10,1,12
9597,695406,1,100,1,13
4150,749947,1,10,1,6
7050,337959,0,100,1,10
3976,746331,1,10,1,8
9630,69135,0,100,1,14
117,538125,1,10,1,5
2248,547833,0,10,1,8
2593,600645,0,10,1,1
6209,179098,0,100,1,1
9288,826323,0,10,1,8
2205,608828,0,10,1,13
2334,143978,1,10,1,14
3020,129721,1,100,1,12
3561,22505,0,100,1,9
7877,326908,1,100,1,5
3506,115060,1,100,1,2
7430,320436,0,10,1,6
8064,651543,1,10,1,0
4319,315581,0,100,1,15
2022,628161,1,100,1,6
6276,473532,1,100,1,4
7927,455626,1,10,1,7
3871,807458,0,100,1,15
3793,523277,0,100,1,1
4302,860267,0,10,1,14
2367,397043,0,10,1,15
7557,627542,1,10,1,5
339,72233,0,10,1,3
153,842773,1,100,1,9
2068,567495,0,100,1,4
8980,172291,1,100,1,4
2275,523445,1,10,1,3
2142,783370,1,100,1,14
5309,585701,1,100,1,13
6795,534780,0,100,1,11
4336,875446,1,100,1,0
1330,896854,0,10,1,2
9731,146973,1,10,1,3
6810,432005,1,100,1,10
6143,285696,1,100,1,15
8499,181258,1,10,1,3
631,785981,1,10,1,7
5730,802515,1,10,1,2
3739,70014,1,100,1,11
5898,652869,1,10,1,10
4340,548217,0,10,1,4
2737,412134,0,100,1,1
4283,80903,1,100,1,11
1491,162731,1,10,1,3
7409,688698,0,10,1,1
2707,697845,1,100,1,3
7937,799926,1,100,1,1
9054,523639,1,10,1,14
6842,726498,1,10,1,10
9147,229716,1,100,1,11
6764,335975,1,10,1,12
9803,247900,0,10,1,11
5149,978286,0,10,1,13
4463,586443,0,100,1,15
5077,81308,0,100,1,5
5910,602140,1,100,1,6
7828,5961,1,100,1,4
1229,547648,1,100,1,13
7659,927339,0,100,1,11
6322,635791,0,100,1,2
905,487310,0,10,1,9
5081,614694,1,100,1,9
5586,206324,1,100,1,2
9524,329435,0,100,1,4
4858,728867,1,10,1,10
8685,298300,0,10,1,13
2019,826639,0,100,1,3
9414,759463,1,10,1,6
5399,46964,0,10,1,7
7287,983399,1,100,1,7
1386,170365,1,100,1,10
1428,951471,1,100,1,4
997,700158,0,10,1,5
3279,189240,1,100,1,15
9773,286397,0,100,1,13
7679,629867,0,10,1,15
9274,215542,0,10,1,10
8475,816118,0,100,1,11
9140,160687,1,10,1,4
7454,495467,0,10,1,14
688,579532,0,10,1,0
9477,110607,1,10,1,5
6849,976368,1,100,1,1
2103,204760,1,100,1,7
3053,655456,1,100,1,13
9231,866745,1,100,1,15
1718,476680,0,100,1,6
3909,50387,0,100,1,5
3479,807656,0,100,1,7
8363,764887,1,100,1,11
7437,526716,0,10,1,13
3972,710689,1,100,1,4
4342,34005,1,10,1,6
6604,372442,0,100,1,12
7335,372568,1,100,1,7
1637,819032,0,10,1,5
7759,177489,0,10,1,15
9791,757744,0,100,1,15
1499,782051,0,10,1,11
2716,152278,0,10,1,12
5819,454140,0,10,1,11
616,409806,0,100,1,8
2826,406966,1,10,1,10
7499,581725,0,10,1,11
2119,159303,1,100,1,7
2646,513719,1,10,1,6
8756,843153,0,100,1,4
8062,95388,1,100,1,14
8370,293183,1,100,1,2
312,104467,0,100,1,8
8822,529703,1,100,1,6
9797,828123,1,10,1,5
8011,453829,0,10,1,11
7301,962959,1,10,1,5
605,502122,1,100,1,13
7818,439453,0,100,1,10
3231,25787,1,100,1,15
188,365986,1,10,1,12
689,497705,0,100,1,1
9497,160521,1,100,1,9
8810,166097,1,100,1,10
2751,427912,0,100,1,15
5825,251034,0,10,1,1
5412,22454,1,100,1,4
5476,607002,1,10,1,4
6723,468641,1,100,1,3
7907,41090,1,100,1,3
1237,964844,0,10,1,5
107,894891,1,100,1,11
2444,710350,0,100,1,12
1418,101133,0,100,1,10
8903,289573,0,100,1,7
6278,113003,0,100,1,6
6518,253818,0,100,1,6
8977,895809,1,100,1,1
7477,576369,0,10,1,5
1109,830395,0,100,1,5
591,474979,0,100,1,15
1441,268446,0,100,1,1
641,121344,0,100,1,1
1977,713319,0,10,1,9
2105,545701,0,10,1,9
9143,369143,1,100,1,7
706,335306,1,100,1,2
3609,986669,1,10,1,9
8207,158388,0,10,1,15
981,164150,1,10,1,5
6609,73510,1,10,1,1
7911,222554,0,10,1,7
5897,730569,1,10,1,9
1465,331811,0,10,1,9
8069,162282,0,10,1,5
3412,124450,0,10,1,4
3919,736238,1,10,1,15
8675,236101,1,10,1,3
135,278828,0,10,1,7
2046,684873,0,100,1,14
5231,214927,1,100,1,15
7204,742088,1,100,1,4
5540,307153,1,10,1,4
8552,571957,0,10,1,8
9644,186294,1,100,1,12
9892,954473,1,100,1,4
5402,478118,1,100,1,10
5353,147368,0,10,1,9
6942,374846,0,10,1,14
955,919523,0,10,1,11
4825,286820,1,10,1,9
2237,870911,0,100,1,13
6807,588592,1,10,1,7
128,807467,1,100,1,0
2666,820630,1,10,1,10
7054,126774,0,100,1,14
3680,856426,1,100,1,0
5054,490379,0,100,1,14
8741,623835,1,100,1,5
2417,421275,0,100,1,1
7696,124819,0,10,1,0
2950,350196,0,10,1,6
8677,485460,0,10,1,5
2869,296351,0,100,1,5
242,306820,1,10,1,2
9434,676548,1,100,1,10
173,353569,0,100,1,13
1640,914900,0,10,1,8
1668,770679,1,100,1,4
7561,562164,0,100,1,9
1992,693126,0,100,1,8
4170,704117,0,10,1,10
3849,213277,0,100,1,9
2670,56300,1,100,1,14
7297,324070,1,100,1,1
584,313019,0,10,1,8
4358,425150,1,10,1,6
399,584149,0,10,1,15
1810,648344,0,100,1,2
2923,408256,0,100,1,11
2056,578847,0,10,1,8
6245,250807,0,10,1,5
3908,430148,1,10,1,4
9256,134544,0,10,1,8
1048,86362,1,10,1,8
3219,137460,1,10,1,3
1932,9606,0,100,1,12
1058,201483,0,100,1,2
6684,926971,1,10,1,12
7386,210777,0,10,1,10
4820,969631,1,100,1,4
1133,491033,1,100,1,13
5157,492721,0,100,1,5
2063,325964,1,100,1,15
8050,978884,0,10,1,2
3456,358666,0,10,1,0
6870,462750,1,10,1,6
4061,33822,1,10,1,13
1111,614628,0,10,1,7
4587,561380,0,10,1,11
455,910922,0,10,1,7
304,17530,0,10,1,0
2955,262824,1,100,1,11
3723,287700,1,10,1,11
5526,351061,1,10,1,6
843,881817,0,10,1,11
8089,333849,0,100,1,9
5796,443294,0,100,1,4
8765,2886,0,10,1,13
9790,203043,0,10,1,14
3109,106390,0,10,1,5
7556,553829,0,10,1,4
5952,608123,0,100,1,0
8188,373248,0,10,1,12
7563,22398,1,10,1,11
4474,479518,1,100,1,10
2286,694564,1,100,1,14
1116,190033,0,10,1,12
4217,454110,1,100,1,9
971,776094,1,10,1,11
916,438997,1,10,1,4
5078,878482,1,10,1,6
4677,166991,0,100,1,5
3134,240350,1,10,1,14
2059,821360,0,100,1,11
4303,960063,1,100,1,15
6965,408960,0,10,1,5
6917,428542,0,100,1,5
2122,278347,1,10,1,10
4258,585469,0,100,1,2
351,492461,1,100,1,15
4195,620697,0,100,1,3
7032,272744,0,10,1,8
3658,571921,1,10,1,10
2669,130493,0,10,1,13
6380,171939,1,10,1,12
3110,649440,1,10,1,6
3243,708657,1,10,1,11
463,607490,1,100,1,15
3964,714481,0,10,1,12
5067,604741,1,10,1,11
3362,357331,0,100,1,2
3563,184420,0,100,1,11
5020,590702,0,100,1,12
2429,504558,0,10,1,13
7342,117856,0,100,1,14
9913,306927,0,10,1,9
1741,209114,1,10,1,13
9404,743315,1,100,1,12
2047,248894,0,100,1,15
4188,498523,0,100,1,12
4701,826855,1,10,1,13
9758,47007,0,10,1,14
2904,442715,1,100,1,8
3272,231297,0,100,1,8
1950,650458,1,100,1,14
3636,238305,0,100,1,4
154,432131,0,100,1,10
3623,789172,0,100,1,7
4094,581897,1,100,1,14
2057,544266,1,10,1,9
5957,187763,0,100,1,5
1360,108326,1,100,1,0
4947,347313,0,100,1,3
6222,530508,0,100,1,14
9879,676895,0,10,1,7
9345,215534,1,100,1,1
6428,735141,1,100,1,12
4416,446619,0,10,1,0
4811,196532,0,10,1,11
7485,736546,0,10,1,13
4566,730439,0,10,1,6
3495,971331,1,10,1,7
7045,309074,1,10,1,5
3789,227487,1,10,1,13
396,911525,0,10,1,12
3604,459517,0,100,1,4
4755,159320,0,10,1,3
1769,484762,1,10,1,9
8854,317743,0,10,1,6
4168,400161,1,100,1,8
1208,972612,1,100,1,8
7373,428048,1,10,1,13
8520,225193,1,100,1,8
6984,104164,1,10,1,8
4329,188866,1,100,1,9
7609,632559,0,10,1,9
6362,981355,1,10,1,10
1883,612832,0,10,1,11
3582,875898,0,10,1,14
8012,153383,0,100,1,12
9049,194781,0,100,1,9
5879,913682,1,10,1,7
779,378955,0,100,1,11
1114,110106,1,100,1,10
7271,465600,1,10,1,7
2431,504862,0,100,1,15
2034,973059,0,100,1,2
4208,851627,0,100,1,0
4827,700458,1,100,1,11
1748,13711,0,100,1,4
253,621383,1,10,1,13
4640,542802,0,100,1,0
9311,744660,1,100,1,15
2042,328440,1,100,1,10
755,756915,0,10,1,3
2407,363121,1,100,1,7
6347,435436,0,100,1,11
1031,95004,0,10,1,7
3416,7477,1,10,1,8
9637,638693,1,10,1,5
6450,219610,0,10,1,2
8940,64479,0,10,1,12
6400,333265,0,100,1,0
9594,68663,1,10,1,10
3332,816085,1,10,1,4
1112,464029,1,10,1,8
3337,438253,1,10,1,9
7822,644401,1,100,1,14
3238,833704,1,100,1,6
4756,951837,1,10,1,4
2161,253876,0,100,1,1
5413,952312,0,10,1,5
7464,886741,1,10,1,8
6494,553837,1,100,1,14
1855,180226,1,10,1,15
7708,981860,0,10,1,12
989,806478,1,100,1,13
8108,492605,0,10,1,12
9577,139052,1,10,1,9
4870,729829,1,100,1,6
7918,725271,0,10,1,14
8380,57304,1,10,1,12
2420,482902,0,100,1,4
5584,528774,0,100,1,0
2758,655452,0,100,1,6
1079,327454,0,100,1,7
4669,489968,1,10,1,13
6066,489829,1,100,1,2
8704,846263,0,100,1,0
7717,461526,1,100,1,5
6463,186215,1,10,1,15
5546,741667,0,100,1,10
9767,916034,0,100,1,7
4400,42156,0,100,1,0
7421,720787,0,10,1,13
3371,191410,1,10,1,11
2340,843980,1,10,1,4
2983,617727,0,10,1,7
3144,343083,1,100,1,8
690,134386,0,100,1,2
7972,837497,0,100,1,4
158,296196,1,100,1,14
1285,721450,1,10,1,5
3003,77838,1,10,1,11
1674,932703,1,10,1,10
2837,410066,0,100,1,5
6320,371720,0,10,1,0
1583,970633,0,10,1,15
5211,788971,1,100,1,11
5814,452806,0,10,1,6
6390,26849,0,10,1,6
333,861058,1,10,1,13
7323,819495,1,10,1,11
719,325971,0,10,1,15
7741,485972,1,100,1,13
9870,311262,1,100,1,14
8755,250874,1,100,1,3
3691,635106,0,100,1,11
3319,286182,1,10,1,7
6081,928644,1,100,1,1
9575,643822,1,100,1,7
6441,66555,0,100,1,9
2587,556912,1,100,1,11
9562,136468,1,100,1,10
5325,236142,1,100,1,13
8153,719796,0,10,1,9
6030,149755,0,100,1,14
4736,920552,0,10,1,0
2877,836596,1,10,1,13
5393,567900,0,10,1,1
9461,1134,0,100,1,5
102,117342,0,10,1,6
9182,430700,1,100,1,14
3281,997005,1,100,1,1
9591,3972,0,10,1,7
9402,499357,1,100,1,10
3742,915621,0,10,1,14
7691,898435,1,100,1,11
5322,473201,1,10,1,10
794,602873,1,100,1,10
6904,258484,1,10,1,8
267,758776,0,10,1,11
4704,704649,0,100,1,0
1576,538438,0,100,1,8
2245,119209,0,10,1,5
3268,348635,0,10,1,4
9656,484284,1,100,1,8
9031,267908,1,100,1,7
7005,608997,0,10,1,13
1416,718627,0,10,1,8
6507,133989,0,10,1,11
5453,541914,1,100,1,13
5191,698559,1,100,1,7
6110,123212,0,100,1,14
3023,710283,1,100,1,15
5426,963709,1,100,1,2
768,93076,0,100,1,0
2356,265328,0,10,1,4
8892,807546,1,100,1,12
1075,545086,0,100,1,3
4270,112933,1,100,1,14
5626,8718,1,100,1,10
4561,866102,0,100,1,1
5527,251250,1,10,1,7
6939,206656,0,100,1,11
5473,505536,1,100,1,1
2740,748044,1,100,1,4
7501,181051,0,100,1,13
9655,314529,1,10,1,7
6017,565557,0,10,1,1
1751,452159,0,10,1,7
5651,929544,1,100,1,3
1107,673155,1,10,1,3
9099,283813,0,100,1,11
2132,143458,0,10,1,4
8481,699123,1,10,1,1
1775,24867,0,10,1,15
4498,991682,0,100,1,2
5683,540899,0,10,1,3
5509,887855,1,10,1,5
9198,186869,0,10,1,14
7899,459291,0,10,1,11
4117,334566,1,10,1,5
2679,398311,1,10,1,7
1108,527129,1,100,1,4
5617,435471,1,100,1,1
2946,765155,0,100,1,2
8936,564146,0,100,1,8
7438,191591,0,10,1,14
2493,845886,0,10,1,13
8471,729086,0,100,1,7
8750,622603,1,100,1,14
9782,582955,1,100,1,6
7298,278932,1,100,1,2
4602,237350,0,10,1,10
8112,769328,1,100,1,0
938,714008,1,100,1,10
9518,97204,0,10,1,14
8615,37418,1,10,1,7
9025,318453,0,100,1,1
7083,389562,0,100,1,11
2918,495389,1,100,1,6
5240,683622,0,100,1,8
7671,518267,1,10,1,7
919,502420,0,100,1,7
1578,566258,1,10,1,10
1813,192966,0,100,1,5
2337,357840,0,100,1,1
4536,22970,1,100,1,8
9241,348505,0,100,1,9
1851,356654,0,100,1,11
7984,42110,1,100,1,0
5883,170289,1,10,1,11
6421,22522,1,100,1,5
7429,542655,0,100,1,5
8889,67029,1,10,1,9
9257,356242,0,10,1,9
3505,447297,0,10,1,1
5665,376200,0,10,1,1
3115,403777,0,10,1,11
7269,268497,1,100,1,5
3580,219914,0,10,1,12
7420,521894,0,10,1,12
3940,586352,0,10,1,4
9658,569313,0,100,1,10
7744,385792,0,100,1,0
7890,613251,0,100,1,2
2619,806900,0,100,1,11
736,748252,0,100,1,0
2044,533676,1,100,1,12
1914,611387,1,10,1,10
1975,717742,0,100,1,7
1661,877997,1,100,1,13
331,967235,0,10,1,11
468,106593,0,10,1,4
3583,441239,1,100,1,15
7471,26986,1,100,1,15
1634,694903,1,10,1,2
2251,742464,1,10,1,11
1036,358862,1,10,1,12
5302,235211,0,100,1,6
4446,760056,0,10,1,14
8090,916479,0,100,1,10
6860,111421,1,10,1,12
7254,756530,1,100,1,6
9432,141073,0,10,1,8
9922,315202,1,10,1,2
9426,318963,1,10,1,2
5225,50426,0,10,1,9
4287,814136,1,100,1,15
2176,922353,0,10,1,0
7620,554351,1,100,1,4
4692,338081,0,10,1,4
1328,417333,0,10,1,0
3971,467618,0,10,1,3
8354,291031,0,10,1,2
1167,803741,1,10,1,15
1719,281324,1,100,1,7
1872,561210,0,100,1,0
317,755961,1,10,1,13
9220,630458,0,10,1,4
2607,670247,1,100,1,15
4357,789541,0,10,1,5
7794,391855,1,100,1,2
353,181980,0,10,1,1
3873,5843,1,100,1,1
5121,558795,0,10,1,1
7840,298784,1,10,1,0
8299,469036,1,100,1,11
5737,794178,1,10,1,9
225,991094,0,10,1,1
9395,628675,0,100,1,3
7372,640905,0,100,1,12
9529,439389,1,10,1,9
2185,782727,0,10,1,9
3055,626660,1,10,1,15
5702,745438,1,100,1,6
9324,486925,0,10,1,12
4674,207592,1,10,1,2
5036,503056,0,100,1,12
7737,398390,1,100,1,9
2354,125067,0,100,1,2
7469,575904,0,10,1,13
6765,635766,0,100,1,13
4464,101636,1,10,1,0
7237,516585,0,100,1,5
5701,849621,0,100,1,5
7200,23725,0,100,1,0
6193,341649,0,100,1,1
1756,24949,1,10,1,12
5807,607657,0,10,1,15
7988,498535,1,100,1,4
656,417970,1,10,1,0
1414,547093,0,10,1,6
5947,281749,1,10,1,11
9681,698103,1,10,1,1
9228,64022,0,100,1,12
9618,888782,0,10,1,2
6197,924349,1,100,1,5
6171,732209,0,100,1,11
2062,709222,0,10,1,14
6578,665999,0,10,1,2
7403,109256,1,100,1,11
2867,775656,1,100,1,3
8368,952853,0,100,1,0
570,959136,1,10,1,10
2145,331458,1,10,1,1
3316,905169,0,10,1,4
3837,270590,0,100,1,13
3433,561902,1,100,1,9
1227,68523,0,100,1,11
2715,519780,1,100,1,11
1004,759604,1,100,1,12
1205,568832,0,10,1,5
5675,389321,0,10,1,11
4607,619221,1,100,1,15
5967,323160,0,100,1,15
5892,829044,0,10,1,4
2283,327666,1,100,1,11
1318,968238,0,10,1,6
3681,400832,0,10,1,1
5591,786878,0,10,1,7
8679,889179,1,10,1,7
4807,642719,0,10,1,7
5600,44793,1,100,1,0
2101,829305,0,100,1,5
2875,466174,1,10,1,11
945,926252,0,100,1,1
4698,145994,0,100,1,10
4079,938161,0,10,1,15
1375,239628,0,100,1,15
9710,593116,0,100,1,14
3644,254040,0,10,1,12
7853,123476,1,100,1,13
3712,225421,1,100,1,0
9191,293688,0,10,1,7
3307,790095,1,10,1,11
680,118856,1,10,1,8
8613,466639,1,100,1,5
7062,930683,1,100,1,6
1498,145034,0,10,1,10
4666,567102,1,10,1,10
4895,195018,1,100,1,15
3956,633554,1,10,1,4
126,581983,0,10,1,14
4136,704229,0,100,1,8
5488,81894,1,10,1,0
767,363261,1,10,1,15
465,333433,1,100,1,1
4903,42959,1,100,1,7
881,928198,0,10,1,1
9336,919959,0,100,1,8
1081,328081,1,10,1,9
5300,608045,0,100,1,4
9674,767481,0,100,1,10
959,158930,1,100,1,15
9988,587860,0,10,1,4
8234,215660,1,10,1,10
6397,7626,1,100,1,13
7779,695906,1,10,1,3
9368,832827,0,10,1,8
1263,657762,1,10,1,15
667,766999,1,100,1,11
5508,523872,0,100,1,4
3491,929514,1,100,1,3
6153,840275,1,10,1,9
8440,740952,0,10,1,8
1825,412052,1,10,1,1
6399,125830,1,100,1,15
7644,29191,0,100,1,12
9455,493233,1,10,1,15
2588,128233,0,100,1,12
434,658791,1,100,1,2
5248,187561,0,100,1,0
3394,727447,0,100,1,2
314,426669,1,10,1,10
7586,490093,0,10,1,2
7575,958051,1,100,1,7
348,221202,1,10,1,12
8157,808693,1,100,1,13
3685,796505,1,100,1,5
2641,799102,1,100,1,1
8524,638502,1,100,1,12
6145,762407,0,100,1,1
4949,493854,0,100,1,5
8899,458854,0,100,1,3
3136,478221,0,10,1,0
5065,338204,1,10,1,9
8355,795581,0,10,1,3
2872,390463,0,10,1,8
5167,479221,1,10,1,15
3298,779123,1,100,1,2
5693,190069,0,100,1,13
4808,614722,1,100,1,8
4128,187225,0,10,1,0
4718,210585,1,100,1,14
5347,295726,0,100,1,3
3840,492427,0,100,1,0
7538,121699,0,100,1,2
1996,681922,0,10,1,12
3954,938240,0,100,1,2
4871,289925,0,10,1,7
3737,777753,0,100,1,9
1747,648972,1,100,1,3
212,602129,1,10,1,4
8088,164523,1,100,1,8
6657,418112,1,10,1,1
5005,872642,0,100,1,13
8841,535841,0,10,1,9
4650,187707,1,100,1,10
7442,36247,1,10,1,2
7095,697390,1,10,1,7
4740,73540,1,10,1,4
9145,408881,1,100,1,9
9696,417091,1,10,1,0
8629,363666,1,100,1,5
445,730288,0,100,1,13
3952,206193,1,10,1,0
3722,492293,1,10,1,10
9820,432302,0,10,1,12
522,22944,0,10,1,10
2497,124345,0,10,1,1
8511,709012,1,100,1,15
9819,414223,1,100,1,11
9995,716239,1,10,1,11
5923,167209,0,100,1,3
1588,133395,0,10,1,4
9756,832155,1,100,1,12
1523,279240,1,100,1,3
170,853366,0,100,1,10
3014,726818,1,10,1,6
5827,269070,0,100,1,3
8211,815942,0,100,1,3
2267,603380,0,10,1,11
467,603961,1,10,1,3
8973,680268,1,10,1,13
3973,121519,1,10,1,5
6089,35901,1,100,1,9
8115,542284,0,10,1,3
1052,218991,1,100,1,12
7514,740834,1,100,1,10
9287,669795,0,100,1,7
3418,224794,0,10,1,10
9425,436144,1,100,1,1
4647,876696,0,100,1,7
853,196757,1,100,1,5
8846,575821,0,100,1,14
7611,521701,1,10,1,11
964,89948,0,10,1,4
5877,893333,1,100,1,5
4059,627244,1,100,1,11
8684,480105,1,100,1,12
6138,1547,0,10,1,10
3350,545200,1,10,1,6
2432,231506,1,100,1,0
5544,29728,0,10,1,8
1037,780900,1,100,1,13
7555,301056,0,10,1,3
3985,203868,1,100,1,1
5855,629420,0,10,1,15
9581,621119,0,100,1,13
3997,794237,0,100,1,13
1773,165402,1,100,1,13
1380,150929,1,100,1,4
4917,564940,0,100,1,5
3323,863343,0,100,1,11
76,677473,1,100,1,12
6403,319425,1,10,1,3
2649,214533,0,10,1,9
8325,786043,1,100,1,5
3321,644217,0,100,1,9
2114,117626,0,100,1,2
149,451355,1,100,1,5
8133,611585,1,100,1,5
7950,357642,0,10,1,14
2169,35024,0,10,1,9
2106,882665,1,100,1,10
1304,721399,1,100,1,8
5724,219623,1,10,1,12
7369,370550,1,100,1,9
418,741170,1,10,1,2
9918,700884,1,10,1,14
613,550164,1,10,1,5
3389,566988,1,10,1,13
3884,499247,0,10,1,12
3659,403710,1,10,1,11
2030,5492,0,100,1,14
4837,946104,1,10,1,5
2448,779232,0,100,1,0
453,311245,0,100,1,5
5017,61123,0,10,1,9
5383,167381,0,10,1,7
6956,431821,0,100,1,12
6910,600929,1,10,1,14
4204,332456,1,100,1,12
9170,825455,1,100,1,2
3245,601650,1,100,1,13
3923,325482,1,10,1,3
7436,586780,0,10,1,12
9846,992428,1,10,1,6
3266,553703,0,10,1,2
8061,187664,1,100,1,13
2895,291656,0,100,1,15
3013,76822,1,10,1,5
5674,870612,1,100,1,10
3162,569064,0,10,1,10
1620,452552,1,10,1,4
8131,541155,1,100,1,3
5915,792520,0,10,1,11
2360,912018,0,100,1,8
6914,266134,1,100,1,2
276,843076,0,100,1,4
6998,145707,1,100,1,6
2809,752157,0,100,1,9
8079,368187,1,10,1,15
3945,904838,1,10,1,9
4517,647991,1,100,1,5
2389,485419,0,10,1,5
8457,532681,1,10,1,9
4166,800364,0,10,1,6
4201,641619,0,100,1,9
5155,984833,0,10,1,3
5145,952914,1,100,1,9
546,417818,0,10,1,2
8127,157755,1,10,1,15
9447,315709,0,10,1,7
4306,414611,1,100,1,2
8318,365538,0,10,1,14
5439,845711,0,100,1,15
2078,113392,1,100,1,14
5332,660575,1,100,1,4
4792,368890,0,10,1,8
1997,566430,1,100,1,13
1846,340800,0,100,1,6
2796,803960,1,10,1,12
8358,840152,1,100,1,6
7989,529513,0,10,1,5
6324,446061,1,100,1,4
627,822047,1,10,1,3
2898,949624,1,100,1,2
6791,45747,0,100,1,7
273,271285,1,100,1,1
8324,260954,0,10,1,4
7849,852983,0,100,1,9
1529,676966,1,100,1,9
1295,550789,1,100,1,15
7221,437529,1,100,1,5
5044,484508,1,100,1,4
292,803162,1,100,1,4
5114,183857,0,10,1,10
1448,163116,0,100,1,8
4176,432015,1,10,1,0
112,387666,1,100,1,0
2756,357663,1,10,1,4
6875,627231,1,100,1,11
435,140027,1,100,1,3
7160,654025,1,10,1,8
4224,293088,0,10,1,0
4198,715826,1,100,1,6
175,901698,0,100,1,15
4897,194050,0,10,1,1
5490,274349,1,100,1,2
7533,404207,0,100,1,13
4789,975742,1,10,1,5
749,143309,0,10,1,13
7280,379319,0,100,1,0
8168,353442,1,10,1,8
6811,682709,0,100,1,11
4753,636449,0,100,1,1
9332,674614,0,100,1,4
202,92391,1,100,1,10
9086,477734,0,100,1,14
975,777901,1,10,1,15
5712,110159,1,10,1,0
7079,187953,1,100,1,7
9661,531601,1,10,1,13
4036,570622,0,100,1,4
6405,270992,1,100,1,5
9293,513639,1,100,1,13
8036,333304,0,10,1,4
1811,772753,1,10,1,3
1889,670620,0,100,1,1
2575,425259,1,100,1,15
1643,591007,1,10,1,11
6591,379164,1,100,1,15
1151,891403,1,100,1,15
2173,393477,1,100,1,13
2580,559075,0,100,1,4
5425,383115,0,10,1,1
227,298518,1,100,1,3
1687,269382,0,100,1,7
3690,752883,1,100,1,10
9136,466247,0,100,1,0
6019,190975,0,10,1,3
6229,807395,1,100,1,5
4625,809361,0,100,1,1
859,247527,0,100,1,11
4458,219706,1,10,1,10
4527,547332,1,100,1,15
3119,858219,0,100,1,15
9823,160103,1,100,1,15
6718,305014,0,100,1,14
6857,19472,1,10,1,9
2212,208151,1,100,1,4
488,343849,0,100,1,8
6008,694738,1,100,1,8
6936,186411,1,10,1,8
1920,739045,1,10,1,0
114,869383,1,100,1,2
1759,593959,0,10,1,15
4864,953450,0,10,1,0
9852,82676,0,10,1,12
6,483538,1,10,1,6
1275,961947,1,10,1,11
3108,407397,0,10,1,4
1412,313706,0,100,1,4
6057,868782,1,10,1,9
1400,662721,1,10,1,8
5244,538758,0,100,1,12
4321,677445,0,100,1,1
5323,565839,1,100,1,11
6187,156441,0,100,1,11
3228,762675,1,10,1,12
1848,372878,0,100,1,8
1968,514694,0,10,1,0
1155,651572,0,10,1,3
9525,400320,1,100,1,5
3464,549942,0,10,1,8
3777,961705,1,10,1,1
3749,537701,0,10,1,5
7396,803695,0,100,1,4
2632,764141,1,10,1,8
8650,981368,1,10,1,10
9164,318774,1,10,1,12
9483,92356,0,10,1,11
3713,453500,0,10,1,1
6379,500486,0,100,1,11
3006,885644,0,100,1,14
3570,177446,0,100,1,2
7663,147426,1,10,1,15
8252,557145,0,100,1,12
7505,92314,1,10,1,1
6798,591365,1,10,1,14
8232,938307,0,100,1,8
3560,731293,0,10,1,8
1767,939229,0,10,1,7
6090,53993,1,10,1,10
9802,890854,1,100,1,10
7655,463742,0,100,1,7
6722,554449,0,100,1,2
7773,938740,0,100,1,13
5013,748449,1,100,1,5
8633,25536,0,10,1,9
7202,520793,0,100,1,2
2926,758504,1,10,1,14
6779,688752,0,10,1,11
8051,319232,0,100,1,3
6112,268088,0,100,1,0
4288,637526,0,100,1,0
362,327127,0,10,1,10
5781,868391,1,10,1,5
1339,616471,0,100,1,11
2188,59932,1,10,1,12
9261,14309,1,100,1,13
892,385427,0,100,1,12
2428,946342,1,10,1,12
2496,255865,0,10,1,0
1038,896796,0,10,1,14
5006,365978,0,100,1,14
4619,311062,1,100,1,11
1077,237148,0,100,1,5
8179,393099,0,100,1,3
237,934335,0,10,1,13
4599,317044,1,10,1,7
1002,887524,1,100,1,10
4746,65925,0,100,1,10
5375,260249,0,100,1,15
4604,685867,1,100,1,12
2255,456683,1,10,1,15
4213,926775,1,100,1,5
8937,706695,0,100,1,9
559,240502,1,100,1,15
2028,238599,1,10,1,12
540,998021,1,100,1,12
5542,260618,1,10,1,6
5962,561606,1,10,1,10
7491,280693,1,10,1,3
5052,907219,1,100,1,12
4375,371810,1,10,1,7
2335,9601,0,10,1,15
5864,41024,1,100,1,8
4519,312052,0,10,1,7
9124,242185,0,100,1,4
4509,402080,0,10,1,13
191,537205,0,10,1,15
2634,864337,1,100,1,10
3137,70959,1,10,1,1
2717,216235,0,10,1,13
65,271088,0,10,1,1
470,855077,0,100,1,6
913,491268,1,100,1,1
3388,934444,1,10,1,12
9671,932385,0,100,1,7
8599,791521,0,10,1,7
9011,99793,0,10,1,3
8881,505028,1,100,1,1
187,619132,0,100,1,11
922,422845,0,100,1,10
33,961985,1,10,1,1
155,52974,0,100,1,11
1369,453682,1,10,1,9
865,919985,0,10,1,1
7958,556810,1,100,1,6
5921,256802,1,100,1,1
3565,727877,0,10,1,13
9670,865577,1,100,1,6
3159,578847,1,100,1,7
105,813273,1,100,1,9
4889,723030,1,100,1,9
3052,40019,0,100,1,12
134,12269,0,100,1,6
7039,871046,0,10,1,15
20,892730,1,100,1,4
485,917172,1,100,1,5
2530,210424,0,10,1,2
7891,765873,1,100,1,3
3393,696037,0,100,1,1
3672,408975,0,10,1,8
5721,431898,1,10,1,9
5153,273878,0,10,1,1
1601,530296,0,10,1,1
4857,214726,0,100,1,9
4747,173207,1,100,1,11
5920,712145,1,10,1,0
7733,874759,0,100,1,5
2793,987758,1,100,1,9
4001,10954,0,10,1,1
813,936401,0,10,1,13
3826,744203,0,10,1,2
6440,781523,0,10,1,8
5529,151398,0,10,1,9
3626,172217,0,100,1,10
5423,117382,1,10,1,15
6999,349873,1,10,1,7
960,109357,0,100,1,0
5828,344215,1,10,1,4
4549,706693,1,10,1,5
7748,645062,0,100,1,4
6337,984707,0,100,1,1
5562,295914,0,10,1,10
8146,270867,1,100,1,2
7875,501564,0,100,1,3
9598,295807,1,10,1,14
5234,28371,0,100,1,2
4856,562911,0,10,1,8
2475,993648,1,10,1,11
4586,461575,1,10,1,10
1039,71069,1,100,1,15
8680,713379,0,10,1,8
8110,351436,0,10,1,14
519,750255,0,10,1,7
7145,156410,1,100,1,9
1022,188760,0,10,1,14
6128,181352,0,100,1,0
801,673914,0,100,1,1
3391,373217,0,100,1,15
6973,314268,1,10,1,13
9413,323970,1,100,1,5
6948,975174,0,100,1,4
4048,404947,0,100,1,0
3615,31805,0,100,1,15
9268,318471,0,100,1,4
2656,720895,1,100,1,0
2390,239556,0,10,1,6
5368,734492,0,100,1,8
7727,221886,0,10,1,15
2596,120078,1,10,1,4
4499,42877,0,100,1,3
8925,203094,1,10,1,13
8177,88913,1,100,1,1
6976,154527,1,10,1,0
4015,897404,0,10,1,15
8487,638021,0,100,1,7
9177,532963,1,10,1,9
5555,943505,0,100,1,3
3807,70411,0,10,1,15
462,330407,0,100,1,14
3714,248907,1,100,1,2
1834,679602,1,100,1,10
8003,984511,1,10,1,3
5829,451836,1,100,1,5
3907,740605,1,10,1,3
6536,234966,0,100,1,8
4543,940667,0,10,1,15
5370,237383,0,100,1,10
9431,900593,0,100,1,7
3677,200323,0,10,1,13
3173,827148,1,100,1,5
5115,279129,1,100,1,11
3235,840789,1,10,1,3
5817,144091,0,10,1,9
9262,407816,1,10,1,14
2570,879686,1,10,1,10
3867,654223,0,10,1,11
9328,814832,1,10,1,0
6300,815978,0,10,1,12
6844,320652,0,100,1,12
9600,370389,1,100,1,0
6951,758712,1,10,1,7
7776,9093,1,10,1,0
6540,755650,0,100,1,12
1819,79202,1,10,1,11
4327,192493,1,100,1,7
6430,633492,0,100,1,14
4734,834714,0,100,1,14
3585,321709,0,100,1,1
9443,452293,1,10,1,3
2932,885888,1,100,1,4
82,773612,0,100,1,2
5455,623604,1,100,1,15
4468,532196,1,10,1,4
1001,341873,0,10,1,9
1712,500049,0,10,1,0
3089,653118,0,100,1,1
5867,702753,0,100,1,11
8215,496993,0,10,1,7
2855,195238,1,100,1,7
8233,33307,0,10,1,9
8343,934815,1,100,1,7
840,242351,0,100,1,8
2102,208099,1,10,1,6
6680,995659,1,10,1,8
6770,363240,0,100,1,2
3223,787450,0,10,1,7
5634,358534,0,10,1,2
3343,53742,0,10,1,15
6212,273839,0,10,1,4
8296,880114,1,10,1,8
5719,41203,0,10,1,7
5567,904752,1,100,1,15
515,796852,0,100,1,3
1508,726910,0,10,1,4
2868,890568,1,10,1,4
7664,859005,0,100,1,0
5799,795864,0,10,1,7
1785,581823,1,10,1,9
4062,761234,0,10,1,14
8829,712521,0,100,1,13
8389,788019,0,10,1,5
8331,942178,1,10,1,11
6885,656927,0,10,1,5
6302,888801,1,100,1,14
3422,890737,0,100,1,14
9507,659695,0,100,1,3
2287,735555,1,100,1,15
9503,609259,0,100,1,15
3358,611858,0,10,1,14
4571,747788,0,10,1,11
130,280924,0,10,1,2
4251,325617,0,100,1,11
7554,82463,0,10,1,2
4824,527815,1,10,1,8
3354,42150,1,10,1,10
1057,571149,0,10,1,1
5111,551609,0,100,1,7
6593,93618,1,100,1,1
4462,408995,1,10,1,14
4558,166991,0,100,1,14
6895,836749,0,100,1,15
6460,410799,1,10,1,12
2441,801486,1,100,1,9
6564,486783,1,10,1,4
4670,9186,0,100,1,14
3297,465868,0,10,1,1
2823,997328,0,10,1,7
1379,202633,1,10,1,3
4939,697367,1,10,1,11
2640,450111,1,100,1,0
8928,534382,0,10,1,0
3645,528182,0,100,1,13
6391,663393,0,100,1,7
3374,280838,1,10,1,14
9057,30334,0,10,1,1
327,635253,0,10,1,7
3802,743104,1,10,1,10
4565,287142,1,100,1,5
7340,816811,0,100,1,12
7522,380641,1,10,1,2
514,718891,1,100,1,2
3470,188884,0,10,1,14
8572,230572,1,100,1,12
2521,415250,0,100,1,9
7216,205514,1,10,1,0
4706,877996,1,10,1,2
4896,799777,0,100,1,0
9665,155713,0,10,1,1
2958,890265,1,10,1,14
2726,969891,0,10,1,6
250,255348,0,100,1,10
9406,412252,0,10,1,14
4545,868570,1,100,1,1
1251,908743,0,100,1,3
2419,816918,0,10,1,3
3206,682947,0,100,1,6
1641,140346,0,10,1,9
943,717875,0,10,1,15
2509,39793,1,100,1,13
6818,278766,0,100,1,2
7289,471868,0,100,1,9
4535,549005,0,100,1,7
4388,107018,0,100,1,4
4633,963263,1,10,1,9
4950,253059,0,10,1,6
3094,745612,0,10,1,6
3461,617345,1,100,1,5
7638,482035,0,10,1,6
4179,645971,1,100,1,3
5051,564702,0,100,1,11
6647,302536,0,10,1,7
537,179877,0,100,1,9
3492,42902,0,100,1,4
5504,735114,1,10,1,0
119,450214,0,100,1,7
4787,533029,0,10,1,3
2213,77665,1,10,1,5
3258,785073,0,10,1,10
7324,717044,1,100,1,12
1727,515802,0,10,1,15
3067,504069,0,100,1,11
8861,227883,1,10,1,13
7584,768333,1,100,1,0
8074,868184,1,10,1,10
287,700317,0,100,1,15
1660,311940,0,10,1,12
6905,566739,1,10,1,9
3924,714291,1,100,1,4
8193,506637,0,100,1,1
2969,103652,0,10,1,9
1320,450026,0,100,1,8
6896,987431,0,10,1,0
8878,826867,0,100,1,14
204,709965,1,100,1,12
2920,51185,1,10,1,8
5403,588797,0,100,1,11
8387,709167,1,10,1,3
4821,590116,0,10,1,5
8536,363359,1,10,1,8
6889,206121,0,100,1,9
5794,457020,1,10,1,2
8326,405014,0,10,1,6
2807,297913,1,100,1,7
233,36208,0,100,1,9
2700,904722,1,100,1,12
9458,435876,0,10,1,2
4211,787071,0,100,1,3
5770,586281,1,100,1,10
1642,516825,1,100,1,10
785,213343,1,10,1,1
8082,309221,1,10,1,2
7885,63304,0,10,1,13
1901,779303,1,10,1,13
1590,482008,0,100,1,6
4252,907095,0,100,1,12
1278,907993,0,10,1,14
9841,890976,0,10,1,1
7378,603637,0,10,1,2
3331,232268,0,10,1,3
2277,723553,0,10,1,5
9153,77106,1,100,1,1
6458,982785,0,100,1,10
4617,603236,1,100,1,9
1732,977425,1,100,1,4
5861,714191,1,100,1,5
4337,810035,0,10,1,1
6638,758687,1,10,1,14
8186,712213,1,100,1,10
7068,40283,1,100,1,12
3262,753724,1,100,1,14
3951,493783,0,10,1,15
6177,204905,0,100,1,1
8874,743316,1,100,1,10
7157,755482,1,10,1,5
47,196846,1,100,1,15
804,726644,1,10,1,4
5618,418106,0,100,1,2
5161,461525,0,100,1,9
837,190468,1,10,1,5
3689,558159,0,10,1,9
9246,915536,0,10,1,14
5080,456975,1,100,1,8
8789,382502,0,100,1,5
110,854672,0,10,1,14
6640,130003,1,10,1,0
4164,691510,0,10,1,4
9095,769743,0,100,1,7
5299,306401,0,10,1,3
8604,555937,1,10,1,12
4334,393330,1,100,1,14
7699,448315,1,10,1,3
7943,802098,0,10,1,7
1936,52098,1,100,1,0
2678,3140,1,100,1,6
8422,138323,0,100,1,6
411,626477,0,10,1,11
7077,519877,1,100,1,5
3595,415597,1,100,1,11
3643,525919,1,10,1,11
1190,10347,0,100,1,6
9899,94758,0,100,1,11
8714,100241,0,10,1,10
4314,954195,1,10,1,10
6149,935337,0,10,1,5
2479,291992,1,100,1,15
6228,321218,1,100,1,4
4920,66896,1,100,1,8
9009,219635,1,10,1,1
8647,880795,0,100,1,7
8444,474133,1,100,1,12
3532,710016,0,100,1,12
5304,937474,1,100,1,8
3367,393686,1,10,1,7
5577,580969,1,100,1,9
344,116061,0,100,1,8
915,451068,1,100,1,3
4678,25928,0,10,1,6
6732,893501,1,10,1,12
7277,850084,1,100,1,13
6014,46784,0,10,1,14
1612,839129,0,100,1,12
1726,546450,1,10,1,14
9641,742485,0,10,1,9
9784,63058,1,10,1,8
962,489306,0,100,1,2
2554,336788,0,100,1,10
6358,258995,1,100,1,6
6012,333143,0,10,1,12
1366,935601,1,10,1,6
8429,213237,0,10,1,13
3257,15956,1,10,1,9
6678,68715,1,10,1,6
4907,166108,1,100,1,11
541,757773,0,100,1,13
391,991341,0,100,1,7
8334,779237,1,10,1,14
4276,357265,1,10,1,4
4055,16994,1,100,1,7
3692,790698,1,10,1,12
4705,359296,0,10,1,1
6955,956265,0,10,1,11
8497,351355,1,10,1,1
9615,728055,1,100,1,15
2630,995392,0,100,1,6
2115,427930,1,10,1,3
9868,295359,1,10,1,12
5977,912054,0,10,1,9
4051,454555,0,10,1,3
2724,369974,0,100,1,4
1632,255312,1,100,1,0
7632,930251,1,100,1,0
4124,620680,1,100,1,12
4046,557680,0,100,1,14
1397,501249,0,10,1,5
985,594515,1,100,1,9
5932,72646,0,10,1,12
1655,672694,0,100,1,7
5119,746164,1,10,1,15
8173,100351,1,10,1,13
8781,113789,1,10,1,13
5654,669887,0,100,1,6
6714,747009,1,10,1,10
2627,673685,1,10,1,3
3352,728286,1,100,1,8
5531,975352,0,10,1,11
4881,277447,1,100,1,1
4214,188961,0,10,1,6
7104,493934,0,10,1,0
5728,130916,0,100,1,0
2534,964653,0,10,1,6
1800,31452,1,10,1,8
4735,705029,1,10,1,15
2273,114311,0,100,1,1
5409,572539,0,10,1,1
2037,974886,0,100,1,5
8788,913166,0,100,1,4
1393,314716,1,100,1,1
9722,703742,0,100,1,10
809,942694,0,10,1,9
7559,715344,0,100,1,7
7960,854717,0,10,1,8
5042,62212,0,100,1,2
4407,738974,0,100,1,7
6757,520582,0,10,1,5
7862,598424,0,10,1,6
1072,62540,0,100,1,0
4813,976923,0,100,1,13
9705,370375,0,100,1,9
9165,372680,1,10,1,13
8191,463706,0,100,1,15
5408,162260,1,10,1,0
4133,239823,1,10,1,5
6584,213122,0,10,1,8
9769,978036,1,10,1,9
9687,883301,0,10,1,7
4430,200785,1,10,1,14
1506,640237,1,10,1,2
7672,456806,0,10,1,8
6043,708510,1,100,1,11
5066,637756,1,100,1,10
618,237266,0,100,1,10
2398,741096,1,100,1,14
5201,281921,1,100,1,1
9940,277797,0,10,1,4
7621,577604,1,100,1,5
369,371466,0,100,1,1
6272,303962,1,100,1,0
6644,86355,1,10,1,4
5398,802831,0,10,1,6
2625,277079,1,10,1,1
4467,5360,0,10,1,3
4510,277991,0,100,1,14
3887,818897,1,100,1,15
1194,969729,0,100,1,10
7820,941678,0,100,1,12
9873,24708,0,100,1,1
6424,549356,0,100,1,8
2221,104063,0,100,1,13
9320,817076,1,100,1,8
9805,64288,0,100,1,13
2072,697231,1,10,1,8
7059,567135,0,10,1,3
8458,45139,1,10,1,10
8004,557335,1,100,1,4
3969,725332,0,100,1,1
961,85618,1,100,1,1
4898,718059,0,100,1,2
1595,244519,0,10,1,11
4814,452213,1,10,1,14
589,956489,1,10,1,13
1317,632356,1,100,1,5
3597,753767,1,10,1,13
6813,426068,0,100,1,13
9364,179721,1,100,1,4
4876,608582,0,10,1,12
6990,762317,1,10,1,14
6318,696345,0,100,1,14
9196,49247,1,100,1,12
8447,427656,1,10,1,15
1966,820927,0,10,1,14
4085,275391,1,10,1,5
4878,241441,0,10,1,14
1,718605,0,10,1,1
9732,76073,1,10,1,4
3118,448835,0,100,1,14
1247,596885,1,10,1,15
3413,543272,1,100,1,5
5348,887411,0,10,1,4
3770,987839,1,100,1,10
247,113917,1,10,1,7
8909,677131,1,100,1,13
3074,652393,1,100,1,2
9008,163310,0,100,1,0
6491,608358,1,100,1,11
6987,491282,0,100,1,11
4621,227231,0,100,1,13
1118,532290,1,10,1,14
7474,142216,1,10,1,2
3426,219782,1,100,1,2
1803,788914,1,100,1,11
7274,231971,1,100,1,10
9440,872153,1,100,1,0
6607,422778,0,100,1,15
6589,523352,0,10,1,13
1631,992943,1,100,1,15
461,298152,0,100,1,13
6411,711031,1,10,1,11
3859,995896,0,10,1,3
480,551425,1,10,1,0
8619,141117,1,10,1,11
6575,258516,1,10,1,15
7674,86776,0,10,1,10
4068,3572,0,10,1,4
6961,256933,0,100,1,1
1179,478923,0,100,1,11
9528,794519,1,100,1,8
3885,184409,1,100,1,13
2735,131283,0,100,1,15
6677,782936,0,10,1,5
5481,603409,1,100,1,9
9998,977695,1,100,1,14
6069,121611,1,100,1,5
6598,122948,1,100,1,6
2198,842545,0,10,1,6
6846,39687,0,100,1,14
2399,469973,1,100,1,15
5350,70545,0,100,1,6
7128,816923,1,10,1,8
8664,783404,0,100,1,8
1905,529303,0,100,1,1
9776,264206,0,100,1,0
2454,32725,1,100,1,6
4552,551961,1,100,1,8
8780,476311,0,100,1,12
6774,167537,1,10,1,6
9907,811397,1,100,1,3
3783,795706,1,10,1,7
6595,59839,1,10,1,3
8378,999632,1,100,1,10
9021,413445,1,10,1,13
9347,957373,0,10,1,3
2462,168649,0,10,1,14
6454,122754,1,10,1,6
9593,473787,0,100,1,9
5718,660761,1,10,1,6
5624,888220,0,10,1,8
2798,589952,1,100,1,14
6453,867005,1,100,1,5
7016,9316,0,10,1,8
6191,470199,1,100,1,15
5671,345734,0,10,1,7
8120,74796,1,100,1,8
1097,754720,1,100,1,9
1493,315152,1,100,1,5
7785,675598,1,100,1,9
7706,328263,0,100,1,10
5515,14662,1,100,1,11
3342,313238,0,10,1,14
3180,157984,1,100,1,12
3557,958446,1,100,1,5
6195,535246,1,100,1,3
3761,111159,1,100,1,1
1731,810746,1,10,1,3
1953,152589,0,100,1,1
93,406851,0,10,1,13
7082,938742,1,100,1,10
5677,698464,0,10,1,13
5366,444469,0,10,1,6
9884,550904,0,100,1,12
4384,229896,1,10,1,0
6161,714287,1,10,1,1
4422,993562,1,10,1,6
1593,861651,0,100,1,9
2851,966087,0,10,1,3
9356,852077,0,100,1,12
6366,975737,0,100,1,14
3076,607883,1,10,1,4
5124,417140,1,100,1,4
5914,180733,1,10,1,10
9498,164402,0,100,1,10
8140,931697,0,100,1,12
6558,348162,1,100,1,14
4866,159976,1,100,1,2
3704,419572,1,10,1,8
683,540097,1,10,1,11
5003,480505,0,10,1,11
4601,618599,0,10,1,9
9980,278610,0,100,1,12
9983,196598,0,100,1,15
4504,771656,0,10,1,8
2691,551992,0,100,1,3
3860,436407,1,100,1,4
43,634952,1,100,1,11
1122,354284,0,10,1,2
6483,371625,0,10,1,3
7487,289557,0,10,1,15
2938,98934,1,10,1,10
6083,813663,1,10,1,3
8659,360059,0,10,1,3
817,494071,0,10,1,1
1223,719966,1,100,1,7
7838,768303,0,100,1,14
3667,620823,0,100,1,3
5999,925423,0,10,1,15
2822,867542,0,10,1,6
1591,477822,1,10,1,7
2026,653667,1,10,1,10
3201,50701,1,100,1,1
5690,896334,0,100,1,10
2651,825637,1,10,1,11
644,631708,1,10,1,4
2870,517491,1,100,1,6
5086,754476,0,100,1,14
1521,535787,0,10,1,1
6005,609541,0,10,1,5
1683,755874,0,10,1,3
2300,349822,0,100,1,12
6359,390114,1,100,1,7
8118,999290,0,10,1,6
7527,217250,0,10,1,7
5457,431311,1,10,1,1
7867,107070,1,10,1,11
9325,151773,1,100,1,13
95,463114,0,100,1,15
1489,822494,1,10,1,1
908,211937,0,10,1,12
2079,295251,0,10,1,15
2349,191653,1,10,1,13
2229,433589,1,10,1,5
9501,296474,0,10,1,13
5581,573852,0,10,1,13
7920,723510,1,100,1,0
7337,336934,0,10,1,9
4005,125129,1,10,1,5
3148,19418,0,100,1,12
4266,769348,1,100,1,10
6046,36848,1,100,1,14
7391,495712,1,100,1,15
1528,164714,1,10,1,8
4483,598319,1,10,1,3
2070,433551,1,100,1,6
4229,192371,1,100,1,5
3646,679209,0,10,1,14
2545,143053,0,100,1,1
5400,736760,1,100,1,8
8803,852439,1,100,1,3
6383,10127,1,100,1,15
9522,690477,0,100,1,2
3893,498229,0,10,1,5
6009,748235,0,100,1,9
684,450754,0,100,1,12
129,85968,1,100,1,1
147,927689,0,10,1,3
7381,236688,0,10,1,5
5257,380096,0,10,1,9
4083,952692,0,100,1,3
3047,721888,1,10,1,7
6100,46232,1,100,1,4
9786,502520,0,100,1,10
2489,421735,1,100,1,9
1401,672120,1,100,1,9
5783,850496,0,100,1,7
9601,912900,0,100,1,1
4546,451554,0,10,1,2
8813,286469,1,10,1,13
8230,863499,1,100,1,6
8654,196373,0,100,1,14
8776,652317,1,100,1,8
7869,11823,0,10,1,13
4255,410497,0,10,1,15
9952,948082,0,10,1,0
9560,588565,0,100,1,8
4925,858541,0,10,1,13
9700,17080,0,10,1,4
3703,273553,0,10,1,7
6183,779768,0,100,1,7
4815,260094,0,100,1,15
4154,114532,1,10,1,10
7688,298088,1,10,1,8
3649,956355,0,100,1,1
2718,117652,1,10,1,14
1761,835760,0,100,1,1
2436,182461,1,100,1,4
1281,592419,1,100,1,1
1153,942976,0,100,1,1
1464,167708,1,100,1,8
6459,562433,1,10,1,11
4958,33626,1,10,1,14
2843,291848,1,10,1,11
652,373960,0,100,1,12
9230,483373,0,10,1,14
2820,624087,0,100,1,4
1136,392369,1,100,1,0
5187,259891,0,10,1,3
5916,653958,0,100,1,12
510,431921,1,10,1,14
6966,817,0,100,1,6
5326,670174,1,10,1,14
352,732180,0,100,1,0
4063,713654,0,10,1,15
7675,617449,1,10,1,11
4786,163856,1,10,1,2
5179,62206,1,10,1,11
9704,795614,1,100,1,8
8779,277930,0,100,1,11
5148,503834,0,10,1,12
7061,739129,0,10,1,5
1021,331368,0,100,1,13
4399,628007,1,100,1,15
7582,242586,0,100,1,14
6891,351740,0,10,1,11
6189,254091,1,10,1,13
7510,284566,1,100,1,6
2767,622434,1,100,1,15
1373,393066,1,10,1,13
3294,509277,1,100,1,14
5800,562716,1,100,1,8
1279,34093,0,100,1,15
1261,414268,1,10,1,13
1603,247457,1,100,1,3
6344,140373,1,10,1,8
5514,411664,0,100,1,10
8850,176786,0,100,1,2
3392,141841,0,10,1,0
4861,665451,1,10,1,13
6407,441436,1,100,1,7
1770,795057,1,10,1,10
876,405450,1,10,1,12
6490,829409,1,10,1,10
6632,648180,1,10,1,8
3428,606003,0,10,1,4
4495,953065,0,10,1,15
2999,702549,0,10,1,7
9188,176397,0,100,1,4
390,990137,0,100,1,6
4672,502562,0,100,1,0
626,470006,1,10,1,2
3,761683,0,10,1,3
2258,942792,0,100,1,2
1349,614531,0,100,1,5
5460,551241,1,10,1,4
8819,829012,1,100,1,3
3578,508350,0,10,1,10
1252,818279,1,100,1,4
3800,998059,0,100,1,8
5875,742961,1,100,1,3
2954,846352,0,100,1,10
2152,677234,0,10,1,8
3517,392568,0,100,1,13
2536,458448,0,100,1,8
1638,122877,1,100,1,6
4240,20923,0,10,1,0
6590,161298,1,10,1,14
2422,323369,1,100,1,6
7788,884875,0,100,1,12
9602,123731,1,100,1,2
441,893662,0,10,1,9
2998,402104,1,100,1,6
4449,171860,1,10,1,1
1018,314738,1,10,1,10
9224,71905,1,10,1,8
4300,486826,0,100,1,12
7648,822534,1,100,1,0
5282,971912,1,100,1,2
6333,396151,1,100,1,13
7742,51125,0,100,1,14
788,465554,1,100,1,4
232,914518,0,10,1,8
3674,950537,1,10,1,10
7431,35289,0,10,1,7
7770,452718,0,100,1,10
5991,658065,1,100,1,7
8269,843229,0,100,1,13
319,821441,0,100,1,15
9557,679079,1,10,1,5
3196,379027,1,100,1,12
1457,999842,1,100,1,1
3344,112897,1,10,1,0
8135,695601,1,10,1,7
1092,89565,1,10,1,4
3975,291726,0,100,1,7
7544,444235,0,10,1,8
8262,761762,1,10,1,6
2732,831828,0,10,1,12
1468,417336,1,100,1,12
1990,953978,1,100,1,6
6752,368313,0,10,1,0
1816,480515,1,10,1,8
9972,807029,1,100,1,4
451,638690,1,100,1,3
3925,741565,1,10,1,5
2675,349423,0,10,1,3
5444,364902,0,100,1,4
7787,417455,0,100,1,11
420,75305,0,10,1,4
4421,272110,0,100,1,5
8383,38139,0,100,1,15
9174,227982,1,100,1,6
7735,277800,0,10,1,7
6620,144066,1,10,1,12
1325,39598,1,100,1,13
8248,630712,1,10,1,8
2409,972282,1,100,1,9
3684,283852,1,100,1,4
6371,601654,0,100,1,3
1606,335588,1,10,1,6
896,830269,0,100,1,0
5056,592364,0,10,1,0
4395,769084,0,100,1,11
2736,456172,1,10,1,0
1390,152573,0,10,1,14
8200,860592,1,100,1,8
4560,762791,1,10,1,0
2316,821395,1,10,1,12
869,564792,0,10,1,5
9260,694474,0,10,1,12
6610,782666,0,10,1,2
7422,996197,1,100,1,14
4420,186627,1,10,1,4
5510,98678,1,100,1,6
9627,520511,0,100,1,11
9369,357168,1,10,1,9
7143,14141,0,100,1,7
8868,344959,1,10,1,4
9344,566033,0,100,1,0
9242,306613,0,10,1,10
5267,127974,1,100,1,3
6526,695591,0,100,1,14
3214,24899,1,10,1,14
3079,915028,0,100,1,7
4762,67905,1,100,1,10
8724,163053,0,10,1,4
8653,607621,1,10,1,13
4965,729551,1,100,1,5
2473,734728,0,100,1,9
7457,430886,0,100,1,1
697,238237,0,10,1,9
8989,69173,0,10,1,13
4113,860218,0,100,1,1
5922,396893,0,10,1,2
9393,310320,0,100,1,1
677,394222,1,100,1,5
7677,839506,1,100,1,13
6059,160668,1,100,1,11
1233,448970,1,10,1,1
2539,656336,1,100,1,11
3483,962861,0,10,1,11
503,799661,1,10,1,7
4210,769709,1,100,1,2
9397,304567,0,100,1,5
6064,430814,0,100,1,0
6822,630255,1,10,1,6
5563,951463,0,100,1,11
2886,132846,0,10,1,6
3948,57995,0,10,1,12
280,912127,1,10,1,8
3011,812369,1,10,1,3
5437,810544,0,100,1,13
3215,975033,1,100,1,15
3576,732187,1,100,1,8
4191,788560,1,10,1,15
1228,287570,1,10,1,12
7626,989211,0,10,1,10
9078,161276,1,10,1,6
6762,741789,0,10,1,10
1596,325396,0,100,1,12
8894,48498,1,100,1,14
5029,719505,1,10,1,5
4120,427466,1,100,1,8
1980,531851,1,10,1,12
6903,356006,0,10,1,7
7009,251586,1,10,1,1
5941,978817,0,10,1,5
5105,652675,0,10,1,1
5239,429926,1,100,1,7
4697,569712,1,100,1,9
6856,628019,1,100,1,8
4794,498395,0,10,1,10
3273,931029,0,100,1,9
2333,653906,1,10,1,13
1474,221805,1,100,1,2
7878,79733,1,100,1,6
8571,369382,1,100,1,11
394,887435,1,10,1,10
939,491053,1,100,1,11
4469,464642,1,100,1,5
6665,346689,0,10,1,9
3284,99584,1,100,1,4
3401,45339,0,10,1,9
9971,912235,0,100,1,3
7116,200408,1,10,1,12
2372,91724,0,100,1,4
2942,261345,1,100,1,14
6150,26266,1,100,1,6
7585,323301,0,100,1,1
8171,615508,1,100,1,11
5385,925629,1,10,1,9
3326,368312,1,100,1,14
9908,175380,1,100,1,4
900,388685,0,10,1,4
1763,731828,0,100,1,3
7592,347449,0,100,1,8
2093,571965,1,10,1,13
5517,415358,1,10,1,13
9666,477755,1,100,1,2
8908,87992,1,10,1,12
3869,397519,0,100,1,13
1682,323380,1,10,1,2
8195,212314,1,100,1,3
1260,705912,1,10,1,12
6084,275066,1,100,1,4
3295,285389,0,100,1,15
2274,261385,1,100,1,2
4732,784754,1,100,1,12
1856,971107,0,10,1,0
1125,886272,0,100,1,5
3510,229754,0,10,1,6
877,981898,0,100,1,13
5023,475576,0,100,1,15
3608,80556,0,100,1,8
5680,189074,1,10,1,0
9317,379569,1,10,1,5
5990,389095,1,100,1,6
8072,221849,0,10,1,8
4806,329386,1,10,1,6
8509,819052,0,10,1,13
6319,787143,1,100,1,15
8181,30369,1,10,1,5
4828,793971,0,100,1,12
630,771215,1,10,1,6
2268,499256,1,100,1,12
8491,216242,1,100,1,11
4341,962875,0,10,1,5
3283,492074,1,10,1,3
1823,391044,0,100,1,15
6179,275059,0,100,1,3
9199,218667,0,100,1,15
3687,521623,0,100,1,7
7707,565703,1,100,1,11
1435,522619,1,10,1,11
8709,541203,1,100,1,5
7103,943098,1,10,1,15
3549,928987,1,100,1,13
3063,583696,0,10,1,7
8236,997915,0,10,1,12
310,878638,1,10,1,6
6085,944863,1,10,1,5
2528,285668,1,100,1,0
6420,357704,1,100,1,4
9733,234024,1,10,1,5
6635,534846,0,10,1,11
3695,372778,1,100,1,15
4383,437787,1,100,1,15
1455,446987,0,10,1,15
3660,538097,1,100,1,12
9302,918684,0,10,1,6
6208,371177,1,100,1,0
2780,799952,0,100,1,12
2470,438712,0,10,1,6
9957,142991,0,10,1,5
4513,906559,1,10,1,1
6804,65463,0,10,1,4
3299,48952,0,100,1,3
3135,839990,0,10,1,15
5295,377517,1,100,1,15
9843,80867,1,10,1,3
4278,768730,1,10,1,6
9290,518710,0,10,1,10
8717,704714,0,100,1,13
535,218112,0,100,1,7
5615,618538,0,100,1,15
2533,302277,1,100,1,5
4091,478906,0,100,1,11
2110,74886,1,100,1,14
4111,355754,1,100,1,15
8518,473190,0,10,1,6
1730,425448,1,10,1,2
9385,474334,1,10,1,9
9061,105227,1,100,1,5
3635,240995,0,10,1,3
562,617768,1,10,1,2
9403,618447,0,10,1,11
2203,974635,0,10,1,11
214,898946,1,10,1,6
7181,979056,1,10,1,13
4041,937942,0,100,1,9
7845,980559,0,100,1,5
8147,419301,1,100,1,3
1654,698208,0,100,1,6
1471,815433,0,100,1,15
4977,637756,1,10,1,1
6147,188981,0,10,1,3
7098,441371,1,10,1,10
4159,849224,0,10,1,15
4359,483466,1,100,1,7
9693,691387,1,10,1,13
8298,726512,1,10,1,10
4616,776087,0,100,1,8
2071,874667,1,10,1,7
3274,839754,0,100,1,10
4313,631677,0,100,1,9
240,615649,1,100,1,0
7617,308185,0,100,1,1
8308,193303,1,10,1,4
6325,414590,0,100,1,5
2993,624749,0,100,1,1
6412,558989,0,100,1,12
9648,700968,0,10,1,0
7215,225143,1,100,1,15
3801,24147,0,10,1,9
5895,169178,1,100,1,7
9739,55695,0,100,1,11
4165,900486,1,100,1,5
3112,109694,1,100,1,8
4841,421116,0,10,1,9
7419,539554,0,10,1,11
7017,900270,1,10,1,9
7035,286185,0,10,1,11
9381,217368,1,100,1,5
7521,758552,0,100,1,1
8017,20963,0,100,1,1
7665,295413,0,100,1,1
6839,49568,0,10,1,7
4454,667733,1,10,1,6
4080,973470,1,100,1,0
3717,202561,1,100,1,5
8381,793002,0,100,1,13
6254,687517,0,10,1,14
9611,722149,0,10,1,11
5243,584508,0,100,1,11
3450,765930,0,100,1,10
8382,2675,1,10,1,14
1965,865675,1,10,1,13
5307,754275,0,100,1,11
4873,642171,1,10,1,9
1758,551886,1,10,1,14
3060,160939,0,100,1,4
7056,490296,0,100,1,0
3071,393104,1,100,1,15
4653,286205,1,100,1,13
9445,772707,1,100,1,5
9542,89502,0,100,1,6
3854,920283,0,10,1,14
8068,449316,0,10,1,4
9418,112449,1,100,1,10
6958,826411,1,100,1,14
1105,960944,0,100,1,1
423,710086,1,100,1,7
9755,945811,1,10,1,11
2235,169052,1,10,1,11
6573,908067,1,100,1,13
3841,787202,0,10,1,1
1236,426666,0,10,1,4
7494,48572,1,10,1,6
818,715592,0,10,1,2
6117,974198,0,100,1,5
7467,821823,1,100,1,11
4993,360409,1,10,1,1
4212,716176,0,100,1,4
1962,376361,0,10,1,10
1678,133581,1,10,1,14
9034,692933,1,100,1,10
5104,828615,0,10,1,0
4884,994972,0,10,1,4
7392,95645,0,100,1,0
6836,942131,1,10,1,4
1865,382077,0,100,1,9
5021,897789,1,100,1,13
3808,706318,0,10,1,0
926,803239,0,10,1,14
1463,463355,0,100,1,7
3227,706593,0,100,1,11
9659,593124,1,10,1,11
3610,903572,1,10,1,10
6364,368849,1,10,1,12
8111,673373,0,10,1,15
1101,473564,0,100,1,13
6469,207415,1,10,1,5
8144,861515,1,10,1,0
9200,500873,0,10,1,0
8039,513117,1,10,1,7
4187,82363,1,10,1,11
2299,683173,1,10,1,11
9987,466744,1,10,1,3
5352,781554,0,10,1,8
1814,491995,0,10,1,6
2708,232056,0,100,1,4
8517,491373,0,10,1,5
1986,883747,1,10,1,2
9860,347915,0,100,1,4
9073,457059,0,100,1,1
6533,566879,1,10,1,5
2166,345584,1,10,1,6
7789,925050,0,10,1,13
8388,679516,0,10,1,4
1952,571931,0,10,1,0
4796,766068,1,10,1,12
5070,690716,1,10,1,14
1156,875882,1,10,1,4
6550,789297,1,100,1,6
4923,206493,1,10,1,11
5753,216045,0,100,1,9
36,898161,0,10,1,4
556,519266,1,100,1,12
378,946285,1,100,1,10
4431,162964,1,100,1,15
7729,620139,1,100,1,1
6877,597179,0,100,1,13
5833,318581,1,100,1,9
372,77627,1,100,1,4
1806,146353,1,100,1,14
220,601167,1,10,1,12
8420,21344,0,100,1,4
920,859752,1,100,1,8
6797,532812,0,10,1,13
7152,192193,1,10,1,0
2556,749049,1,100,1,12
1182,538404,0,100,1,14
7685,719921,1,100,1,5
9824,145093,0,10,1,0
607,223760,0,100,1,15
4624,302858,0,10,1,0
9685,906480,0,100,1,5
4628,316403,0,10,1,4
1838,604648,0,10,1,14
9060,480531,0,100,1,4
3657,609095,1,100,1,9
7680,517724,0,10,1,0
2499,803042,0,100,1,3
5480,683202,0,100,1,8
198,821291,1,100,1,6
7108,428540,0,100,1,4
4439,823035,0,100,1,7
7848,787165,1,10,1,8
257,758759,1,10,1,1
4855,639384,0,100,1,7
7195,339571,1,100,1,11
3250,456780,0,100,1,2
3878,376734,0,10,1,6
5899,618116,1,100,1,11
6398,121983,0,100,1,14
511,655621,0,100,1,15
4520,119667,1,10,1,8
9062,748282,1,100,1,6
7782,148361,0,10,1,6
3098,778899,0,10,1,10
3701,54793,0,10,1,5
1896,819313,0,100,1,8
9546,21644,1,10,1,10
6600,961892,1,10,1,8
5606,222747,0,100,1,6
5165,836539,1,10,1,13
3114,643201,1,10,1,10
398,374793,1,100,1,14
6495,559627,0,100,1,15
1221,698756,1,10,1,5
8563,627830,1,10,1,3
4986,99719,0,100,1,10
761,385778,0,10,1,9
2540,755104,1,10,1,12
6708,739344,1,10,1,4
4846,448175,1,100,1,14
8,410033,1,100,1,8
4942,740578,0,100,1,14
4060,372331,0,100,1,12
8214,559172,1,10,1,6
9169,118476,1,10,1,1
5069,142782,0,100,1,13
9232,210060,0,10,1,0
8451,465635,1,10,1,3
3571,124095,1,100,1,3
4492,611893,1,100,1,12
7268,84145,1,100,1,4
9608,240192,1,100,1,8
7219,960402,1,10,1,3
4246,881214,0,100,1,6
9275,248919,0,10,1,11
8182,512251,1,10,1,6
9388,195350,1,10,1,12
9305,567175,1,100,1,9
8414,185480,0,10,1,14
5097,587430,0,10,1,9
8931,256620,0,10,1,3
600,572394,1,10,1,8
4066,100974,1,100,1,2
4101,504813,1,10,1,5
6336,724305,1,100,1,0
4442,739582,0,100,1,10
2934,342565,0,100,1,6
330,30381,1,100,1,10
8872,433006,0,10,1,8
321,455020,0,10,1,1
4493,576658,0,10,1,13
5333,550613,0,10,1,5
1525,94292,0,100,1,5
6601,347590,0,100,1,9
6637,514812,0,100,1,13
1598,879173,1,10,1,14
3978,996232,0,100,1,10
6933,988992,0,100,1,5
2126,692696,0,10,1,14
249,439974,1,10,1,9
7034,975037,0,100,1,10
5219,962328,1,10,1,3
5856,8329,0,100,1,0
5213,183490,0,10,1,13
4228,131169,0,10,1,4
4076,152317,0,10,1,12
4294,831516,0,100,1,6
3472,854449,1,10,1,0
9460,618241,1,100,1,4
6274,86562,0,10,1,2
8264,619080,1,100,1,8
9350,919174,0,10,1,6
7842,242008,0,100,1,2
8983,848291,1,10,1,7
9055,480132,0,10,1,15
8585,632893,1,100,1,9
6812,479319,1,100,1,12
8994,363948,0,10,1,2
5707,794055,1,10,1,11
9737,695629,1,10,1,9
7084,298830,0,100,1,12
2195,9342,1,100,1,3
1085,135206,0,10,1,13
2930,849275,0,10,1,2
1882,657805,0,100,1,10
2889,111111,0,100,1,9
5386,238541,0,100,1,10
9130,757,1,100,1,10
8485,592898,1,100,1,5
6786,346624,1,10,1,2
5059,199201,0,10,1,3
897,578270,1,10,1,1
2535,209531,1,100,1,7
4262,362632,1,10,1,6
4590,183021,1,100,1,14
8568,538771,0,100,1,8
3753,627166,0,100,1,9
565,828527,1,100,1,5
8348,5466,0,10,1,12
6001,744513,0,100,1,1
5656,52280,1,100,1,8
7608,843531,1,10,1,8
3117,266463,1,10,1,13
2548,4833,0,10,1,4
923,803689,0,10,1,11
7917,70723,1,100,1,13
7569,903131,1,10,1,1
7985,6082,0,100,1,1
8907,410316,0,100,1,11
2761,870813,0,10,1,9
6697,672866,0,100,1,9
932,939767,0,100,1,4
8847,474701,0,100,1,15
555,893731,0,10,1,11
78,466291,1,100,1,14
4218,992200,0,100,1,10
9135,47601,0,10,1,15
8798,294765,1,10,1,14
5772,602363,1,10,1,12
4727,683310,0,10,1,7
6261,884007,0,10,1,5
873,208518,1,10,1,9
8538,416387,1,100,1,10
2304,706763,0,10,1,0
7614,103882,0,100,1,14
1630,601932,0,100,1,14
8674,963318,0,10,1,2
3200,711590,0,100,1,0
1154,155489,0,100,1,2
9129,577766,0,10,1,9
9872,108537,1,100,1,0
1908,561955,0,100,1,4
4144,904265,0,10,1,0
4182,831573,1,10,1,6
4797,444329,1,10,1,13
1160,925868,0,100,1,8
5557,192953,0,100,1,5
6523,743550,1,10,1,11
6423,487579,0,10,1,7
7757,90650,0,100,1,13
2783,372936,0,100,1,15
9093,863321,1,10,1,5
329,838007,1,10,1,9
587,756931,0,10,1,11
8965,189588,1,100,1,5
210,257352,1,10,1,2
2712,719482,0,10,1,8
1551,965109,1,100,1,15
4946,135847,1,100,1,2
4839,783773,0,10,1,7
4575,977403,1,10,1,15
6015,901288,0,10,1,15
1941,393192,1,100,1,5
7887,240823,0,10,1,15
7260,261944,0,10,1,12
979,23566,0,100,1,3
7146,610901,1,10,1,10
3086,823197,0,10,1,14
4919,723978,0,10,1,7
7303,915085,1,100,1,7
6434,302699,0,100,1,2
5297,312497,0,100,1,1
9063,693679,0,10,1,7
6484,759560,0,100,1,4
2951,285374,1,100,1,7
3037,58608,1,10,1,13
9830,55302,0,100,1,6
1078,733587,1,100,1,6
7545,99012,0,10,1,9
624,52724,1,100,1,0
2591,539349,1,100,1,15
2210,783924,1,10,1,2
1699,510456,1,100,1,3
5236,246368,0,10,1,4
7248,384065,0,10,1,0
6488,754129,1,100,1,8
2158,827666,1,100,1,14
1181,483132,0,10,1,13
598,825765,0,10,1,6
2143,56472,0,100,1,15
9042,368728,1,10,1,2
71,689532,0,10,1,7
1225,804657,1,100,1,9
6210,974053,1,10,1,2
775,863802,0,10,1,7
2246,138428,0,100,1,6
3375,193952,0,100,1,15
1517,442580,1,10,1,13
3974,766227,0,100,1,6
1755,171125,0,10,1,11
2006,386967,0,10,1,6
8433,515947,0,100,1,1
3021,121673,0,10,1,13
5643,522699,1,10,1,11
6455,686918,1,10,1,7
3335,782333,1,10,1,7
3915,797217,0,100,1,11
426,260196,0,10,1,10
9144,50320,0,10,1,8
8367,504214,1,100,1,15
284,603979,0,100,1,12
5000,223621,1,10,1,8
1922,308424,0,100,1,2
679,795023,0,100,1,7
8967,390499,0,10,1,7
860,404528,1,100,1,12
5118,914842,1,100,1,14
601,81156,0,10,1,9
4155,447172,1,10,1,11
5685,721706,0,10,1,5
636,622004,1,100,1,12
5762,596780,0,10,1,2
3501,967361,0,10,1,13
8601,457830,0,10,1,9
2699,992799,0,10,1,11
9189,522277,0,10,1,5
6977,34349,0,10,1,1
1563,696543,1,100,1,11
2458,417320,1,100,1,10
3764,951983,1,10,1,4
992,942825,0,10,1,0
2397,1598,1,10,1,13
4703,893275,0,100,1,15
3481,35580,1,100,1,9
9955,441416,1,10,1,3
1171,137352,0,100,1,3
5711,829654,0,100,1,15
2339,151862,1,10,1,3
5448,307430,0,100,1,8
2787,763694,1,10,1,3
3944,503608,0,10,1,8
6114,508691,0,100,1,2
3078,943542,1,100,1,6
8136,881158,0,10,1,8
5832,173713,0,100,1,8
2425,575894,1,100,1,9
7325,130140,0,100,1,13
6315,783405,0,10,1,11
5813,615430,0,10,1,5
5130,174607,1,100,1,10
8707,982158,0,100,1,3
7772,585261,1,100,1,12
1635,524472,0,100,1,3
8083,573259,0,10,1,3
5173,812916,0,100,1,5
6802,977994,1,10,1,2
5594,821887,1,100,1,10
7358,689269,0,10,1,14
5601,665952,1,100,1,1
9935,202665,0,100,1,15
5512,636912,0,100,1,8
5454,506534,0,100,1,14
5384,576892,0,100,1,8
2613,380581,0,10,1,5
178,940816,0,100,1,2
1711,350071,1,10,1,15
6287,340747,1,100,1,15
1426,357849,1,100,1,2
4040,162751,1,10,1,8
3836,773148,1,10,1,12
8441,138291,1,10,1,9
4,132261,1,100,1,4
6190,85128,1,10,1,14
7123,435302,1,10,1,3
1861,94622,1,100,1,5
2131,219844,1,10,1,3
9312,147504,0,10,1,0
6750,970636,0,100,1,14
1211,72133,0,10,1,11
2404,272914,1,10,1,4
8258,681297,0,10,1,2
9444,223874,1,10,1,4
4790,846555,1,100,1,6
1577,955013,1,100,1,9
8557,982208,0,10,1,13
8396,143090,0,100,1,12
5649,223280,0,10,1,1
1291,343601,1,10,1,11
7345,218288,0,10,1,1
9796,856968,1,100,1,4
3880,691926,1,10,1,8
9924,914845,0,10,1,4
4230,346293,0,100,1,6
1405,705953,1,10,1,13
9464,204360,1,10,1,8
4245,862432,1,100,1,5
517,158357,1,10,1,5
7916,603862,0,100,1,12
9604,6732,1,10,1,4
7996,280677,1,100,1,12
6170,623113,0,10,1,10
6643,15788,1,10,1,3
4905,578156,0,10,1,9
980,925700,1,10,1,4
15,894414,1,100,1,15
4309,383860,0,10,1,5
8901,567761,1,100,1,5
8216,911777,0,10,1,8
5162,362068,0,100,1,10
7309,587396,1,10,1,13
2644,340048,0,100,1,4
1409,57581,1,100,1,1
286,50529,0,100,1,14
5344,588856,1,10,1,0
629,636206,1,10,1,5
7440,750130,1,100,1,0
5422,71590,0,10,1,14
5026,368445,0,100,1,2
6865,86666,1,100,1,1
6724,21576,0,100,1,4
2835,427980,0,100,1,3
200,338629,1,10,1,8
4930,711551,0,10,1,2
4518,501033,0,10,1,6
6532,372432,0,100,1,4
7189,999936,0,10,1,5
6971,799977,1,10,1,11
443,514791,1,10,1,11
4872,687242,1,10,1,8
8529,800400,1,10,1,1
4011,516971,0,100,1,11
1063,471060,1,10,1,7
5433,839074,0,100,1,9
3126,866801,1,10,1,6
5826,312892,1,10,1,2
5578,529006,0,10,1,10
8109,190802,1,10,1,13
7539,460923,0,100,1,3
1886,79657,1,100,1,14
2051,291327,0,100,1,3
3066,821267,1,100,1,10
751,321045,1,10,1,15
7133,430176,1,100,1,13
3403,661560,0,10,1,11
8799,949727,0,10,1,15
87,874901,1,10,1,7
3383,679124,1,100,1,7
2642,465601,1,100,1,2
3708,605692,1,10,1,12
9777,614078,1,10,1,1
6160,345128,1,10,1,0
3544,339990,0,100,1,8
6806,433333,1,100,1,6
380,459914,1,10,1,12
6394,603469,1,10,1,10
3360,907563,1,10,1,0
8357,645563,0,100,1,5
3255,900841,0,10,1,7
9294,864418,1,10,1,14
5058,142422,1,100,1,2
18,753361,0,100,1,2
6681,322064,1,10,1,9
4013,57699,1,10,1,13
9590,800871,0,100,1,6
673,585270,0,100,1,1
3275,373116,1,10,1,11
1082,121599,1,100,1,10
9909,71494,1,100,1,5
7880,6044,0,100,1,8
7801,113332,0,10,1,9
9734,757798,0,10,1,6
7489,127040,0,100,1,1
8283,553093,0,10,1,11
3900,134067,1,10,1,12
8626,935111,0,100,1,2
8114,137477,1,10,1,2
7171,46009,0,100,1,3
9351,609752,0,100,1,7
1282,421205,1,100,1,2
6773,772552,0,100,1,5
471,950363,0,100,1,7
325,835832,1,100,1,5
7473,253734,0,10,1,1
2494,581228,1,10,1,14
3600,780264,1,10,1,0
986,261527,1,10,1,10
1669,401624,1,100,1,5
8364,795148,1,10,1,12
2094,929217,1,100,1,14
1148,84410,0,100,1,12
893,569948,0,100,1,13
1503,850752,1,10,1,15
2551,456838,1,10,1,7
8336,759414,1,10,1,0
8651,118543,0,100,1,11
2471,98585,0,100,1,7
1268,695711,0,100,1,4
2427,315242,0,100,1,11
1322,89777,1,10,1,10
2031,608245,0,100,1,15
1377,701795,1,100,1,1
5974,818969,1,100,1,6
7640,413705,1,10,1,8
1382,54307,0,100,1,6
1144,897651,0,10,1,8
8922,970790,1,100,1,10
3559,223864,0,100,1,7
8386,803122,0,100,1,2
7778,98549,0,100,1,2
3175,179589,1,100,1,7
1786,685342,1,10,1,10
6505,61338,1,100,1,9
125,794537,1,100,1,13
9652,655864,0,10,1,4
2095,21877,1,100,1,15
536,285846,0,100,1,8
1473,625529,0,100,1,1
6376,473787,0,100,1,8
4649,501695,1,10,1,9
5673,786123,0,10,1,9
9239,401703,0,10,1,7
6733,894332,1,10,1,13
8867,126331,0,10,1,3
1187,537491,0,100,1,3
6767,889350,1,100,1,15
3028,763319,0,10,1,4
2341,619226,0,10,1,5
73,969682,0,100,1,9
5152,495827,0,100,1,0
6577,139922,0,10,1,1
1376,542967,1,100,1,0
3448,831974,0,100,1,8
3602,443909,1,100,1,2
718,89953,0,100,1,14
1444,428646,1,100,1,4
2476,457616,1,100,1,12
8360,444157,0,10,1,8
798,142189,1,10,1,14
9969,835252,1,10,1,1
7102,854581,1,100,1,14
8806,923920,0,100,1,6
2313,842489,0,100,1,9
9765,157232,1,100,1,5
5609,819721,1,100,1,9
558,154231,1,100,1,14
7667,55761,0,100,1,3
3757,26137,0,100,1,13
4614,36469,1,10,1,6
209,735992,0,100,1,1
9706,689207,1,10,1,10
8224,145069,0,100,1,0
5060,683755,1,10,1,4
2182,871051,0,10,1,6
5938,686967,0,100,1,2
3254,121996,1,10,1,6
864,833250,1,100,1,0
9300,984411,1,10,1,4
918,307063,0,10,1,6
3387,544588,1,10,1,11
763,205745,0,10,1,11
6886,904726,1,10,1,6
8682,418838,0,100,1,10
4885,16742,0,10,1,5
5752,711594,1,10,1,8
1738,277951,1,10,1,10
5470,309003,0,10,1,14
4609,151434,1,10,1,1
3896,624070,1,100,1,8
3917,219909,1,10,1,13
1716,917004,0,100,1,4
5502,484636,1,100,1,14
8757,767437,0,100,1,5
5843,360453,0,100,1,3
1709,523521,1,10,1,13
6512,115217,1,100,1,0
2527,863726,1,10,1,15
9474,369238,0,100,1,2
914,68067,0,100,1,2
3675,508848,1,10,1,11
6683,891385,1,10,1,11
9891,262174,0,10,1,3
9707,649666,0,10,1,11
5298,918926,0,10,1,2
1912,355131,1,10,1,8
6527,847267,0,100,1,15
8087,410934,1,10,1,7
6580,577700,1,100,1,4
6042,740727,0,10,1,10
3702,989353,1,100,1,6
6511,377248,0,10,1,15
8228,233247,0,100,1,4
224,871143,0,100,1,0
161,96720,0,100,1,1
6431,132954,0,10,1,15
5088,159767,1,100,1,0
2729,221549,0,10,1,9
968,284585,1,100,1,8
8606,706157,0,100,1,14
723,139082,1,10,1,3
8124,708512,1,100,1,12
3124,30204,0,10,1,4
7686,604865,0,100,1,6
7656,549973,1,10,1,8
5435,266358,1,10,1,11
6048,879128,0,10,1,0
6178,819099,0,10,1,2
3068,690743,0,10,1,12
1891,111048,1,100,1,3
6503,508203,1,100,1,7
4764,932414,0,10,1,12
6602,133205,0,100,1,10
1138,814821,0,10,1,2
9208,747557,1,100,1,8
9227,359627,0,100,1,11
5650,172833,1,10,1,2
1146,657051,1,10,1,10
9423,937263,0,10,1,15
6728,86656,1,10,1,8
4665,462250,0,10,1,9
3438,107521,1,10,1,14
4927,437138,0,100,1,15
5382,575809,1,100,1,6
3282,980185,0,100,1,2
6457,675259,1,100,1,9
3113,398455,1,100,1,9
8510,771233,0,10,1,14
1049,800852,1,10,1,9
5132,193508,0,10,1,12
9947,465614,1,10,1,11
8758,474753,0,10,1,6
3128,380756,0,10,1,8
8023,192220,0,10,1,7
92,259547,0,10,1,12
7847,225931,1,10,1,7
7132,370306,0,100,1,12
9303,25208,1,10,1,7
5687,75154,0,10,1,7
5816,273543,0,10,1,8
1923,14028,0,10,1,3
5175,845302,1,10,1,7
6924,182162,1,100,1,12
3095,567484,1,100,1,7
3150,877472,1,10,1,14
2935,778061,1,100,1,7
7739,917556,0,100,1,11
9327,914555,0,100,1,15
1290,527581,1,100,1,10
1787,280476,0,10,1,11
7343,315536,1,100,1,15
9729,308809,0,10,1,1
1983,990877,0,100,1,15
4984,994113,1,100,1,8
265,289350,0,100,1,9
695,997243,0,100,1,7
2586,195603,0,100,1,10
9197,16416,1,100,1,13
1664,525856,1,10,1,0
3724,548744,1,10,1,12
6192,805697,0,10,1,0
7110,723851,1,100,1,6
5503,962529,1,100,1,15
9043,312017,1,100,1,3
5658,266447,0,100,1,10
3425,169448,0,10,1,1
3539,684812,1,100,1,3
2668,155587,0,100,1,12
7483,76152,0,10,1,11
7434,994099,1,10,1,10
2913,806570,0,10,1,1
7018,866626,0,10,1,10
7634,150077,0,100,1,2
3782,861046,0,10,1,6
1143,851895,0,10,1,7
54,532667,0,10,1,6
9774,441852,1,10,1,14
8886,758972,0,10,1,6
7130,774247,0,10,1,10
9794,144241,1,10,1,2
2944,193497,1,100,1,0
2020,627009,0,100,1,4
2661,559757,1,100,1,5
4822,268837,0,10,1,6
1394,546450,0,10,1,2
4880,916233,0,10,1,0
5838,122585,1,100,1,14
8282,86893,1,100,1,10
3017,304448,1,10,1,9
7441,466402,1,10,1,1
3618,742571,1,10,1,2
6646,218073,0,100,1,6
6941,176646,1,10,1,13
3397,966426,0,10,1,5
2234,983739,0,100,1,10
2080,244133,1,100,1,0
9138,790909,1,100,1,2
4623,712896,0,10,1,15
5420,582477,0,100,1,12
5410,973999,1,100,1,2
85,611885,1,100,1,5
6295,994031,1,10,1,7
6032,739933,1,10,1,0
1531,357559,1,100,1,11
6968,941016,0,100,1,8
5739,838263,0,10,1,11
9024,273710,1,100,1,0
6597,875229,0,100,1,5
1656,816895,1,100,1,8
841,493482,0,10,1,9
3991,460145,1,100,1,7
6852,554895,1,100,1,4
2162,827779,0,10,1,2
8030,465589,0,100,1,14
2464,184675,0,10,1,0
4497,958942,0,100,1,1
7078,336139,0,100,1,6
4277,895006,0,100,1,5
8919,834386,0,100,1,7
1818,64580,1,100,1,10
568,487975,0,10,1,8
6929,467311,1,10,1,1
8217,561654,1,10,1,9
6861,388370,1,100,1,13
67,980461,1,100,1,3
8080,841056,1,100,1,0
1046,202106,0,10,1,6
7854,176490,1,10,1,14
5741,753881,0,100,1,13
530,877925,0,10,1,2
9252,805298,0,100,1,4
2150,535068,1,100,1,6
9094,971131,0,10,1,6
7823,342090,1,100,1,15
8164,774172,1,100,1,4
6436,256681,0,10,1,4
9030,647642,0,100,1,6
6838,136099,0,10,1,6
1565,550563,0,100,1,13
5756,29168,1,10,1,12
3218,767118,0,10,1,2
6969,348885,0,10,1,9
8716,846259,0,100,1,12
769,893933,1,10,1,1
3734,484738,0,100,1,6
2469,413573,1,10,1,5
1542,683309,1,100,1,6
3477,744219,0,10,1,5
7690,120051,0,100,1,10
9209,208308,1,100,1,9
7553,989131,0,10,1,1
3980,230707,0,10,1,12
1701,702186,1,100,1,5
4916,243211,1,10,1,4
9702,37431,1,10,1,6
6343,460166,0,10,1,7
7175,557452,0,10,1,7
934,330981,0,10,1,6
7898,763815,0,100,1,10
4869,649365,0,100,1,5
2628,135925,0,100,1,4
2117,964928,1,10,1,5
3813,576863,0,10,1,5
6120,42140,0,10,1,8
3987,316962,1,100,1,3
7987,906707,1,100,1,3
4954,419300,1,10,1,10
9807,936794,0,100,1,15
6551,812013,0,10,1,7
7860,51872,0,100,1,4
4637,593337,0,100,1,13
4663,289604,1,100,1,7
7945,902288,1,10,1,9
6743,260063,1,10,1,7
7834,397846,1,10,1,10
1436,391621,0,10,1,12
9572,846729,0,100,1,4
6932,647159,0,100,1,4
1592,550446,0,10,1,8
8345,803862,0,100,1,9
9664,853787,0,10,1,0
731,757048,1,10,1,11
4356,404752,0,10,1,4
3182,784223,1,10,1,14
1904,130402,1,100,1,0
2241,155108,0,10,1,1
5599,347126,0,100,1,15
3233,297966,1,10,1,1
4409,565253,0,10,1,9
7836,197822,0,100,1,12
7635,956000,1,100,1,3
6258,666767,1,10,1,2
113,922113,1,10,1,1
3151,816932,1,100,1,15
6542,690441,1,100,1,14
948,739227,1,10,1,4
3370,608896,1,100,1,10
180,665850,0,10,1,4
6395,467318,1,10,1,11
3415,473273,1,10,1,7
2754,778866,1,10,1,2
4630,828736,1,100,1,6
4591,6645,0,10,1,15
2654,497064,1,100,1,14
5228,230823,1,100,1,12
7090,265307,0,100,1,2
4118,471141,1,10,1,6
2257,641920,0,10,1,1
4995,981922,1,10,1,3
2183,911570,0,10,1,7
7935,318896,1,10,1,15
2894,498868,0,100,1,14
2232,454679,0,100,1,8
953,63186,1,10,1,9
1622,346233,1,10,1,6
5973,51274,0,10,1,5
8292,893358,1,10,1,4
3545,597120,1,100,1,9
2566,828596,0,100,1,6
2503,299762,0,100,1,7
8161,119168,1,10,1,1
5631,304664,1,10,1,15
1201,737448,1,100,1,1
9183,332973,1,10,1,15
3762,349460,1,10,1,2
4089,631056,1,10,1,9
324,103259,0,100,1,4
9335,930728,1,100,1,7
9360,773167,0,10,1,0
4933,410320,1,100,1,5
2127,221564,1,100,1,15
6349,901763,1,100,1,13
2351,608797,1,100,1,15
8394,173606,1,100,1,10
7031,183205,1,100,1,7
6562,595463,0,100,1,2
8924,339414,0,10,1,12
5090,905270,1,100,1,2
1812,602957,0,100,1,4
1161,556795,0,10,1,9
3511,853512,1,10,1,7
358,244896,1,100,1,6
1340,35294,0,10,1,12
4433,610352,1,100,1,1
6063,344008,0,10,1,15
4368,976177,1,10,1,0
4030,55842,0,100,1,14
4231,785506,1,100,1,7
3278,929883,1,10,1,14
2352,356100,1,10,1,0
4830,72392,0,100,1,14
6060,356826,0,10,1,12
7808,770520,0,100,1,0
5574,251939,0,10,1,6
5128,921532,0,10,1,8
2854,793414,0,10,1,6
6172,443174,0,100,1,12
4304,850377,0,100,1,0
1650,576260,0,10,1,2
7574,870409,1,10,1,6
836,600241,1,100,1,4
3384,257857,0,100,1,8
8139,330370,1,100,1,11
8463,452625,0,100,1,15
2125,350428,1,100,1,13
8753,351318,1,10,1,1
9967,751536,0,10,1,15
2324,163014,0,10,1,4
1700,809673,0,10,1,4
3542,489433,0,10,1,6
4904,411161,1,10,1,8
3181,986082,1,100,1,13
9038,750753,1,10,1,14
4526,527631,1,100,1,14
3437,558837,1,10,1,13
7097,917784,0,100,1,9
2505,124688,0,10,1,9
3311,608376,1,10,1,15
3679,544151,1,10,1,15
2099,468698,0,100,1,3
9321,916354,0,100,1,9
6037,669904,1,100,1,5
6552,764129,1,10,1,8
248,396215,1,100,1,8
1597,64071,0,10,1,13
9517,26663,1,10,1,13
1764,173942,0,100,1,4
1398,917726,1,100,1,6
2695,544772,1,10,1,7
5789,112901,0,100,1,13
1329,704741,0,10,1,1
3851,314177,1,100,1,11
7000,781062,1,10,1,8
5775,223169,1,100,1,15
996,28731,0,100,1,4
1433,502632,0,10,1,9
1121,542027,1,100,1,1
6180,190177,0,100,1,4
7149,28929,1,10,1,13
9175,859037,0,100,1,7
5936,981402,1,100,1,0
8596,752855,0,100,1,4
3430,970270,1,10,1,6
9942,382052,1,100,1,6
8349,550170,0,10,1,13
5726,664053,1,10,1,14
8579,308678,0,100,1,3
639,145931,0,100,1,15
3718,649064,1,10,1,6
4673,814153,0,100,1,1
1740,304825,1,100,1,12
1830,322186,1,10,1,6
9233,192364,0,10,1,1
7129,718919,1,10,1,9
715,437537,0,10,1,11
3652,175032,1,10,1,4
9022,789154,0,100,1,14
162,253750,0,100,1,2
4380,691721,1,10,1,12
783,38426,1,100,1,15
8830,420439,1,10,1,14
3163,263044,1,10,1,11
8295,49228,1,100,1,7
8304,158267,0,100,1,0
2636,92145,0,100,1,12
6634,699154,1,100,1,10
4655,181154,1,10,1,15
7367,227936,0,100,1,7
5878,375682,0,10,1,6
3176,238801,0,10,1,8
7802,86278,0,10,1,10
5939,233080,1,10,1,3
4951,157907,1,100,1,7
6672,487110,0,100,1,0
1739,611548,1,100,1,11
4953,878019,1,100,1,9
4418,423780,0,10,1,2
6991,939500,0,100,1,15
3473,627022,0,10,1,1
7115,900288,0,10,1,11
5379,667326,1,10,1,3
6356,98687,0,10,1,4
711,545487,0,100,1,7
7463,792857,1,100,1,7
7540,15512,0,10,1,4
3226,158388,1,10,1,10
9433,822500,0,100,1,9
6731,681218,1,100,1,11
6296,753200,1,100,1,8
8745,643892,0,10,1,9
6934,331900,0,100,1,6
7267,181150,0,10,1,3
9714,630714,1,10,1,2
2236,813048,0,100,1,12
6122,956516,0,100,1,10
9949,976671,0,100,1,13
1707,672916,1,10,1,11
3996,138880,0,10,1,12
931,7686,1,100,1,3
7625,417716,0,10,1,9
8857,636835,1,100,1,9
9923,20505,1,100,1,3
6033,644405,1,10,1,1
8564,794713,1,10,1,4
9100,875848,0,100,1,12
9669,898477,1,10,1,5
5917,289570,0,100,1,13
9638,165965,0,10,1,6
3862,863698,0,10,1,6
7208,244579,0,10,1,8
1684,317252,0,10,1,4
1899,449393,1,10,1,11
8138,89137,0,100,1,10
9264,180188,0,10,1,0
3046,795884,0,100,1,6
2133,689747,1,100,1,5
7915,770270,1,10,1,11
9954,956596,1,10,1,2
5906,598082,1,10,1,2
7290,887866,1,10,1,10
5169,491887,1,100,1,1
1301,591674,0,10,1,5
1752,181837,1,10,1,8
7190,424742,0,10,1,6
6787,289830,1,10,1,3
5256,352239,1,10,1,8
8766,777074,0,10,1,14
300,145765,0,100,1,12
4402,392958,1,100,1,2
2541,945205,0,100,1,13
2039,509303,1,100,1,7
4634,644196,1,100,1,10
4350,870502,1,10,1,14
4957,163616,1,10,1,13
7028,874313,0,100,1,4
857,465081,1,100,1,9
9993,192658,0,100,1,9
7844,740389,1,100,1,4
1203,448344,1,10,1,3
151,39526,1,100,1,7
8643,989782,1,10,1,3
5740,222171,0,100,1,12
7767,914925,0,10,1,7
4220,621192,1,10,1,12
5007,835581,0,100,1,15
4940,924532,1,10,1,12
6257,685805,1,100,1,1
7968,541587,1,10,1,0
9216,319891,1,10,1,0
8975,358061,1,100,1,15
7226,695241,0,100,1,10
8197,586985,1,10,1,5
9863,541240,0,100,1,7
8005,331662,1,10,1,5
2565,113237,0,10,1,5
5095,450422,1,100,1,7
7243,880406,0,100,1,11
1010,342613,1,10,1,2
5558,793250,1,10,1,6
9466,466166,0,10,1,10
4274,149034,1,100,1,2
7295,170670,0,100,1,15
5131,461920,0,100,1,11
3347,347642,0,100,1,3
6314,905733,1,10,1,10
8255,212830,1,100,1,15
4745,34778,1,10,1,9
4373,271950,1,100,1,5
1162,800679,1,100,1,10
1779,154951,0,10,1,3
8686,360317,0,10,1,14
7111,20750,1,100,1,7
157,101953,1,100,1,13
819,933878,1,10,1,3
1550,647010,0,100,1,14
9840,323609,1,10,1,0
7580,926594,1,100,1,12
9837,815812,0,100,1,13
6501,407620,1,10,1,5
3451,577828,1,100,1,11
4776,641892,0,100,1,8
1475,197933,0,100,1,3
2665,925689,0,10,1,9
5053,334522,0,100,1,13
3489,574239,0,10,1,1
9128,895796,1,100,1,8
4282,513445,0,10,1,10
9410,980575,1,10,1,2
35,317031,1,100,1,3
6538,119995,0,100,1,10
833,619367,0,10,1,1
7350,970942,1,100,1,6
780,329964,0,100,1,12
4271,145992,0,10,1,15
1367,407680,0,100,1,7
974,293137,0,100,1,14
8235,997852,1,100,1,11
3280,218765,1,10,1,0
4500,827493,0,100,1,4
5912,912009,1,10,1,8
7450,987838,1,10,1,10
4452,523631,1,100,1,4
793,719052,0,10,1,9
4242,24811,0,10,1,2
6918,712296,1,100,1,6
5766,324363,1,10,1,6
1096,836934,0,10,1,8
6978,340425,0,100,1,2
1776,937911,1,100,1,0
6499,312573,0,100,1,3
4448,612065,1,100,1,0
8559,117191,1,10,1,15
355,944688,1,10,1,3
5255,432525,0,10,1,7
3069,874198,0,10,1,13
8658,724364,0,100,1,2
8996,942742,0,10,1,4
3146,236385,1,10,1,10
5355,381431,1,100,1,11
3751,902264,0,100,1,7
5684,184914,1,100,1,4
9960,696479,0,10,1,8
2728,166741,1,100,1,8
8253,356717,1,10,1,13
9187,9372,1,100,1,3
4127,466753,0,100,1,15
7963,708169,0,10,1,11
998,724549,0,10,1,6
7063,889726,0,10,1,7
2463,815589,1,100,1,15
9221,552240,1,10,1,5
9341,254869,0,10,1,13
5196,166202,1,100,1,12
5937,478354,0,10,1,1
5908,236907,1,10,1,4
2400,798171,1,10,1,0
9316,608137,0,100,1,4
6298,956574,1,10,1,10
8271,672429,0,100,1,15
3368,18843,0,100,1,8
4404,910188,1,100,1,4
3194,265192,1,10,1,10
9330,793781,0,10,1,2
5258,140854,0,100,1,10
4840,232946,1,100,1,8
6233,800230,0,100,1,9
6898,797523,0,100,1,2
5041,857628,0,100,1,1
7977,555529,0,100,1,9
9718,916718,1,100,1,6
6202,928255,1,100,1,10
820,694571,0,100,1,4
4836,404213,1,100,1,4
7750,447744,1,100,1,6
8827,987383,0,10,1,11
199,366018,1,100,1,7
8964,94486,1,100,1,4
3883,598913,0,100,1,11
2912,131934,1,10,1,0
2544,345989,0,100,1,0
6078,218434,1,10,1,14
7947,734327,1,10,1,11
7508,647348,0,100,1,4
9568,146273,1,100,1,0
5177,878519,1,100,1,9
3457,99587,0,10,1,1
3302,108344,0,10,1,6
7791,721616,1,10,1,15
6588,59065,1,100,1,12
4207,259418,0,100,1,15
7156,309382,0,100,1,4
5464,17729,0,10,1,8
1675,428267,1,10,1,11
6335,207654,0,10,1,15
2805,107023,1,10,1,5
6244,717392,0,100,1,4
4299,199191,0,100,1,11
3087,972397,0,100,1,15
3513,137810,1,10,1,9
1594,739374,0,10,1,10
2706,627480,1,10,1,2
6603,642632,0,100,1,11
1828,592073,0,10,1,4
6803,617953,0,100,1,3
5956,713875,0,100,1,4
2309,346183,0,10,1,5
5805,710886,1,10,1,13
9069,498024,1,10,1,13
5037,919103,0,10,1,13
3484,354980,0,10,1,12
8314,327783,0,100,1,10
6855,475844,0,10,1,7
7002,69943,0,100,1,10
8860,392821,0,10,1,12
1804,313837,0,10,1,12
9861,499008,0,10,1,5
5961,345970,0,100,1,9
952,943103,0,10,1,8
7400,729330,1,100,1,8
1219,340364,0,100,1,3
9037,328827,1,100,1,13
2555,691344,0,100,1,11
244,83571,0,10,1,4
1184,423312,1,10,1,0
3475,953727,1,10,1,3
2594,788497,0,10,1,2
1396,476534,1,100,1,4
8734,426091,1,10,1,14
8877,478291,1,10,1,13
7180,868745,0,100,1,12
4551,443040,0,10,1,7
7736,747967,1,10,1,8
7134,142248,0,100,1,14
9834,383700,1,100,1,10
4559,391354,0,100,1,15
1357,909621,1,10,1,13
8665,997722,0,10,1,9
5672,366977,0,10,1,8
8148,482201,1,100,1,4
8239,86896,0,100,1,15
4261,510483,0,100,1,5
9527,454775,0,10,1,7
8578,157384,0,10,1,2
7700,54631,1,10,1,4
2831,535159,1,100,1,15
7014,286320,1,10,1,6
1629,949526,1,10,1,13
8374,483888,0,100,1,6
3167,76639,1,10,1,15
6263,612405,1,100,1,7
2045,606886,0,100,1,13
7825,655167,1,100,1,1
4658,697960,0,100,1,2
3744,941875,0,100,1,0
5205,766405,0,10,1,5
583,414102,0,10,1,7
4485,650248,1,100,1,5
965,451422,1,100,1,5
8706,644375,0,10,1,2
2597,229171,1,10,1,5
4991,885863,0,100,1,15
349,294605,0,10,1,13
5276,495898,1,10,1,12
9880,985857,0,10,1,8
1906,19578,0,100,1,2
1794,287786,0,100,1,2
9505,282190,1,10,1,1
4851,756565,0,10,1,3
1978,82249,0,100,1,10
2418,166121,0,100,1,2
3941,18691,1,10,1,5
2753,208534,0,100,1,1
4620,39375,0,10,1,12
6028,717308,1,100,1,12
3693,693480,0,100,1,13
1516,905681,0,100,1,12
3967,519031,1,100,1,15
2298,383242,1,100,1,10
3024,349488,0,10,1,0
6769,968127,0,100,1,1
4795,82665,0,100,1,11
190,407852,1,10,1,14
8107,159030,1,10,1,11
215,886700,0,10,1,7
3870,668452,0,100,1,14
59,547729,1,100,1,11
4969,278780,1,10,1,9
2524,869395,1,100,1,12
8494,466623,0,10,1,14
8808,184199,1,10,1,8
3548,533810,0,100,1,12
7529,395183,0,100,1,9
7058,681703,1,10,1,2
3427,943477,1,100,1,3
4130,721164,1,100,1,2
2320,245201,1,100,1,0
1420,628245,1,100,1,12
904,69470,1,10,1,8
1015,408336,0,100,1,7
9378,698150,0,100,1,2
3080,125390,0,10,1,8
3844,402283,0,10,1,4
3059,872396,1,10,1,3
885,743930,1,100,1,5
3191,209023,1,100,1,7
8591,76360,1,10,1,15
448,368836,0,100,1,0
3447,767893,1,10,1,7
2297,336961,0,10,1,9
2848,933575,1,100,1,0
1185,873530,0,100,1,1
5002,902016,1,10,1,10
2598,499226,0,100,1,6
3353,512512,1,100,1,9
9190,162261,1,100,1,6
6006,807796,0,10,1,6
3364,241939,1,10,1,4
4823,978305,0,10,1,7
5970,381913,1,10,1,2
830,905576,1,100,1,14
6970,781351,1,100,1,10
8636,175647,0,10,1,12
4447,7474,1,100,1,15
5110,899791,1,100,1,6
6535,342846,1,10,1,7
3041,175552,0,100,1,1
4936,210418,1,100,1,8
3056,462057,1,10,1,0
800,565234,1,100,1,0
4742,469729,0,10,1,6
6478,712662,1,10,1,14
1871,978640,1,100,1,15
5734,622245,0,10,1,6
5364,596157,1,100,1,4
5548,855061,0,100,1,12
8770,31613,0,10,1,2
9110,687626,1,10,1,6
3341,568327,1,100,1,13
1626,520346,1,100,1,10
2437,567141,1,10,1,5
5758,544138,1,100,1,14
2259,594313,1,10,1,3
3627,146879,1,10,1,11
2384,342888,0,100,1,0
7138,890724,1,10,1,2
665,762346,0,10,1,9
756,637821,1,10,1,4
6000,647335,1,10,1,0
2884,443556,0,100,1,4
6809,600828,1,10,1,9
2303,233001,0,10,1,15
7112,465647,1,100,1,8
440,349241,1,100,1,8
3927,62732,0,100,1,7
5545,482757,1,10,1,9
243,241832,1,10,1,3
7210,558445,0,100,1,10
3745,205176,1,10,1,1
6704,53643,0,10,1,0
164,368265,0,100,1,4
3965,275180,1,100,1,13
5199,224652,0,100,1,15
8883,846425,0,10,1,3
3038,397809,1,10,1,14
7399,478353,1,100,1,7
7394,192174,1,100,1,2
2187,727798,0,100,1,11
692,954055,0,100,1,4
1310,457297,1,100,1,14
6554,129515,0,100,1,10
1132,818907,0,10,1,12
9944,36508,1,10,1,8
8561,451189,0,100,1,1
1266,773624,0,100,1,2
2790,183105,0,10,1,6
7912,657157,0,100,1,8
7347,637385,1,100,1,3
5782,250370,0,100,1,6
8729,758029,0,100,1,9
7835,356520,0,10,1,11
1324,343894,1,100,1,12
7353,977733,0,100,1,9
1543,902315,1,10,1,7
4534,724942,1,10,1,6
3872,334924,0,10,1,0
8715,425929,0,100,1,11
4285,584039,1,100,1,13
7763,749122,1,10,1,3
2860,88203,1,10,1,12
6294,829351,0,10,1,6
3988,704497,1,10,1,4
6661,749966,0,100,1,5
9825,80874,0,10,1,1
6368,763575,1,100,1,0
4782,818312,0,100,1,14
8502,831235,0,10,1,6
5679,308280,1,100,1,15
2157,770352,0,10,1,13
1817,979610,0,100,1,9
1667,526582,0,100,1,3
9526,678764,0,10,1,6
8042,639659,1,10,1,10
9040,553954,0,100,1,0
4017,334857,1,100,1,1
9850,336300,0,100,1,10
1298,900141,1,10,1,2
8713,237788,0,100,1,9
9181,802971,1,10,1,13
2014,480611,0,100,1,14
8237,762390,1,10,1,13
8479,97389,1,100,1,15
4010,262673,0,10,1,10
5538,527209,1,100,1,2
1766,501537,0,100,1,6
5260,595160,0,100,1,12
2087,886611,1,100,1,7
4163,589126,0,100,1,3
8752,936330,1,100,1,0
2614,809633,0,100,1,6
9723,558659,1,100,1,11
6176,361202,1,100,1,0
8046,327995,0,100,1,14
486,638252,1,10,1,6
6223,776090,1,10,1,15
6567,285723,0,100,1,7
5197,878833,1,10,1,13
301,984389,1,10,1,13
8761,928223,1,10,1,9
9229,554125,0,100,1,13
4490,328697,0,10,1,10
7306,91013,0,10,1,10
6909,576025,0,100,1,13
456,651542,0,100,1,8
3081,654430,1,100,1,9
4817,511067,0,100,1,1
5030,562900,1,100,1,6
84,581370,0,10,1,4
9848,433826,1,100,1,8
9450,509291,0,100,1,10
3868,485941,0,10,1,12
3942,990468,1,100,1,6
6372,535849,1,100,1,4
9569,930868,0,100,1,1
3845,636196,1,10,1,5
1110,137838,0,100,1,6
7048,610408,0,10,1,8
6759,333991,1,100,1,7
1258,504911,0,100,1,10
8277,487690,0,100,1,5
771,266107,1,10,1,3
2523,763289,1,100,1,11
9036,47208,1,100,1,12
9137,872174,1,100,1,1
7318,469873,1,10,1,6
9931,62908,0,10,1,11
988,150997,1,10,1,12
6913,690808,0,100,1,1
9383,808060,0,100,1,7
4763,150563,1,10,1,11
9519,723556,0,100,1,15
4151,835352,0,100,1,7
1089,920600,1,100,1,1
4269,488675,1,100,1,13
4589,629651,1,100,1,13
1852,133748,0,100,1,12
2074,468812,0,100,1,10
6188,863134,1,100,1,12
2452,964838,1,100,1,4
2976,738280,0,10,1,0
6199,42241,0,100,1,7
7263,647508,0,10,1,15
1230,380089,1,10,1,14
9746,408138,0,100,1,2
7573,930661,0,100,1,5
4185,286766,0,10,1,9
3322,60482,1,10,1,10
3310,940272,1,100,1,14
691,888733,1,100,1,3
2104,104267,0,100,1,8
7426,685633,0,10,1,2
1676,132656,1,10,1,12
5653,421823,1,10,1,5
5802,684259,1,100,1,10
5358,144783,0,10,1,14
8811,250172,1,10,1,11
9104,848320,1,10,1,0
5628,253262,1,100,1,12
8156,313645,0,100,1,12
741,310065,1,10,1,5
9920,174896,1,100,1,0
2136,159622,1,100,1,8
6927,920110,1,10,1,15
2514,432267,1,100,1,2
8041,962575,0,10,1,9
6974,898558,1,10,1,14
1387,820825,1,100,1,11
6292,874037,1,10,1,4
1853,546242,0,100,1,13
9206,659792,1,100,1,6
5862,315219,0,100,1,6
4652,627375,1,10,1,12
2165,304612,0,100,1,5
5292,170548,1,10,1,12
5387,773081,1,100,1,11
3160,192776,0,10,1,8
6121,745182,1,100,1,9
3366,1011,0,10,1,6
5151,882946,0,10,1,15
7151,152390,0,100,1,15
5729,632046,0,100,1,1
495,191512,0,10,1,15
5715,428916,1,10,1,3
8672,144989,0,100,1,0
7868,864638,1,100,1,12
5019,65946,1,100,1,11
2050,498324,1,100,1,2
7375,614129,0,10,1,15
577,11027,1,10,1,1
4052,785033,0,100,1,4
3833,464331,0,10,1,9
6522,919781,0,100,1,10
5497,622661,0,100,1,9
81,208189,0,100,1,1
4577,82484,0,10,1,1
886,515727,0,100,1,6
1985,644997,1,100,1,1
1124,205834,0,100,1,4
1019,508528,0,100,1,11
5168,277689,1,100,1,0
3686,855659,1,100,1,6
8134,642364,1,100,1,6
2233,451070,1,100,1,9
9495,643903,0,10,1,7
1586,31758,1,10,1,2
7383,91597,1,100,1,7
5010,712933,0,10,1,2
5288,427600,0,100,1,8
8332,455639,1,10,1,12
2091,786736,0,10,1,11
1900,324457,0,100,1,12
1841,357828,1,100,1,1
5771,874189,1,10,1,11
8149,610780,1,10,1,5
8490,604592,1,10,1,10
714,331596,0,100,1,10
5407,921501,1,10,1,15
8837,863119,0,100,1,5
1335,859813,1,10,1,7
6900,963679,1,100,1,4
6266,424831,0,100,1,10
3424,698214,1,100,1,0
1686,197086,0,100,1,6
9695,647769,0,10,1,15
1497,502849,0,100,1,9
5951,508009,0,100,1,15
8273,181725,1,10,1,1
2015,489115,0,10,1,15
9900,15937,1,10,1,12
8951,914753,1,10,1,7
6979,548360,1,100,1,3
4156,396537,0,10,1,12
6850,339359,1,100,1,2
950,701041,1,10,1,6
1175,121086,1,100,1,7
8562,613230,1,10,1,2
5853,742825,0,10,1,13
9113,571608,1,10,1,9
4243,374666,1,100,1,3
9218,929002,0,10,1,2
7928,993575,0,100,1,8
3189,405263,1,100,1,5
9172,392780,0,100,1,4
6056,267098,0,10,1,8
883,49908,1,100,1,3
8312,457612,1,100,1,8
2931,27794,0,100,1,3
2332,300699,0,100,1,12
7089,735065,1,100,1,1
8130,292940,1,10,1,2
8117,763836,0,100,1,5
6615,695672,0,10,1,7
9640,915529,0,10,1,8
4391,917189,0,100,1,7
2779,585173,1,10,1,11
8276,890284,1,10,1,4
3248,763508,1,100,1,0
1456,312989,0,100,1,0
422,271197,1,10,1,6
3186,440395,0,10,1,2
6859,763066,1,10,1,11
1134,761775,0,10,1,14
835,754743,0,10,1,3
5984,474844,1,10,1,0
7368,530845,0,10,1,8
1307,545257,0,100,1,11
4123,487141,0,10,1,11
5975,267278,0,10,1,7
8431,973542,1,100,1,15
3562,332869,0,100,1,10
9810,903087,0,100,1,2
8785,826237,1,10,1,1
2424,341753,0,10,1,8
4116,806131,1,100,1,4
9619,122177,1,100,1,3
9853,212760,1,10,1,13
2502,428514,1,100,1,6
45,640572,0,100,1,13
7332,383687,1,100,1,4
2423,275936,0,100,1,7
5888,297134,0,10,1,0
6144,733724,1,10,1,0
1788,890500,1,10,1,12
2825,718581,0,100,1,9
4843,186688,0,10,1,11
1180,430185,0,100,1,12
1717,343375,1,100,1,5
7873,560959,0,10,1,1
4203,94085,0,100,1,11
9675,998356,0,10,1,11
2635,688724,1,100,1,11
702,846896,0,100,1,14
2153,838885,0,10,1,9
9491,466339,1,100,1,3
6656,184490,0,10,1,0
1964,140250,0,10,1,12
9816,225857,0,10,1,8
7922,943827,0,100,1,2
7064,627321,0,100,1,8
8726,879956,0,100,1,6
8489,764087,0,100,1,9
999,886458,1,100,1,7
3500,123021,1,10,1,12
4511,177786,0,10,1,15
848,529579,0,100,1,0
9632,357441,1,100,1,0
9742,674617,0,10,1,14
5822,52762,0,10,1,14
5284,55232,1,10,1,4
6916,172603,1,100,1,4
1264,919841,0,10,1,0
8040,620197,1,100,1,8
1259,897734,1,10,1,11
7695,251511,1,100,1,15
2650,620888,0,100,1,10
7493,51098,1,100,1,5
9835,677336,0,100,1,11
6785,954983,0,10,1,1
5208,754825,0,10,1,8
3486,108654,1,10,1,14
3855,160267,1,100,1,15
7193,891964,1,100,1,9
9847,833433,0,10,1,7
6957,53565,1,10,1,13
5854,528387,1,100,1,14
1217,238512,1,10,1,1
8281,358006,1,10,1,9
2905,701290,0,100,1,9
3874,375771,1,100,1,2
990,380429,0,10,1,14
9072,407939,1,10,1,0
9247,182971,1,100,1,15
6288,299674,0,10,1,0
7091,363516,0,10,1,3
7703,963601,1,100,1,7
748,649106,1,10,1,12
9481,175010,1,100,1,9
410,996059,1,10,1,10
8240,950447,0,100,1,0
699,706899,1,100,1,11
509,677428,0,10,1,13
5847,851771,1,100,1,7
5931,27829,1,100,1,11
7843,851349,0,10,1,3
6937,248155,1,100,1,9
4119,933735,0,100,1,7
466,355013,0,10,1,2
4125,941608,0,10,1,13
7153,360456,1,100,1,1
6355,250398,1,100,1,3
4129,724687,0,100,1,1
216,426478,0,10,1,8
1884,747385,0,10,1,12
2567,93941,1,100,1,7
4530,690473,0,10,1,2
4784,266615,1,10,1,0
4149,772016,0,100,1,5
599,883036,1,100,1,7
633,976545,0,10,1,9
419,932301,0,100,1,3
235,742705,1,10,1,11
8335,171717,0,100,1,15
5823,569238,0,10,1,15
7418,412794,1,100,1,10
6096,340088,1,100,1,0
4365,748302,0,10,1,13
6890,128883,1,10,1,10
6867,592107,0,10,1,3
9812,481709,1,100,1,4
1690,361640,1,10,1,10
415,902782,0,100,1,15
1106,869979,1,100,1,2
4854,516327,0,10,1,6
2953,596691,1,100,1,9
1535,191463,1,10,1,15
1833,56697,1,100,1,9
5980,46084,0,10,1,12
9380,738470,1,10,1,4
7320,342852,0,100,1,8
2800,902752,1,10,1,0
8823,629498,0,10,1,7
5198,203864,1,10,1,14
7863,336522,0,10,1,7
1627,740571,1,100,1,11
9896,720858,1,100,1,8
9576,419822,1,10,1,8
9472,850833,1,100,1,0
3589,296223,1,100,1,5
1214,620411,1,10,1,14
5463,426902,1,100,1,7
9906,883768,1,10,1,2
750,367862,0,10,1,14
1969,653247,0,100,1,1
332,168289,1,10,1,12
3091,262338,1,10,1,3
5381,804322,1,100,1,5
1265,212,1,10,1,1
707,193357,1,100,1,3
5215,980126,1,10,1,15
9123,758002,0,100,1,3
4122,728453,1,100,1,10
5217,794767,0,10,1,1
6427,335181,0,10,1,11
4967,706665,0,10,1,7
8695,60912,1,100,1,7
3850,141264,1,100,1,10
2653,454241,0,100,1,13
4999,503171,1,100,1,7
3380,426470,0,100,1,4
1064,876287,0,10,1,8
708,881967,0,100,1,4
2111,283785,1,10,1,15
8540,529944,0,10,1,12
8786,568622,0,10,1,2
844,175658,1,100,1,12
7196,847792,0,10,1,12
7596,449891,1,10,1,12
6699,901451,1,100,1,11
6038,898301,1,100,1,6
7281,493877,1,10,1,1
5180,865508,1,100,1,12
1903,798732,0,10,1,15
1363,370954,0,100,1,3
3252,558345,1,100,1,4
8890,5429,0,100,1,10
9126,898113,0,100,1,6
6235,781554,0,100,1,11
8176,311885,0,100,1,0
9982,666620,0,100,1,14
1607,869216,0,100,1,7
2231,157772,1,10,1,7
8673,867983,0,100,1,1
9808,503226,1,100,1,0
3149,669055,1,10,1,13
7217,946982,0,10,1,1
1406,956120,1,10,1,14
9439,540888,1,100,1,15
9859,505861,1,100,1,3
4489,33179,1,100,1,9
2069,632895,1,10,1,5
2657,401018,0,100,1,1
2323,967846,0,100,1,3
705,890446,1,10,1,1
2338,194507,0,100,1,2
5889,765686,0,10,1,1
1875,212487,1,10,1,3
3263,510113,0,100,1,15
7288,694815,0,100,1,8
5629,129171,0,100,1,13
3474,626417,0,100,1,2
5329,311416,0,10,1,1
5451,174572,0,10,1,11
4750,666577,0,100,1,14
8480,766691,1,100,1,0
2329,86210,0,10,1,9
58,334924,0,100,1,10
7327,691133,1,10,1,15
7223,841899,1,100,1,7
523,372185,1,10,1,11
6669,57012,1,100,1,13
50,225058,1,100,1,2
8930,819115,1,100,1,2
7127,731658,1,100,1,7
2866,909968,1,100,1,2
3147,210602,1,100,1,11
3356,847560,1,10,1,12
4955,953742,0,10,1,11
258,186086,0,10,1,2
5230,741314,1,10,1,14
9248,643252,0,100,1,0
3628,395207,1,10,1,12
1283,153952,1,100,1,3
3125,669054,0,10,1,5
4754,730228,1,10,1,2
3750,157275,0,100,1,6
2484,179986,1,10,1,4
6116,498594,1,100,1,4
2960,155554,0,10,1,0
1372,905509,1,10,1,12
6691,396255,0,10,1,3
5174,862175,0,100,1,6
740,979613,1,100,1,4
9002,124924,0,100,1,10
5831,294052,0,100,1,7
2010,104582,0,100,1,10
2917,286361,1,10,1,5
6556,919316,0,10,1,12
1257,797385,1,100,1,9
4344,586963,1,100,1,8
19,387443,1,100,1,3
291,909284,1,10,1,3
5987,734261,0,10,1,3
206,860691,0,10,1,14
9725,196359,0,100,1,13
5039,5030,0,100,1,15
4849,251785,1,100,1,1
6220,326439,1,10,1,12
3463,152905,0,10,1,7
8250,600168,1,10,1,10
1689,228634,1,100,1,9
2343,765932,0,100,1,7
120,691266,0,10,1,8
9115,553402,1,100,1,11
7011,784153,0,100,1,3
647,753615,0,10,1,7
2081,434430,0,100,1,1
1168,405379,0,10,1,0
2817,161650,0,100,1,1
6080,278474,1,100,1,0
7344,138007,0,10,1,0
7496,748092,1,10,1,8
7125,730042,0,100,1,5
3637,333153,0,10,1,5
3698,8262,0,100,1,2
3267,639081,1,10,1,3
8838,507369,1,100,1,6
7093,965257,1,100,1,5
9366,402089,1,10,1,6
8337,446911,1,10,1,1
5143,838433,0,100,1,7
7382,193926,1,10,1,6
184,346352,0,10,1,8
4496,914762,1,100,1,0
7921,456623,1,10,1,1
303,645389,0,100,1,15
8960,524907,1,10,1,0
1469,343886,0,10,1,13
6285,466435,1,100,1,13
7163,260399,1,10,1,11
3894,23159,1,100,1,6
7602,509783,1,10,1,2
3834,956726,1,10,1,10
3796,966269,1,100,1,4
9827,103242,1,100,1,3
5254,815721,1,100,1,6
6127,25480,1,100,1,15
8833,347650,0,10,1,1
2151,3854,1,100,1,7
9510,925871,0,10,1,6
2191,187564,1,10,1,15
8206,341195,1,100,1,14
275,938325,1,10,1,3
26,932547,1,10,1,10
437,2898,1,10,1,5
2558,84092,1,10,1,14
7407,279500,1,10,1,15
1862,979749,0,10,1,6
3152,370101,0,100,1,0
7293,132,0,10,1,13
6194,367576,0,100,1,2
5178,757609,1,100,1,10
5269,738927,1,100,1,5
8002,843428,0,10,1,2
9471,245418,0,100,1,15
2036,840014,1,100,1,4
2414,788723,0,10,1,14
3082,988188,0,100,1,10
6613,705790,1,100,1,5
4874,517085,0,100,1,10
4772,259567,1,10,1,4
1345,982319,1,10,1,1
8150,703660,0,10,1,6
6572,987800,0,100,1,12
8934,376730,1,10,1,6
3096,360366,0,10,1,8
7415,750814,0,100,1,7
6796,606776,0,10,1,12
5536,615957,1,10,1,0
8155,604385,1,10,1,11
9457,56264,0,10,1,1
1867,44695,1,10,1,11
6800,292202,0,100,1,0
5279,410987,1,10,1,15
7490,818336,0,10,1,2
2957,871588,0,10,1,13
4427,308400,0,10,1,11
940,72062,1,100,1,12
889,523350,1,100,1,9
4078,871600,1,10,1,14
5083,451480,0,10,1,11
9724,492905,0,100,1,12
3596,687095,0,100,1,12
2775,676368,1,100,1,7
5767,400051,1,10,1,7
3930,635029,0,100,1,10
5659,525768,1,100,1,11
1515,36853,1,10,1,11
838,155128,0,100,1,6
2862,183553,0,100,1,14
5808,253020,0,100,1,0
4461,598997,0,10,1,13
3819,792339,0,100,1,11
6023,846563,0,100,1,7
9646,673591,1,100,1,14
1536,333402,0,100,1,0
7220,292454,1,10,1,4
7606,928524,0,10,1,6
9532,793098,1,100,1,12
8123,432787,0,10,1,11
2449,318078,1,100,1,1
2576,916803,0,100,1,0
2370,291878,1,10,1,2
364,208602,0,10,1,12
3499,831808,1,100,1,11
4931,482953,0,10,1,3
2208,453040,1,10,1,0
5158,768215,1,100,1,6
8944,874272,0,100,1,0
8953,736624,0,10,1,9
9579,416326,0,10,1,11
6265,716783,1,10,1,9
5516,668210,1,100,1,12
5943,734217,0,100,1,7
3102,571821,0,100,1,14
4335,520815,1,10,1,15
6024,911319,1,10,1,8
6751,719071,1,100,1,15
6242,939214,1,100,1,2
2371,986522,0,100,1,3
6928,190236,0,100,1,0
724,582190,1,100,1,4
3798,785444,1,10,1,6
8121,262248,0,10,1,9
8226,675590,1,100,1,2
2861,263339,0,100,1,13
9857,920342,0,10,1,1
2139,980610,1,100,1,11
9547,313527,0,100,1,11
7658,325934,0,10,1,10
5378,614686,0,10,1,2
9815,389476,0,100,1,7
2293,647109,0,100,1,5
9711,701440,1,10,1,15
5418,322568,1,10,1,10
5417,704030,0,10,1,9
8551,343699,1,10,1,7
4477,287282,0,10,1,13
8971,90018,1,10,1,11
469,976444,0,10,1,5
5004,849349,1,10,1,12
609,669080,1,100,1,1
1695,291252,0,100,1,15
1381,362937,1,10,1,5
6980,799802,0,100,1,4
7874,362705,0,100,1,2
8637,881835,0,100,1,13
3090,757410,1,10,1,2
8472,34701,0,100,1,8
3130,368987,1,10,1,10
8573,63286,0,100,1,13
5337,590151,0,100,1,9
8443,972723,0,100,1,11
6077,601089,1,10,1,13
8001,375255,1,10,1,1
9493,931322,0,100,1,5
2067,277597,0,10,1,3
4618,170998,1,100,1,10
8183,880138,0,10,1,7
316,996314,1,100,1,12
481,216184,0,10,1,1
5963,450528,1,100,1,11
2265,142407,1,10,1,9
3780,972043,1,10,1,4
32,724049,1,10,1,0
4056,599928,1,10,1,8
5636,680294,1,10,1,4
2485,798457,1,10,1,5
1427,65077,0,100,1,3
1126,708020,1,100,1,6
9963,230614,0,10,1,11
6425,300452,0,100,1,9
7715,566810,0,100,1,3
884,872075,1,100,1,4
5580,427523,1,100,1,12
3613,961692,0,100,1,13
2206,348803,0,100,1,14
9168,603510,1,100,1,0
6164,80113,1,10,1,4
1600,915735,1,100,1,0
3351,627111,1,10,1,7
8132,798097,1,10,1,4
9010,896976,0,100,1,2
5587,186120,1,10,1,3
6496,742402,1,10,1,0
6521,671494,0,100,1,9
7304,284169,0,10,1,8
9238,634337,0,100,1,6
5388,778622,0,100,1,12
895,967962,1,10,1,15
9799,228407,0,100,1,7
8722,845276,1,10,1,2
9992,326902,0,100,1,8
57,328779,1,10,1,9
2745,940241,1,10,1,9
309,588980,0,10,1,5
6286,829045,0,10,1,14
7975,758002,1,10,1,7
7047,172748,1,100,1,7
3241,836891,1,10,1,9
8267,779172,1,100,1,11
4580,519375,1,100,1,4
4613,523729,1,100,1,5
1858,192409,1,100,1,2
2687,625313,1,10,1,15
4515,506360,0,100,1,3
183,99337,1,100,1,7
2940,830006,1,10,1,12
6486,65058,0,10,1,6
5893,691828,1,100,1,5
752,831631,1,100,1,0
8196,280722,0,100,1,4
9148,248802,1,10,1,12
507,470699,1,10,1,11
6517,942842,1,100,1,5
6544,653257,1,10,1,0
8379,212903,1,10,1,11
52,693906,0,10,1,4
3220,166984,0,10,1,4
5186,199318,0,100,1,2
7282,114292,0,100,1,2
7203,258056,0,10,1,3
6329,230323,0,10,1,9
7461,706859,0,100,1,5
3815,211696,0,100,1,7
9161,620661,0,100,1,9
7647,817955,1,10,1,15
5804,889079,0,10,1,12
121,790401,0,100,1,9
475,448232,1,10,1,11
3993,959290,0,100,1,9
2844,304114,0,10,1,12
4019,179218,1,100,1,3
9016,420743,0,100,1,8
7182,561236,0,10,1,14
4757,253020,0,100,1,5
4253,931395,0,10,1,13
1880,938681,0,10,1,8
3932,850635,0,10,1,12
7451,839263,1,100,1,11
3654,644022,0,100,1,6
6985,130280,0,100,1,9
8956,655333,0,100,1,12
9990,990517,1,10,1,6
4506,507074,1,10,1,10
4682,328732,1,10,1,10
3986,282314,1,10,1,2
1395,252544,0,100,1,3
9451,303432,1,100,1,11
6975,793671,0,10,1,15
222,29686,0,10,1,14
5018,880091,1,10,1,10
6514,317168,0,10,1,2
2461,17225,1,100,1,13
7355,586481,1,10,1,11
6784,257611,1,100,1,0
874,833379,0,100,1,10
6053,14626,1,10,1,5
5405,680560,0,100,1,13
4248,320546,0,10,1,8
1898,855877,0,100,1,10
6055,58934,1,10,1,7
2802,278112,1,10,1,2
315,402567,0,10,1,11
3938,270123,0,100,1,2
7076,782045,1,100,1,4
5133,610473,1,10,1,13
7385,93106,0,10,1,9
8310,939927,0,100,1,6
5859,867413,0,10,1,3
3820,810269,0,100,1,12
4862,233683,1,100,1,14
8754,712980,1,100,1,2
4381,18747,0,10,1,13
2794,464767,1,100,1,10
2215,941458,0,10,1,7
7354,184701,0,100,1,10
9533,803238,1,100,1,13
1199,735730,0,10,1,15
497,892003,1,100,1,1
2327,811331,1,10,1,7
4606,965413,0,100,1,14
4533,482908,0,10,1,5
8821,217836,0,100,1,5
9738,573388,0,10,1,10
6456,478758,1,10,1,8
7995,282859,1,10,1,11
5123,895516,0,100,1,3
8303,539485,1,10,1,15
8622,563976,0,10,1,14
4397,220527,0,10,1,13
7071,416010,1,100,1,15
1027,613241,1,10,1,3
9296,416246,0,10,1,0
7081,369034,1,100,1,9
2981,137518,1,100,1,5
7811,510918,1,100,1,3
1067,577497,1,10,1,11
371,875495,1,10,1,3
5283,538441,1,10,1,3
6026,820870,0,100,1,10
8678,999528,0,10,1,6
6130,721713,0,10,1,2
3073,776731,1,10,1,1
9258,810180,1,10,1,10
6021,798889,1,10,1,5
3633,197243,0,100,1,1
4254,159956,1,10,1,14
6887,13853,0,100,1,7
9697,82995,0,10,1,1
9677,948770,1,100,1,13
2760,526006,1,10,1,8
858,38672,1,10,1,10
7560,827327,0,10,1,8
8582,509035,1,10,1,6
9141,780008,0,100,1,5
192,977356,0,10,1,0
1023,893601,0,100,1,15
6307,146707,0,100,1,3
2791,609636,1,10,1,7
4908,280793,0,100,1,12
7676,343484,0,10,1,12
7390,485777,1,100,1,14
561,499045,0,10,1,1
700,283709,1,100,1,12
4451,991199,1,100,1,3
6516,428390,0,100,1,4
2563,967642,0,10,1,3
814,527436,1,100,1,14
6922,534933,0,100,1,10
8767,763135,0,100,1,15
8184,368678,1,100,1,8
5360,708505,0,10,1,0
3579,71381,0,100,1,11
2818,258880,1,10,1,2
9926,524289,0,10,1,6
2361,677572,0,100,1,9
6663,668617,0,10,1,7
1548,146857,1,10,1,12
94,180295,0,100,1,14
4044,799486,0,10,1,12
6645,651721,0,10,1,5
4035,152682,1,10,1,3
4343,108377,0,10,1,7
9362,497397,0,100,1,2
6165,131643,0,10,1,5
8634,866820,1,100,1,10
6485,836220,0,100,1,5
7746,555122,0,10,1,2
1300,823098,0,100,1,4
6548,873834,1,100,1,4
146,770842,1,10,1,2
7760,216170,1,10,1,0
6641,867895,1,10,1,1
5126,539644,1,10,1,6
7107,128208,1,100,1,3
7909,26253,1,100,1,5
143,893540,0,100,1,15
7067,936536,1,100,1,11
2029,577013,1,100,1,13
6553,187422,0,100,1,9
5032,513969,1,100,1,8
8371,195421,0,100,1,3
7636,77120,1,10,1,4
7452,611423,1,10,1,12
8300,315532,0,10,1,12
7197,210223,0,10,1,13
8844,189490,1,10,1,12
1271,173816,1,10,1,7
2156,2008,0,100,1,12
1500,426112,0,10,1,12
4715,578672,1,100,1,11
3497,530531,0,10,1,9
4798,366711,1,100,1,14
9886,571296,1,10,1,14
6719,717734,0,100,1,15
2733,580853,1,10,1,13
9003,781228,1,100,1,11
9459,823249,1,100,1,3
8782,497263,1,100,1,14
2507,163056,1,100,1,11
4441,551536,0,10,1,9
7279,785489,1,100,1,15
7793,979363,1,10,1,1
1805,275612,0,10,1,13
2007,596692,0,10,1,7
3369,69219,1,10,1,9
428,612614,1,100,1,12
101,106945,0,100,1,5
9318,795680,0,10,1,6
2755,315935,0,10,1,3
7456,869455,1,100,1,0
8771,225341,1,10,1,3
6095,418432,1,10,1,15
6111,421758,1,100,1,15
1020,519763,0,10,1,12
7693,865704,1,10,1,13
7444,390672,1,10,1,4
7506,794887,0,100,1,2
4585,80584,1,10,1,9
849,244643,1,100,1,1
9194,615877,1,100,1,10
640,292480,1,10,1,0
8611,152147,1,100,1,3
6401,9346,0,10,1,1
8879,696687,0,100,1,15
5528,92227,0,100,1,8
5318,946621,1,10,1,6
1665,290311,0,10,1,1
1434,528615,1,100,1,10
1069,373233,1,10,1,13
5927,123880,1,10,1,7
2968,600311,1,10,1,8
4922,666962,0,100,1,10
5392,301621,0,100,1,0
5465,867538,0,10,1,9
9222,280607,1,10,1,6
5732,746531,0,10,1,4
9343,426810,0,100,1,15
5940,315698,1,10,1,4
7459,266469,1,100,1,3
6664,550674,1,100,1,8
2564,462314,1,100,1,4
808,563290,0,100,1,8
2578,712009,0,10,1,2
686,986203,1,100,1,14
1860,419684,0,10,1,4
4249,375757,1,10,1,9
5458,857486,1,100,1,2
8045,490740,0,10,1,13
9642,230176,1,100,1,10
6679,748413,1,10,1,7
3979,553243,1,10,1,11
2841,72233,1,100,1,9
5389,354195,0,100,1,13
1100,19719,0,10,1,12
1696,387164,1,10,1,0
2113,517171,1,10,1,1
8338,273485,1,100,1,2
97,412728,1,10,1,1
8794,927079,0,10,1,10
4768,429386,0,100,1,0
7187,994788,0,10,1,3
2792,709941,0,10,1,8
293,302280,0,10,1,5
2991,652590,1,10,1,15
9545,220809,1,10,1,9
1933,810488,1,100,1,13
7698,648760,0,10,1,2
5709,80425,1,100,1,13
4574,589386,1,100,1,14
2974,964970,1,10,1,14
9353,434842,1,10,1,9
2985,237371,0,10,1,9
5404,258353,0,100,1,12
9379,17153,1,10,1,3
7131,879319,0,10,1,11
1801,591622,0,100,1,9
1868,413108,1,10,1,12
1907,822884,0,10,1,3
4994,640775,0,100,1,2
1391,853659,1,10,1,15
1677,296978,0,10,1,13
7235,829718,1,100,1,3
3265,318522,0,100,1,1
6670,475832,0,10,1,14
2483,51691,1,10,1,3
246,871322,1,100,1,6
381,446320,0,100,1,13
2937,582674,0,100,1,9
9079,188943,1,10,1,7
6692,598781,0,100,1,4
4723,534215,1,10,1,3
4730,556547,1,10,1,10
3552,362423,0,10,1,0
2961,114491,0,100,1,1
5477,156530,1,10,1,5
1754,188041,0,100,1,10
89,614794,0,10,1,9
7831,667000,1,100,1,7
9781,918648,1,10,1,5
8365,434426,1,10,1,13
9844,605433,1,10,1,4
3629,401043,1,100,1,13
5793,563310,0,10,1,1
8167,630646,1,100,1,7
4074,525607,1,10,1,10
6385,614057,1,10,1,1
1452,879192,0,10,1,12
4162,470789,1,10,1,2
1220,867023,1,100,1,4
4312,288315,1,10,1,8
5551,807904,0,100,1,15
294,803139,0,100,1,6
6402,879482,1,100,1,2
8853,283119,1,100,1,5
2284,84903,1,100,1,12
9787,394825,1,100,1,11
3488,440355,1,10,1,0
9985,347273,1,10,1,1
4501,65802,0,100,1,5
6186,625753,1,100,1,10
6585,887850,1,10,1,9
664,333222,0,10,1,8
7805,944869,0,10,1,13
5863,305234,0,100,1,7
1929,758896,1,10,1,9
1113,410507,0,10,1,9
6659,731942,0,100,1,3
7030,12787,1,100,1,6
4425,226912,0,10,1,9
6746,739956,1,100,1,10
3775,390055,0,100,1,15
2144,232094,1,10,1,0
7486,978133,0,100,1,14
901,508205,0,100,1,5
3036,861168,0,100,1,12
7813,198162,1,10,1,5
5073,648134,0,10,1,1
6406,322086,1,10,1,6
6964,561762,0,100,1,4
8952,347555,0,10,1,8
7109,368932,1,10,1,5
8496,496073,1,10,1,0
8696,745190,0,10,1,8
8508,765265,0,100,1,12
6443,898149,1,100,1,11
3661,873635,0,10,1,13
7552,139022,0,10,1,0
172,242336,0,100,1,12
3359,153117,1,10,1,15
7027,981182,1,100,1,3
4799,165865,0,10,1,15
3240,425911,0,100,1,8
2682,222995,0,10,1,10
99,736448,0,10,1,3
3259,303602,1,100,1,11
6869,573128,1,100,1,5
1449,228497,0,100,1,9
2227,109557,0,10,1,3
268,655436,1,10,1,12
3933,186657,1,100,1,13
2488,44281,1,10,1,8
4632,496621,0,10,1,8
9326,223106,1,10,1,14
2474,483623,0,100,1,10
9154,799079,0,10,1,2
4280,522108,1,100,1,8
9453,977387,1,100,1,13
424,900406,1,10,1,8
7824,17395,0,10,1,0
1895,633960,1,100,1,7
9888,701242,1,10,1,0
3995,924972,0,10,1,11
263,436981,0,10,1,7
370,336835,0,100,1,2
1346,319127,0,10,1,2
966,95914,1,100,1,6
2058,153962,1,10,1,10
3229,552518,1,100,1,13
9625,588184,1,10,1,9
393,274404,1,10,1,9
3402,683550,1,100,1,10
1218,550813,1,100,1,2
5246,545206,1,10,1,14
1873,383589,1,10,1,1
9420,317501,1,10,1,12
662,914988,0,10,1,6
7388,295567,1,10,1,12
1451,5580,0,10,1,11
8746,648075,1,100,1,10
3242,278132,0,100,1,10
8342,880581,1,10,1,6
8605,412799,1,100,1,13
1417,715662,0,100,1,9
2374,927348,1,10,1,6
778,184214,1,100,1,10
6952,249725,1,10,1,8
4268,121435,1,100,1,12
8330,437048,0,10,1,10
447,81525,0,10,1,15
3720,135807,0,10,1,8
1857,873748,1,10,1,1
2043,661734,1,10,1,11
3524,596858,0,10,1,4
8920,513967,0,10,1,8
9401,73728,1,10,1,9
4675,284879,0,100,1,3
8979,730393,0,10,1,3
6098,959152,0,10,1,2
9939,23460,1,100,1,3
9142,775270,0,10,1,6
3153,178185,0,10,1,1
3858,839940,1,10,1,2
6262,711177,0,10,1,6
4291,979925,1,10,1,3
6092,43636,1,100,1,12
1013,658012,1,10,1,5
8047,82836,1,10,1,15
2572,530490,0,10,1,12
2538,238906,1,10,1,10
4645,570255,0,100,1,5
1402,569783,0,10,1,10
9297,683772,1,10,1,1
211,776527,0,100,1,3
6563,732911,1,10,1,3
7113,791420,0,10,1,9
295,700231,1,100,1,7
6061,546875,0,10,1,13
266,5990,0,100,1,10
1624,428337,1,10,1,8
3376,989270,0,10,1,0
5301,309440,0,100,1,5
6075,874176,0,10,1,11
4639,509468,1,100,1,15
6126,90923,1,100,1,14
3688,733371,0,10,1,8
8015,49858,1,10,1,15
1984,883649,0,10,1,0
7446,60717,0,10,1,6
4006,435844,0,100,1,6
3270,434063,0,10,1,6
973,693476,0,100,1,13
236,299549,0,100,1,12
4894,230015,1,10,1,14
9469,786874,1,10,1,13
1744,792236,1,100,1,0
6447,647510,1,100,1,15
5717,790993,1,100,1,5
476,164459,1,10,1,12
3828,391392,1,10,1,4
6794,898760,1,10,1,10
9004,322657,0,10,1,12
363,169407,0,100,1,11
6133,763091,1,10,1,5
5869,912542,0,100,1,13
7173,769238,0,10,1,5
6437,576280,0,100,1,5
9720,911838,0,100,1,8
8522,796236,1,10,1,10
1368,187060,0,10,1,8
2204,261618,0,100,1,12
9065,920121,0,10,1,9
2788,503277,1,10,1,4
2585,191646,0,100,1,9
4002,47366,1,100,1,2
7482,273700,0,10,1,10
1608,870919,0,100,1,8
2369,149404,1,10,1,1
6067,556971,1,10,1,3
3458,133625,1,10,1,2
6451,618593,1,10,1,3
4766,515203,1,10,1,14
2832,483091,0,100,1,0
9090,363773,1,100,1,2
9997,932402,0,10,1,13
4192,921944,0,10,1,0
3889,879944,1,10,1,1
3357,178371,1,10,1,13
7661,115014,1,10,1,13
8385,785574,0,10,1,1
6065,893218,1,100,1,1
9905,817333,1,100,1,1
7906,906732,1,10,1,2
4809,377068,0,10,1,9
5760,905005,1,10,1,0
4596,16169,0,10,1,4
729,95299,0,100,1,9
5662,927399,0,10,1,14
1486,481501,1,10,1,14
4444,883890,1,10,1,12
4944,295435,0,10,1,0
2445,785465,1,100,1,13
115,486326,0,100,1,3
3365,977845,0,100,1,5
1619,848621,0,10,1,3
4582,883076,0,100,1,6
1186,329785,1,10,1,2
3743,753929,1,10,1,15
4429,934151,1,100,1,13
2189,606590,0,100,1,13
1616,2547,0,100,1,0
2553,522783,1,10,1,9
2322,233097,0,100,1,2
2742,895871,0,100,1,6
1093,580148,1,10,1,5
6686,753853,1,100,1,14
320,245244,1,100,1,0
6304,760487,0,10,1,0
141,221867,0,100,1,13
4741,931146,1,100,1,5
2230,675522,1,100,1,6
159,857700,0,100,1,15
9595,461888,1,10,1,11
3526,940066,0,100,1,6
6280,209015,0,10,1,8
2663,828494,1,100,1,7
9436,968955,0,10,1,12
617,677709,1,100,1,9
259,463077,0,100,1,3
9592,147981,0,100,1,8
8875,349486,1,100,1,11
4491,625063,0,10,1,11
8243,868262,1,10,1,3
2772,203815,1,100,1,4
3203,843346,1,10,1,3
5613,520978,1,10,1,13
9520,809766,0,100,1,0
5050,751054,0,10,1,10
2956,175863,1,100,1,12
8352,330574,0,10,1,0
6541,349139,1,10,1,13
3830,886753,0,100,1,6
8178,844228,0,100,1,2
2617,385394,1,100,1,9
9748,509290,1,10,1,4
8185,915973,0,100,1,9
3116,503014,1,10,1,12
6863,84575,0,10,1,15
9513,195566,1,10,1,9
1336,520101,0,10,1,8
8618,505046,0,100,1,10
8305,672694,1,10,1,1
6626,610991,1,10,1,2
8769,48183,0,10,1,1
5261,173216,1,100,1,13
2891,430936,1,100,1,11
9516,471784,0,10,1,12
6140,837380,1,10,1,12
5670,388120,1,10,1,6
4635,480982,0,10,1,11
6408,649717,0,100,1,8
9047,826875,0,100,1,7
7546,543057,1,100,1,10
8911,46406,1,10,1,15
2433,543796,1,100,1,1
7654,764295,1,10,1,6
6162,353795,1,100,1,2
4387,662941,0,10,1,3
2709,570088,0,100,1,5
8662,852982,0,100,1,6
9571,373633,0,10,1,3
6013,134348,1,100,1,13
1926,486755,1,10,1,6
8521,743660,0,10,1,9
2750,620337,1,10,1,14
4550,998936,1,100,1,6
1821,395559,0,100,1,13
91,136608,1,10,1,11
8532,415467,0,10,1,4
5905,888838,0,10,1,1
2186,598139,0,10,1,10
8914,684906,0,100,1,2
6946,292643,0,100,1,2
417,48110,1,10,1,1
9897,956968,0,10,1,9
551,714317,1,10,1,7
9412,26018,0,10,1,4
8288,125485,0,100,1,0
1347,233951,0,100,1,3
167,42298,1,10,1,7
812,186036,1,100,1,12
7480,711983,1,100,1,8
2061,471563,1,10,1,13
2272,488308,1,10,1,0
649,740880,0,10,1,9
6264,432746,0,10,1,8
7033,53325,1,10,1,9
3471,639004,1,10,1,15
4831,34404,1,100,1,15
9337,509568,0,100,1,9
4478,688872,1,100,1,14
9688,411153,1,10,1,8
2308,101021,0,100,1,4
7316,876439,0,100,1,4
8958,535761,1,10,1,14
9839,746262,1,10,1,15
2506,779443,0,100,1,10
8721,104024,0,10,1,1
6332,682775,1,10,1,12
3468,67671,1,100,1,12
6040,23125,0,10,1,8
4053,847210,0,100,1,5
2863,12096,0,100,1,15
7015,369726,1,10,1,7
6167,731662,0,10,1,7
1311,883821,0,10,1,15
9713,884732,0,10,1,1
9555,295787,0,10,1,3
8014,731462,0,100,1,14
4256,632383,1,100,1,0
8291,958252,0,100,1,3
2648,400084,1,100,1,8
1213,757331,0,10,1,13
7628,497627,0,10,1,12
3514,193076,1,100,1,10
140,731300,0,10,1,12
2720,704113,1,10,1,0
2765,651679,0,10,1,13
6988,838540,0,10,1,12
8744,807612,0,100,1,8
4877,856553,1,100,1,13
3769,249667,1,10,1,9
8410,293946,1,10,1,10
7893,993521,0,10,1,5
5202,976263,0,100,1,2
5989,688296,1,100,1,5
8624,106005,0,100,1,0
2171,809954,0,10,1,11
6698,716627,1,100,1,10
2849,410443,0,10,1,1
8988,352560,0,100,1,12
7619,845980,1,100,1,3
2076,576748,1,100,1,12
9979,18142,1,10,1,11
2260,602855,1,100,1,4
5106,252985,0,100,1,2
9117,955358,1,100,1,13
1757,947284,1,100,1,13
4932,644842,1,10,1,4
2184,435571,1,100,1,8
169,84567,0,100,1,9
5881,707337,1,100,1,9
4039,641088,0,100,1,7
9901,86651,0,100,1,13
2864,860971,0,100,1,0
512,438500,0,100,1,0
550,103052,0,10,1,6
6510,226245,1,100,1,14
2777,685353,1,100,1,9
3653,768656,1,100,1,5
6073,756769,1,100,1,9
3379,394883,0,100,1,3
6630,829017,1,10,1,6
4803,983023,1,100,1,3
4615,664537,1,10,1,7
8737,698724,0,100,1,1
502,44805,1,10,1,6
8419,389619,0,10,1,3
8116,25813,0,100,1,4
1331,761119,1,100,1,3
4103,332128,1,10,1,7
5074,361751,1,10,1,2
4644,547626,0,10,1,4
7351,51121,1,100,1,7
4572,613816,1,10,1,12
3230,572196,1,10,1,14
496,248778,0,10,1,0
5,442784,0,100,1,5
7858,866805,1,10,1,2
5120,399163,1,10,1,0
385,24103,0,10,1,1
6211,163593,1,100,1,3
970,27739,1,100,1,10
7008,684236,0,100,1,0
637,772724,0,100,1,13
5411,158976,1,10,1,3
8898,929564,1,10,1,2
6348,538741,1,100,1,12
3715,84304,1,10,1,3
6239,966684,1,10,1,15
6831,532573,1,10,1,15
4516,729250,0,100,1,4
1273,395256,1,10,1,9
9180,997628,0,10,1,12
9349,797550,1,100,1,5
4092,559148,0,10,1,12
9977,3657,1,10,1,9
8747,538714,1,100,1,11
9000,745815,0,10,1,8
9084,81312,1,10,1,12
9676,222023,1,100,1,12
5275,674662,0,100,1,11
3329,376641,0,100,1,1
5093,44818,1,100,1,5
8008,397306,1,100,1,8
728,280181,0,10,1,8
403,218313,1,10,1,3
7161,748743,0,100,1,9
5445,879186,1,10,1,5
1098,558813,0,100,1,10
1839,977763,1,10,1,15
834,408206,0,100,1,2
6735,588647,1,10,1,15
8411,69902,1,100,1,11
1492,849956,0,10,1,4
6545,472210,1,10,1,1
759,339588,1,100,1,7
2880,744858,1,10,1,0
6962,517953,0,10,1,2
2164,450845,0,100,1,4
2902,472685,0,100,1,6
2590,30112,1,100,1,14
8417,386892,1,10,1,1
1341,517191,0,10,1,13
4694,620309,1,100,1,6
3269,595067,1,10,1,5
4819,231192,0,100,1,3
2677,917026,0,10,1,5
6058,69093,0,10,1,10
9943,183872,1,100,1,7
4592,947882,0,10,1,0
5112,665980,0,100,1,8
6312,96689,1,10,1,8
271,282972,1,10,1,15
4985,122450,0,100,1,9
9804,760646,1,100,1,12
2515,20687,0,10,1,3
4882,739539,0,10,1,2
8454,359586,0,100,1,6
8941,286001,1,10,1,13
6636,875213,0,100,1,12
3669,352551,1,100,1,5
14,776226,1,10,1,14
2001,810199,1,100,1,1
3953,543516,0,100,1,1
1558,515287,1,100,1,6
5380,849236,1,100,1,4
8641,913285,0,100,1,1
9584,630623,1,100,1,0
4484,548144,0,10,1,4
4503,454556,1,10,1,7
6445,664248,1,10,1,13
2379,491192,1,100,1,11
3756,372031,1,100,1,12
6539,851952,1,10,1,11
387,506486,1,100,1,3
429,791744,0,100,1,13
8029,324652,0,10,1,13
8870,690997,1,100,1,6
8094,698778,0,10,1,14
4584,286312,1,10,1,8
2814,623271,0,100,1,14
580,541129,1,100,1,4
6814,119621,0,100,1,14
2743,343381,0,10,1,7
9672,508025,1,100,1,8
5395,995176,1,100,1,3
8245,257011,1,100,1,5
2579,554476,0,10,1,3
547,793871,0,10,1,3
5792,407940,0,10,1,0
9442,16992,0,100,1,2
653,899958,1,100,1,13
8257,975799,1,100,1,1
8627,898182,0,10,1,3
8666,651220,1,100,1,10
4524,436525,1,10,1,12
8671,814176,0,100,1,15
9989,17122,0,10,1,5
6579,581678,1,10,1,3
8375,466111,0,10,1,7
9889,409842,1,100,1,1
5287,563110,1,100,1,7
9851,385502,1,100,1,11
1658,827298,0,100,1,10
3588,293036,0,10,1,4
824,381184,1,100,1,8
2624,251287,0,100,1,0
9314,406992,1,100,1,2
8446,889856,1,10,1,14
3169,567283,0,10,1,1
802,147324,1,10,1,2
6480,801933,1,100,1,0
427,277065,1,10,1,11
9119,246555,0,10,1,15
9743,899897,1,10,1,15
2146,395951,0,10,1,2
9928,223076,0,10,1,8
5597,809182,1,100,1,13
8731,470868,1,10,1,11
2510,600118,1,10,1,14
490,82755,0,100,1,10
1234,658990,0,100,1,2
5547,908057,1,10,1,11
887,808923,1,10,1,7
9259,431105,1,10,1,11
90,602122,1,100,1,10
1587,889227,0,100,1,3
4914,326679,1,100,1,2
8285,483087,1,100,1,13
8832,947183,0,100,1,0
2266,776842,0,10,1,10
7140,420264,0,100,1,4
9082,977274,0,100,1,10
3490,603537,0,10,1,2
5837,286440,1,100,1,13
521,110265,0,10,1,9
6843,442317,1,10,1,11
9876,178137,0,100,1,4
4043,884920,1,10,1,11
866,562612,1,100,1,2
4523,61125,1,100,1,11
6868,595846,1,100,1,4
8372,820264,1,10,1,4
6317,854494,0,10,1,13
8180,770619,1,10,1,4
7307,356868,1,10,1,11
6805,747360,1,10,1,5
4235,517724,1,10,1,11
3204,580427,1,10,1,4
4025,323118,0,100,1,9
4075,718806,0,100,1,11
5667,527454,0,10,1,3
5235,118478,0,10,1,3
9927,734872,1,10,1,7
9578,675724,0,10,1,10
5565,16089,0,100,1,13
4783,937051,0,100,1,15
3516,68193,1,10,1,12
9925,643101,0,10,1,5
9736,478929,1,100,1,8
7022,796216,0,100,1,14
6853,92454,1,10,1,5
4728,137232,0,100,1,8
8065,225099,1,100,1,1
8425,570346,0,100,1,9
3895,111521,1,10,1,7
5415,479628,0,10,1,7
1344,830805,0,10,1,0
2941,781747,0,100,1,13
3970,548689,0,10,1,2
4167,516912,0,10,1,7
8322,428391,0,100,1,2
4689,95586,1,100,1,1
3683,966609,0,10,1,3
4090,964022,1,10,1,10
7094,432018,1,100,1,6
863,35014,1,10,1,15
1827,421890,1,100,1,3
8256,456743,1,100,1,0
9573,115072,0,100,1,5
9780,830356,0,100,1,4
4232,912883,1,10,1,8
5985,590353,1,100,1,1
5159,703055,0,100,1,7
3797,526734,1,10,1,5
4656,495196,1,100,1,0
5801,789804,0,100,1,9
7038,59642,1,100,1,14
4014,814943,0,10,1,14
5579,667872,1,10,1,11
5447,235341,0,10,1,7
9367,925952,1,10,1,7
7466,641727,1,100,1,10
8266,199358,1,10,1,10
3903,409774,0,10,1,15
1431,74957,1,10,1,7
328,998062,0,10,1,8
5768,284751,0,10,1,8
2853,111450,1,100,1,5
8452,553761,0,10,1,4
4486,598771,0,100,1,6
4641,493320,1,100,1,1
8736,939398,0,10,1,0
6594,791152,0,10,1,2
1520,392403,0,100,1,0
6642,695151,0,100,1,2
5998,263900,1,10,1,14
6200,869609,0,100,1,8
1559,866146,0,10,1,7
174,822466,0,10,1,14
2460,453785,0,100,1,12
3812,513397,1,10,1,4
2256,552155,0,100,1,0
738,182407,0,10,1,2
3210,599251,0,100,1,10
8835,886355,1,100,1,3
713,529946,1,10,1,9
7905,775635,0,10,1,1
9647,72493,1,100,1,15
3496,68970,0,100,1,8
6481,148325,1,10,1,1
7053,846069,1,100,1,13
8818,781670,0,100,1,2
3042,131547,0,10,1,2
5365,717595,0,10,1,5
1432,603337,0,10,1,8
3439,505802,1,100,1,15
148,665277,1,100,1,4
450,105290,1,10,1,2
5666,158841,1,100,1,2
9559,329653,0,100,1,7
1059,802009,0,100,1,3
9276,919379,1,100,1,12
5627,61139,0,10,1,11
9607,667145,1,100,1,7
2549,744826,1,10,1,5
5935,189555,1,100,1,15
8450,718921,0,10,1,2
5334,859040,1,10,1,6
9468,586788,0,100,1,12
3138,209130,1,10,1,2
4316,13650,1,10,1,12
8213,600469,0,10,1,5
3508,421060,1,100,1,4
7786,543816,0,100,1,10
8676,556649,1,10,1,4
7704,673370,1,100,1,8
5736,733417,0,10,1,8
7331,317932,1,100,1,3
8025,915679,1,100,1,9
6113,479600,0,100,1,1
1809,484892,0,100,1,1
878,123213,0,100,1,14
9683,373706,0,10,1,3
2638,242063,0,100,1,14
7755,224601,1,100,1,11
1206,328471,0,10,1,6
1399,539200,1,10,1,7
1636,10477,1,100,1,4
930,956058,0,100,1,2
7948,940853,1,100,1,12
5138,388502,0,10,1,2
1723,446790,1,100,1,11
4209,212702,1,100,1,1
8935,524281,1,100,1,7
290,910245,0,100,1,2
5945,922881,0,10,1,9
9111,429074,1,10,1,7
2016,693350,0,100,1,0
104,438721,1,10,1,8
142,583410,1,100,1,14
5336,850713,1,100,1,8
8098,673279,0,10,1,2
2626,570029,1,100,1,2
6426,566773,0,100,1,10
5632,676147,0,100,1,0
1443,902316,1,100,1,3
8006,515009,0,100,1,6
9854,739006,1,100,1,14
9914,498323,0,10,1,10
7498,619759,0,10,1,10
6275,133657,1,10,1,3
4077,430533,0,10,1,13
3029,906758,0,10,1,5
2857,323141,0,100,1,9
4114,393003,0,100,1,2
1885,35603,1,100,1,13
6617,190985,0,10,1,9
1609,536747,1,100,1,9
1423,441195,0,10,1,15
335,474948,0,100,1,15
4900,406908,1,100,1,4
1490,119522,0,10,1,2
6778,213028,0,10,1,10
4222,64600,0,10,1,14
4135,951307,0,10,1,7
6546,938536,0,100,1,2
2973,625578,0,100,1,13
9828,897466,0,100,1,4
9166,927123,1,10,1,14
7974,765353,0,100,1,6
3806,994462,0,10,1,14
499,758828,0,10,1,3
6256,842740,0,100,1,0
9770,80626,0,10,1,10
6530,596176,0,10,1,2
7815,675549,0,10,1,7
539,234785,1,100,1,11
6198,715993,0,100,1,6
2395,609259,1,10,1,11
5612,398824,0,100,1,12
1589,889250,0,100,1,5
3395,303521,1,100,1,3
360,150929,0,10,1,8
9811,185849,1,10,1,3
7796,607908,0,100,1,4
5303,823695,1,10,1,7
2289,951437,1,10,1,1
6576,114788,1,10,1,0
2778,635863,0,10,1,10
5369,520694,0,100,1,9
8159,278481,0,10,1,15
2377,994101,0,10,1,9
1066,966966,1,10,1,10
8625,20461,0,100,1,1
3906,740105,1,10,1,2
5608,639648,1,100,1,8
9109,226407,1,100,1,5
9357,638078,1,10,1,13
2704,600545,0,10,1,0
6543,829945,1,10,1,15
6675,183555,0,100,1,3
6986,413150,0,100,1,10
4386,790732,0,100,1,2
1647,703083,0,100,1,15
421,791881,1,10,1,5
3179,258092,1,100,1,11
8432,356382,0,10,1,0
5640,881833,1,100,1,8
5607,271155,1,100,1,7
983,985517,0,100,1,7
231,568561,0,100,1,7
5147,223091,1,100,1,11
2247,91821,0,10,1,7
3875,851991,1,100,1,3
6224,447122,1,100,1,0
2557,456587,1,100,1,13
8866,256990,1,100,1,2
1488,601084,1,100,1,0
5062,273581,1,10,1,6
9548,71357,1,100,1,12
5087,342454,0,100,1,15
9962,65224,0,100,1,10
7603,649511,0,100,1,3
7004,746357,0,100,1,12
8249,871714,0,10,1,9
4603,71914,0,100,1,11
1974,747373,1,10,1,6
3093,414575,1,10,1,5
1768,649104,0,10,1,8
9467,280794,0,10,1,11
6135,18280,1,100,1,7
8426,467038,1,100,1,10
9727,805649,1,100,1,15
7622,47533,0,10,1,6
5270,270696,1,10,1,6
256,881336,0,10,1,0
8644,186769,0,100,1,4
5891,320893,0,10,1,3
9056,322265,1,100,1,0
3728,200955,1,10,1,0
2722,129561,1,10,1,2
5416,780667,0,10,1,8
5933,724964,0,100,1,13
5873,610379,1,100,1,1
3931,400634,1,100,1,11
8809,200836,0,10,1,9
1084,72743,1,100,1,12
1522,983000,0,10,1,2
5790,15276,1,100,1,14
2211,684227,1,10,1,3
5764,468070,0,10,1,4
3772,578943,1,100,1,12
9195,169340,0,100,1,11
621,582514,0,100,1,13
529,920701,1,100,1,1
5633,771431,1,10,1,1
9358,727374,1,10,1,14
8027,8955,1,10,1,11
2873,793049,0,10,1,9
7052,877583,1,10,1,12
797,258294,0,100,1,13
4805,615377,0,100,1,5
6938,911367,1,100,1,10
9027,483073,0,10,1,3
5657,628871,1,100,1,9
6044,668294,0,10,1,12
6497,3065,0,10,1,1
1961,470033,0,100,1,9
8105,617924,1,100,1,9
2060,349477,1,10,1,12
482,734221,0,10,1,2
3785,618999,0,100,1,9
7370,1912,1,10,1,10
127,963068,0,10,1,15
2914,260818,0,100,1,2
6840,76746,1,100,1,8
3443,331238,0,10,1,3
3292,5770,1,100,1,12
72,332294,1,10,1,8
9490,773150,0,10,1,2
9668,546431,0,10,1,4
576,487322,1,100,1,0
2562,597392,1,10,1,2
1866,893888,0,100,1,10
7579,145285,0,100,1,11
8221,311508,0,10,1,13
8038,367222,1,10,1,6
6982,585681,1,100,1,6
6045,506157,0,10,1,13
5664,29540,0,100,1,0
3187,808100,0,10,1,3
7795,553587,0,10,1,3
6954,999977,0,10,1,10
1467,757072,0,10,1,11
9342,427877,1,100,1,14
815,264617,1,100,1,15
3891,659243,0,100,1,3
4725,679330,1,10,1,5
2928,867273,1,10,1,0
4413,873091,1,10,1,13
9070,559570,0,100,1,14
9149,617940,1,100,1,13
8895,916701,1,100,1,15
2167,770709,0,10,1,7
7604,520189,1,10,1,4
4031,211360,1,10,1,15
6504,374063,0,100,1,8
2363,690508,1,100,1,11
1513,806615,1,10,1,9
9081,76517,0,100,1,9
2525,816717,0,100,1,13
5484,243450,1,10,1,12
2830,469638,0,100,1,14
6415,291154,1,10,1,15
3943,345130,0,100,1,7
2686,860340,0,10,1,14
4865,148655,1,10,1,1
5281,884475,1,100,1,1
5880,172798,1,10,1,8
442,926110,0,100,1,10
9975,115338,0,100,1,7
3345,350693,1,10,1,1
6717,660949,0,10,1,13
5890,642811,0,100,1,2
2909,756220,0,100,1,13
4770,401150,1,10,1,2
4978,381369,0,10,1,2
7416,580319,1,100,1,8
5372,997553,1,10,1,12
7591,631564,0,100,1,7
5154,75866,0,100,1,2
734,204873,0,100,1,14
1413,660560,0,10,1,5
7952,86061,0,10,1,0
2487,773621,1,100,1,7
7994,111604,0,10,1,10
5181,821477,0,100,1,13
3382,721034,0,100,1,6
8667,291393,1,10,1,11
9910,275226,1,100,1,6
5505,519025,0,100,1,1
6489,396647,1,10,1,9
3921,98889,0,10,1,1
5341,887405,1,100,1,13
6386,194816,0,100,1,2
5769,146781,0,100,1,9
498,372825,1,100,1,2
3551,479612,0,10,1,15
7162,272759,1,100,1,10
9251,367135,1,10,1,3
6625,226838,0,100,1,1
382,179629,1,10,1,14
6881,8996,1,10,1,1
2466,9412,0,10,1,2
3822,741457,1,10,1,14
9948,68337,1,10,1,12
5573,696944,0,10,1,5
4631,626607,1,100,1,7
5911,118667,0,10,1,7
6655,954882,1,100,1,15
2501,71960,1,100,1,5
1025,116720,0,10,1,1
4206,143112,1,100,1,14
3476,151221,0,100,1,4
2451,359444,1,10,1,3
655,566882,1,10,1,15
3072,299273,0,100,1,0
3140,601961,1,100,1,4
6251,902262,1,100,1,11
5468,991457,0,10,1,12
8778,861849,1,100,1,10
7376,165009,0,100,1,0
8592,716149,1,10,1,0
2170,907818,0,100,1,10
5210,980177,1,100,1,10
8408,281062,1,10,1,8
5064,589907,1,100,1,8
8575,840900,0,10,1,15
4941,567642,0,100,1,13
2052,161877,0,10,1,4
3010,326064,1,10,1,2
8066,102673,1,100,1,2
8733,296389,0,10,1,13
3410,471826,0,100,1,2
9651,709012,0,10,1,3
7821,649396,1,10,1,13
5034,736158,0,100,1,10
8553,526854,1,10,1,9
7607,309491,0,10,1,7
8129,430971,1,10,1,1
179,225829,1,100,1,3
9554,959046,1,10,1,2
3642,814791,1,100,1,10
3573,620738,0,100,1,5
4998,181323,0,100,1,6
746,564822,1,10,1,10
3901,262633,1,10,1,13
6801,470855,1,100,1,1
4921,238871,1,10,1,9
4775,602786,0,100,1,7
3586,616383,1,10,1,2
2782,348721,0,10,1,14
9,123653,0,10,1,9
3441,93179,1,100,1,1
1009,955740,0,100,1,1
542,992850,1,10,1,14
2472,458842,0,10,1,8
2177,760418,0,10,1,1
4804,454604,0,10,1,4
7689,87077,1,10,1,9
4067,969361,1,100,1,3
8939,636323,0,100,1,11
9838,5204,1,100,1,14
66,375855,1,100,1,2
6271,686269,1,100,1,15
8763,973213,0,10,1,11
5245,705734,0,10,1,13
7233,580561,0,100,1,1
4868,178551,1,10,1,4
7894,780314,1,100,1,6
5212,696005,0,100,1,12
6413,610582,0,100,1,13
5306,694615,1,100,1,10
4045,992150,1,100,1,13
9178,827552,0,100,1,10
9121,901237,0,10,1,1
3008,247626,0,100,1,0
2228,367054,1,10,1,4
3651,540183,0,10,1,3
1845,220386,1,100,1,5
1466,532110,1,10,1,10
3190,686525,0,100,1,6
1284,587276,0,100,1,4
7719,805829,0,100,1,7
6291,757622,1,100,1,3
8391,562027,1,100,1,7
2244,695903,1,10,1,4
5359,827915,0,10,1,15
6781,817594,0,10,1,13
8024,369346,1,10,1,8
4142,610834,0,100,1,14
8478,85141,1,100,1,14
7990,770758,0,10,1,6
8126,873612,0,10,1,14
56,434528,1,10,1,8
2402,461141,0,10,1,2
3699,53604,1,100,1,3
5216,37716,0,10,1,0
6316,368529,1,100,1,12
6313,435485,1,10,1,9
2631,388344,1,10,1,7
7414,925490,1,10,1,6
6833,540799,1,100,1,1
38,854034,1,10,1,6
6439,920198,0,10,1,7
3584,567621,0,100,1,0
9772,263027,1,100,1,12
8158,958592,0,100,1,14
1202,351657,0,10,1,2
4376,413837,1,10,1,8
3999,501374,1,10,1,15
8377,200198,0,10,1,9
9735,570863,1,10,1,7
9050,438270,1,100,1,10
4180,860212,0,10,1,4
8222,743488,0,100,1,14
9570,621036,1,100,1,2
6771,884588,1,100,1,3
2032,404688,0,10,1,0
1248,852312,0,100,1,0
8406,887506,1,100,1,6
1450,566961,1,100,1,10
7310,788908,1,100,1,14
6720,670332,0,100,1,0
6260,357194,1,10,1,4
8632,601843,1,10,1,8
7618,851468,1,100,1,2
8145,800551,0,10,1,1
6016,694681,1,10,1,0
8350,349653,0,100,1,14
6949,474310,0,100,1,5
8199,900243,1,100,1,7
907,405052,0,100,1,11
4455,849669,0,100,1,7
9771,310547,1,10,1,11
4508,959155,0,10,1,12
1197,525045,1,10,1,13
8100,109576,0,10,1,4
595,160965,0,100,1,3
1749,567897,1,10,1,5
2725,68753,1,100,1,5
2845,462691,0,100,1,13
7212,814640,0,10,1,12
2785,397395,0,100,1,1
9372,566231,0,10,1,12
1774,421516,1,100,1,14
3330,353406,0,100,1,2
7165,956709,0,100,1,13
9179,171188,1,10,1,11
1389,680530,0,10,1,13
9234,933282,1,10,1,2
1507,651032,1,100,1,3
4131,282716,1,10,1,3
5184,798127,1,10,1,0
6972,479355,1,100,1,12
9018,230256,0,100,1,10
8669,184811,1,10,1,13
7492,308529,1,10,1,4
7227,554728,0,10,1,11
5373,600955,0,100,1,13
8609,997827,1,10,1,1
9726,271191,1,100,1,14
195,732151,1,10,1,3
1334,533821,1,10,1,6
6777,90451,1,10,1,9
3048,157728,0,100,1,8
7311,911932,1,10,1,15
927,763986,1,100,1,15
6506,244607,1,100,1,10
6730,682721,1,10,1,10
3879,890343,0,10,1,7
4818,952560,1,10,1,2
8229,759303,1,10,1,5
1453,925469,1,100,1,13
7211,977009,1,10,1,11
9549,327433,1,100,1,13
8067,596526,1,10,1,3
5948,174714,0,100,1,12
7106,963952,1,100,1,2
5432,184693,1,100,1,8
2004,948852,1,100,1,4
7166,274494,0,100,1,14
7751,779022,0,100,1,7
2223,950541,0,10,1,15
6328,840973,1,10,1,8
5874,529358,1,100,1,2
1044,457177,1,10,1,4
8192,627606,1,10,1,0
8711,506472,0,100,1,7
9475,335594,0,10,1,3
1012,74615,1,100,1,4
1332,506656,0,10,1,4
483,478324,1,100,1,3
9574,424578,1,100,1,6
3736,511786,1,10,1,8
3420,745136,1,10,1,12
3309,223946,0,100,1,13
8392,78394,1,100,1,8
6310,846009,0,10,1,6
5242,38078,0,100,1,10
2577,712796,0,10,1,1
9894,100136,1,100,1,6
8720,959500,0,10,1,0
5913,860740,1,10,1,9
9398,313194,1,10,1,6
6238,275570,0,10,1,14
8728,800474,0,100,1,8
207,779824,1,100,1,15
4668,845953,1,100,1,12
1147,414571,0,100,1,11
8597,253927,1,10,1,5
8652,636566,0,10,1,12
4419,864379,0,10,1,3
3990,608858,1,10,1,6
8241,789873,0,100,1,1
7329,137522,1,100,1,1
7086,58742,0,100,1,14
2685,907574,1,10,1,13
676,200705,1,100,1,4
9806,220423,0,10,1,14
8376,494785,0,10,1,8
5310,223900,1,10,1,14
9539,884118,1,10,1,3
6007,225659,1,10,1,7
610,579857,1,100,1,2
269,410332,1,10,1,13
7155,870785,1,100,1,3
9387,677626,1,100,1,11
5682,141856,0,10,1,2
433,924046,1,10,1,1
7503,932937,1,100,1,15
4863,546968,0,10,1,15
6953,419513,1,100,1,9
1874,987481,1,100,1,2
9932,85729,0,100,1,12
2874,979773,0,10,1,10
3062,772143,1,10,1,6
2242,76834,1,10,1,2
3467,787452,0,100,1,11
7333,15603,1,10,1,5
7551,978837,0,100,1,15
1808,818140,1,100,1,0
7073,408828,0,10,1,1
2207,864656,0,100,1,15
9903,481121,1,10,1,15
5589,217879,0,100,1,5
9534,31468,1,10,1,14
42,568836,1,100,1,10
7413,316825,0,10,1,5
2801,897346,1,10,1,1
8019,277963,0,100,1,3
2812,292050,0,10,1,12
3512,949658,1,10,1,8
376,660197,0,100,1,8
1720,201964,0,10,1,8
1354,314689,0,10,1,10
7589,839797,0,10,1,5
2097,555143,0,100,1,1
3912,416821,0,10,1,8
3926,41732,0,10,1,6
5313,21683,0,100,1,1
3705,967799,1,10,1,9
8321,377582,0,10,1,1
8455,290784,0,10,1,7
409,168725,1,10,1,9
2024,699723,0,10,1,8
6303,824096,1,100,1,15
4970,347537,0,100,1,10
9441,245873,0,100,1,1
3839,620612,1,10,1,15
6115,270950,1,100,1,3
8661,331990,0,100,1,5
7774,238869,1,100,1,14
1385,577349,1,10,1,9
1314,341364,1,10,1,2
7439,799680,1,100,1,15
4972,495341,0,100,1,12
3348,974892,0,100,1,4
7087,972437,0,10,1,15
6832,968506,1,100,1,0
3045,737758,0,10,1,5
2975,703366,0,10,1,15
282,748798,0,100,1,10
8423,865306,0,10,1,7
6736,417948,0,100,1,0
5100,188960,1,10,1,12
6029,677023,0,10,1,13
5188,419717,0,10,1,4
5390,100201,0,100,1,14
518,288634,1,100,1,6
1240,983717,1,100,1,8
7973,935503,0,10,1,5
782,844140,0,10,1,14
3535,301854,1,10,1,15
7410,971563,0,100,1,2
828,910522,0,100,1,12
8076,331919,1,10,1,12
7055,20132,1,100,1,15
5047,33342,0,10,1,7
5552,580062,0,10,1,0
9023,11427,0,100,1,15
1843,124513,1,10,1,3
5839,616815,1,100,1,15
3224,417349,0,10,1,8
9621,385046,0,10,1,5
5277,813725,1,10,1,13
6693,367079,0,100,1,5
8849,414910,0,10,1,1
7387,150527,0,100,1,11
8812,802675,0,100,1,12
8204,186158,0,10,1,12
7992,672523,1,10,1,8
7964,930792,1,100,1,12
8921,93106,1,100,1,9
6834,406768,1,10,1,2
5569,585385,0,10,1,1
7065,892050,0,100,1,9
8869,252704,1,10,1,5
4453,338600,0,100,1,5
7740,515681,0,10,1,12
272,688711,0,10,1,0
5960,790250,0,10,1,8
3726,294916,1,100,1,14
4537,140445,1,10,1,9
7913,572284,1,100,1,9
6605,858825,1,10,1,13
9489,507547,1,10,1,1
3730,737684,0,100,1,2
2945,849401,0,100,1,1
5361,473435,1,10,1,1
1262,983132,0,10,1,14
3656,343891,0,10,1,8
776,647513,1,100,1,8
70,392753,0,10,1,6
9829,593318,0,100,1,5
963,262862,1,10,1,3
6760,62052,1,100,1,8
7384,482097,1,10,1,8
5190,324337,1,10,1,6
8034,246738,0,10,1,2
6761,649298,0,100,1,9
308,322399,1,10,1,4
2612,811881,1,100,1,4
4529,681685,0,100,1,1
1378,913312,1,100,1,2
1750,183311,0,10,1,6
7006,25160,0,10,1,14
9106,806529,0,10,1,2
5500,283803,1,100,1,12
7725,399305,0,10,1,13
3791,581894,1,10,1,15
6826,855226,0,100,1,10
7712,844136,0,10,1,0
2560,353346,0,100,1,0
8554,537304,1,100,1,10
9686,952037,1,10,1,6
1016,853966,1,100,1,8
9798,207671,0,100,1,6
8437,304459,0,100,1,5
493,838510,0,10,1,13
7884,28269,1,10,1,12
6925,684515,1,10,1,13
8404,449774,0,10,1,4
5098,777418,1,10,1,10
2939,924295,1,10,1,11
9757,465346,0,10,1,13
1487,761264,0,100,1,15
9210,748401,0,10,1,10
592,130815,0,100,1,0
6326,49662,0,100,1,6
5371,343851,1,100,1,11
8013,762687,1,100,1,13
716,620453,1,100,1,12
1602,252591,0,100,1,2
7266,562999,1,10,1,2
9981,152479,0,10,1,13
9991,347102,1,10,1,7
4320,807622,1,100,1,0
61,571698,1,100,1,13
2980,680565,0,100,1,4
663,475961,0,100,1,7
862,326816,0,100,1,14
9874,444911,0,100,1,2
9629,456712,1,100,1,13
6622,910099,1,10,1,14
1365,367489,1,10,1,5
5723,108993,0,10,1,11
3814,525793,0,100,1,6
1442,487254,1,100,1,2
5125,43559,1,100,1,5
9878,577634,1,10,1,6
5495,786437,1,100,1,7
4629,616349,1,10,1,5
7019,442804,1,100,1,11
7565,729736,1,100,1,13
5884,101568,0,10,1,12
4137,834385,1,100,1,9
9553,73820,1,100,1,1
6136,434637,1,10,1,8
1613,594080,0,10,1,13
4626,913307,1,10,1,2
8719,513058,1,100,1,15
4788,82276,1,100,1,4
1289,588946,0,10,1,9
1792,300052,0,100,1,0
6283,900617,0,100,1,11
4573,244726,0,10,1,13
8339,706642,0,10,1,3
3593,379338,0,10,1,9
7322,543665,0,10,1,10
1981,28065,0,10,1,13
6477,609085,1,10,1,13
4780,209724,0,100,1,12
2344,94653,1,10,1,8
3876,686947,0,10,1,4
6596,214350,1,100,1,4
5852,292220,1,100,1,12
8831,870869,0,10,1,15
1998,283882,1,100,1,14
6906,639577,0,100,1,10
2811,177842,0,10,1,11
6689,873580,0,100,1,1
6919,534219,1,10,1,7
1504,954475,0,10,1,0
6232,713082,0,10,1,8
7925,838020,0,10,1,5
3555,613642,1,10,1,3
6599,872195,1,100,1,7
8400,859847,0,10,1,0
1157,352395,0,10,1,5
7991,537877,0,10,1,7
8700,940415,1,100,1,12
1524,97666,0,100,1,4
9171,876766,1,100,1,3
4479,442566,0,100,1,15
7085,446035,1,10,1,13
4554,24816,1,10,1,10
3882,615323,1,100,1,10
6270,452042,0,100,1,14
5570,439010,0,10,1,2
4847,132942,1,10,1,15
7481,298263,1,10,1,9
3811,776765,0,10,1,3
3824,810299,1,100,1,0
6124,767721,0,10,1,12
4437,323927,0,10,1,5
3423,72552,0,100,1,15
9614,367130,0,10,1,14
4221,591897,0,100,1,13
3792,116794,0,100,1,0
3032,803552,1,100,1,8
2927,585277,1,100,1,15
2693,917433,0,10,1,5
2681,641835,0,10,1,9
1272,176986,1,10,1,8
6259,395844,0,10,1,3
3057,741501,0,100,1,1
9417,870179,1,10,1,9
4887,457728,0,10,1,7
4058,766164,0,10,1,10
1392,553246,0,100,1,0
6897,23260,1,10,1,1
578,646065,1,10,1,2
5166,539703,1,10,1,14
6713,809287,0,100,1,9
1934,910062,1,10,1,14
2174,547013,1,10,1,14
7408,382927,1,100,1,0
1193,162345,0,100,1,9
8961,247892,1,100,1,1
297,254634,1,100,1,9
9649,307472,0,10,1,1
1323,836699,0,100,1,11
9217,359591,0,10,1,1
7051,376290,1,10,1,11
6049,509819,1,100,1,1
1343,98073,1,10,1,15
1319,495568,1,10,1,7
805,640121,1,10,1,5
9185,55254,0,10,1,1
4121,344234,1,10,1,9
5491,577647,0,10,1,3
8749,63703,1,100,1,13
5646,451518,1,100,1,14
3781,386626,1,10,1,5
1149,57005,1,10,1,13
3676,344905,1,100,1,12
336,901312,0,10,1,0
1212,854864,1,10,1,12
6102,948300,0,10,1,6
7669,693015,0,100,1,5
1942,200982,1,100,1,6
9488,556097,0,100,1,0
9882,506875,0,10,1,10
3120,491656,1,10,1,0
306,281085,1,100,1,2
7745,22711,0,100,1,1
5117,277470,0,10,1,13
7777,940344,0,100,1,1
5479,773900,1,10,1,7
3289,763849,1,100,1,9
3843,326558,1,100,1,3
4033,386940,0,10,1,1
2714,452619,0,10,1,10
3998,27428,0,10,1,14
1045,702193,1,100,1,5
2278,192787,0,100,1,6
5501,922414,0,100,1,13
5950,393006,0,10,1,14
3442,426890,0,10,1,2
1505,76568,0,10,1,1
1533,927445,1,10,1,13
9449,280436,1,100,1,9
9280,868276,1,100,1,0
4408,777469,1,10,1,8
4835,764246,1,100,1,3
921,551094,0,100,1,9
1026,749847,0,100,1,2
6248,561800,0,10,1,8
1724,134994,0,10,1,12
489,682023,1,10,1,9
2305,905123,1,10,1,1
1244,150421,1,10,1,12
9609,306738,1,10,1,9
9508,928205,0,10,1,4
322,839271,1,100,1,2
491,47976,1,10,1,11
5930,265277,1,10,1,10
7194,180775,1,100,1,10
7942,571265,1,100,1,6
5076,520082,0,100,1,4
8395,991946,1,10,1,11
2604,852965,0,10,1,12
762,677067,1,100,1,10
8096,274856,1,10,1,0
3195,363159,1,10,1,11
7872,71729,1,10,1,0
6627,139480,1,10,1,3
5994,385168,1,10,1,10
1131,888353,0,10,1,11
5441,245489,1,10,1,1
7239,369983,1,10,1,7
1567,663943,0,10,1,15
1447,495119,0,10,1,7
3625,887578,0,100,1,9
8263,880336,1,10,1,7
7723,177166,0,100,1,11
2834,316211,1,10,1,2
6783,951398,0,10,1,15
4007,608522,0,10,1,7
6782,617912,0,10,1,14
712,509714,1,100,1,8
241,223672,0,10,1,1
3818,634760,1,10,1,10
5434,75851,1,10,1,10
402,181692,1,100,1,2
8032,348833,1,100,1,0
2100,892225,0,100,1,4
1103,599445,1,10,1,15
4107,151231,0,10,1,11
2226,383315,1,100,1,2
4690,130978,0,100,1,2
5763,855637,0,10,1,3
1353,965584,1,10,1,9
3340,766198,1,10,1,12
4605,38197,0,10,1,13
4982,100421,1,10,1,6
2199,411482,1,10,1,7
4642,651354,1,10,1,2
1955,861908,0,10,1,3
3222,376794,0,10,1,6
4714,297025,0,10,1,10
7424,329354,1,100,1,0
9281,607412,1,100,1,1
7866,861663,1,100,1,10
6293,174178,1,10,1,5
16,368681,0,10,1,0
1534,161517,1,100,1,14
8698,211504,1,10,1,10
5946,788642,0,100,1,10
2769,148430,0,10,1,1
2520,604264,0,10,1,8
6101,39743,0,10,1,5
3030,910049,0,100,1,6
912,8068,0,10,1,0
261,859492,1,10,1,5
6648,757210,1,10,1,8
8469,896452,0,100,1,5
279,411607,1,10,1,7
9255,138232,1,10,1,7
5108,749050,0,10,1,4
6465,664306,0,100,1,1
8289,72951,0,100,1,1
1005,302116,1,10,1,13
8346,919996,0,100,1,10
4199,754592,1,10,1,7
5274,858733,1,100,1,10
2175,993772,1,100,1,15
7348,654254,0,10,1,4
3592,4482,1,100,1,8
7172,545637,0,100,1,4
9890,872834,1,10,1,2
9240,358922,1,100,1,8
3035,381739,1,100,1,11
7321,702365,1,10,1,9
1139,142060,0,10,1,3
5886,344113,0,100,1,14
3729,260059,1,10,1,1
4072,21780,1,10,1,8
2027,385373,1,10,1,11
6047,359754,1,10,1,15
8982,258525,0,10,1,6
6754,391708,0,100,1,2
1246,732066,1,10,1,14
585,843657,0,100,1,9
5063,678290,0,10,1,7
8057,854554,0,10,1,9
122,933712,0,100,1,10
831,25504,0,100,1,15
1625,478435,1,10,1,9
8102,569426,0,100,1,6
6131,215039,1,10,1,3
9097,956577,1,10,1,9
3568,940289,1,10,1,0
1560,597232,0,100,1,8
5798,976962,1,10,1,6
4225,312300,0,10,1,1
8205,753158,1,100,1,13
3320,997363,0,10,1,8
6267,956240,1,10,1,11
7021,372805,1,100,1,13
3959,171297,0,10,1,7
7896,617095,0,100,1,8
7250,177362,0,10,1,2
9039,81058,0,100,1,15
7670,753093,0,100,1,6
608,67966,0,100,1,0
2616,35591,1,100,1,8
3804,301964,1,100,1,12
3622,282718,0,100,1,6
9768,56130,1,100,1,8
346,832453,1,10,1,10
166,677939,0,100,1,6
7264,633730,1,10,1,0
1178,279830,0,10,1,10
6658,415061,1,10,1,2
3566,558819,0,100,1,14
3156,981835,0,10,1,4
9064,732519,1,100,1,8
7401,944916,1,10,1,9
8169,157833,0,10,1,9
8430,132712,1,100,1,14
811,461199,1,10,1,11
5308,322247,1,100,1,12
5241,548570,1,10,1,9
6745,356185,1,10,1,9
2963,910226,1,10,1,3
5485,784932,0,10,1,13
5252,587594,0,100,1,4
2637,643733,1,100,1,13
3185,732435,0,10,1,1
1355,774463,1,10,1,11
2492,673680,1,10,1,12
5027,246290,0,10,1,3
9033,886952,0,10,1,9
4022,962299,0,10,1,6
8542,605605,0,100,1,14
3406,663224,0,100,1,14
3145,83943,0,100,1,9
1849,862973,1,10,1,9
9779,634895,1,10,1,3
6375,706352,0,100,1,7
9959,529343,0,100,1,7
108,968985,0,100,1,12
6792,926489,0,100,1,8
3127,738229,1,10,1,7
951,694071,0,100,1,7
3634,214984,0,10,1,2
9561,19117,0,10,1,9
6360,197759,1,100,1,8
5865,565516,1,10,1,9
8059,234685,0,10,1,11
4366,480372,0,100,1,14
7398,127637,0,10,1,6
2005,391475,0,10,1,5
9999,330321,0,10,1,15
7855,238211,0,10,1,15
8932,510162,1,10,1,4
3668,652556,0,100,1,4
6004,475367,1,10,1,4
9766,110654,0,10,1,6
6034,665456,0,10,1,2
5264,792465,0,100,1,0
9761,963229,1,100,1,1
4315,893357,0,10,1,11
2719,8506,0,10,1,15
5471,628972,0,10,1,15
1425,721693,0,10,1,1
7135,663161,0,100,1,15
3607,351704,1,10,1,7
4414,203075,0,100,1,14
8603,805292,0,10,1,11
9636,815230,1,100,1,4
1777,589569,1,100,1,1
9585,325827,0,10,1,1
2997,268984,1,100,1,5
7799,638182,0,100,1,7
7137,652057,1,100,1,1
9382,191492,0,10,1,6
5520,240462,1,10,1,0
1988,553324,1,10,1,4
2842,186690,0,10,1,10
7649,266143,0,100,1,1
5164,683340,0,10,1,12
8584,56745,1,100,1,8
8402,523534,1,10,1,2
9429,843489,1,100,1,5
5414,904194,0,10,1,6
3142,208738,0,100,1,6
9842,88064,0,10,1,2
1222,764045,1,100,1,6
6174,796832,1,10,1,14
8203,604077,0,10,1,11
7213,483789,0,10,1,13
1555,213726,1,10,1,3
6384,214825,1,10,1,0
3049,434850,0,100,1,9
4990,798729,1,10,1,14
3857,315043,0,10,1,1
3790,652976,0,10,1,14
6688,330500,0,100,1,0
4445,588528,1,100,1,13
7962,676513,1,10,1,10
3007,994499,1,10,1,15
2202,18484,0,100,1,10
8762,818211,1,100,1,10
9530,39322,0,100,1,10
7465,877952,1,100,1,9
7099,595331,1,100,1,11
63,699686,1,100,1,15
2285,15824,1,10,1,13
2440,554221,1,10,1,8
7681,700128,0,10,1,1
8607,791617,0,100,1,15
7531,51586,1,10,1,11
5894,829748,0,10,1,6
1644,679716,1,10,1,12
3731,741016,0,10,1,3
6935,429294,0,100,1,7
645,989614,0,100,1,5
106,652761,1,10,1,10
2089,799381,1,100,1,9
8906,999136,1,10,1,10
9751,657474,0,100,1,7
7683,545739,1,100,1,3
4275,822170,0,10,1,3
5461,225950,0,100,1,5
8456,688375,1,10,1,8
8166,694197,1,10,1,6
7643,851638,1,10,1,11
8825,708426,1,10,1,9
5642,893867,0,10,1,10
851,414707,0,100,1,3
7024,652249,0,10,1,0
2858,513923,1,100,1,10
2629,17232,1,100,1,5
3929,945730,0,10,1,9
870,91671,1,100,1,6
8851,405332,1,100,1,3
8978,539519,1,10,1,2
9821,969121,1,100,1,13
5469,179696,0,10,1,13
5008,382704,1,100,1,0
7923,908804,1,10,1,3
2179,913284,1,10,1,3
6618,355373,0,100,1,10
4310,149421,1,10,1,6
8927,855946,1,10,1,15
4938,892943,1,100,1,10
8904,411841,1,100,1,8
3221,471230,1,10,1,5
7159,687085,1,10,1,7
8531,669156,0,10,1,3
326,191289,0,10,1,6
8315,656593,1,100,1,11
5795,21899,0,10,1,3
4785,286116,0,10,1,1
602,704832,0,100,1,10
3847,274871,1,100,1,7
1364,695848,1,10,1,4
7969,563774,0,10,1,1
3803,779424,1,10,1,11
3225,619067,0,10,1,9
722,858495,0,100,1,2
2516,872086,0,10,1,4
80,472120,1,100,1,0
8791,734216,1,100,1,7
2214,44918,0,100,1,6
8473,167392,1,10,1,9
6125,189391,1,10,1,13
4739,487897,1,10,1,3
150,76237,0,10,1,6
1095,519655,0,100,1,7
9448,820154,1,100,1,8
6502,775840,0,10,1,6
5262,497163,0,100,1,14
7296,476436,1,100,1,0
4140,781742,0,100,1,12
6525,380038,0,10,1,13
413,129669,0,10,1,13
6241,438955,1,100,1,1
7222,831725,0,10,1,6
4648,313778,0,10,1,8
7829,393315,0,100,1,5
526,102244,0,10,1,14
4547,998453,0,10,1,3
7876,250167,0,100,1,4
1000,341359,1,10,1,8
9893,687617,1,100,1,5
9096,795213,1,100,1,8
4902,99967,0,100,1,6
2924,649245,1,100,1,12
7178,281427,0,100,1,10
5761,787662,1,10,1,1
5543,809216,0,100,1,7
657,526203,1,10,1,1
1102,336415,1,100,1,14
1141,862779,0,100,1,5
5595,630577,1,10,1,11
9058,737364,0,100,1,2
3099,88644,1,100,1,11
5214,919408,0,10,1,14
634,975650,0,10,1,10
5450,626162,0,100,1,10
9085,148403,0,10,1,13
9616,535161,1,100,1,0
1356,151624,0,10,1,12
545,507571,0,10,1,1
9323,231987,0,100,1,11
7236,948012,0,10,1,4
1239,698797,0,10,1,7
3735,249646,1,100,1,7
1946,792150,0,100,1,10
4298,615460,1,100,1,10
1937,4325,1,100,1,1
3293,985298,1,10,1,13
5622,652579,1,100,1,6
7924,278401,1,100,1,4
1628,311085,1,100,1,12
4184,533461,1,10,1,8
7955,265773,0,100,1,3
8160,523065,1,10,1,0
7528,692996,0,10,1,8
5377,718064,1,10,1,1
3133,33453,0,100,1,13
5731,404610,0,100,1,3
458,87500,1,100,1,10
4910,148113,1,10,1,14
941,439735,1,100,1,13
8549,822436,1,10,1,5
8482,440175,0,10,1,2
3541,484576,0,10,1,5
4685,818155,0,10,1,13
3043,534300,0,10,1,3
5150,696852,0,10,1,14
7330,176524,0,10,1,2
6989,116469,1,100,1,13
4096,468514,1,100,1,0
5189,720144,1,10,1,5
98,942729,1,100,1,2
8859,389951,0,100,1,11
2098,59739,0,10,1,2
1840,596746,0,100,1,0
854,685655,1,100,1,6
4838,263722,1,100,1,6
7859,691084,1,10,1,3
8865,41808,1,100,1,1
4758,140927,1,10,1,6
1546,684396,0,100,1,10
7374,516371,0,100,1,14
4272,942593,1,100,1,0
4774,959548,1,10,1,6
2871,258467,0,100,1,7
388,386486,0,100,1,4
4190,518784,1,10,1,14
2846,27353,0,10,1,14
8460,28823,0,10,1,12
8938,315661,1,10,1,10
5401,20084,0,100,1,9
7590,662957,1,10,1,6
7980,213661,0,10,1,12
68,633308,0,10,1,4
9422,604216,1,10,1,14
8254,232809,1,100,1,14
5462,546038,1,10,1,6
6874,990888,0,100,1,10
9006,716287,1,100,1,14
977,379922,0,100,1,1
6253,79205,1,10,1,13
3339,910924,0,100,1,11
5583,564753,1,100,1,15
7526,770945,0,100,1,6
8393,346547,0,100,1,9
9673,630530,1,100,1,9
8976,543544,1,100,1,0
5522,985700,0,100,1,2
7524,888047,0,100,1,4
132,176857,1,100,1,4
698,612122,0,10,1,10
9749,346131,1,10,1,5
6387,641745,0,10,1,3
6592,103031,0,10,1,0
508,637812,1,10,1,12
3768,545497,1,100,1,8
9419,101825,0,100,1,11
1917,12896,1,100,1,13
3614,288838,1,100,1,14
9214,908832,0,100,1,14
1407,322214,1,10,1,15
6432,503935,0,100,1,0
924,135029,0,10,1,12
1292,3900,0,10,1,12
6907,822404,1,100,1,11
8959,108321,1,100,1,15
7334,151843,0,100,1,6
5253,627743,1,10,1,5
772,375272,1,100,1,4
9511,300758,0,100,1,7
733,10409,0,100,1,13
1502,179286,1,10,1,14
2664,288004,1,100,1,8
3916,669973,0,100,1,12
1460,597791,1,10,1,4
9282,670440,0,10,1,2
9875,173650,1,10,1,3
408,436876,1,10,1,8
3022,456098,0,100,1,14
323,538609,0,10,1,3
1796,850065,0,100,1,4
7291,153329,1,10,1,11
5449,535523,0,100,1,9
5571,970932,0,100,1,3
826,68841,1,100,1,10
2160,606774,1,100,1,0
1679,276221,0,100,1,15
8486,638982,0,10,1,6
2218,262985,0,100,1,10
1715,234964,1,100,1,3
3429,911936,0,100,1,5
8369,848912,0,100,1,1
313,731583,0,100,1,9
