id,value,population,loop_count
8950,501725,HIGH,1000
3938,818879,LOW,10
2540,237193,LOW,10
2931,981084,LOW,10
5598,831235,HIGH,1000
9032,739827,HIGH,1000
2266,237133,LOW,10
6472,824206,HIGH,1000
8355,756646,HIGH,1000
3542,298711,LOW,10
4568,26653,LOW,10
2416,698005,LOW,10
5801,732911,HIGH,1000
7783,408593,HIGH,1000
2173,989813,LOW,10
2989,974634,LOW,10
9256,453490,HIGH,1000
1130,309950,LOW,10
4923,810344,LOW,10
5034,797856,HIGH,1000
4278,593202,LOW,10
3158,802467,LOW,10
5647,607952,HIGH,1000
4105,778697,LOW,10
443,167868,LOW,10
4010,542703,LOW,10
3051,361631,LOW,10
801,116192,LOW,10
4304,951840,LOW,10
8287,669763,HIGH,1000
4343,746557,LOW,10
3069,738885,LOW,10
1941,360243,LOW,10
5761,638306,HIGH,1000
4402,959677,LOW,10
9771,452589,HIGH,1000
7427,789764,HIGH,1000
874,927474,LOW,10
7325,605632,HIGH,1000
5202,835634,HIGH,1000
8254,669762,HIGH,1000
8584,188164,HIGH,1000
3011,658433,LOW,10
3832,151268,LOW,10
5227,467108,HIGH,1000
7700,314775,HIGH,1000
290,978881,LOW,10
2208,832047,LOW,10
9269,381482,HIGH,1000
8847,444444,HIGH,1000
9338,78533,HIGH,1000
8201,398076,HIGH,1000
3878,525872,LOW,10
2052,118882,LOW,10
9041,244701,HIGH,1000
438,74732,LOW,10
4358,577348,LOW,10
1574,548358,LOW,10
3301,964919,LOW,10
5539,337089,HIGH,1000
9675,706079,HIGH,1000
1843,673547,LOW,10
5148,716344,HIGH,1000
3965,297012,LOW,10
3782,847920,LOW,10
3852,85084,LOW,10
4896,652664,LOW,10
5291,413108,HIGH,1000
714,752236,LOW,10
9026,961193,HIGH,1000
6309,858987,HIGH,1000
1686,972183,LOW,10
8415,742795,HIGH,1000
6929,265298,HIGH,1000
7761,493017,HIGH,1000
8356,531247,HIGH,1000
7546,252160,HIGH,1000
3593,287587,LOW,10
6659,401379,HIGH,1000
8752,311982,HIGH,1000
5987,868222,HIGH,1000
3218,673181,LOW,10
4205,322360,LOW,10
8374,105101,HIGH,1000
643,168544,LOW,10
6909,975176,HIGH,1000
3530,610154,LOW,10
4737,721801,LOW,10
7194,333120,HIGH,1000
6594,450820,HIGH,1000
2632,413689,LOW,10
5250,101283,HIGH,1000
304,927766,LOW,10
7675,388271,HIGH,1000
5977,409962,HIGH,1000
3150,359465,LOW,10
6229,845352,HIGH,1000
9665,803238,HIGH,1000
8320,425826,HIGH,1000
7754,80786,HIGH,1000
9455,262547,HIGH,1000
1145,189346,LOW,10
2991,921313,LOW,10
4989,570180,LOW,10
3706,604033,LOW,10
5457,184349,HIGH,1000
6516,931639,HIGH,1000
2763,844288,LOW,10
8578,743967,HIGH,1000
4394,357216,LOW,10
3134,149932,LOW,10
1554,513313,LOW,10
5298,938026,HIGH,1000
6070,490654,HIGH,1000
885,736971,LOW,10
3333,537259,LOW,10
4673,913934,LOW,10
3887,787200,LOW,10
3048,841803,LOW,10
823,579257,LOW,10
2328,263312,LOW,10
5571,272334,HIGH,1000
2866,146113,LOW,10
332,88751,LOW,10
2230,729938,LOW,10
2361,720463,LOW,10
4609,348519,LOW,10
7618,706750,HIGH,1000
7295,205865,HIGH,1000
8077,191947,HIGH,1000
5856,196706,HIGH,1000
6323,814904,HIGH,1000
6823,251341,HIGH,1000
8828,239493,HIGH,1000
7365,325302,HIGH,1000
7089,805066,HIGH,1000
679,207847,LOW,10
3577,306226,LOW,10
468,917957,LOW,10
8222,573026,HIGH,1000
8100,98878,HIGH,1000
3163,599420,LOW,10
7488,465137,HIGH,1000
2155,569281,LOW,10
2082,649609,LOW,10
4820,472809,LOW,10
8838,41974,HIGH,1000
1616,467224,LOW,10
1285,247555,LOW,10
337,309845,LOW,10
2705,526887,LOW,10
9877,600823,HIGH,1000
3545,648854,LOW,10
7974,72432,HIGH,1000
9839,89625,HIGH,1000
7350,45741,HIGH,1000
5645,438415,HIGH,1000
9001,960172,HIGH,1000
4230,792762,LOW,10
2306,28107,LOW,10
7456,402,HIGH,1000
1386,342131,LOW,10
2653,580258,LOW,10
6179,55788,HIGH,1000
5878,253339,HIGH,1000
1084,436423,LOW,10
5806,628947,HIGH,1000
3611,379763,LOW,10
3754,76055,LOW,10
4788,539634,LOW,10
9100,655807,HIGH,1000
2777,45562,LOW,10
1297,342216,LOW,10
1685,117212,LOW,10
7087,264008,HIGH,1000
7126,251257,HIGH,1000
8914,297244,HIGH,1000
4418,961251,LOW,10
1147,62262,LOW,10
5759,455747,HIGH,1000
6946,427767,HIGH,1000
4979,533167,LOW,10
8444,694028,HIGH,1000
81,371953,LOW,10
6702,643928,HIGH,1000
858,432266,LOW,10
7210,623726,HIGH,1000
8873,717161,HIGH,1000
9433,199589,HIGH,1000
4837,334151,LOW,10
2769,587366,LOW,10
8858,869761,HIGH,1000
6389,359438,HIGH,1000
8409,560910,HIGH,1000
9447,26285,HIGH,1000
7474,27994,HIGH,1000
9442,754436,HIGH,1000
2409,426319,LOW,10
6785,292387,HIGH,1000
7834,198275,HIGH,1000
7345,547749,HIGH,1000
6549,801622,HIGH,1000
3513,286839,LOW,10
5708,569886,HIGH,1000
7506,948776,HIGH,1000
8535,200305,HIGH,1000
6416,602830,HIGH,1000
957,95645,LOW,10
58,785093,LOW,10
9656,890801,HIGH,1000
8738,253735,HIGH,1000
1246,33767,LOW,10
5101,900201,HIGH,1000
3632,898414,LOW,10
3202,613049,LOW,10
6287,80817,HIGH,1000
9815,709734,HIGH,1000
7183,383079,HIGH,1000
9412,620071,HIGH,1000
2591,466741,LOW,10
4270,141493,LOW,10
9824,675718,HIGH,1000
6692,922099,HIGH,1000
3071,374403,LOW,10
3009,512594,LOW,10
4856,872851,LOW,10
4159,729865,LOW,10
9836,808526,HIGH,1000
8580,737265,HIGH,1000
234,934956,LOW,10
1900,791498,LOW,10
9122,847612,HIGH,1000
576,50329,LOW,10
1822,844778,LOW,10
2542,425997,LOW,10
2241,177974,LOW,10
3286,721655,LOW,10
2354,655753,LOW,10
8557,615352,HIGH,1000
2961,995194,LOW,10
1176,866980,LOW,10
9391,769344,HIGH,1000
2774,456411,LOW,10
9742,14025,HIGH,1000
8050,987195,HIGH,1000
5340,430108,HIGH,1000
3197,279649,LOW,10
5797,860979,HIGH,1000
55,833699,LOW,10
7944,177696,HIGH,1000
9543,415578,HIGH,1000
5500,246641,HIGH,1000
7344,949811,HIGH,1000
1879,250592,LOW,10
4767,678687,LOW,10
8345,914664,HIGH,1000
647,810858,LOW,10
5459,864867,HIGH,1000
5754,815063,HIGH,1000
983,790866,LOW,10
556,16521,LOW,10
4345,780719,LOW,10
9708,203177,HIGH,1000
3850,840480,LOW,10
4854,329573,LOW,10
6241,91063,HIGH,1000
2720,153122,LOW,10
85,190725,LOW,10
5740,758054,HIGH,1000
3951,633251,LOW,10
6644,51711,HIGH,1000
7362,141773,HIGH,1000
4263,79093,LOW,10
8130,839275,HIGH,1000
1994,219190,LOW,10
7148,432841,HIGH,1000
653,187038,LOW,10
2443,501144,LOW,10
2859,615568,LOW,10
7173,567202,HIGH,1000
3283,64149,LOW,10
6737,113070,HIGH,1000
7892,270427,HIGH,1000
1728,515992,LOW,10
22,451790,LOW,10
5899,930778,HIGH,1000
2516,64031,LOW,10
1633,457300,LOW,10
492,193714,LOW,10
810,419218,LOW,10
1181,840248,LOW,10
8159,163954,HIGH,1000
9587,259725,HIGH,1000
9299,866259,HIGH,1000
8241,860816,HIGH,1000
6318,268585,HIGH,1000
861,830246,LOW,10
6005,878072,HIGH,1000
2678,549097,LOW,10
2701,652996,LOW,10
2363,519468,LOW,10
6589,894715,HIGH,1000
6661,293374,HIGH,1000
3815,244743,LOW,10
8492,711302,HIGH,1000
403,575422,LOW,10
6391,354807,HIGH,1000
6976,279691,HIGH,1000
5846,443837,HIGH,1000
7244,61395,HIGH,1000
5355,819587,HIGH,1000
8408,670986,HIGH,1000
3022,235291,LOW,10
226,133223,LOW,10
376,246121,LOW,10
3467,601647,LOW,10
9711,336079,HIGH,1000
1165,136247,LOW,10
9488,947064,HIGH,1000
1746,970862,LOW,10
2225,132517,LOW,10
8550,73734,HIGH,1000
9330,590983,HIGH,1000
8596,195729,HIGH,1000
113,368892,LOW,10
3015,390463,LOW,10
9199,662179,HIGH,1000
3539,751338,LOW,10
1794,1236,LOW,10
3828,875442,LOW,10
1834,771443,LOW,10
6928,189083,HIGH,1000
148,66126,LOW,10
1829,381024,LOW,10
4500,845917,LOW,10
7857,696941,HIGH,1000
6097,757274,HIGH,1000
3705,672366,LOW,10
390,783763,LOW,10
1661,787196,LOW,10
2096,253970,LOW,10
8124,726622,HIGH,1000
7020,978798,HIGH,1000
3910,861201,LOW,10
3554,901347,LOW,10
4812,664865,LOW,10
6569,915006,HIGH,1000
2759,425376,LOW,10
6250,81671,HIGH,1000
6269,679569,HIGH,1000
716,284518,LOW,10
9367,805096,HIGH,1000
5685,658805,HIGH,1000
8608,401298,HIGH,1000
626,642623,LOW,10
9265,47850,HIGH,1000
1651,54588,LOW,10
4027,856310,LOW,10
5029,776990,HIGH,1000
9699,624687,HIGH,1000
9229,683721,HIGH,1000
7016,148794,HIGH,1000
7369,368401,HIGH,1000
8080,766432,HIGH,1000
5668,768157,HIGH,1000
4324,344351,LOW,10
1065,506329,LOW,10
7147,13803,HIGH,1000
7663,700837,HIGH,1000
4299,871518,LOW,10
2295,72609,LOW,10
7478,994128,HIGH,1000
8018,572763,HIGH,1000
435,703668,LOW,10
4141,315149,LOW,10
7798,9793,HIGH,1000
6011,307837,HIGH,1000
4104,456383,LOW,10
9790,978075,HIGH,1000
3631,184876,LOW,10
6694,133000,HIGH,1000
6853,667079,HIGH,1000
6973,549485,HIGH,1000
9386,699251,HIGH,1000
6873,828418,HIGH,1000
7330,279157,HIGH,1000
6445,442528,HIGH,1000
6146,682173,HIGH,1000
7128,81857,HIGH,1000
981,487541,LOW,10
1307,86993,LOW,10
8842,701349,HIGH,1000
4264,198587,LOW,10
2829,446860,LOW,10
4310,87234,LOW,10
7919,980702,HIGH,1000
527,296096,LOW,10
116,324269,LOW,10
5525,876818,HIGH,1000
3893,962200,LOW,10
587,707302,LOW,10
2530,535521,LOW,10
2011,845953,LOW,10
1385,735730,LOW,10
5715,810520,HIGH,1000
7379,710583,HIGH,1000
2475,628445,LOW,10
4323,563170,LOW,10
6085,310010,HIGH,1000
5315,204997,HIGH,1000
8668,9559,HIGH,1000
7858,52967,HIGH,1000
1344,695470,LOW,10
520,627564,LOW,10
9499,245852,HIGH,1000
2209,739243,LOW,10
2170,898790,LOW,10
5215,704314,HIGH,1000
5939,364215,HIGH,1000
6742,823514,HIGH,1000
5492,494372,HIGH,1000
8005,569585,HIGH,1000
8766,961980,HIGH,1000
6559,722802,HIGH,1000
646,352322,LOW,10
9476,679622,HIGH,1000
7605,677631,HIGH,1000
8545,541685,HIGH,1000
2239,996741,LOW,10
3483,344499,LOW,10
6722,786896,HIGH,1000
7670,348803,HIGH,1000
9183,702492,HIGH,1000
6725,242481,HIGH,1000
6013,771067,HIGH,1000
9734,641533,HIGH,1000
3751,113087,LOW,10
8362,196865,HIGH,1000
7563,900369,HIGH,1000
3541,515113,LOW,10
4904,743512,LOW,10
5232,618622,HIGH,1000
6242,194946,HIGH,1000
4160,523918,LOW,10
5422,250913,HIGH,1000
3469,935129,LOW,10
5747,30309,HIGH,1000
4305,519576,LOW,10
847,853803,LOW,10
7229,280807,HIGH,1000
8860,451475,HIGH,1000
4059,697360,LOW,10
9610,347396,HIGH,1000
3252,561002,LOW,10
7693,536786,HIGH,1000
4428,543584,LOW,10
9977,499246,HIGH,1000
9739,155094,HIGH,1000
4639,360429,LOW,10
563,321861,LOW,10
6094,254834,HIGH,1000
4459,88579,LOW,10
5937,232249,HIGH,1000
2031,550001,LOW,10
7258,57548,HIGH,1000
4572,284654,LOW,10
5897,248785,HIGH,1000
2532,994107,LOW,10
8622,349785,HIGH,1000
6606,818652,HIGH,1000
5211,902675,HIGH,1000
5792,106658,HIGH,1000
4695,370447,LOW,10
1178,960813,LOW,10
6408,225949,HIGH,1000
5793,978818,HIGH,1000
4131,906659,LOW,10
4826,944290,LOW,10
6141,181824,HIGH,1000
4512,854046,LOW,10
4699,434166,LOW,10
5996,644906,HIGH,1000
3722,158275,LOW,10
8021,59768,HIGH,1000
2490,823324,LOW,10
8954,981240,HIGH,1000
8354,184362,HIGH,1000
7301,697533,HIGH,1000
7598,115869,HIGH,1000
1734,45345,LOW,10
3147,295646,LOW,10
4776,850723,LOW,10
9407,281753,HIGH,1000
652,279971,LOW,10
7117,90497,HIGH,1000
3692,533813,LOW,10
1058,931244,LOW,10
7059,647994,HIGH,1000
1106,964017,LOW,10
3209,310641,LOW,10
1696,253009,LOW,10
103,312026,LOW,10
3282,971418,LOW,10
3745,343813,LOW,10
9248,751245,HIGH,1000
377,356454,LOW,10
3896,889567,LOW,10
1228,844279,LOW,10
1887,593993,LOW,10
6488,278405,HIGH,1000
5867,463749,HIGH,1000
908,220893,LOW,10
3848,842669,LOW,10
3090,677997,LOW,10
6718,443170,HIGH,1000
7868,48581,HIGH,1000
7713,470281,HIGH,1000
9029,362121,HIGH,1000
7434,506240,HIGH,1000
638,550448,LOW,10
2674,774856,LOW,10
7348,558499,HIGH,1000
5342,611165,HIGH,1000
3044,991409,LOW,10
4214,891243,LOW,10
3928,908847,LOW,10
2107,419719,LOW,10
8727,643663,HIGH,1000
6998,548609,HIGH,1000
8490,433527,HIGH,1000
5404,789029,HIGH,1000
9958,778574,HIGH,1000
447,26131,LOW,10
2054,277168,LOW,10
1453,33983,LOW,10
6212,571931,HIGH,1000
5933,346243,HIGH,1000
8639,634497,HIGH,1000
9595,760986,HIGH,1000
7794,23901,HIGH,1000
5674,754021,HIGH,1000
812,497362,LOW,10
2817,116391,LOW,10
5019,561968,HIGH,1000
5319,485228,HIGH,1000
923,151665,LOW,10
9660,693101,HIGH,1000
7300,816532,HIGH,1000
745,114845,LOW,10
6858,223479,HIGH,1000
511,933832,LOW,10
9914,707412,HIGH,1000
3403,609786,LOW,10
1559,88380,LOW,10
7268,799636,HIGH,1000
1576,785815,LOW,10
9682,755907,HIGH,1000
4754,285409,LOW,10
7954,929165,HIGH,1000
1861,34778,LOW,10
2598,448241,LOW,10
8825,17505,HIGH,1000
8148,904391,HIGH,1000
4865,14274,LOW,10
1336,779758,LOW,10
9429,604197,HIGH,1000
457,179365,LOW,10
3341,580180,LOW,10
3512,404483,LOW,10
1,972411,LOW,10
3075,821661,LOW,10
5650,866249,HIGH,1000
5581,511718,HIGH,1000
2243,607135,LOW,10
3691,845024,LOW,10
5247,165620,HIGH,1000
4880,731679,LOW,10
3270,195126,LOW,10
3117,594372,LOW,10
9454,944872,HIGH,1000
4539,815122,LOW,10
1603,254825,LOW,10
3813,738863,LOW,10
3720,456460,LOW,10
1781,661225,LOW,10
575,80608,LOW,10
7537,34944,HIGH,1000
7767,504603,HIGH,1000
7567,296721,HIGH,1000
4061,740838,LOW,10
6890,616622,HIGH,1000
7253,897217,HIGH,1000
5354,683216,HIGH,1000
2581,975307,LOW,10
9525,647319,HIGH,1000
1319,38046,LOW,10
260,247075,LOW,10
8672,202921,HIGH,1000
6158,635304,HIGH,1000
9405,712281,HIGH,1000
5209,289042,HIGH,1000
2717,46431,LOW,10
1946,552356,LOW,10
8331,917791,HIGH,1000
8464,145399,HIGH,1000
4847,565643,LOW,10
7074,859557,HIGH,1000
708,130427,LOW,10
687,186646,LOW,10
6871,283190,HIGH,1000
1378,846136,LOW,10
8909,758917,HIGH,1000
2047,982277,LOW,10
3998,518713,LOW,10
8748,701289,HIGH,1000
8879,403202,HIGH,1000
7845,925799,HIGH,1000
8153,428106,HIGH,1000
9121,819534,HIGH,1000
2465,4750,LOW,10
5751,632576,HIGH,1000
5687,869292,HIGH,1000
2793,846946,LOW,10
1174,809882,LOW,10
925,209667,LOW,10
6584,565318,HIGH,1000
4257,310941,LOW,10
4478,984711,LOW,10
557,582300,LOW,10
2434,448568,LOW,10
6774,178941,HIGH,1000
8720,403816,HIGH,1000
715,462404,LOW,10
414,382738,LOW,10
2960,897147,LOW,10
4198,319558,LOW,10
748,915867,LOW,10
3640,411415,LOW,10
7255,14656,HIGH,1000
9823,555233,HIGH,1000
9022,148180,HIGH,1000
5557,140231,HIGH,1000
4246,540223,LOW,10
2023,598754,LOW,10
4525,104197,LOW,10
573,602112,LOW,10
1291,226590,LOW,10
986,485980,LOW,10
3694,380563,LOW,10
7948,896048,HIGH,1000
8615,11386,HIGH,1000
8216,575772,HIGH,1000
2303,968192,LOW,10
2314,540311,LOW,10
4046,770543,LOW,10
2160,539519,LOW,10
3148,814977,LOW,10
6380,673099,HIGH,1000
9014,130646,HIGH,1000
4615,516056,LOW,10
2636,559186,LOW,10
2299,673035,LOW,10
5845,651374,HIGH,1000
9245,728937,HIGH,1000
2889,182893,LOW,10
2566,886174,LOW,10
9147,429006,HIGH,1000
9452,517242,HIGH,1000
5512,164043,HIGH,1000
7799,197199,HIGH,1000
2321,993740,LOW,10
9290,355475,HIGH,1000
6122,524476,HIGH,1000
3398,120102,LOW,10
59,914622,LOW,10
4736,847278,LOW,10
1995,269580,LOW,10
8932,555592,HIGH,1000
4792,852819,LOW,10
3097,289353,LOW,10
9672,822834,HIGH,1000
7964,828533,HIGH,1000
3020,611560,LOW,10
2411,794704,LOW,10
2012,27165,LOW,10
4954,766825,LOW,10
2816,519571,LOW,10
8581,871560,HIGH,1000
2472,217223,LOW,10
2246,855349,LOW,10
9081,197340,HIGH,1000
349,243601,LOW,10
9715,578311,HIGH,1000
2460,236904,LOW,10
6168,25074,HIGH,1000
140,62060,LOW,10
7840,438691,HIGH,1000
1446,740479,LOW,10
9316,446134,HIGH,1000
9763,75216,HIGH,1000
2561,728232,LOW,10
4782,560270,LOW,10
1824,817347,LOW,10
4366,744604,LOW,10
7991,6960,HIGH,1000
8069,445354,HIGH,1000
9865,944079,HIGH,1000
322,770176,LOW,10
1716,538193,LOW,10
16,635767,LOW,10
4763,8407,LOW,10
8966,281141,HIGH,1000
4354,681098,LOW,10
754,759362,LOW,10
7679,446245,HIGH,1000
6302,5099,HIGH,1000
6797,551208,HIGH,1000
7069,479471,HIGH,1000
9466,688061,HIGH,1000
4002,5889,LOW,10
418,882219,LOW,10
5967,673548,HIGH,1000
1626,363076,LOW,10
839,673717,LOW,10
8116,261730,HIGH,1000
4664,972301,LOW,10
5484,486490,HIGH,1000
9363,452092,HIGH,1000
6081,932557,HIGH,1000
1251,742170,LOW,10
4647,461799,LOW,10
1394,209408,LOW,10
149,226086,LOW,10
4668,929634,LOW,10
8324,158422,HIGH,1000
7133,275122,HIGH,1000
3119,690524,LOW,10
4379,767647,LOW,10
4255,901559,LOW,10
5427,898708,HIGH,1000
8272,359336,HIGH,1000
6417,491851,HIGH,1000
5343,417514,HIGH,1000
2391,597220,LOW,10
1978,409740,LOW,10
1903,590678,LOW,10
1448,276722,LOW,10
3049,672320,LOW,10
8747,320418,HIGH,1000
7418,460236,HIGH,1000
8760,418136,HIGH,1000
4579,44140,LOW,10
5873,412872,HIGH,1000
5159,928915,HIGH,1000
3377,582872,LOW,10
9294,902269,HIGH,1000
8509,572392,HIGH,1000
2711,555891,LOW,10
9394,280227,HIGH,1000
2317,701464,LOW,10
9536,437308,HIGH,1000
7,778888,LOW,10
5256,668209,HIGH,1000
3800,243801,LOW,10
5005,780470,HIGH,1000
669,307044,LOW,10
9047,268416,HIGH,1000
9490,982536,HIGH,1000
8267,205278,HIGH,1000
7832,627687,HIGH,1000
9781,871232,HIGH,1000
2026,638962,LOW,10
4238,675825,LOW,10
9307,497768,HIGH,1000
4458,648866,LOW,10
7775,645491,HIGH,1000
658,314559,LOW,10
8728,211563,HIGH,1000
4019,630364,LOW,10
9834,619545,HIGH,1000
2034,662140,LOW,10
4100,844991,LOW,10
4374,82247,LOW,10
6103,119134,HIGH,1000
5930,459358,HIGH,1000
529,5342,LOW,10
3457,147754,LOW,10
7066,622920,HIGH,1000
6474,551318,HIGH,1000
8473,711043,HIGH,1000
5074,814451,HIGH,1000
1810,321414,LOW,10
8376,353548,HIGH,1000
4036,436519,LOW,10
6843,694395,HIGH,1000
5738,603137,HIGH,1000
7963,488763,HIGH,1000
6197,301613,HIGH,1000
6565,237771,HIGH,1000
4620,869895,LOW,10
9131,516956,HIGH,1000
548,214085,LOW,10
346,533528,LOW,10
4163,956978,LOW,10
3503,514136,LOW,10
7309,119355,HIGH,1000
9939,650994,HIGH,1000
7626,75296,HIGH,1000
9704,411673,HIGH,1000
4149,706262,LOW,10
9149,625554,HIGH,1000
2406,586532,LOW,10
2201,741851,LOW,10
9311,788708,HIGH,1000
7310,992632,HIGH,1000
9104,259784,HIGH,1000
9810,341446,HIGH,1000
7428,882738,HIGH,1000
1114,953351,LOW,10
1192,700461,LOW,10
666,262406,LOW,10
5683,36441,HIGH,1000
1585,582444,LOW,10
2738,164928,LOW,10
3764,620116,LOW,10
2174,491495,LOW,10
1222,816808,LOW,10
6577,87037,HIGH,1000
2771,436620,LOW,10
1593,219061,LOW,10
4586,758186,LOW,10
7909,562898,HIGH,1000
5125,213859,HIGH,1000
7667,132324,HIGH,1000
54,219301,LOW,10
5737,990050,HIGH,1000
2731,300887,LOW,10
9124,15231,HIGH,1000
7552,165594,HIGH,1000
2344,36828,LOW,10
4998,745817,LOW,10
9261,117552,HIGH,1000
6069,82630,HIGH,1000
8102,290819,HIGH,1000
824,194065,LOW,10
4994,578824,LOW,10
6534,532697,HIGH,1000
8470,434089,HIGH,1000
1695,680636,LOW,10
9156,966790,HIGH,1000
3501,22260,LOW,10
6439,740286,HIGH,1000
5360,361062,HIGH,1000
8751,20297,HIGH,1000
5966,950283,HIGH,1000
5254,360592,HIGH,1000
6915,152193,HIGH,1000
7421,679994,HIGH,1000
9304,440176,HIGH,1000
6347,807186,HIGH,1000
9009,748037,HIGH,1000
6307,153470,HIGH,1000
9538,89188,HIGH,1000
9981,321157,HIGH,1000
5253,955960,HIGH,1000
667,556397,LOW,10
5769,208657,HIGH,1000
3788,564539,LOW,10
2102,463268,LOW,10
7332,668540,HIGH,1000
8521,728722,HIGH,1000
763,432185,LOW,10
4552,271931,LOW,10
2630,818697,LOW,10
826,164452,LOW,10
3637,951167,LOW,10
306,560743,LOW,10
2459,931471,LOW,10
2304,281570,LOW,10
3384,190614,LOW,10
6710,266653,HIGH,1000
8810,170263,HIGH,1000
235,72530,LOW,10
6454,924551,HIGH,1000
9514,731090,HIGH,1000
5446,227923,HIGH,1000
1137,651648,LOW,10
5323,965402,HIGH,1000
8610,573464,HIGH,1000
8158,100394,HIGH,1000
9458,881559,HIGH,1000
2546,843838,LOW,10
2479,504113,LOW,10
4251,446277,LOW,10
7291,833736,HIGH,1000
7677,109290,HIGH,1000
3442,216798,LOW,10
6831,356179,HIGH,1000
6574,506225,HIGH,1000
9528,158538,HIGH,1000
8787,599877,HIGH,1000
4511,977587,LOW,10
2638,979482,LOW,10
4317,87010,LOW,10
5311,154597,HIGH,1000
1715,726927,LOW,10
8925,425616,HIGH,1000
6496,890566,HIGH,1000
6483,527519,HIGH,1000
397,319744,LOW,10
2212,588899,LOW,10
7296,848422,HIGH,1000
7230,137131,HIGH,1000
6699,576137,HIGH,1000
4125,316710,LOW,10
7180,934540,HIGH,1000
9860,743320,HIGH,1000
5016,93608,HIGH,1000
9732,322921,HIGH,1000
6329,992115,HIGH,1000
9117,654770,HIGH,1000
3558,64519,LOW,10
1387,521056,LOW,10
1003,435767,LOW,10
1146,521907,LOW,10
4790,153767,LOW,10
8999,344138,HIGH,1000
550,840495,LOW,10
1882,374963,LOW,10
2602,859662,LOW,10
3669,352758,LOW,10
2680,538446,LOW,10
2327,543616,LOW,10
3055,493538,LOW,10
6025,369213,HIGH,1000
287,520527,LOW,10
8206,318331,HIGH,1000
4382,456549,LOW,10
9655,135000,HIGH,1000
761,727832,LOW,10
4922,561897,LOW,10
241,188622,LOW,10
9456,892194,HIGH,1000
1353,629027,LOW,10
464,860113,LOW,10
4017,267179,LOW,10
1355,567189,LOW,10
9292,298136,HIGH,1000
5307,34530,HIGH,1000
4800,969329,LOW,10
4226,210415,LOW,10
3349,571554,LOW,10
7969,39429,HIGH,1000
319,714871,LOW,10
8084,64094,HIGH,1000
7914,757186,HIGH,1000
9957,754179,HIGH,1000
5416,479917,HIGH,1000
6614,716528,HIGH,1000
3299,540358,LOW,10
9017,178893,HIGH,1000
3665,974228,LOW,10
650,341727,LOW,10
2264,123909,LOW,10
2,602449,LOW,10
1568,272806,LOW,10
3952,694720,LOW,10
9515,942103,HIGH,1000
1331,130985,LOW,10
4722,638804,LOW,10
1029,906659,LOW,10
3198,222854,LOW,10
2162,544084,LOW,10
6599,694685,HIGH,1000
6463,199564,HIGH,1000
3193,192713,LOW,10
5193,140424,HIGH,1000
3740,178372,LOW,10
5322,445771,HIGH,1000
6992,374450,HIGH,1000
3364,993491,LOW,10
9123,401980,HIGH,1000
4964,336009,LOW,10
3454,839431,LOW,10
1357,881484,LOW,10
4114,886011,LOW,10
5799,944667,HIGH,1000
7298,226975,HIGH,1000
3696,885461,LOW,10
5488,157029,HIGH,1000
3880,418120,LOW,10
3777,873827,LOW,10
3407,215213,LOW,10
4892,201502,LOW,10
4287,372163,LOW,10
8941,818963,HIGH,1000
69,212704,LOW,10
6102,832757,HIGH,1000
3348,781977,LOW,10
9872,432067,HIGH,1000
7494,825025,HIGH,1000
3494,878442,LOW,10
5189,483327,HIGH,1000
6204,16234,HIGH,1000
4472,896695,LOW,10
4849,89062,LOW,10
5744,63761,HIGH,1000
7900,946631,HIGH,1000
553,278702,LOW,10
9698,318954,HIGH,1000
9119,117480,HIGH,1000
6328,68303,HIGH,1000
5807,230780,HIGH,1000
5432,176314,HIGH,1000
1744,485832,LOW,10
5073,865924,HIGH,1000
7249,150607,HIGH,1000
7357,597838,HIGH,1000
8294,637984,HIGH,1000
2695,225738,LOW,10
5804,589701,HIGH,1000
7120,152328,HIGH,1000
3504,15139,LOW,10
5983,100480,HIGH,1000
2389,391708,LOW,10
91,548714,LOW,10
5158,854250,HIGH,1000
9832,832564,HIGH,1000
2486,517917,LOW,10
9873,299511,HIGH,1000
8553,586346,HIGH,1000
3617,542196,LOW,10
6298,163864,HIGH,1000
8068,127969,HIGH,1000
5784,438044,HIGH,1000
5419,259918,HIGH,1000
7036,776004,HIGH,1000
5055,657700,HIGH,1000
4831,636638,LOW,10
9614,128482,HIGH,1000
4825,214784,LOW,10
8531,752806,HIGH,1000
9951,510348,HIGH,1000
5791,695396,HIGH,1000
3839,757073,LOW,10
6705,951698,HIGH,1000
4233,127879,LOW,10
6270,140199,HIGH,1000
866,489428,LOW,10
8453,585580,HIGH,1000
586,232507,LOW,10
7137,492840,HIGH,1000
1267,99956,LOW,10
4,643715,LOW,10
6942,920995,HIGH,1000
263,612910,LOW,10
5655,382957,HIGH,1000
2457,245264,LOW,10
6192,243157,HIGH,1000
9252,647610,HIGH,1000
6738,591715,HIGH,1000
4772,150670,LOW,10
7820,378967,HIGH,1000
8680,720205,HIGH,1000
619,772203,LOW,10
2248,913654,LOW,10
8953,187568,HIGH,1000
7648,774397,HIGH,1000
6943,351539,HIGH,1000
3449,152419,LOW,10
1204,890473,LOW,10
3757,747261,LOW,10
5946,824404,HIGH,1000
1547,333869,LOW,10
5623,121072,HIGH,1000
5675,557815,HIGH,1000
9112,213379,HIGH,1000
1313,891202,LOW,10
1961,228357,LOW,10
4266,709863,LOW,10
759,961184,LOW,10
9945,348239,HIGH,1000
7323,306639,HIGH,1000
7315,282413,HIGH,1000
1955,793408,LOW,10
1516,109782,LOW,10
8377,919676,HIGH,1000
1907,634846,LOW,10
6560,463,HIGH,1000
8817,498968,HIGH,1000
2924,888366,LOW,10
5258,947791,HIGH,1000
2000,770214,LOW,10
1729,643701,LOW,10
6272,572007,HIGH,1000
1295,252238,LOW,10
2570,874612,LOW,10
2850,788511,LOW,10
8970,114163,HIGH,1000
8301,786701,HIGH,1000
8771,313011,HIGH,1000
4410,292978,LOW,10
4804,401185,LOW,10
8981,323674,HIGH,1000
2468,738024,LOW,10
8236,404685,HIGH,1000
294,536398,LOW,10
7979,263127,HIGH,1000
2543,51384,LOW,10
4391,309147,LOW,10
6556,178434,HIGH,1000
2152,351187,LOW,10
5336,197092,HIGH,1000
3999,771754,LOW,10
5988,863080,HIGH,1000
9414,756462,HIGH,1000
7930,716589,HIGH,1000
5112,212900,HIGH,1000
1478,662940,LOW,10
351,474559,LOW,10
3598,117871,LOW,10
2578,102706,LOW,10
1635,716321,LOW,10
147,916299,LOW,10
1347,549602,LOW,10
2795,130233,LOW,10
3704,734166,LOW,10
9125,851552,HIGH,1000
6468,434691,HIGH,1000
7515,205276,HIGH,1000
5924,816308,HIGH,1000
2605,610022,LOW,10
8028,99480,HIGH,1000
6072,623259,HIGH,1000
5909,540869,HIGH,1000
4543,787357,LOW,10
6934,17733,HIGH,1000
7751,372321,HIGH,1000
7216,281922,HIGH,1000
2032,90879,LOW,10
8306,404420,HIGH,1000
5137,95478,HIGH,1000
6970,122083,HIGH,1000
1032,664308,LOW,10
3521,304436,LOW,10
4063,912020,LOW,10
7746,672293,HIGH,1000
534,386456,LOW,10
3088,931307,LOW,10
8836,303576,HIGH,1000
5155,846968,HIGH,1000
6231,383032,HIGH,1000
5222,684060,HIGH,1000
1280,139540,LOW,10
6159,834609,HIGH,1000
1691,859494,LOW,10
8969,882418,HIGH,1000
690,132758,LOW,10
3897,215168,LOW,10
546,110536,LOW,10
6914,817326,HIGH,1000
7001,702816,HIGH,1000
1757,766852,LOW,10
4431,216940,LOW,10
9841,403414,HIGH,1000
3673,943132,LOW,10
1551,373154,LOW,10
8138,576157,HIGH,1000
9227,387277,HIGH,1000
833,202828,LOW,10
9630,229858,HIGH,1000
9935,343762,HIGH,1000
9326,653301,HIGH,1000
3026,556276,LOW,10
7880,893515,HIGH,1000
6243,590166,HIGH,1000
7493,891937,HIGH,1000
3437,492484,LOW,10
3229,317797,LOW,10
1571,951535,LOW,10
5651,403135,HIGH,1000
1328,221315,LOW,10
6994,361204,HIGH,1000
254,661345,LOW,10
6264,810521,HIGH,1000
5230,977311,HIGH,1000
1419,916857,LOW,10
4033,868927,LOW,10
3920,797972,LOW,10
2616,532287,LOW,10
9240,437586,HIGH,1000
4591,512999,LOW,10
271,484011,LOW,10
8572,731895,HIGH,1000
6776,848409,HIGH,1000
3432,737640,LOW,10
607,673979,LOW,10
9728,750159,HIGH,1000
6931,242408,HIGH,1000
1933,253068,LOW,10
3529,728734,LOW,10
6783,552148,HIGH,1000
3429,770310,LOW,10
8487,551578,HIGH,1000
1325,154277,LOW,10
4227,892709,LOW,10
673,957219,LOW,10
4706,539611,LOW,10
3118,915669,LOW,10
9593,365252,HIGH,1000
4407,901697,LOW,10
1241,99412,LOW,10
1804,789647,LOW,10
1730,421768,LOW,10
7169,928192,HIGH,1000
1327,474347,LOW,10
1086,104040,LOW,10
3538,954838,LOW,10
9180,944582,HIGH,1000
5228,769172,HIGH,1000
929,798553,LOW,10
3629,561422,LOW,10
8135,836680,HIGH,1000
5712,152766,HIGH,1000
7884,815172,HIGH,1000
9531,779201,HIGH,1000
90,329563,LOW,10
5995,539739,HIGH,1000
4421,13109,LOW,10
386,953021,LOW,10
1805,984032,LOW,10
2917,596525,LOW,10
7219,599196,HIGH,1000
2386,680046,LOW,10
439,743791,LOW,10
7076,180827,HIGH,1000
1442,808830,LOW,10
2727,404441,LOW,10
2492,888167,LOW,10
1927,1328,LOW,10
2686,92997,LOW,10
6054,377465,HIGH,1000
3450,269243,LOW,10
2621,310947,LOW,10
4640,550235,LOW,10
4727,998743,LOW,10
4265,619468,LOW,10
1855,961809,LOW,10
5612,27876,HIGH,1000
8612,388402,HIGH,1000
2393,57880,LOW,10
6138,997354,HIGH,1000
6939,783041,HIGH,1000
875,186148,LOW,10
9887,31458,HIGH,1000
7696,492954,HIGH,1000
3125,924648,LOW,10
6918,919663,HIGH,1000
594,726002,LOW,10
1847,514800,LOW,10
2068,3752,LOW,10
1495,528505,LOW,10
6674,183655,HIGH,1000
9472,950442,HIGH,1000
2665,252417,LOW,10
9209,171858,HIGH,1000
6561,187552,HIGH,1000
4013,451924,LOW,10
191,494109,LOW,10
239,718764,LOW,10
5306,320872,HIGH,1000
3102,247445,LOW,10
8405,956985,HIGH,1000
6849,910887,HIGH,1000
4705,158387,LOW,10
1281,365643,LOW,10
9983,933828,HIGH,1000
8666,426725,HIGH,1000
5478,821330,HIGH,1000
867,696893,LOW,10
5201,877173,HIGH,1000
3795,458616,LOW,10
7703,201686,HIGH,1000
9169,908469,HIGH,1000
4001,241861,LOW,10
2268,9581,LOW,10
3342,501451,LOW,10
1673,156085,LOW,10
183,238725,LOW,10
2157,343625,LOW,10
8946,158661,HIGH,1000
4467,792808,LOW,10
1500,670064,LOW,10
4729,156981,LOW,10
7021,6954,HIGH,1000
3660,289369,LOW,10
5036,795936,HIGH,1000
8703,974342,HIGH,1000
5916,824415,HIGH,1000
635,106106,LOW,10
6048,944809,HIGH,1000
1991,369604,LOW,10
8885,705409,HIGH,1000
2812,572256,LOW,10
5906,580085,HIGH,1000
8951,261973,HIGH,1000
1610,710470,LOW,10
3798,971678,LOW,10
6546,343852,HIGH,1000
7125,668101,HIGH,1000
1527,343028,LOW,10
7338,256201,HIGH,1000
8315,687482,HIGH,1000
5213,53349,HIGH,1000
5310,98579,HIGH,1000
3894,519863,LOW,10
656,948499,LOW,10
7308,984593,HIGH,1000
8122,793823,HIGH,1000
4450,709035,LOW,10
8057,657890,HIGH,1000
4542,443810,LOW,10
6647,69720,HIGH,1000
1487,631933,LOW,10
4502,658696,LOW,10
4520,737368,LOW,10
3155,685115,LOW,10
3250,334990,LOW,10
7396,805224,HIGH,1000
9332,593489,HIGH,1000
4143,144256,LOW,10
9474,651181,HIGH,1000
6059,545318,HIGH,1000
3495,70873,LOW,10
8519,88806,HIGH,1000
7740,350379,HIGH,1000
5257,519927,HIGH,1000
8884,681575,HIGH,1000
3647,815060,LOW,10
9422,345324,HIGH,1000
6351,569237,HIGH,1000
7902,250200,HIGH,1000
4436,767208,LOW,10
5661,606929,HIGH,1000
9067,723000,HIGH,1000
6988,607925,HIGH,1000
77,400521,LOW,10
3822,669556,LOW,10
5408,575959,HIGH,1000
7855,230340,HIGH,1000
8433,211943,HIGH,1000
6258,209775,HIGH,1000
1047,64632,LOW,10
2425,99092,LOW,10
2603,519076,LOW,10
4827,635589,LOW,10
5610,715201,HIGH,1000
1809,449624,LOW,10
27,687681,LOW,10
1265,408870,LOW,10
8561,505751,HIGH,1000
9480,375438,HIGH,1000
886,579455,LOW,10
5677,907397,HIGH,1000
4983,336537,LOW,10
5462,136333,HIGH,1000
5925,282358,HIGH,1000
2675,766174,LOW,10
6611,180974,HIGH,1000
1668,71348,LOW,10
3260,425807,LOW,10
7413,512799,HIGH,1000
9931,41122,HIGH,1000
583,679243,LOW,10
4250,181599,LOW,10
4352,200714,LOW,10
7878,656886,HIGH,1000
7132,357611,HIGH,1000
3614,934995,LOW,10
8268,778518,HIGH,1000
1398,744146,LOW,10
8117,417321,HIGH,1000
1340,612137,LOW,10
8759,330789,HIGH,1000
4716,683007,LOW,10
9003,109479,HIGH,1000
9621,978838,HIGH,1000
6889,196372,HIGH,1000
3215,593373,LOW,10
1812,882636,LOW,10
5161,221127,HIGH,1000
1717,695302,LOW,10
7579,762796,HIGH,1000
7756,772099,HIGH,1000
6423,347967,HIGH,1000
2987,209097,LOW,10
111,54928,LOW,10
2617,982060,LOW,10
7641,723566,HIGH,1000
4682,989413,LOW,10
8120,586795,HIGH,1000
5787,103451,HIGH,1000
1697,387529,LOW,10
5417,145575,HIGH,1000
4755,836258,LOW,10
1873,707769,LOW,10
2111,187369,LOW,10
6228,171515,HIGH,1000
2609,368957,LOW,10
8172,517614,HIGH,1000
3664,118783,LOW,10
212,230398,LOW,10
321,392350,LOW,10
5876,662692,HIGH,1000
1466,910233,LOW,10
9909,315684,HIGH,1000
8332,582027,HIGH,1000
1782,611857,LOW,10
8445,401089,HIGH,1000
7721,136815,HIGH,1000
8552,203804,HIGH,1000
3400,304653,LOW,10
5003,332307,HIGH,1000
3498,201698,LOW,10
2127,33897,LOW,10
3089,566042,LOW,10
5711,375503,HIGH,1000
8919,32296,HIGH,1000
7597,337469,HIGH,1000
3974,447948,LOW,10
1627,871742,LOW,10
9266,380572,HIGH,1000
5736,105437,HIGH,1000
5115,985394,HIGH,1000
1615,397810,LOW,10
8382,187977,HIGH,1000
9070,388292,HIGH,1000
4624,154452,LOW,10
380,891081,LOW,10
3182,673707,LOW,10
4234,960675,LOW,10
4762,515576,LOW,10
4273,849806,LOW,10
7915,535566,HIGH,1000
598,50590,LOW,10
8688,683969,HIGH,1000
2946,943311,LOW,10
6100,717165,HIGH,1000
5696,318841,HIGH,1000
7916,843482,HIGH,1000
4296,512320,LOW,10
7273,397295,HIGH,1000
302,601474,LOW,10
146,749039,LOW,10
6262,936588,HIGH,1000
9430,411083,HIGH,1000
8834,132952,HIGH,1000
101,680509,LOW,10
1415,323539,LOW,10
8623,962336,HIGH,1000
3056,935621,LOW,10
8631,850001,HIGH,1000
3719,458944,LOW,10
3355,794264,LOW,10
8196,674119,HIGH,1000
8801,218342,HIGH,1000
9938,656990,HIGH,1000
5636,149108,HIGH,1000
3749,57289,LOW,10
361,275704,LOW,10
5731,154619,HIGH,1000
1235,671187,LOW,10
6627,461096,HIGH,1000
864,491257,LOW,10
7386,893047,HIGH,1000
7602,306773,HIGH,1000
1333,455068,LOW,10
9639,64158,HIGH,1000
1513,674042,LOW,10
3746,221899,LOW,10
5140,933543,HIGH,1000
8659,523780,HIGH,1000
6311,972769,HIGH,1000
2608,792469,LOW,10
4621,972030,LOW,10
9710,937859,HIGH,1000
7943,701398,HIGH,1000
506,154622,LOW,10
57,601517,LOW,10
5850,489100,HIGH,1000
6274,750276,HIGH,1000
4617,334345,LOW,10
3083,653420,LOW,10
2381,458258,LOW,10
4006,295821,LOW,10
395,360882,LOW,10
2478,987289,LOW,10
3802,968588,LOW,10
7196,968544,HIGH,1000
2219,969414,LOW,10
6894,437486,HIGH,1000
2247,966940,LOW,10
4101,483910,LOW,10
8081,583772,HIGH,1000
5154,942840,HIGH,1000
9723,749481,HIGH,1000
6733,486655,HIGH,1000
4848,532525,LOW,10
4289,311046,LOW,10
4325,271515,LOW,10
4248,83642,LOW,10
9907,592220,HIGH,1000
7691,887177,HIGH,1000
368,65127,LOW,10
1252,638520,LOW,10
5491,652207,HIGH,1000
7431,593017,HIGH,1000
7584,454843,HIGH,1000
1618,978431,LOW,10
842,24652,LOW,10
8228,971249,HIGH,1000
6504,510931,HIGH,1000
944,942813,LOW,10
4164,882738,LOW,10
5962,646198,HIGH,1000
1374,535251,LOW,10
8965,746444,HIGH,1000
1287,37327,LOW,10
426,150385,LOW,10
6400,993214,HIGH,1000
5982,231171,HIGH,1000
1853,608507,LOW,10
2399,33164,LOW,10
5809,643852,HIGH,1000
5637,751485,HIGH,1000
8449,918934,HIGH,1000
78,289204,LOW,10
5184,652303,HIGH,1000
8303,879767,HIGH,1000
6150,395194,HIGH,1000
2557,508528,LOW,10
3393,617182,LOW,10
5717,769961,HIGH,1000
7651,79662,HIGH,1000
9697,421351,HIGH,1000
1871,656995,LOW,10
8442,67121,HIGH,1000
7849,990969,HIGH,1000
7136,41135,HIGH,1000
4914,176947,LOW,10
6697,952852,HIGH,1000
6639,300393,HIGH,1000
618,690064,LOW,10
7980,310539,HIGH,1000
8525,96437,HIGH,1000
2920,358643,LOW,10
942,717361,LOW,10
7607,337238,HIGH,1000
3217,267506,LOW,10
1676,102384,LOW,10
5890,539447,HIGH,1000
6926,964730,HIGH,1000
5494,234667,HIGH,1000
4625,136405,LOW,10
5437,950267,HIGH,1000
9286,564977,HIGH,1000
9154,488148,HIGH,1000
6814,816159,HIGH,1000
5105,867271,HIGH,1000
9184,590785,HIGH,1000
5860,278277,HIGH,1000
216,693005,LOW,10
4893,547999,LOW,10
2285,472600,LOW,10
9826,308663,HIGH,1000
32,552346,LOW,10
2999,759812,LOW,10
5482,618229,HIGH,1000
2123,442949,LOW,10
5594,7614,HIGH,1000
7013,255818,HIGH,1000
7594,841838,HIGH,1000
3254,483127,LOW,10
7595,160864,HIGH,1000
2256,227591,LOW,10
5178,265065,HIGH,1000
9564,229624,HIGH,1000
5965,538480,HIGH,1000
7970,256582,HIGH,1000
2086,303175,LOW,10
6598,774809,HIGH,1000
4524,142985,LOW,10
9002,220419,HIGH,1000
4666,886650,LOW,10
9874,674078,HIGH,1000
6217,173164,HIGH,1000
692,153366,LOW,10
9435,10740,HIGH,1000
378,263471,LOW,10
2236,868946,LOW,10
2451,558680,LOW,10
3578,705390,LOW,10
8538,291746,HIGH,1000
4694,266595,LOW,10
131,662924,LOW,10
4139,308620,LOW,10
6220,276537,HIGH,1000
6777,883735,HIGH,1000
6132,970924,HIGH,1000
8945,372391,HIGH,1000
2593,493901,LOW,10
2330,345218,LOW,10
3181,86503,LOW,10
9829,90993,HIGH,1000
194,236526,LOW,10
2169,495457,LOW,10
3458,86448,LOW,10
9337,998794,HIGH,1000
9293,770273,HIGH,1000
7576,697440,HIGH,1000
2366,738096,LOW,10
1798,567536,LOW,10
4179,158485,LOW,10
9270,969436,HIGH,1000
3234,598589,LOW,10
1224,51426,LOW,10
6820,930583,HIGH,1000
1036,503217,LOW,10
2233,967362,LOW,10
1985,321241,LOW,10
3099,584278,LOW,10
9012,684235,HIGH,1000
1253,104030,LOW,10
6308,984629,HIGH,1000
2310,962856,LOW,10
6087,825700,HIGH,1000
723,439692,LOW,10
927,36326,LOW,10
3648,387349,LOW,10
7294,933634,HIGH,1000
8993,686538,HIGH,1000
2688,883589,LOW,10
8103,537128,HIGH,1000
9336,373293,HIGH,1000
6817,419310,HIGH,1000
6210,581393,HIGH,1000
640,868624,LOW,10
6174,526615,HIGH,1000
9767,209908,HIGH,1000
1494,933702,LOW,10
1311,532643,LOW,10
4798,588365,LOW,10
9893,88490,HIGH,1000
296,506289,LOW,10
6619,768784,HIGH,1000
9354,146104,HIGH,1000
9540,262027,HIGH,1000
8758,682282,HIGH,1000
7140,963098,HIGH,1000
4347,782164,LOW,10
1413,416040,LOW,10
1117,665326,LOW,10
1545,61227,LOW,10
3776,194931,LOW,10
4863,480162,LOW,10
4433,337987,LOW,10
6656,197743,HIGH,1000
6581,935504,HIGH,1000
5678,323756,HIGH,1000
5053,400223,HIGH,1000
8388,148215,HIGH,1000
9837,613286,HIGH,1000
8792,204081,HIGH,1000
9417,139781,HIGH,1000
6950,969453,HIGH,1000
6728,248605,HIGH,1000
1418,256758,LOW,10
9511,644590,HIGH,1000
3032,181318,LOW,10
1099,121314,LOW,10
1925,5459,LOW,10
4344,743776,LOW,10
5698,208592,HIGH,1000
8702,140403,HIGH,1000
3532,430170,LOW,10
5991,114193,HIGH,1000
7744,462568,HIGH,1000
6731,184284,HIGH,1000
7918,265470,HIGH,1000
9044,708801,HIGH,1000
5697,889197,HIGH,1000
8463,544292,HIGH,1000
1085,659834,LOW,10
3818,954353,LOW,10
2821,76929,LOW,10
8881,728262,HIGH,1000
9510,904272,HIGH,1000
6535,5687,HIGH,1000
7650,738315,HIGH,1000
2288,417897,LOW,10
9633,810889,HIGH,1000
510,723577,LOW,10
2278,104341,LOW,10
5522,316920,HIGH,1000
1080,711930,LOW,10
9249,673749,HIGH,1000
3360,791853,LOW,10
8008,667665,HIGH,1000
1424,706803,LOW,10
2663,769590,LOW,10
3958,764972,LOW,10
2276,582320,LOW,10
3709,795837,LOW,10
7015,237110,HIGH,1000
899,231773,LOW,10
7246,518103,HIGH,1000
6461,171908,HIGH,1000
243,814832,LOW,10
4832,169798,LOW,10
2973,499217,LOW,10
6927,35259,HIGH,1000
1678,76326,LOW,10
9769,998910,HIGH,1000
4784,680019,LOW,10
3154,244857,LOW,10
9339,497796,HIGH,1000
1663,271717,LOW,10
9743,583742,HIGH,1000
3253,536430,LOW,10
4638,127756,LOW,10
2370,181772,LOW,10
4990,510164,LOW,10
7809,232199,HIGH,1000
6440,667539,HIGH,1000
5031,825741,HIGH,1000
3970,606025,LOW,10
4702,85357,LOW,10
8188,846608,HIGH,1000
3552,993512,LOW,10
3248,533832,LOW,10
513,639617,LOW,10
6875,633445,HIGH,1000
3451,875772,LOW,10
8079,246313,HIGH,1000
7078,462872,HIGH,1000
1402,902909,LOW,10
1113,885165,LOW,10
8781,220894,HIGH,1000
2106,425239,LOW,10
2218,217480,LOW,10
8627,373663,HIGH,1000
3129,64153,LOW,10
1854,992391,LOW,10
6455,266124,HIGH,1000
6031,413269,HIGH,1000
5286,965292,HIGH,1000
5871,420596,HIGH,1000
5772,840908,HIGH,1000
269,788718,LOW,10
752,990059,LOW,10
8936,953736,HIGH,1000
199,475022,LOW,10
4634,748341,LOW,10
6306,376728,HIGH,1000
2770,456548,LOW,10
8290,913382,HIGH,1000
6349,294363,HIGH,1000
6050,811202,HIGH,1000
8626,172546,HIGH,1000
8878,888946,HIGH,1000
9280,832384,HIGH,1000
2707,58175,LOW,10
947,581792,LOW,10
1382,160125,LOW,10
6809,21396,HIGH,1000
8109,211103,HIGH,1000
7926,348905,HIGH,1000
7769,528114,HIGH,1000
7217,104310,HIGH,1000
3368,783781,LOW,10
2341,320363,LOW,10
8443,86689,HIGH,1000
1399,7330,LOW,10
2070,510523,LOW,10
7306,538087,HIGH,1000
112,127744,LOW,10
4315,975482,LOW,10
9207,485027,HIGH,1000
1656,607426,LOW,10
5103,380561,HIGH,1000
8489,308367,HIGH,1000
5468,678872,HIGH,1000
7233,36756,HIGH,1000
8420,626607,HIGH,1000
7886,531556,HIGH,1000
8452,525321,HIGH,1000
7403,943387,HIGH,1000
5084,194609,HIGH,1000
8259,460907,HIGH,1000
5214,397492,HIGH,1000
9140,862940,HIGH,1000
3466,150473,LOW,10
4799,842722,LOW,10
7279,695897,HIGH,1000
608,22573,LOW,10
5469,527215,HIGH,1000
9726,742550,HIGH,1000
177,711251,LOW,10
1980,661548,LOW,10
2442,452139,LOW,10
8359,660564,HIGH,1000
5760,567226,HIGH,1000
747,236081,LOW,10
9126,118057,HIGH,1000
4411,530208,LOW,10
3857,92484,LOW,10
7712,611274,HIGH,1000
9079,823987,HIGH,1000
2844,34077,LOW,10
4835,331475,LOW,10
612,254726,LOW,10
5443,609424,HIGH,1000
3386,806361,LOW,10
3033,170300,LOW,10
5726,872160,HIGH,1000
5104,767020,HIGH,1000
9160,929254,HIGH,1000
4147,805815,LOW,10
4774,959402,LOW,10
8575,420331,HIGH,1000
668,998085,LOW,10
4166,855787,LOW,10
2261,611234,LOW,10
720,739689,LOW,10
2044,719485,LOW,10
1071,983214,LOW,10
8280,280064,HIGH,1000
8715,62608,HIGH,1000
8181,986860,HIGH,1000
8200,101836,HIGH,1000
7511,471423,HIGH,1000
6359,641124,HIGH,1000
4569,468115,LOW,10
7665,335773,HIGH,1000
6062,10510,HIGH,1000
3944,477934,LOW,10
562,73727,LOW,10
7231,33369,HIGH,1000
9913,659507,HIGH,1000
210,978167,LOW,10
9812,281854,HIGH,1000
2860,144572,LOW,10
2171,356774,LOW,10
5239,975184,HIGH,1000
4318,18396,LOW,10
4404,167357,LOW,10
2020,362710,LOW,10
610,948235,LOW,10
7159,681693,HIGH,1000
7876,397718,HIGH,1000
6982,55366,HIGH,1000
1867,464969,LOW,10
6821,56440,HIGH,1000
3308,656791,LOW,10
2056,234710,LOW,10
5309,46511,HIGH,1000
137,535945,LOW,10
4703,40785,LOW,10
6696,990837,HIGH,1000
6021,564073,HIGH,1000
3943,670739,LOW,10
8556,916837,HIGH,1000
7465,797535,HIGH,1000
3278,812541,LOW,10
163,406293,LOW,10
6775,479344,HIGH,1000
6579,860622,HIGH,1000
9376,564397,HIGH,1000
3262,875175,LOW,10
5824,839240,HIGH,1000
6295,519481,HIGH,1000
387,458715,LOW,10
8611,453812,HIGH,1000
6900,390862,HIGH,1000
7297,328016,HIGH,1000
7251,949069,HIGH,1000
1171,626017,LOW,10
3674,13921,LOW,10
8221,944692,HIGH,1000
1481,369931,LOW,10
7765,91935,HIGH,1000
7186,220110,HIGH,1000
2818,27672,LOW,10
9920,825866,HIGH,1000
7436,958190,HIGH,1000
2158,997976,LOW,10
251,878267,LOW,10
1177,569366,LOW,10
9,798607,LOW,10
1699,958666,LOW,10
8191,752777,HIGH,1000
5861,870506,HIGH,1000
2916,655677,LOW,10
3625,790017,LOW,10
80,668171,LOW,10
8642,430325,HIGH,1000
9374,578036,HIGH,1000
6493,876909,HIGH,1000
4861,679891,LOW,10
5506,268247,HIGH,1000
6407,376429,HIGH,1000
9321,319833,HIGH,1000
3138,900685,LOW,10
1644,697891,LOW,10
4423,670391,LOW,10
4633,538561,LOW,10
895,900956,LOW,10
2382,318378,LOW,10
6798,997892,HIGH,1000
5755,406669,HIGH,1000
7135,626920,HIGH,1000
232,717830,LOW,10
857,657919,LOW,10
1567,428360,LOW,10
6981,132089,HIGH,1000
2087,414432,LOW,10
5359,722287,HIGH,1000
9520,317738,HIGH,1000
3840,783955,LOW,10
6791,74577,HIGH,1000
5757,501628,HIGH,1000
4099,341825,LOW,10
2483,238150,LOW,10
4167,622709,LOW,10
3742,530661,LOW,10
1465,103250,LOW,10
1703,967731,LOW,10
1048,303546,LOW,10
8471,982593,HIGH,1000
2183,542257,LOW,10
5891,813096,HIGH,1000
9505,326104,HIGH,1000
2117,694633,LOW,10
3863,377941,LOW,10
2862,473831,LOW,10
282,980907,LOW,10
3979,571576,LOW,10
3579,126460,LOW,10
494,253508,LOW,10
367,789046,LOW,10
6987,971592,HIGH,1000
7360,115201,HIGH,1000
2954,554691,LOW,10
6832,519758,HIGH,1000
9975,572713,HIGH,1000
4208,259434,LOW,10
1342,541279,LOW,10
5544,725780,HIGH,1000
4992,767789,LOW,10
1895,24277,LOW,10
3396,212084,LOW,10
8731,495861,HIGH,1000
7941,595709,HIGH,1000
7342,912646,HIGH,1000
2977,974253,LOW,10
297,118215,LOW,10
1971,487141,LOW,10
2510,268731,LOW,10
4674,604794,LOW,10
645,963194,LOW,10
9308,107722,HIGH,1000
883,730970,LOW,10
9341,27702,HIGH,1000
107,875992,LOW,10
5450,968908,HIGH,1000
9855,704523,HIGH,1000
6093,741452,HIGH,1000
303,760607,LOW,10
2571,695575,LOW,10
1148,751980,LOW,10
9111,288037,HIGH,1000
8478,647769,HIGH,1000
9101,94749,HIGH,1000
5269,125331,HIGH,1000
6629,471283,HIGH,1000
201,358825,LOW,10
8309,970430,HIGH,1000
4024,484697,LOW,10
9773,725873,HIGH,1000
7043,914038,HIGH,1000
9569,36787,HIGH,1000
5373,987262,HIGH,1000
7114,54488,HIGH,1000
4676,181161,LOW,10
2634,926845,LOW,10
8177,84107,HIGH,1000
8035,948928,HIGH,1000
6835,330598,HIGH,1000
4787,643226,LOW,10
6613,896658,HIGH,1000
2374,299624,LOW,10
8541,889128,HIGH,1000
4912,516983,LOW,10
4216,480810,LOW,10
5602,175806,HIGH,1000
1493,200743,LOW,10
4888,968067,LOW,10
5648,255970,HIGH,1000
3142,371721,LOW,10
4241,325899,LOW,10
4686,888158,LOW,10
7995,315464,HIGH,1000
275,817459,LOW,10
7757,124948,HIGH,1000
7953,63565,HIGH,1000
4126,769204,LOW,10
9714,285534,HIGH,1000
3042,229426,LOW,10
6184,917930,HIGH,1000
7096,536256,HIGH,1000
5283,134901,HIGH,1000
6657,235155,HIGH,1000
9218,255765,HIGH,1000
5770,394318,HIGH,1000
1182,53464,LOW,10
5844,186265,HIGH,1000
9274,340578,HIGH,1000
4927,200761,LOW,10
2548,727661,LOW,10
4546,610966,LOW,10
5624,126797,HIGH,1000
3767,260218,LOW,10
4364,466971,LOW,10
8755,415604,HIGH,1000
8869,265391,HIGH,1000
6796,258797,HIGH,1000
115,140864,LOW,10
5839,597255,HIGH,1000
6111,497743,HIGH,1000
9532,906552,HIGH,1000
5149,22095,HIGH,1000
3956,175572,LOW,10
7224,29535,HIGH,1000
7877,681887,HIGH,1000
5049,690515,HIGH,1000
5337,464552,HIGH,1000
3584,181563,LOW,10
43,869004,LOW,10
2252,913346,LOW,10
6191,805915,HIGH,1000
1773,593395,LOW,10
7012,930996,HIGH,1000
4464,267606,LOW,10
539,42620,LOW,10
5382,870543,HIGH,1000
5606,176294,HIGH,1000
8061,881566,HIGH,1000
9340,855594,HIGH,1000
4268,124220,LOW,10
9375,697181,HIGH,1000
7922,20834,HIGH,1000
8644,202029,HIGH,1000
7416,964824,HIGH,1000
5519,810001,HIGH,1000
896,100874,LOW,10
7187,265504,HIGH,1000
1515,237835,LOW,10
202,960239,LOW,10
9636,876154,HIGH,1000
19,5175,LOW,10
8637,351689,HIGH,1000
8111,35824,HIGH,1000
4687,104138,LOW,10
451,963667,LOW,10
9764,962627,HIGH,1000
9257,532876,HIGH,1000
3224,697365,LOW,10
4155,513165,LOW,10
950,190023,LOW,10
6650,555895,HIGH,1000
1332,393539,LOW,10
3170,814549,LOW,10
6183,264518,HIGH,1000
2076,730958,LOW,10
509,61416,LOW,10
2970,75799,LOW,10
7591,549808,HIGH,1000
7776,507544,HIGH,1000
3072,701690,LOW,10
1040,386279,LOW,10
335,205137,LOW,10
8952,270018,HIGH,1000
915,428161,LOW,10
9298,786365,HIGH,1000
4738,819316,LOW,10
1298,534355,LOW,10
6152,257438,HIGH,1000
1634,810670,LOW,10
768,630252,LOW,10
1334,634349,LOW,10
9979,679964,HIGH,1000
285,859469,LOW,10
230,241656,LOW,10
2419,343526,LOW,10
4981,828240,LOW,10
6235,382673,HIGH,1000
7981,787398,HIGH,1000
3484,564185,LOW,10
7556,383545,HIGH,1000
2253,147537,LOW,10
1973,908893,LOW,10
5380,251412,HIGH,1000
7252,118029,HIGH,1000
5929,77378,HIGH,1000
5704,52395,HIGH,1000
2138,910292,LOW,10
3367,248732,LOW,10
2014,708025,LOW,10
7774,429513,HIGH,1000
5431,279423,HIGH,1000
711,689059,LOW,10
696,849819,LOW,10
8600,412132,HIGH,1000
6554,866314,HIGH,1000
7165,36372,HIGH,1000
4728,65704,LOW,10
5695,39016,HIGH,1000
4150,538479,LOW,10
6119,894322,HIGH,1000
5194,331546,HIGH,1000
8132,494645,HIGH,1000
525,259110,LOW,10
4074,724949,LOW,10
2359,657841,LOW,10
8250,373028,HIGH,1000
7843,286726,HIGH,1000
620,773814,LOW,10
3079,351121,LOW,10
808,896122,LOW,10
8239,283916,HIGH,1000
871,364570,LOW,10
9089,328794,HIGH,1000
5058,287488,HIGH,1000
1909,695574,LOW,10
3453,373046,LOW,10
7119,252163,HIGH,1000
7182,64859,HIGH,1000
1020,366870,LOW,10
6954,245966,HIGH,1000
7630,180670,HIGH,1000
5203,57798,HIGH,1000
121,125480,LOW,10
1737,454622,LOW,10
5071,61306,HIGH,1000
6285,783386,HIGH,1000
8997,562731,HIGH,1000
7745,292269,HIGH,1000
9895,667453,HIGH,1000
9632,900448,HIGH,1000
7853,231522,HIGH,1000
1459,924885,LOW,10
491,678669,LOW,10
8199,630218,HIGH,1000
8016,925053,HIGH,1000
8202,996668,HIGH,1000
6758,769290,HIGH,1000
6436,664996,HIGH,1000
471,224977,LOW,10
1167,198165,LOW,10
8125,605149,HIGH,1000
5338,728807,HIGH,1000
1088,572146,LOW,10
4414,102236,LOW,10
190,831176,LOW,10
3046,528036,LOW,10
8650,264589,HIGH,1000
7489,783669,HIGH,1000
4455,182412,LOW,10
3188,748557,LOW,10
9300,866055,HIGH,1000
7027,348721,HIGH,1000
6625,929574,HIGH,1000
9757,387178,HIGH,1000
1712,102910,LOW,10
3241,785801,LOW,10
5521,133129,HIGH,1000
236,268289,LOW,10
3107,377711,LOW,10
5694,444673,HIGH,1000
1766,117490,LOW,10
780,779864,LOW,10
622,875474,LOW,10
5448,245979,HIGH,1000
4675,326538,LOW,10
3431,778187,LOW,10
6370,488766,HIGH,1000
5493,846976,HIGH,1000
1813,623669,LOW,10
8768,864251,HIGH,1000
6651,552494,HIGH,1000
3388,114683,LOW,10
8411,306917,HIGH,1000
1255,329027,LOW,10
8285,903390,HIGH,1000
5463,242069,HIGH,1000
6375,452173,HIGH,1000
726,787646,LOW,10
3698,803193,LOW,10
2427,425239,LOW,10
3038,912508,LOW,10
3765,927122,LOW,10
3654,402778,LOW,10
6365,891881,HIGH,1000
4373,138235,LOW,10
7592,799057,HIGH,1000
6079,144724,HIGH,1000
2805,390289,LOW,10
6837,646478,HIGH,1000
8097,435808,HIGH,1000
4555,328774,LOW,10
8261,634461,HIGH,1000
6066,92096,HIGH,1000
1074,456382,LOW,10
3556,450676,LOW,10
7376,74470,HIGH,1000
740,16553,LOW,10
6547,138757,HIGH,1000
1983,867939,LOW,10
9237,440281,HIGH,1000
6609,406628,HIGH,1000
6793,912450,HIGH,1000
8960,147167,HIGH,1000
3006,532129,LOW,10
2019,498798,LOW,10
8212,496125,HIGH,1000
9896,155386,HIGH,1000
911,911886,LOW,10
2953,277705,LOW,10
5153,551304,HIGH,1000
8092,36082,HIGH,1000
5362,934744,HIGH,1000
192,643802,LOW,10
6778,988597,HIGH,1000
9434,888542,HIGH,1000
3059,172661,LOW,10
3173,84350,LOW,10
4360,499168,LOW,10
6920,47866,HIGH,1000
8876,25379,HIGH,1000
1774,8167,LOW,10
3101,534030,LOW,10
5151,472567,HIGH,1000
4537,398097,LOW,10
2061,703902,LOW,10
4769,161895,LOW,10
8976,929832,HIGH,1000
5133,921249,HIGH,1000
8542,251384,HIGH,1000
6838,199575,HIGH,1000
7901,808574,HIGH,1000
9906,265747,HIGH,1000
7659,498115,HIGH,1000
3116,162142,LOW,10
9845,667994,HIGH,1000
1133,598076,LOW,10
6194,242249,HIGH,1000
2058,509289,LOW,10
507,104865,LOW,10
8416,67398,HIGH,1000
6046,461602,HIGH,1000
4951,174790,LOW,10
1793,270710,LOW,10
1274,348195,LOW,10
2875,995055,LOW,10
7698,480675,HIGH,1000
8837,732906,HIGH,1000
9421,597833,HIGH,1000
8319,279913,HIGH,1000
7281,313110,HIGH,1000
5817,4051,HIGH,1000
6364,382483,HIGH,1000
4112,30657,LOW,10
1400,364084,LOW,10
7346,102165,HIGH,1000
4654,196161,LOW,10
9236,235567,HIGH,1000
1173,735065,LOW,10
6861,625633,HIGH,1000
5872,106179,HIGH,1000
2820,622349,LOW,10
2881,498950,LOW,10
2512,367224,LOW,10
6792,493480,HIGH,1000
1893,519,LOW,10
7532,4307,HIGH,1000
7408,365259,HIGH,1000
88,747995,LOW,10
4877,441627,LOW,10
8149,610764,HIGH,1000
4008,61366,LOW,10
590,275751,LOW,10
9138,793761,HIGH,1000
4451,915792,LOW,10
484,666865,LOW,10
870,267710,LOW,10
2499,439075,LOW,10
4124,637327,LOW,10
6896,593764,HIGH,1000
1227,706562,LOW,10
913,121413,LOW,10
9862,504703,HIGH,1000
4081,948143,LOW,10
3634,624957,LOW,10
4780,583138,LOW,10
2113,219421,LOW,10
2529,73109,LOW,10
8230,134428,HIGH,1000
5904,78067,HIGH,1000
5585,495241,HIGH,1000
3567,352835,LOW,10
6014,4179,HIGH,1000
4612,251896,LOW,10
3783,296801,LOW,10
2677,426748,LOW,10
5410,531055,HIGH,1000
8400,224738,HIGH,1000
5590,721316,HIGH,1000
9830,170718,HIGH,1000
6221,158553,HIGH,1000
6727,5255,HIGH,1000
5866,650839,HIGH,1000
3174,816236,LOW,10
2993,35384,LOW,10
4203,139856,LOW,10
4200,499521,LOW,10
5282,516282,HIGH,1000
7390,170602,HIGH,1000
7959,847740,HIGH,1000
2118,691189,LOW,10
6743,411714,HIGH,1000
1701,676318,LOW,10
3379,383581,LOW,10
4862,767480,LOW,10
3608,546462,LOW,10
2926,540814,LOW,10
3226,319581,LOW,10
1126,17166,LOW,10
7222,299453,HIGH,1000
7343,271621,HIGH,1000
3860,825677,LOW,10
295,163976,LOW,10
1383,858278,LOW,10
6635,314886,HIGH,1000
724,573271,LOW,10
1409,787731,LOW,10
3227,712568,LOW,10
8786,373061,HIGH,1000
4386,80620,LOW,10
3761,108439,LOW,10
5191,620501,HIGH,1000
9876,247234,HIGH,1000
8962,882192,HIGH,1000
2700,507382,LOW,10
7156,25289,HIGH,1000
1021,719269,LOW,10
1721,996305,LOW,10
7588,681858,HIGH,1000
3104,157885,LOW,10
8450,686150,HIGH,1000
5372,656445,HIGH,1000
998,628899,LOW,10
7758,233756,HIGH,1000
6314,856991,HIGH,1000
4415,10099,LOW,10
2891,941803,LOW,10
6082,125013,HIGH,1000
6588,684200,HIGH,1000
1289,707352,LOW,10
2945,13433,LOW,10
9512,644757,HIGH,1000
3675,717316,LOW,10
1944,228957,LOW,10
2824,477056,LOW,10
6353,916961,HIGH,1000
5713,733741,HIGH,1000
2312,147570,LOW,10
1203,200347,LOW,10
7030,472292,HIGH,1000
2775,367988,LOW,10
9393,665054,HIGH,1000
5177,767396,HIGH,1000
1206,829120,LOW,10
4785,813661,LOW,10
8522,852190,HIGH,1000
1023,481200,LOW,10
1061,11016,LOW,10
461,635344,LOW,10
1581,858080,LOW,10
6395,609641,HIGH,1000
8358,151340,HIGH,1000
2302,8081,LOW,10
1214,154031,LOW,10
2712,464972,LOW,10
2994,817795,LOW,10
5138,290361,HIGH,1000
1275,970164,LOW,10
2277,25845,LOW,10
5038,201850,HIGH,1000
9878,842977,HIGH,1000
6271,885523,HIGH,1000
2150,423066,LOW,10
2900,364577,LOW,10
6911,239138,HIGH,1000
5224,477966,HIGH,1000
4339,862004,LOW,10
6435,939008,HIGH,1000
4626,658385,LOW,10
9974,232480,HIGH,1000
5599,395996,HIGH,1000
1136,305415,LOW,10
9690,917505,HIGH,1000
1549,314076,LOW,10
2145,244145,LOW,10
1819,797791,LOW,10
2978,623872,LOW,10
7445,493300,HIGH,1000
8195,37901,HIGH,1000
8098,927479,HIGH,1000
5591,259804,HIGH,1000
7946,270693,HIGH,1000
2517,376350,LOW,10
4335,644720,LOW,10
4342,512867,LOW,10
5981,374472,HIGH,1000
3475,37043,LOW,10
4965,10627,LOW,10
309,743189,LOW,10
1846,484952,LOW,10
1768,476219,LOW,10
3212,246761,LOW,10
7557,949611,HIGH,1000
834,255943,LOW,10
2147,540421,LOW,10
9932,721952,HIGH,1000
4082,212412,LOW,10
3937,9257,LOW,10
3594,833517,LOW,10
1392,658958,LOW,10
5279,319847,HIGH,1000
5652,21747,HIGH,1000
3847,179928,LOW,10
8761,563124,HIGH,1000
4108,205129,LOW,10
4833,526968,LOW,10
8990,421342,HIGH,1000
9052,118098,HIGH,1000
9475,215664,HIGH,1000
5120,985530,HIGH,1000
4819,55301,LOW,10
2664,43214,LOW,10
6244,303248,HIGH,1000
1492,96496,LOW,10
1908,974057,LOW,10
428,752765,LOW,10
6670,23686,HIGH,1000
21,941289,LOW,10
4786,835324,LOW,10
6730,797957,HIGH,1000
478,996071,LOW,10
859,550273,LOW,10
3485,325851,LOW,10
6372,179518,HIGH,1000
7831,844781,HIGH,1000
5548,984481,HIGH,1000
3678,474075,LOW,10
7977,109839,HIGH,1000
6663,851784,HIGH,1000
8613,667748,HIGH,1000
689,625421,LOW,10
5718,88075,HIGH,1000
7972,703346,HIGH,1000
3957,958519,LOW,10
9801,12990,HIGH,1000
9343,149932,HIGH,1000
4828,748255,LOW,10
5287,920332,HIGH,1000
8412,138322,HIGH,1000
7881,567696,HIGH,1000
7573,20943,HIGH,1000
7404,22651,HIGH,1000
5420,144129,HIGH,1000
7750,547373,HIGH,1000
2796,598833,LOW,10
6521,482918,HIGH,1000
7544,929827,HIGH,1000
1826,55831,LOW,10
4600,314714,LOW,10
2765,452138,LOW,10
1558,712612,LOW,10
2932,173658,LOW,10
9467,202616,HIGH,1000
579,784188,LOW,10
6695,969817,HIGH,1000
6006,611858,HIGH,1000
2785,698263,LOW,10
552,8932,LOW,10
5266,454755,HIGH,1000
2006,520240,LOW,10
4732,429178,LOW,10
3356,108425,LOW,10
4778,204280,LOW,10
8695,777773,HIGH,1000
3151,725034,LOW,10
9353,173601,HIGH,1000
2098,672646,LOW,10
1218,77018,LOW,10
4392,855396,LOW,10
4795,902986,LOW,10
7763,180590,HIGH,1000
8121,935831,HIGH,1000
7064,428290,HIGH,1000
5676,510752,HIGH,1000
4041,730957,LOW,10
7004,640169,HIGH,1000
7145,677734,HIGH,1000
7933,644830,HIGH,1000
8822,88366,HIGH,1000
2186,159411,LOW,10
4221,493125,LOW,10
1658,300893,LOW,10
3481,420277,LOW,10
2870,156328,LOW,10
4839,9303,LOW,10
940,597415,LOW,10
5515,295531,HIGH,1000
6666,456991,HIGH,1000
659,945971,LOW,10
7234,567925,HIGH,1000
2180,525724,LOW,10
6576,311122,HIGH,1000
5246,578360,HIGH,1000
8060,713453,HIGH,1000
4053,638998,LOW,10
4844,159487,LOW,10
145,959033,LOW,10
1660,10001,LOW,10
907,742359,LOW,10
3040,518248,LOW,10
1789,966578,LOW,10
1640,665043,LOW,10
9579,276361,HIGH,1000
5381,28363,HIGH,1000
5198,468721,HIGH,1000
3911,891074,LOW,10
159,384751,LOW,10
2024,490979,LOW,10
268,576867,LOW,10
1290,178350,LOW,10
1105,779458,LOW,10
2441,370123,LOW,10
4955,896435,LOW,10
3245,308995,LOW,10
2657,639654,LOW,10
1906,655447,LOW,10
9910,124879,HIGH,1000
9634,106557,HIGH,1000
9141,753368,HIGH,1000
9278,211025,HIGH,1000
1429,758235,LOW,10
9010,340750,HIGH,1000
5273,893550,HIGH,1000
7796,903313,HIGH,1000
4231,944237,LOW,10
6550,276065,HIGH,1000
1455,293969,LOW,10
2378,203616,LOW,10
629,464834,LOW,10
7178,439085,HIGH,1000
5984,82801,HIGH,1000
5706,342230,HIGH,1000
9706,362148,HIGH,1000
8995,806704,HIGH,1000
735,391086,LOW,10
6232,58569,HIGH,1000
8041,395405,HIGH,1000
8410,206192,HIGH,1000
6040,770424,HIGH,1000
4670,421846,LOW,10
2781,678230,LOW,10
7621,101383,HIGH,1000
7768,409592,HIGH,1000
3281,640246,LOW,10
5188,229441,HIGH,1000
8921,753635,HIGH,1000
9255,29938,HIGH,1000
1572,162191,LOW,10
6238,382112,HIGH,1000
547,197114,LOW,10
2282,133663,LOW,10
1263,505848,LOW,10
5252,370135,HIGH,1000
4680,577945,LOW,10
8814,118305,HIGH,1000
4346,45258,LOW,10
476,449581,LOW,10
7638,453904,HIGH,1000
5516,310900,HIGH,1000
5013,39325,HIGH,1000
8967,651423,HIGH,1000
4192,769109,LOW,10
5563,992924,HIGH,1000
3435,243601,LOW,10
6041,111950,HIGH,1000
7483,979355,HIGH,1000
7002,395831,HIGH,1000
4661,100216,LOW,10
3265,879533,LOW,10
9380,186790,HIGH,1000
9646,597516,HIGH,1000
8564,684282,HIGH,1000
4162,173974,LOW,10
4359,510833,LOW,10
1470,510309,LOW,10
1339,665535,LOW,10
4365,495326,LOW,10
9158,980470,HIGH,1000
2104,685173,LOW,10
106,405621,LOW,10
8302,735121,HIGH,1000
2249,467171,LOW,10
9647,328174,HIGH,1000
8114,106577,HIGH,1000
3035,697992,LOW,10
4253,334799,LOW,10
958,969015,LOW,10
6824,591531,HIGH,1000
1969,4154,LOW,10
7349,614620,HIGH,1000
4161,795317,LOW,10
7107,915097,HIGH,1000
7176,54278,HIGH,1000
8044,645175,HIGH,1000
3232,156396,LOW,10
4933,641657,LOW,10
6355,447600,HIGH,1000
8430,94336,HIGH,1000
8076,245764,HIGH,1000
2521,33460,LOW,10
5628,844010,HIGH,1000
5216,646598,HIGH,1000
3794,369390,LOW,10
4077,312311,LOW,10
1101,204357,LOW,10
1134,711926,LOW,10
3214,936778,LOW,10
969,933071,LOW,10
4905,142793,LOW,10
8844,110871,HIGH,1000
2526,766588,LOW,10
5666,72936,HIGH,1000
258,12548,LOW,10
8918,684150,HIGH,1000
2815,982229,LOW,10
2329,214235,LOW,10
7083,295237,HIGH,1000
5167,799866,HIGH,1000
8802,715598,HIGH,1000
1012,790876,LOW,10
2896,395179,LOW,10
441,811143,LOW,10
5438,786587,HIGH,1000
2433,34577,LOW,10
248,133079,LOW,10
419,850160,LOW,10
8955,957868,HIGH,1000
4313,280650,LOW,10
6636,659543,HIGH,1000
8278,984336,HIGH,1000
5619,811235,HIGH,1000
129,376599,LOW,10
450,863421,LOW,10
3587,157536,LOW,10
1718,141688,LOW,10
5670,123492,HIGH,1000
5739,984139,HIGH,1000
2387,737696,LOW,10
5009,829120,HIGH,1000
1450,544498,LOW,10
7747,331540,HIGH,1000
8823,57489,HIGH,1000
1856,301275,LOW,10
2706,525043,LOW,10
733,735821,LOW,10
4491,8221,LOW,10
1996,923291,LOW,10
644,685620,LOW,10
7564,612629,HIGH,1000
5538,915474,HIGH,1000
7098,97188,HIGH,1000
3136,219330,LOW,10
8690,640155,HIGH,1000
6061,68698,HIGH,1000
4098,239683,LOW,10
7118,644545,HIGH,1000
6749,184304,HIGH,1000
1862,179713,LOW,10
4220,640637,LOW,10
7355,36851,HIGH,1000
7370,562277,HIGH,1000
6249,150670,HIGH,1000
2810,815677,LOW,10
7451,810856,HIGH,1000
777,555944,LOW,10
5321,974646,HIGH,1000
3178,471190,LOW,10
9696,93010,HIGH,1000
4050,890190,LOW,10
8944,137148,HIGH,1000
7164,15093,HIGH,1000
8821,595547,HIGH,1000
7204,190008,HIGH,1000
2136,753602,LOW,10
1440,913265,LOW,10
4698,501327,LOW,10
5328,47235,HIGH,1000
7191,65402,HIGH,1000
459,548180,LOW,10
6847,484282,HIGH,1000
5171,408501,HIGH,1000
904,381369,LOW,10
6761,330176,HIGH,1000
1496,509385,LOW,10
7052,554290,HIGH,1000
7551,391217,HIGH,1000
9254,410033,HIGH,1000
848,18704,LOW,10
790,213056,LOW,10
1837,746944,LOW,10
8505,697767,HIGH,1000
3804,308975,LOW,10
5833,421331,HIGH,1000
8371,641669,HIGH,1000
7917,805627,HIGH,1000
9323,465909,HIGH,1000
662,276844,LOW,10
1956,927317,LOW,10
182,864169,LOW,10
2338,235401,LOW,10
1883,695489,LOW,10
636,271366,LOW,10
8689,656006,HIGH,1000
3712,626739,LOW,10
301,112084,LOW,10
6434,564281,HIGH,1000
5961,944534,HIGH,1000
655,165932,LOW,10
2791,365454,LOW,10
9721,800420,HIGH,1000
8127,746485,HIGH,1000
3630,772922,LOW,10
9120,47766,HIGH,1000
8326,878189,HIGH,1000
4015,988001,LOW,10
4678,946759,LOW,10
168,711903,LOW,10
3808,267558,LOW,10
3989,497,LOW,10
2905,231241,LOW,10
6854,135306,HIGH,1000
5576,740617,HIGH,1000
8849,883526,HIGH,1000
2122,671717,LOW,10
4056,631191,LOW,10
185,895752,LOW,10
6531,972353,HIGH,1000
9108,945980,HIGH,1000
2696,205378,LOW,10
52,728877,LOW,10
4526,467366,LOW,10
4731,178137,LOW,10
8982,313211,HIGH,1000
756,488211,LOW,10
6833,69347,HIGH,1000
4987,825589,LOW,10
7177,561739,HIGH,1000
7632,613084,HIGH,1000
5023,180394,HIGH,1000
3816,708120,LOW,10
6669,13162,HIGH,1000
3272,834156,LOW,10
7934,251094,HIGH,1000
7688,942151,HIGH,1000
2062,874522,LOW,10
6265,984014,HIGH,1000
6990,168911,HIGH,1000
372,304231,LOW,10
4518,997133,LOW,10
2405,754000,LOW,10
7207,716903,HIGH,1000
2384,737940,LOW,10
2021,126062,LOW,10
7195,535307,HIGH,1000
8031,589766,HIGH,1000
5518,939139,HIGH,1000
2894,765377,LOW,10
2148,595316,LOW,10
4644,567231,LOW,10
434,619415,LOW,10
3902,841392,LOW,10
7387,114586,HIGH,1000
8458,237318,HIGH,1000
1039,181745,LOW,10
6320,127313,HIGH,1000
9626,412820,HIGH,1000
4461,16678,LOW,10
1735,868649,LOW,10
4939,829002,LOW,10
4560,69475,LOW,10
1905,974955,LOW,10
7123,849634,HIGH,1000
1011,872242,LOW,10
1397,551276,LOW,10
5018,368654,HIGH,1000
8956,56614,HIGH,1000
8573,133269,HIGH,1000
1467,262951,LOW,10
1371,429761,LOW,10
9657,477829,HIGH,1000
7405,23181,HIGH,1000
4816,356461,LOW,10
9395,791263,HIGH,1000
4466,955397,LOW,10
9053,5917,HIGH,1000
7171,23892,HIGH,1000
6376,36100,HIGH,1000
1420,717850,LOW,10
8978,207370,HIGH,1000
9192,685930,HIGH,1000
2983,762320,LOW,10
7957,628046,HIGH,1000
9749,329028,HIGH,1000
9116,817703,HIGH,1000
6578,468153,HIGH,1000
5389,736170,HIGH,1000
8032,521785,HIGH,1000
8427,310130,HIGH,1000
1272,683482,LOW,10
2955,35585,LOW,10
1329,272801,LOW,10
6444,413522,HIGH,1000
3950,891515,LOW,10
7473,446047,HIGH,1000
1070,508531,LOW,10
3853,856165,LOW,10
1277,74847,LOW,10
7144,385881,HIGH,1000
6404,579910,HIGH,1000
2929,635559,LOW,10
229,391540,LOW,10
454,656767,LOW,10
7808,210107,HIGH,1000
7022,781729,HIGH,1000
4585,54767,LOW,10
959,843567,LOW,10
2887,844813,LOW,10
6555,203936,HIGH,1000
811,990563,LOW,10
3518,526481,LOW,10
9463,171973,HIGH,1000
5922,352238,HIGH,1000
7685,892826,HIGH,1000
3067,743118,LOW,10
9152,797530,HIGH,1000
1351,971907,LOW,10
3008,650752,LOW,10
2242,878332,LOW,10
4725,258320,LOW,10
3596,118590,LOW,10
3686,125353,LOW,10
6596,725012,HIGH,1000
4132,371920,LOW,10
2232,287731,LOW,10
1725,94182,LOW,10
9529,585714,HIGH,1000
3560,118342,LOW,10
3479,721028,LOW,10
1491,585074,LOW,10
6334,642454,HIGH,1000
9924,983937,HIGH,1000
8604,953357,HIGH,1000
1301,750743,LOW,10
6756,661559,HIGH,1000
1749,1296,LOW,10
3255,947938,LOW,10
743,100332,LOW,10
9226,488542,HIGH,1000
4090,444071,LOW,10
8601,118984,HIGH,1000
2192,343811,LOW,10
6842,14374,HIGH,1000
9628,86838,HIGH,1000
6246,889793,HIGH,1000
1536,355482,LOW,10
7910,716335,HIGH,1000
8418,422918,HIGH,1000
4734,700829,LOW,10
4363,759846,LOW,10
9083,7543,HIGH,1000
4274,481964,LOW,10
5767,90225,HIGH,1000
6899,662215,HIGH,1000
9969,285655,HIGH,1000
2921,317471,LOW,10
1404,580142,LOW,10
1437,222659,LOW,10
7658,646049,HIGH,1000
3799,110206,LOW,10
3290,39965,LOW,10
863,550608,LOW,10
9712,842052,HIGH,1000
4348,597217,LOW,10
5243,569616,HIGH,1000
8398,478669,HIGH,1000
3132,860761,LOW,10
9513,12706,HIGH,1000
2095,408107,LOW,10
2595,782431,LOW,10
9922,90014,HIGH,1000
9730,290151,HIGH,1000
7461,275726,HIGH,1000
200,578676,LOW,10
8467,356743,HIGH,1000
3814,72324,LOW,10
7341,933205,HIGH,1000
7983,188967,HIGH,1000
1416,183402,LOW,10
5195,920155,HIGH,1000
4752,923408,LOW,10
6143,95559,HIGH,1000
7492,236021,HIGH,1000
6886,824247,HIGH,1000
5564,883791,HIGH,1000
7391,32849,HIGH,1000
4559,904030,LOW,10
843,944792,LOW,10
7209,266709,HIGH,1000
6691,989722,HIGH,1000
8649,655397,HIGH,1000
6090,796474,HIGH,1000
4723,577356,LOW,10
2497,407928,LOW,10
3869,750935,LOW,10
170,203769,LOW,10
8213,855221,HIGH,1000
3293,553868,LOW,10
1557,201308,LOW,10
4187,358244,LOW,10
3986,763400,LOW,10
1609,649893,LOW,10
2055,612684,LOW,10
1051,232589,LOW,10
213,926400,LOW,10
7449,998610,HIGH,1000
7581,739599,HIGH,1000
1818,550460,LOW,10
2834,95792,LOW,10
879,682146,LOW,10
6236,671941,HIGH,1000
5702,857690,HIGH,1000
8722,16972,HIGH,1000
8485,501414,HIGH,1000
424,314308,LOW,10
8498,923910,HIGH,1000
878,702487,LOW,10
6112,753392,HIGH,1000
1675,714130,LOW,10
697,708444,LOW,10
9941,811696,HIGH,1000
1082,734464,LOW,10
6412,324380,HIGH,1000
3758,655799,LOW,10
9406,179513,HIGH,1000
744,60621,LOW,10
9608,243009,HIGH,1000
6551,75665,HIGH,1000
8129,503448,HIGH,1000
7005,554467,HIGH,1000
701,581770,LOW,10
8017,967304,HIGH,1000
7519,150948,HIGH,1000
961,226371,LOW,10
333,635070,LOW,10
6587,376,HIGH,1000
8401,846252,HIGH,1000
9629,909172,HIGH,1000
8428,343032,HIGH,1000
703,804148,LOW,10
6019,162612,HIGH,1000
8193,683417,HIGH,1000
4717,680800,LOW,10
9669,638587,HIGH,1000
8357,562852,HIGH,1000
3416,233560,LOW,10
3225,52248,LOW,10
8078,98546,HIGH,1000
1711,203296,LOW,10
9484,463781,HIGH,1000
765,825464,LOW,10
8126,7941,HIGH,1000
3128,832209,LOW,10
1127,715630,LOW,10
2614,692829,LOW,10
6741,867686,HIGH,1000
2527,606573,LOW,10
8108,230805,HIGH,1000
3152,350681,LOW,10
5102,671344,HIGH,1000
5035,256344,HIGH,1000
8671,139714,HIGH,1000
5176,260252,HIGH,1000
2764,510776,LOW,10
2685,688776,LOW,10
6222,637935,HIGH,1000
5763,119342,HIGH,1000
7199,529219,HIGH,1000
4047,254260,LOW,10
9315,158906,HIGH,1000
3791,474505,LOW,10
9597,899885,HIGH,1000
3426,457908,LOW,10
7728,28207,HIGH,1000
2347,118394,LOW,10
5379,646171,HIGH,1000
1110,247766,LOW,10
3110,242904,LOW,10
3271,541832,LOW,10
1098,802082,LOW,10
5114,880602,HIGH,1000
3683,84470,LOW,10
8559,456479,HIGH,1000
9440,747269,HIGH,1000
2489,164118,LOW,10
9191,416245,HIGH,1000
1350,213800,LOW,10
9220,715316,HIGH,1000
1688,765900,LOW,10
7647,612432,HIGH,1000
8638,249147,HIGH,1000
3169,551466,LOW,10
8979,137044,HIGH,1000
746,854578,LOW,10
2937,276465,LOW,10
9347,995277,HIGH,1000
1089,820523,LOW,10
7374,542111,HIGH,1000
6901,304247,HIGH,1000
193,460424,LOW,10
4840,402573,LOW,10
3492,786340,LOW,10
892,439452,LOW,10
4508,797286,LOW,10
2892,431020,LOW,10
3737,414728,LOW,10
1606,358749,LOW,10
6980,870187,HIGH,1000
2761,270465,LOW,10
5954,454910,HIGH,1000
9234,809438,HIGH,1000
7399,152541,HIGH,1000
2296,881724,LOW,10
4813,341295,LOW,10
972,742591,LOW,10
6134,190173,HIGH,1000
919,549980,LOW,10
5786,811155,HIGH,1000
7423,760776,HIGH,1000
8227,697548,HIGH,1000
8513,51489,HIGH,1000
5181,827798,HIGH,1000
4294,26233,LOW,10
6869,729922,HIGH,1000
5470,577045,HIGH,1000
8313,84682,HIGH,1000
987,917387,LOW,10
9676,471771,HIGH,1000
9182,235872,HIGH,1000
1964,291825,LOW,10
7322,913607,HIGH,1000
5502,588086,HIGH,1000
1438,133393,LOW,10
3564,232245,LOW,10
4793,5452,LOW,10
5958,668447,HIGH,1000
3830,736347,LOW,10
7636,215449,HIGH,1000
401,882540,LOW,10
8957,126896,HIGH,1000
4280,860350,LOW,10
2300,470321,LOW,10
8209,746993,HIGH,1000
5975,404258,HIGH,1000
9524,103685,HIGH,1000
9625,334181,HIGH,1000
750,935257,LOW,10
9039,90714,HIGH,1000
4918,520300,LOW,10
2586,481661,LOW,10
3115,781258,LOW,10
8297,695175,HIGH,1000
3418,405726,LOW,10
920,890985,LOW,10
3652,804316,LOW,10
7276,361129,HIGH,1000
804,908760,LOW,10
9835,837302,HIGH,1000
8348,831789,HIGH,1000
7791,866702,HIGH,1000
1765,362718,LOW,10
9618,915551,HIGH,1000
516,519725,LOW,10
2128,576011,LOW,10
8784,223877,HIGH,1000
6201,144894,HIGH,1000
9233,725246,HIGH,1000
6000,296461,HIGH,1000
1100,191908,LOW,10
4138,443049,LOW,10
9701,153088,HIGH,1000
825,295943,LOW,10
9577,295539,HIGH,1000
6428,12088,HIGH,1000
9844,302532,HIGH,1000
472,126582,LOW,10
6469,113615,HIGH,1000
8019,758269,HIGH,1000
8151,240740,HIGH,1000
1230,222144,LOW,10
1273,805981,LOW,10
588,438196,LOW,10
3456,376983,LOW,10
67,839134,LOW,10
5260,114479,HIGH,1000
1917,757147,LOW,10
3947,381142,LOW,10
6117,143304,HIGH,1000
1474,70013,LOW,10
2975,347361,LOW,10
1999,502089,LOW,10
1337,520768,LOW,10
4967,816608,LOW,10
6042,493338,HIGH,1000
3954,45915,LOW,10
3380,304922,LOW,10
5142,560568,HIGH,1000
6202,129915,HIGH,1000
9875,622372,HIGH,1000
3681,535966,LOW,10
951,312872,LOW,10
3305,371784,LOW,10
3446,263040,LOW,10
9978,93568,HIGH,1000
1245,691762,LOW,10
2008,367502,LOW,10
890,562314,LOW,10
8905,693884,HIGH,1000
1787,625597,LOW,10
1876,610082,LOW,10
3462,229896,LOW,10
5313,540760,HIGH,1000
611,559892,LOW,10
5728,117659,HIGH,1000
4016,966483,LOW,10
5644,292281,HIGH,1000
3277,898238,LOW,10
5318,13337,HIGH,1000
1683,122356,LOW,10
2813,805805,LOW,10
1166,30292,LOW,10
6618,590081,HIGH,1000
1439,49266,LOW,10
8880,945370,HIGH,1000
8088,952505,HIGH,1000
3141,519802,LOW,10
4662,720805,LOW,10
4319,795267,LOW,10
6604,382706,HIGH,1000
9146,870775,HIGH,1000
639,367077,LOW,10
956,409634,LOW,10
5295,764627,HIGH,1000
730,912234,LOW,10
1469,339152,LOW,10
4350,619043,LOW,10
5440,384398,HIGH,1000
3756,973754,LOW,10
1124,984489,LOW,10
3087,769427,LOW,10
6459,533429,HIGH,1000
1358,295072,LOW,10
9563,426119,HIGH,1000
8546,736991,HIGH,1000
5887,469295,HIGH,1000
1842,290565,LOW,10
9317,307352,HIGH,1000
3511,475663,LOW,10
5174,982167,HIGH,1000
8674,378880,HIGH,1000
2255,79571,LOW,10
6342,397016,HIGH,1000
5883,743965,HIGH,1000
1807,161893,LOW,10
5056,237986,HIGH,1000
9661,487165,HIGH,1000
2565,132923,LOW,10
3849,516843,LOW,10
4271,381001,LOW,10
176,359143,LOW,10
7990,907930,HIGH,1000
6968,425975,HIGH,1000
5580,568275,HIGH,1000
1407,968078,LOW,10
9168,735918,HIGH,1000
9329,405771,HIGH,1000
6171,695652,HIGH,1000
3130,629209,LOW,10
6064,993817,HIGH,1000
2197,1932,LOW,10
7500,468490,HIGH,1000
8693,918213,HIGH,1000
8283,788349,HIGH,1000
6592,295263,HIGH,1000
1778,840088,LOW,10
7864,100572,HIGH,1000
4438,95628,LOW,10
7068,550717,HIGH,1000
8796,748894,HIGH,1000
3612,555266,LOW,10
9546,410338,HIGH,1000
7897,644789,HIGH,1000
8805,588147,HIGH,1000
2919,888415,LOW,10
5045,299766,HIGH,1000
92,345162,LOW,10
4920,70734,LOW,10
3287,945643,LOW,10
2623,830337,LOW,10
4685,311026,LOW,10
5349,583473,HIGH,1000
1027,541900,LOW,10
1317,838130,LOW,10
3362,822513,LOW,10
475,81099,LOW,10
4201,744566,LOW,10
7689,552176,HIGH,1000
4805,515718,LOW,10
7375,342461,HIGH,1000
4944,465404,LOW,10
6282,533881,HIGH,1000
9720,299104,HIGH,1000
9737,313951,HIGH,1000
4032,711668,LOW,10
9748,847757,HIGH,1000
2220,446416,LOW,10
150,115713,LOW,10
5669,475408,HIGH,1000
8998,451741,HIGH,1000
1860,469213,LOW,10
392,45808,LOW,10
6622,942525,HIGH,1000
9509,15535,HIGH,1000
2187,477443,LOW,10
9780,230463,HIGH,1000
4422,303940,LOW,10
2446,828430,LOW,10
832,714925,LOW,10
5672,490628,HIGH,1000
1154,144225,LOW,10
9689,434800,HIGH,1000
35,59136,LOW,10
8911,857936,HIGH,1000
1877,468442,LOW,10
1283,513564,LOW,10
9670,306692,HIGH,1000
5033,863528,HIGH,1000
5774,608504,HIGH,1000
1614,651116,LOW,10
1010,503665,LOW,10
4779,853684,LOW,10
7973,455945,HIGH,1000
8779,176249,HIGH,1000
3371,906867,LOW,10
9803,931996,HIGH,1000
3263,699972,LOW,10
4153,404986,LOW,10
7422,940054,HIGH,1000
4645,28506,LOW,10
4789,468983,LOW,10
278,276474,LOW,10
7731,503039,HIGH,1000
7800,252198,HIGH,1000
7637,106923,HIGH,1000
9460,399062,HIGH,1000
3597,241234,LOW,10
366,259460,LOW,10
5627,745687,HIGH,1000
1352,796070,LOW,10
6491,549229,HIGH,1000
6689,403752,HIGH,1000
8225,359060,HIGH,1000
712,970519,LOW,10
2027,52216,LOW,10
7748,180151,HIGH,1000
3439,934387,LOW,10
8570,566395,HIGH,1000
4692,906075,LOW,10
821,766556,LOW,10
6708,936040,HIGH,1000
8920,579107,HIGH,1000
7014,451826,HIGH,1000
3365,751818,LOW,10
9194,991129,HIGH,1000
2683,138050,LOW,10
3914,680825,LOW,10
4210,759339,LOW,10
7905,804901,HIGH,1000
2456,411239,LOW,10
1562,25146,LOW,10
2090,819126,LOW,10
5,858883,LOW,10
2360,294696,LOW,10
4232,11105,LOW,10
5944,372142,HIGH,1000
2966,538926,LOW,10
6505,380517,HIGH,1000
4757,148488,LOW,10
9745,505004,HIGH,1000
5320,59975,HIGH,1000
5226,850823,HIGH,1000
9506,650054,HIGH,1000
1598,736312,LOW,10
6008,206908,HIGH,1000
8058,218925,HIGH,1000
3636,128146,LOW,10
7364,823331,HIGH,1000
706,766890,LOW,10
6764,920414,HIGH,1000
7245,767362,HIGH,1000
8961,152570,HIGH,1000
1924,593780,LOW,10
3762,590909,LOW,10
7425,119693,HIGH,1000
7640,149979,HIGH,1000
9441,532220,HIGH,1000
1463,281691,LOW,10
4340,652940,LOW,10
5391,994601,HIGH,1000
9573,733400,HIGH,1000
7628,431162,HIGH,1000
7042,274542,HIGH,1000
7734,679815,HIGH,1000
1998,502149,LOW,10
8166,962754,HIGH,1000
3507,453531,LOW,10
9033,685618,HIGH,1000
6558,885178,HIGH,1000
5545,835333,HIGH,1000
3018,420400,LOW,10
9868,454370,HIGH,1000
6787,541286,HIGH,1000
9554,526433,HIGH,1000
7373,169997,HIGH,1000
4390,505931,LOW,10
350,522629,LOW,10
4756,191023,LOW,10
2194,585584,LOW,10
9159,65154,HIGH,1000
6266,409336,HIGH,1000
167,826130,LOW,10
7185,304846,HIGH,1000
3721,706636,LOW,10
4771,747542,LOW,10
6507,40342,HIGH,1000
9918,523773,HIGH,1000
2702,451500,LOW,10
1183,216603,LOW,10
9165,274887,HIGH,1000
1497,178920,LOW,10
2743,947468,LOW,10
1966,571919,LOW,10
2943,465317,LOW,10
5081,396824,HIGH,1000
2356,570243,LOW,10
165,824394,LOW,10
9755,300940,HIGH,1000
8368,565006,HIGH,1000
1764,172043,LOW,10
704,756067,LOW,10
5020,437263,HIGH,1000
9379,921325,HIGH,1000
3803,119838,LOW,10
1970,975769,LOW,10
6714,244187,HIGH,1000
9272,878874,HIGH,1000
2947,574006,LOW,10
9023,56561,HIGH,1000
5324,759925,HIGH,1000
1751,193337,LOW,10
7402,677598,HIGH,1000
3544,4941,LOW,10
6224,788150,HIGH,1000
9850,494089,HIGH,1000
5008,167611,HIGH,1000
8323,941038,HIGH,1000
9806,365268,HIGH,1000
3953,434761,LOW,10
7057,921458,HIGH,1000
9605,991866,HIGH,1000
3334,683974,LOW,10
6441,880716,HIGH,1000
1521,203657,LOW,10
9481,700770,HIGH,1000
2600,365873,LOW,10
4934,161213,LOW,10
5974,293214,HIGH,1000
8180,749909,HIGH,1000
6544,248587,HIGH,1000
4948,403267,LOW,10
352,842596,LOW,10
8381,822395,HIGH,1000
5383,520453,HIGH,1000
445,97124,LOW,10
1433,244921,LOW,10
4004,256711,LOW,10
967,907417,LOW,10
7996,759164,HIGH,1000
4494,82934,LOW,10
6332,197043,HIGH,1000
408,2449,LOW,10
5779,285518,HIGH,1000
7438,292791,HIGH,1000
3343,293244,LOW,10
6552,801645,HIGH,1000
6706,924981,HIGH,1000
7192,355686,HIGH,1000
7324,261630,HIGH,1000
4908,121837,LOW,10
399,144645,LOW,10
7334,275479,HIGH,1000
6095,947389,HIGH,1000
8698,585150,HIGH,1000
6106,557389,HIGH,1000
7426,814660,HIGH,1000
4462,919737,LOW,10
5963,331667,HIGH,1000
3993,211318,LOW,10
154,422363,LOW,10
6498,536581,HIGH,1000
4219,993166,LOW,10
8691,870603,HIGH,1000
6969,91763,HIGH,1000
7924,768123,HIGH,1000
7031,897815,HIGH,1000
4576,16775,LOW,10
7053,873730,HIGH,1000
3251,555015,LOW,10
2231,779856,LOW,10
9904,684519,HIGH,1000
8543,235913,HIGH,1000
694,64071,LOW,10
5616,712499,HIGH,1000
8292,369238,HIGH,1000
9268,639658,HIGH,1000
6388,479287,HIGH,1000
8145,840816,HIGH,1000
8529,426567,HIGH,1000
4111,431301,LOW,10
1553,418221,LOW,10
978,513047,LOW,10
1363,985929,LOW,10
897,706008,LOW,10
3580,902985,LOW,10
205,138081,LOW,10
8916,649919,HIGH,1000
7274,851049,HIGH,1000
4054,229978,LOW,10
157,513964,LOW,10
7625,348928,HIGH,1000
921,652951,LOW,10
2809,445249,LOW,10
7254,684231,HIGH,1000
1741,632209,LOW,10
2741,12102,LOW,10
4874,682646,LOW,10
3909,368498,LOW,10
5370,284534,HIGH,1000
9558,171311,HIGH,1000
792,632298,LOW,10
3238,230577,LOW,10
6165,298585,HIGH,1000
3291,201259,LOW,10
9820,896249,HIGH,1000
1390,143796,LOW,10
6978,658481,HIGH,1000
305,393441,LOW,10
8210,59243,HIGH,1000
8472,719199,HIGH,1000
3918,485666,LOW,10
1456,662143,LOW,10
868,212124,LOW,10
2485,94846,LOW,10
1636,936892,LOW,10
3619,17342,LOW,10
3256,598180,LOW,10
2244,338085,LOW,10
9219,454712,HIGH,1000
7081,348748,HIGH,1000
2271,369491,LOW,10
4471,412548,LOW,10
9188,294270,HIGH,1000
3930,913053,LOW,10
5537,258636,HIGH,1000
4913,401503,LOW,10
5620,842317,HIGH,1000
2807,779602,LOW,10
189,816427,LOW,10
3995,539085,LOW,10
3331,80140,LOW,10
5436,920286,HIGH,1000
1091,93953,LOW,10
5131,750016,HIGH,1000
1045,670357,LOW,10
2287,851497,LOW,10
7520,911706,HIGH,1000
3875,348667,LOW,10
1259,92458,LOW,10
9883,681569,HIGH,1000
6456,852528,HIGH,1000
3078,430556,LOW,10
2825,71972,LOW,10
8938,310491,HIGH,1000
5387,103403,HIGH,1000
2545,32927,LOW,10
17,524006,LOW,10
4385,47431,LOW,10
5426,851716,HIGH,1000
1373,44367,LOW,10
5782,288526,HIGH,1000
8179,233147,HIGH,1000
3972,54575,LOW,10
1520,562412,LOW,10
7562,285246,HIGH,1000
1929,347498,LOW,10
4417,157508,LOW,10
2724,182651,LOW,10
881,895039,LOW,10
564,486147,LOW,10
6930,411642,HIGH,1000
7606,95252,HIGH,1000
992,633050,LOW,10
1623,488582,LOW,10
855,864289,LOW,10
9094,915491,HIGH,1000
1212,937892,LOW,10
672,777698,LOW,10
1024,424430,LOW,10
8915,564510,HIGH,1000
7237,216344,HIGH,1000
8136,771610,HIGH,1000
8707,946705,HIGH,1000
4329,333742,LOW,10
7793,410404,HIGH,1000
654,980441,LOW,10
9990,75013,HIGH,1000
9828,237847,HIGH,1000
6678,759940,HIGH,1000
6397,383965,HIGH,1000
1131,136134,LOW,10
5934,270986,HIGH,1000
8245,698217,HIGH,1000
7371,152784,HIGH,1000
5046,71099,HIGH,1000
9644,714015,HIGH,1000
9993,424074,HIGH,1000
898,184114,LOW,10
9275,828948,HIGH,1000
1918,503889,LOW,10
5082,442786,HIGH,1000
9482,338537,HIGH,1000
2790,13805,LOW,10
1322,999181,LOW,10
4711,567107,LOW,10
9912,166797,HIGH,1000
3010,902109,LOW,10
5169,111858,HIGH,1000
5688,604670,HIGH,1000
288,730792,LOW,10
8620,227874,HIGH,1000
4469,536767,LOW,10
2735,468867,LOW,10
1406,166817,LOW,10
1220,822185,LOW,10
353,622626,LOW,10
3844,709537,LOW,10
3781,982159,LOW,10
2651,571462,LOW,10
8861,227737,HIGH,1000
7420,466842,HIGH,1000
2494,892848,LOW,10
6499,217221,HIGH,1000
6409,38377,HIGH,1000
9943,50414,HIGH,1000
3780,764492,LOW,10
9937,147584,HIGH,1000
3276,858618,LOW,10
9468,127148,HIGH,1000
3655,945307,LOW,10
9217,580097,HIGH,1000
1848,863824,LOW,10
3315,937401,LOW,10
8528,694303,HIGH,1000
5127,864105,HIGH,1000
7311,756059,HIGH,1000
4375,678164,LOW,10
5000,162566,HIGH,1000
3183,152453,LOW,10
1431,341010,LOW,10
6297,271116,HIGH,1000
9048,916776,HIGH,1000
482,116214,LOW,10
6736,902290,HIGH,1000
3810,417356,LOW,10
4968,433575,LOW,10
7538,6369,HIGH,1000
8625,329702,HIGH,1000
6303,220812,HIGH,1000
2698,777130,LOW,10
8551,432910,HIGH,1000
4337,672766,LOW,10
9040,721035,HIGH,1000
6721,529389,HIGH,1000
8809,581415,HIGH,1000
3476,366447,LOW,10
7671,419741,HIGH,1000
4387,813157,LOW,10
4985,96176,LOW,10
3994,206901,LOW,10
4476,714089,LOW,10
1237,268529,LOW,10
1452,787752,LOW,10
4635,304504,LOW,10
5559,605181,HIGH,1000
8799,916090,HIGH,1000
276,261921,LOW,10
4370,9225,LOW,10
9638,105139,HIGH,1000
6846,839502,HIGH,1000
4029,180625,LOW,10
1579,825433,LOW,10
4697,349240,LOW,10
7830,680266,HIGH,1000
9933,486496,HIGH,1000
3900,998750,LOW,10
6273,55248,HIGH,1000
2676,994759,LOW,10
2534,606073,LOW,10
561,880979,LOW,10
5004,200483,HIGH,1000
8764,815530,HIGH,1000
5907,434631,HIGH,1000
5714,434875,HIGH,1000
9960,699684,HIGH,1000
1878,635806,LOW,10
7577,75836,HIGH,1000
5332,176544,HIGH,1000
8067,540912,HIGH,1000
8255,414930,HIGH,1000
6339,111170,HIGH,1000
1238,181145,LOW,10
7854,66460,HIGH,1000
6925,363428,HIGH,1000
4477,654761,LOW,10
4527,337930,LOW,10
3793,840140,LOW,10
46,502538,LOW,10
4575,225716,LOW,10
9794,12082,HIGH,1000
5110,916384,HIGH,1000
3029,804110,LOW,10
8049,148822,HIGH,1000
882,72006,LOW,10
4829,580809,LOW,10
4367,797611,LOW,10
1753,467462,LOW,10
7534,973361,HIGH,1000
9399,136825,HIGH,1000
8636,377457,HIGH,1000
7189,421811,HIGH,1000
1476,198240,LOW,10
7554,300911,HIGH,1000
5207,973707,HIGH,1000
8848,339259,HIGH,1000
98,163881,LOW,10
2351,185275,LOW,10
3574,154422,LOW,10
678,860718,LOW,10
1738,416700,LOW,10
9851,697856,HIGH,1000
1056,954961,LOW,10
4237,151897,LOW,10
7248,713920,HIGH,1000
1197,914991,LOW,10
385,60213,LOW,10
1247,727433,LOW,10
6564,380885,HIGH,1000
795,541645,LOW,10
9591,458140,HIGH,1000
3372,149236,LOW,10
8123,630152,HIGH,1000
5474,46803,HIGH,1000
2392,153119,LOW,10
1049,86412,LOW,10
3620,154312,LOW,10
5113,104167,HIGH,1000
1975,118261,LOW,10
6605,679831,HIGH,1000
4577,225039,LOW,10
1053,403306,LOW,10
9366,23589,HIGH,1000
7108,726711,HIGH,1000
6121,973600,HIGH,1000
7113,664019,HIGH,1000
7762,947816,HIGH,1000
8586,202152,HIGH,1000
7620,799541,HIGH,1000
514,260000,LOW,10
2167,444721,LOW,10
5775,283071,HIGH,1000
415,190885,LOW,10
5302,84582,HIGH,1000
4760,132097,LOW,10
789,687225,LOW,10
820,454594,LOW,10
270,282268,LOW,10
3081,349366,LOW,10
4544,281871,LOW,10
7157,586948,HIGH,1000
1624,414108,LOW,10
8423,566023,HIGH,1000
3663,261591,LOW,10
3948,252023,LOW,10
1566,54171,LOW,10
2377,222932,LOW,10
5911,309089,HIGH,1000
9999,575702,HIGH,1000
948,990629,LOW,10
7034,300096,HIGH,1000
3621,595766,LOW,10
5956,916101,HIGH,1000
3499,119076,LOW,10
1743,386602,LOW,10
7193,44203,HIGH,1000
8318,283253,HIGH,1000
6687,582985,HIGH,1000
4878,878516,LOW,10
1659,686397,LOW,10
4380,559132,LOW,10
5179,749586,HIGH,1000
6667,547466,HIGH,1000
9342,890040,HIGH,1000
5027,180438,HIGH,1000
7429,939885,HIGH,1000
7358,264684,HIGH,1000
4720,384781,LOW,10
2635,673517,LOW,10
6739,431808,HIGH,1000
5353,35355,HIGH,1000
4628,493647,LOW,10
2057,835922,LOW,10
5231,709869,HIGH,1000
5631,446781,HIGH,1000
4482,341014,LOW,10
7652,506724,HIGH,1000
5388,8799,HIGH,1000
6959,880789,HIGH,1000
8677,203946,HIGH,1000
4857,817700,LOW,10
7847,884286,HIGH,1000
533,871951,LOW,10
856,195000,LOW,10
8614,152503,HIGH,1000
9287,732800,HIGH,1000
648,125659,LOW,10
5267,104079,HIGH,1000
7247,331383,HIGH,1000
5143,647937,HIGH,1000
7139,3644,HIGH,1000
6957,959870,HIGH,1000
560,230342,LOW,10
7282,340537,HIGH,1000
6219,407156,HIGH,1000
9905,994023,HIGH,1000
2156,685878,LOW,10
7467,986844,HIGH,1000
6098,513864,HIGH,1000
902,373501,LOW,10
5392,365752,HIGH,1000
1338,512988,LOW,10
5047,476031,HIGH,1000
6386,207891,HIGH,1000
4071,17123,LOW,10
5449,821976,HIGH,1000
6429,795970,HIGH,1000
4079,823075,LOW,10
6195,787099,HIGH,1000
9282,795197,HIGH,1000
1577,869967,LOW,10
5386,654270,HIGH,1000
631,826015,LOW,10
2868,317213,LOW,10
7741,467879,HIGH,1000
6916,895430,HIGH,1000
3124,912897,LOW,10
4127,620537,LOW,10
2694,169111,LOW,10
5999,18397,HIGH,1000
1216,547955,LOW,10
2858,784564,LOW,10
1427,472718,LOW,10
6360,656469,HIGH,1000
5015,753069,HIGH,1000
7067,135313,HIGH,1000
9228,558276,HIGH,1000
5225,183697,HIGH,1000
1779,397062,LOW,10
7550,718230,HIGH,1000
5085,969276,HIGH,1000
8670,466787,HIGH,1000
4781,245112,LOW,10
3413,173011,LOW,10
9620,940792,HIGH,1000
1388,356113,LOW,10
8384,506213,HIGH,1000
342,504626,LOW,10
739,400356,LOW,10
6851,950634,HIGH,1000
1910,677991,LOW,10
5597,393141,HIGH,1000
8790,132201,HIGH,1000
788,97462,LOW,10
3311,252287,LOW,10
7939,109210,HIGH,1000
6415,466047,HIGH,1000
775,891718,LOW,10
9709,374098,HIGH,1000
6965,490018,HIGH,1000
1642,864230,LOW,10
4915,785522,LOW,10
4870,300418,LOW,10
4465,219292,LOW,10
4448,122172,LOW,10
2758,265763,LOW,10
5741,89236,HIGH,1000
9886,846149,HIGH,1000
4282,440322,LOW,10
2952,925263,LOW,10
3599,262394,LOW,10
2615,271678,LOW,10
7032,363717,HIGH,1000
5297,884580,HIGH,1000
4078,962062,LOW,10
7589,364621,HIGH,1000
2316,886231,LOW,10
2505,272325,LOW,10
9473,211090,HIGH,1000
3605,204569,LOW,10
7129,605257,HIGH,1000
8269,196382,HIGH,1000
770,760285,LOW,10
3987,415206,LOW,10
6114,422498,HIGH,1000
8835,195462,HIGH,1000
6001,411458,HIGH,1000
2912,310978,LOW,10
5335,639290,HIGH,1000
6681,373113,HIGH,1000
3077,901051,LOW,10
1160,375074,LOW,10
6825,130939,HIGH,1000
5473,912666,HIGH,1000
5397,515732,HIGH,1000
231,841796,LOW,10
3699,163569,LOW,10
3294,649209,LOW,10
5919,788218,HIGH,1000
8422,280312,HIGH,1000
9504,872913,HIGH,1000
5455,891987,HIGH,1000
8277,77608,HIGH,1000
9384,979965,HIGH,1000
9450,835426,HIGH,1000
6336,801671,HIGH,1000
1505,268964,LOW,10
2797,921238,LOW,10
2867,811154,LOW,10
4744,247381,LOW,10
8144,652908,HIGH,1000
1186,208670,LOW,10
6462,865865,HIGH,1000
7860,133946,HIGH,1000
3710,252751,LOW,10
9795,676913,HIGH,1000
7289,43600,HIGH,1000
6897,472489,HIGH,1000
3039,48974,LOW,10
880,645171,LOW,10
7664,961157,HIGH,1000
8820,426564,HIGH,1000
2679,751758,LOW,10
4492,159071,LOW,10
5485,753010,HIGH,1000
2713,109659,LOW,10
2125,63283,LOW,10
9566,657557,HIGH,1000
2511,795407,LOW,10
1967,134302,LOW,10
1199,493291,LOW,10
5632,496163,HIGH,1000
7501,880079,HIGH,1000
9571,751295,HIGH,1000
4796,271846,LOW,10
8399,721365,HIGH,1000
7906,431007,HIGH,1000
3610,68878,LOW,10
3001,492730,LOW,10
2787,8109,LOW,10
2075,736715,LOW,10
1411,438689,LOW,10
7486,872561,HIGH,1000
9318,582125,HIGH,1000
299,815044,LOW,10
3021,951507,LOW,10
8930,167457,HIGH,1000
1828,606608,LOW,10
9098,382499,HIGH,1000
523,95455,LOW,10
9934,30090,HIGH,1000
5483,270817,HIGH,1000
2099,174551,LOW,10
2897,244223,LOW,10
2002,508789,LOW,10
3414,752342,LOW,10
3080,687725,LOW,10
6139,966832,HIGH,1000
3772,440333,LOW,10
8499,389909,HIGH,1000
1349,287373,LOW,10
6299,580623,HIGH,1000
3257,769410,LOW,10
7810,703937,HIGH,1000
4978,946534,LOW,10
404,245112,LOW,10
5880,465613,HIGH,1000
316,392796,LOW,10
1316,374597,LOW,10
5553,947995,HIGH,1000
6252,384257,HIGH,1000
6655,880667,HIGH,1000
7873,789160,HIGH,1000
924,762780,LOW,10
2558,565233,LOW,10
2690,986460,LOW,10
8107,623001,HIGH,1000
2660,901183,LOW,10
540,463506,LOW,10
7508,478539,HIGH,1000
3094,388903,LOW,10
7504,442993,HIGH,1000
4218,773184,LOW,10
6324,382058,HIGH,1000
9788,579755,HIGH,1000
2022,664644,LOW,10
8939,930458,HIGH,1000
144,246330,LOW,10
1381,157290,LOW,10
7331,455087,HIGH,1000
9077,27545,HIGH,1000
9150,958413,HIGH,1000
4117,485304,LOW,10
1004,461245,LOW,10
3273,518213,LOW,10
1776,641594,LOW,10
8479,178265,HIGH,1000
5242,106659,HIGH,1000
7516,912743,HIGH,1000
2408,843574,LOW,10
3978,189485,LOW,10
8497,726332,HIGH,1000
6717,80899,HIGH,1000
9751,128557,HIGH,1000
9319,496102,HIGH,1000
4229,266154,LOW,10
7863,119593,HIGH,1000
6164,500050,HIGH,1000
2594,322896,LOW,10
729,530396,LOW,10
2211,30190,LOW,10
6985,252741,HIGH,1000
6419,610220,HIGH,1000
5973,806344,HIGH,1000
9793,107116,HIGH,1000
3982,924461,LOW,10
5686,815986,HIGH,1000
1945,843579,LOW,10
6539,274791,HIGH,1000
3962,197410,LOW,10
2849,328548,LOW,10
6524,807251,HIGH,1000
4172,990620,LOW,10
1303,110843,LOW,10
5862,190343,HIGH,1000
2925,610757,LOW,10
5435,838500,HIGH,1000
83,911809,LOW,10
7051,765598,HIGH,1000
6225,135625,HIGH,1000
2280,742851,LOW,10
5614,73879,HIGH,1000
6660,56976,HIGH,1000
262,100143,LOW,10
593,44389,LOW,10
2837,20235,LOW,10
9756,224392,HIGH,1000
8096,48731,HIGH,1000
3201,575285,LOW,10
6887,854044,HIGH,1000
9776,801651,HIGH,1000
5735,369792,HIGH,1000
8709,221004,HIGH,1000
6275,108646,HIGH,1000
6515,776655,HIGH,1000
8774,190495,HIGH,1000
595,6384,LOW,10
854,370774,LOW,10
166,430051,LOW,10
2323,314072,LOW,10
2137,557585,LOW,10
4440,902271,LOW,10
1367,231857,LOW,10
6288,59118,HIGH,1000
2273,852387,LOW,10
6628,994128,HIGH,1000
2549,228171,LOW,10
2802,467002,LOW,10
6808,128075,HIGH,1000
4866,302388,LOW,10
738,26138,LOW,10
5164,739326,HIGH,1000
24,851737,LOW,10
3410,238901,LOW,10
3992,654746,LOW,10
8330,320781,HIGH,1000
9953,848155,HIGH,1000
1168,81837,LOW,10
4942,609149,LOW,10
1279,566648,LOW,10
1318,776688,LOW,10
2395,406198,LOW,10
980,410186,LOW,10
1324,799515,LOW,10
8549,373333,HIGH,1000
6804,515813,HIGH,1000
9798,115652,HIGH,1000
8192,545273,HIGH,1000
2168,371901,LOW,10
9611,432046,HIGH,1000
4279,28970,LOW,10
6917,526279,HIGH,1000
8863,150378,HIGH,1000
8375,340071,HIGH,1000
5290,297631,HIGH,1000
3313,407004,LOW,10
771,536903,LOW,10
6944,367004,HIGH,1000
2015,614592,LOW,10
7440,998038,HIGH,1000
8143,647873,HIGH,1000
3285,167236,LOW,10
8643,692675,HIGH,1000
7259,351927,HIGH,1000
9507,702344,HIGH,1000
521,175265,LOW,10
102,511067,LOW,10
4928,563181,LOW,10
6033,31479,HIGH,1000
8064,688294,HIGH,1000
7048,931827,HIGH,1000
1921,194707,LOW,10
345,986425,LOW,10
500,182125,LOW,10
8220,139174,HIGH,1000
7303,891168,HIGH,1000
8769,919327,HIGH,1000
1472,949101,LOW,10
4726,641994,LOW,10
393,982824,LOW,10
1078,674417,LOW,10
9705,637214,HIGH,1000
7351,757645,HIGH,1000
217,239402,LOW,10
9627,203722,HIGH,1000
2902,393458,LOW,10
6891,817958,HIGH,1000
7433,731623,HIGH,1000
6751,862254,HIGH,1000
2500,307203,LOW,10
1931,628892,LOW,10
5814,984037,HIGH,1000
2789,176654,LOW,10
5566,956480,HIGH,1000
3549,106822,LOW,10
5843,243422,HIGH,1000
5947,739074,HIGH,1000
7851,290594,HIGH,1000
5364,65351,HIGH,1000
8721,451949,HIGH,1000
4356,908828,LOW,10
3774,879878,LOW,10
9861,790178,HIGH,1000
5764,895465,HIGH,1000
25,972336,LOW,10
6393,655820,HIGH,1000
4993,547124,LOW,10
2272,118314,LOW,10
2039,897851,LOW,10
7871,562249,HIGH,1000
9019,621927,HIGH,1000
3600,624069,LOW,10
5032,352024,HIGH,1000
4750,200573,LOW,10
3785,755242,LOW,10
6866,369158,HIGH,1000
8574,110361,HIGH,1000
3123,982790,LOW,10
8488,641413,HIGH,1000
6346,447947,HIGH,1000
9545,56135,HIGH,1000
2307,217793,LOW,10
4966,105314,LOW,10
2124,153588,LOW,10
1902,423143,LOW,10
9522,591714,HIGH,1000
3872,125067,LOW,10
3676,761772,LOW,10
9277,800699,HIGH,1000
18,643309,LOW,10
5312,624212,HIGH,1000
1638,547169,LOW,10
8014,280413,HIGH,1000
6732,952772,HIGH,1000
5401,195162,HIGH,1000
7571,272248,HIGH,1000
2721,737267,LOW,10
8867,71733,HIGH,1000
7838,191636,HIGH,1000
6433,210868,HIGH,1000
3523,48553,LOW,10
8333,710919,HIGH,1000
8176,577394,HIGH,1000
973,472708,LOW,10
8343,175833,HIGH,1000
9691,437499,HIGH,1000
7202,278966,HIGH,1000
7787,474732,HIGH,1000
1629,25750,LOW,10
5185,893248,HIGH,1000
1508,181893,LOW,10
7921,134536,HIGH,1000
9216,487969,HIGH,1000
3908,226177,LOW,10
2143,853209,LOW,10
3474,905961,LOW,10
6032,851719,HIGH,1000
3320,34670,LOW,10
3589,944527,LOW,10
3744,650665,LOW,10
2584,209735,LOW,10
9428,278113,HIGH,1000
7929,521814,HIGH,1000
5119,414343,HIGH,1000
7535,417086,HIGH,1000
9602,407363,HIGH,1000
9102,693550,HIGH,1000
8113,210782,HIGH,1000
8000,759774,HIGH,1000
8432,274315,HIGH,1000
7711,675446,HIGH,1000
364,278777,LOW,10
8065,104819,HIGH,1000
601,67729,LOW,10
2175,856940,LOW,10
9469,747518,HIGH,1000
5048,160707,HIGH,1000
6907,967652,HIGH,1000
5857,558207,HIGH,1000
4109,551357,LOW,10
5126,990676,HIGH,1000
6908,235792,HIGH,1000
3144,245766,LOW,10
3990,629913,LOW,10
4509,932888,LOW,10
8394,778822,HIGH,1000
4204,782778,LOW,10
1175,814990,LOW,10
4567,921003,LOW,10
578,119460,LOW,10
442,318798,LOW,10
728,856628,LOW,10
8037,410760,HIGH,1000
1665,205844,LOW,10
8365,149929,HIGH,1000
1449,826269,LOW,10
7200,285019,HIGH,1000
8157,271503,HIGH,1000
5649,317256,HIGH,1000
9211,840446,HIGH,1000
2415,744,LOW,10
5089,676016,HIGH,1000
374,837692,LOW,10
9843,883723,HIGH,1000
6964,384947,HIGH,1000
5294,942391,HIGH,1000
7752,377375,HIGH,1000
6983,61767,HIGH,1000
315,829727,LOW,10
6573,265313,HIGH,1000
3534,35678,LOW,10
5452,795539,HIGH,1000
8404,163723,HIGH,1000
195,94585,LOW,10
6997,721490,HIGH,1000
9281,583598,HIGH,1000
8621,452561,HIGH,1000
5467,751416,HIGH,1000
3843,961511,LOW,10
5352,468034,HIGH,1000
2059,926641,LOW,10
6855,548413,HIGH,1000
2699,400935,LOW,10
4103,45781,LOW,10
5346,489348,HIGH,1000
124,783087,LOW,10
1866,722704,LOW,10
2722,574495,LOW,10
3167,607484,LOW,10
1632,522057,LOW,10
5810,640220,HIGH,1000
8908,458431,HIGH,1000
8756,520118,HIGH,1000
6672,239241,HIGH,1000
2228,438963,LOW,10
6257,875867,HIGH,1000
9027,599209,HIGH,1000
9418,988256,HIGH,1000
565,982399,LOW,10
2033,264249,LOW,10
3392,584947,LOW,10
9867,298793,HIGH,1000
3949,367951,LOW,10
8871,588330,HIGH,1000
3004,480739,LOW,10
3831,685511,LOW,10
2293,222037,LOW,10
8390,152386,HIGH,1000
2854,615511,LOW,10
4275,763810,LOW,10
411,577917,LOW,10
1652,17089,LOW,10
3700,769547,LOW,10
4357,618347,LOW,10
7340,155853,HIGH,1000
6829,248005,HIGH,1000
4751,385095,LOW,10
1269,906818,LOW,10
7846,845644,HIGH,1000
7844,451353,HIGH,1000
1410,329959,LOW,10
9478,728157,HIGH,1000
6078,133529,HIGH,1000
8185,62721,HIGH,1000
8972,979172,HIGH,1000
3866,677437,LOW,10
7321,22933,HIGH,1000
9444,76945,HIGH,1000
4712,504614,LOW,10
7569,676050,HIGH,1000
5305,464210,HIGH,1000
3588,978960,LOW,10
9011,290153,HIGH,1000
4177,1897,LOW,10
2619,227045,LOW,10
7686,118669,HIGH,1000
172,406234,LOW,10
5535,775068,HIGH,1000
6512,238114,HIGH,1000
5486,647195,HIGH,1000
2165,262381,LOW,10
3566,472784,LOW,10
7314,176439,HIGH,1000
1841,298927,LOW,10
6967,769904,HIGH,1000
8468,721638,HIGH,1000
2050,759652,LOW,10
6502,673131,HIGH,1000
5823,557656,HIGH,1000
9782,450285,HIGH,1000
5528,901272,HIGH,1000
3515,652808,LOW,10
8435,90741,HIGH,1000
2036,840815,LOW,10
7457,925330,HIGH,1000
2412,842409,LOW,10
9153,527593,HIGH,1000
2491,374533,LOW,10
9378,392249,HIGH,1000
2450,902670,LOW,10
7911,395369,HIGH,1000
5240,977207,HIGH,1000
7777,550482,HIGH,1000
2430,825695,LOW,10
5344,551129,HIGH,1000
3381,640671,LOW,10
5418,905888,HIGH,1000
1095,563902,LOW,10
9246,375214,HIGH,1000
3697,456184,LOW,10
8618,167090,HIGH,1000
8935,202724,HIGH,1000
6037,498137,HIGH,1000
4439,734959,LOW,10
5087,670561,HIGH,1000
6118,87455,HIGH,1000
1993,463788,LOW,10
223,73394,LOW,10
8178,924322,HIGH,1000
9201,42337,HIGH,1000
7099,725734,HIGH,1000
6373,365135,HIGH,1000
2654,990638,LOW,10
6679,527639,HIGH,1000
3210,347571,LOW,10
6215,669159,HIGH,1000
5568,176295,HIGH,1000
7336,85014,HIGH,1000
8534,808175,HIGH,1000
274,6875,LOW,10
1096,888174,LOW,10
7660,313209,HIGH,1000
3314,589933,LOW,10
7288,782676,HIGH,1000
4349,632477,LOW,10
5584,787023,HIGH,1000
9702,657710,HIGH,1000
5021,631716,HIGH,1000
4653,329740,LOW,10
591,111143,LOW,10
6446,932393,HIGH,1000
203,131435,LOW,10
1570,101443,LOW,10
4599,551067,LOW,10
4247,313405,LOW,10
7439,716113,HIGH,1000
9986,155038,HIGH,1000
7304,924195,HIGH,1000
5765,369499,HIGH,1000
9448,74840,HIGH,1000
3971,918342,LOW,10
2826,136765,LOW,10
3653,512604,LOW,10
4065,207806,LOW,10
5646,631493,HIGH,1000
7825,534334,HIGH,1000
6115,693930,HIGH,1000
1405,21484,LOW,10
8819,179626,HIGH,1000
3395,37435,LOW,10
3557,497346,LOW,10
3824,61253,LOW,10
4869,815097,LOW,10
2626,286962,LOW,10
1379,196554,LOW,10
6034,320956,HIGH,1000
1827,872012,LOW,10
6979,110671,HIGH,1000
2703,525943,LOW,10
5255,926838,HIGH,1000
3221,836687,LOW,10
4791,681167,LOW,10
214,652538,LOW,10
1121,946500,LOW,10
9042,493198,HIGH,1000
1775,510059,LOW,10
6486,217997,HIGH,1000
4887,221605,LOW,10
5430,958744,HIGH,1000
2980,51672,LOW,10
9322,965392,HIGH,1000
9915,920654,HIGH,1000
9420,524740,HIGH,1000
5059,693816,HIGH,1000
8811,856121,HIGH,1000
4293,383692,LOW,10
2572,385946,LOW,10
6993,762010,HIGH,1000
1714,449701,LOW,10
4281,447859,LOW,10
8013,70600,HIGH,1000
4528,58020,LOW,10
6977,371924,HIGH,1000
5836,926633,HIGH,1000
7623,529416,HIGH,1000
1653,872016,LOW,10
7931,123029,HIGH,1000
835,418951,LOW,10
8161,976486,HIGH,1000
1034,513495,LOW,10
6724,216764,HIGH,1000
4188,346007,LOW,10
347,864909,LOW,10
9866,676144,HIGH,1000
340,740071,LOW,10
4297,157584,LOW,10
1489,161869,LOW,10
3546,482799,LOW,10
41,147600,LOW,10
9004,213670,HIGH,1000
5653,491317,HIGH,1000
5720,921544,HIGH,1000
6425,583184,HIGH,1000
2440,475502,LOW,10
2079,243931,LOW,10
9966,902692,HIGH,1000
5658,27363,HIGH,1000
617,746528,LOW,10
8841,671285,HIGH,1000
7046,539890,HIGH,1000
7811,529249,HIGH,1000
448,152372,LOW,10
6343,647360,HIGH,1000
1219,997926,LOW,10
2949,135636,LOW,10
5280,566337,HIGH,1000
5369,81261,HIGH,1000
7869,687382,HIGH,1000
9561,145057,HIGH,1000
2726,312009,LOW,10
3747,119743,LOW,10
4961,58099,LOW,10
2629,405156,LOW,10
2501,733646,LOW,10
6779,473058,HIGH,1000
9740,638515,HIGH,1000
5971,256691,HIGH,1000
3555,445702,LOW,10
6767,382335,HIGH,1000
4023,171012,LOW,10
8275,931757,HIGH,1000
8087,656387,HIGH,1000
215,591156,LOW,10
4285,681704,LOW,10
7198,110270,HIGH,1000
4894,236025,LOW,10
6128,716222,HIGH,1000
6188,157806,HIGH,1000
4761,287741,LOW,10
2569,883608,LOW,10
123,421785,LOW,10
6685,612894,HIGH,1000
1550,29972,LOW,10
2646,59744,LOW,10
5574,728352,HIGH,1000
1257,673023,LOW,10
4924,149935,LOW,10
1461,919304,LOW,10
7642,234710,HIGH,1000
8741,793924,HIGH,1000
9856,776350,HIGH,1000
5859,934895,HIGH,1000
3302,25138,LOW,10
755,293338,LOW,10
2092,162984,LOW,10
8857,895699,HIGH,1000
1072,850654,LOW,10
2452,277057,LOW,10
3310,259518,LOW,10
8494,714307,HIGH,1000
3189,357650,LOW,10
6881,340835,HIGH,1000
551,751500,LOW,10
2043,495066,LOW,10
4580,287153,LOW,10
7898,491445,HIGH,1000
334,339770,LOW,10
3382,540846,LOW,10
1580,252049,LOW,10
4977,955290,LOW,10
6781,538221,HIGH,1000
4485,306575,LOW,10
8891,420692,HIGH,1000
2760,902240,LOW,10
5582,321767,HIGH,1000
3846,79359,LOW,10
705,610934,LOW,10
5109,123529,HIGH,1000
6989,49639,HIGH,1000
5180,93872,HIGH,1000
1444,215059,LOW,10
8507,547470,HIGH,1000
2718,887356,LOW,10
3933,441450,LOW,10
3317,682402,LOW,10
1417,546913,LOW,10
1135,3207,LOW,10
5613,975144,HIGH,1000
6640,744327,HIGH,1000
9438,970381,HIGH,1000
1512,478765,LOW,10
4943,199863,LOW,10
4460,157268,LOW,10
8712,948314,HIGH,1000
1561,78182,LOW,10
7302,972586,HIGH,1000
1821,154000,LOW,10
2747,101996,LOW,10
5932,217860,HIGH,1000
9553,299287,HIGH,1000
4807,497664,LOW,10
7028,960886,HIGH,1000
2369,284158,LOW,10
9402,713594,HIGH,1000
1796,453627,LOW,10
6338,109288,HIGH,1000
6420,275799,HIGH,1000
7773,375189,HIGH,1000
818,289692,LOW,10
4523,548442,LOW,10
2431,318758,LOW,10
1018,41597,LOW,10
1294,61733,LOW,10
3180,365564,LOW,10
4425,269057,LOW,10
937,810641,LOW,10
2221,171801,LOW,10
6868,986433,HIGH,1000
3703,805210,LOW,10
4178,649449,LOW,10
277,607578,LOW,10
2309,422230,LOW,10
760,517647,LOW,10
2882,893540,LOW,10
2830,418405,LOW,10
2740,39039,LOW,10
7150,845678,HIGH,1000
6490,602742,HIGH,1000
7025,311337,HIGH,1000
1565,223635,LOW,10
5111,163874,HIGH,1000
3296,417398,LOW,10
8903,665617,HIGH,1000
6381,362213,HIGH,1000
9804,134519,HIGH,1000
7029,907334,HIGH,1000
6922,787072,HIGH,1000
6859,715136,HIGH,1000
3383,705106,LOW,10
893,751036,LOW,10
7770,583387,HIGH,1000
242,923257,LOW,10
6178,260608,HIGH,1000
6478,605048,HIGH,1000
5768,731520,HIGH,1000
2669,461586,LOW,10
4846,76105,LOW,10
1739,667659,LOW,10
4629,195108,LOW,10
3447,766664,LOW,10
5923,276747,HIGH,1000
9838,20602,HIGH,1000
5487,995571,HIGH,1000
7514,61244,HIGH,1000
6113,158587,HIGH,1000
3923,199911,LOW,10
12,566715,LOW,10
5146,956870,HIGH,1000
7261,159364,HIGH,1000
584,539566,LOW,10
718,145229,LOW,10
1312,554433,LOW,10
8170,947286,HIGH,1000
1989,138380,LOW,10
4128,676207,LOW,10
931,892230,LOW,10
6580,603278,HIGH,1000
1083,588643,LOW,10
1323,70515,LOW,10
8906,187933,HIGH,1000
9963,737054,HIGH,1000
684,747418,LOW,10
3100,808968,LOW,10
1694,786805,LOW,10
2893,31478,LOW,10
1669,786626,LOW,10
2755,721253,LOW,10
2343,788119,LOW,10
8317,462370,HIGH,1000
9306,498249,HIGH,1000
7008,697598,HIGH,1000
860,227645,LOW,10
6828,658244,HIGH,1000
7082,504597,HIGH,1000
3106,56239,LOW,10
2633,940291,LOW,10
5135,555000,HIGH,1000
8648,756816,HIGH,1000
1564,471873,LOW,10
4541,289391,LOW,10
1752,717672,LOW,10
8183,264678,HIGH,1000
3326,117036,LOW,10
9753,44515,HIGH,1000
8632,656006,HIGH,1000
7559,190567,HIGH,1000
9919,304684,HIGH,1000
6601,244937,HIGH,1000
233,516708,LOW,10
1019,385299,LOW,10
1076,384752,LOW,10
4603,725188,LOW,10
9928,529261,HIGH,1000
9377,959963,HIGH,1000
158,328886,LOW,10
7215,185587,HIGH,1000
3748,394919,LOW,10
1000,675273,LOW,10
8667,452936,HIGH,1000
3520,301951,LOW,10
1881,809404,LOW,10
3543,237841,LOW,10
7142,140317,HIGH,1000
3140,841541,LOW,10
4412,479604,LOW,10
4909,476555,LOW,10
7496,917613,HIGH,1000
3337,112490,LOW,10
7888,354444,HIGH,1000
6156,568239,HIGH,1000
8223,672020,HIGH,1000
9007,984893,HIGH,1000
4855,132491,LOW,10
8338,689438,HIGH,1000
3522,283476,LOW,10
4328,759478,LOW,10
9988,750753,HIGH,1000
8226,600321,HIGH,1000
1308,406235,LOW,10
4658,742919,LOW,10
2550,447054,LOW,10
7786,110220,HIGH,1000
5454,220736,HIGH,1000
680,668100,LOW,10
9045,863637,HIGH,1000
9596,752896,HIGH,1000
1326,385712,LOW,10
916,991861,LOW,10
7382,872694,HIGH,1000
2739,855552,LOW,10
4930,239129,LOW,10
8922,279734,HIGH,1000
5041,641426,HIGH,1000
1384,495310,LOW,10
8947,335121,HIGH,1000
382,423114,LOW,10
3526,918504,LOW,10
6882,319198,HIGH,1000
7719,729649,HIGH,1000
4429,807350,LOW,10
9725,681774,HIGH,1000
2153,920786,LOW,10
5831,792209,HIGH,1000
8652,368310,HIGH,1000
2965,210580,LOW,10
4937,878811,LOW,10
2424,333487,LOW,10
794,99471,LOW,10
6874,323608,HIGH,1000
7112,103836,HIGH,1000
4775,730132,LOW,10
8253,440957,HIGH,1000
5095,681340,HIGH,1000
7073,332101,HIGH,1000
1901,357199,LOW,10
4570,97895,LOW,10
208,258288,LOW,10
9594,995696,HIGH,1000
4945,480865,LOW,10
3473,635978,LOW,10
6690,819601,HIGH,1000
4929,458566,LOW,10
6789,534324,HIGH,1000
946,723346,LOW,10
5753,676326,HIGH,1000
9973,683692,HIGH,1000
6027,234538,HIGH,1000
9470,746095,HIGH,1000
8780,712937,HIGH,1000
5980,207221,HIGH,1000
173,967926,LOW,10
9285,292120,HIGH,1000
3903,670192,LOW,10
9415,609971,HIGH,1000
7619,954079,HIGH,1000
831,157311,LOW,10
6480,234485,HIGH,1000
2939,542729,LOW,10
5424,102008,HIGH,1000
8897,943974,HIGH,1000
5072,804522,HIGH,1000
7684,77996,HIGH,1000
171,935121,LOW,10
125,75408,LOW,10
6286,280548,HIGH,1000
9038,967328,HIGH,1000
6489,382865,HIGH,1000
9809,817410,HIGH,1000
9652,250981,HIGH,1000
5796,737557,HIGH,1000
3086,251797,LOW,10
4291,315907,LOW,10
9411,558906,HIGH,1000
2358,535920,LOW,10
5727,936362,HIGH,1000
9784,201416,HIGH,1000
7106,645321,HIGH,1000
458,161316,LOW,10
6642,433061,HIGH,1000
6880,334631,HIGH,1000
2863,292369,LOW,10
9259,57422,HIGH,1000
2109,933261,LOW,10
3027,507540,LOW,10
5589,498700,HIGH,1000
327,614953,LOW,10
4946,206069,LOW,10
220,769656,LOW,10
9752,215047,HIGH,1000
8663,938107,HIGH,1000
5682,903600,HIGH,1000
9495,724728,HIGH,1000
7604,205929,HIGH,1000
8312,84288,HIGH,1000
2783,171715,LOW,10
1205,997129,LOW,10
2625,282841,LOW,10
184,784832,LOW,10
9162,523084,HIGH,1000
5042,680591,HIGH,1000
4086,268787,LOW,10
1262,666250,LOW,10
1788,337079,LOW,10
4660,328456,LOW,10
9921,66288,HIGH,1000
960,143117,LOW,10
5640,664641,HIGH,1000
9811,130707,HIGH,1000
9352,642377,HIGH,1000
9073,4974,HIGH,1000
1158,779293,LOW,10
4419,476123,LOW,10
9989,943725,HIGH,1000
6517,322610,HIGH,1000
9925,739493,HIGH,1000
7841,125397,HIGH,1000
6701,117286,HIGH,1000
6966,547429,HIGH,1000
737,46293,LOW,10
2910,879286,LOW,10
2852,657392,LOW,10
1928,265382,LOW,10
5756,511170,HIGH,1000
8654,275920,HIGH,1000
6786,762410,HIGH,1000
1129,774194,LOW,10
8624,560602,HIGH,1000
7292,180447,HIGH,1000
6563,325205,HIGH,1000
8682,683994,HIGH,1000
3666,439555,LOW,10
3859,960543,LOW,10
2053,137225,LOW,10
2085,207282,LOW,10
8520,780152,HIGH,1000
9051,16678,HIGH,1000
5659,862640,HIGH,1000
8454,973498,HIGH,1000
6883,642081,HIGH,1000
3327,845873,LOW,10
816,616643,LOW,10
6513,573626,HIGH,1000
460,340329,LOW,10
4669,693112,LOW,10
2376,876752,LOW,10
4764,550201,LOW,10
2927,852740,LOW,10
5588,16325,HIGH,1000
5818,107951,HIGH,1000
1244,750164,LOW,10
4119,245914,LOW,10
6470,489054,HIGH,1000
8587,481384,HIGH,1000
5289,94365,HIGH,1000
1518,561806,LOW,10
308,235879,LOW,10
1375,919925,LOW,10
5425,899762,HIGH,1000
51,943029,LOW,10
7585,794597,HIGH,1000
4376,656085,LOW,10
5330,632349,HIGH,1000
8165,634611,HIGH,1000
7949,575888,HIGH,1000
7966,110527,HIGH,1000
127,518941,LOW,10
7359,679976,HIGH,1000
4758,918735,LOW,10
6140,557213,HIGH,1000
325,483673,LOW,10
8020,995386,HIGH,1000
3667,551129,LOW,10
4106,55162,LOW,10
9443,143998,HIGH,1000
2607,473905,LOW,10
7146,675320,HIGH,1000
6399,674763,HIGH,1000
8392,977338,HIGH,1000
2469,884645,LOW,10
310,556502,LOW,10
7978,349515,HIGH,1000
3582,520415,LOW,10
7149,595412,HIGH,1000
3688,290308,LOW,10
8350,268181,HIGH,1000
8710,729649,HIGH,1000
9167,226728,HIGH,1000
175,935643,LOW,10
2337,621969,LOW,10
8242,545955,HIGH,1000
7337,883483,HIGH,1000
4708,812631,LOW,10
9947,47098,HIGH,1000
7039,122115,HIGH,1000
9267,843336,HIGH,1000
8833,775418,HIGH,1000
3845,53627,LOW,10
6962,642088,HIGH,1000
2716,341699,LOW,10
2009,704744,LOW,10
7528,312198,HIGH,1000
4557,738784,LOW,10
8646,601609,HIGH,1000
181,272012,LOW,10
7596,545035,HIGH,1000
1974,635298,LOW,10
161,442155,LOW,10
3856,655382,LOW,10
5504,600398,HIGH,1000
9486,278369,HIGH,1000
2502,180310,LOW,10
2080,92914,LOW,10
9025,193426,HIGH,1000
9050,746461,HIGH,1000
9869,489258,HIGH,1000
6525,545590,HIGH,1000
814,102853,LOW,10
9151,875021,HIGH,1000
6304,851538,HIGH,1000
807,14197,LOW,10
3988,100030,LOW,10
6045,916663,HIGH,1000
7090,964049,HIGH,1000
3325,191661,LOW,10
8337,567043,HIGH,1000
8832,378040,HIGH,1000
4444,484044,LOW,10
2918,823112,LOW,10
876,59214,LOW,10
4184,653722,LOW,10
4020,802812,LOW,10
7299,761644,HIGH,1000
495,658126,LOW,10
7105,184934,HIGH,1000
4815,310046,LOW,10
9888,29267,HIGH,1000
1894,640623,LOW,10
9849,182988,HIGH,1000
1234,319704,LOW,10
3112,105475,LOW,10
4735,134276,LOW,10
142,189761,LOW,10
4288,226299,LOW,10
6009,977250,HIGH,1000
9324,884860,HIGH,1000
6870,777687,HIGH,1000
211,900138,LOW,10
2744,833885,LOW,10
8248,880349,HIGH,1000
8630,779361,HIGH,1000
1434,494177,LOW,10
7716,994310,HIGH,1000
3352,779713,LOW,10
8175,161877,HIGH,1000
1922,13040,LOW,10
6813,206782,HIGH,1000
4224,368101,LOW,10
8066,618520,HIGH,1000
8053,340168,HIGH,1000
1185,870765,LOW,10
4907,324840,LOW,10
8284,721548,HIGH,1000
5361,247949,HIGH,1000
2473,107147,LOW,10
8692,718271,HIGH,1000
6543,64994,HIGH,1000
6010,746433,HIGH,1000
6448,652012,HIGH,1000
5587,101989,HIGH,1000
3736,4624,LOW,10
6508,806098,HIGH,1000
623,891836,LOW,10
941,285795,LOW,10
8826,519550,HIGH,1000
311,520621,LOW,10
8852,764370,HIGH,1000
1648,978460,LOW,10
6026,233564,HIGH,1000
9144,45491,HIGH,1000
8262,37119,HIGH,1000
2064,603284,LOW,10
6538,667519,HIGH,1000
8791,345105,HIGH,1000
497,863189,LOW,10
8603,456569,HIGH,1000
3837,751538,LOW,10
3063,233857,LOW,10
1556,734682,LOW,10
8048,397867,HIGH,1000
2207,805720,LOW,10
7415,649509,HIGH,1000
1979,795497,LOW,10
9707,194063,HIGH,1000
7704,643275,HIGH,1000
8026,550768,HIGH,1000
6995,3570,HIGH,1000
8854,675583,HIGH,1000
1770,618269,LOW,10
633,32390,LOW,10
412,629024,LOW,10
100,458577,LOW,10
2864,717852,LOW,10
2936,781802,LOW,10
4663,888865,LOW,10
3404,925652,LOW,10
9998,211673,HIGH,1000
9822,973122,HIGH,1000
7753,794514,HIGH,1000
8244,350887,HIGH,1000
8523,534779,HIGH,1000
5204,587568,HIGH,1000
8238,165100,HIGH,1000
5976,890336,HIGH,1000
5830,54755,HIGH,1000
6290,239031,HIGH,1000
538,420284,LOW,10
133,351523,LOW,10
178,496379,LOW,10
570,17319,LOW,10
6379,4621,HIGH,1000
7848,495254,HIGH,1000
4522,592772,LOW,10
9243,421391,HIGH,1000
4972,441867,LOW,10
4921,278764,LOW,10
6460,543507,HIGH,1000
7141,476802,HIGH,1000
6108,633790,HIGH,1000
5218,384184,HIGH,1000
2267,863663,LOW,10
5657,669337,HIGH,1000
4236,420370,LOW,10
7260,636893,HIGH,1000
9686,296972,HIGH,1000
1087,422750,LOW,10
5835,992746,HIGH,1000
7657,265834,HIGH,1000
9075,926240,HIGH,1000
2350,515058,LOW,10
2400,311613,LOW,10
3370,907058,LOW,10
6624,20484,HIGH,1000
5066,180573,HIGH,1000
9114,245329,HIGH,1000
2089,540063,LOW,10
2587,864670,LOW,10
4298,209527,LOW,10
3328,348174,LOW,10
602,657885,LOW,10
1037,660504,LOW,10
4039,567814,LOW,10
2576,137686,LOW,10
1256,797264,LOW,10
5157,890876,HIGH,1000
7417,85096,HIGH,1000
3076,221303,LOW,10
5778,861667,HIGH,1000
6591,321745,HIGH,1000
9523,928248,HIGH,1000
1953,759173,LOW,10
2131,860469,LOW,10
6233,348940,HIGH,1000
4028,991306,LOW,10
6615,394992,HIGH,1000
2229,97404,LOW,10
486,816221,LOW,10
4333,127982,LOW,10
8276,642571,HIGH,1000
7101,237436,HIGH,1000
5022,145803,HIGH,1000
8991,984359,HIGH,1000
9854,207888,HIGH,1000
7982,799197,HIGH,1000
8036,740598,HIGH,1000
9372,587522,HIGH,1000
4069,936511,LOW,10
5766,962316,HIGH,1000
7320,993732,HIGH,1000
6263,408541,HIGH,1000
5083,679094,HIGH,1000
3576,423983,LOW,10
3540,797988,LOW,10
3411,109356,LOW,10
2311,50599,LOW,10
8598,888272,HIGH,1000
6607,621945,HIGH,1000
5304,856793,HIGH,1000
9193,124771,HIGH,1000
7681,504,HIGH,1000
4314,525635,LOW,10
9703,726353,HIGH,1000
8187,894455,HIGH,1000
8352,316452,HIGH,1000
6253,881157,HIGH,1000
6769,750595,HIGH,1000
7807,525884,HIGH,1000
3052,437404,LOW,10
990,441833,LOW,10
9929,179040,HIGH,1000
9359,17306,HIGH,1000
6358,157402,HIGH,1000
6145,775688,HIGH,1000
9489,262902,HIGH,1000
4553,71331,LOW,10
2884,912544,LOW,10
3889,804679,LOW,10
6153,984314,HIGH,1000
4272,727825,LOW,10
2846,34197,LOW,10
1125,689349,LOW,10
2652,153654,LOW,10
298,400989,LOW,10
7335,607636,HIGH,1000
1540,5107,LOW,10
3519,492592,LOW,10
20,109996,LOW,10
977,174951,LOW,10
3303,309418,LOW,10
4879,400491,LOW,10
1292,950697,LOW,10
2832,502770,LOW,10
5885,22713,HIGH,1000
9214,146358,HIGH,1000
487,379067,LOW,10
1122,814851,LOW,10
4085,928425,LOW,10
5415,411382,HIGH,1000
1254,967385,LOW,10
4371,464766,LOW,10
4581,452547,LOW,10
3111,504004,LOW,10
343,910407,LOW,10
1769,939964,LOW,10
2001,665208,LOW,10
4902,62119,LOW,10
9609,588198,HIGH,1000
4949,686367,LOW,10
1912,198314,LOW,10
4321,793524,LOW,10
7940,689697,HIGH,1000
6707,537756,HIGH,1000
8205,41302,HIGH,1000
4261,493570,LOW,10
9964,975197,HIGH,1000
2667,143449,LOW,10
4583,8913,LOW,10
4148,526527,LOW,10
5567,917431,HIGH,1000
5874,901248,HIGH,1000
8782,339390,HIGH,1000
8162,416350,HIGH,1000
5406,276889,HIGH,1000
5945,641993,HIGH,1000
7354,320739,HIGH,1000
4400,464167,LOW,10
9043,585304,HIGH,1000
8700,229562,HIGH,1000
4969,606294,LOW,10
8934,919822,HIGH,1000
4898,695953,LOW,10
9231,159266,HIGH,1000
9846,666077,HIGH,1000
6857,783711,HIGH,1000
9055,808777,HIGH,1000
8495,721279,HIGH,1000
4766,905019,LOW,10
2715,480487,LOW,10
71,285294,LOW,10
1008,913086,LOW,10
5212,820205,HIGH,1000
9145,22639,HIGH,1000
7694,694006,HIGH,1000
5901,145412,HIGH,1000
2996,82679,LOW,10
8286,97307,HIGH,1000
7097,789832,HIGH,1000
218,115896,LOW,10
1543,403982,LOW,10
7060,621734,HIGH,1000
3436,514364,LOW,10
8040,125104,HIGH,1000
3500,480866,LOW,10
6421,954884,HIGH,1000
4606,413902,LOW,10
2514,259964,LOW,10
3753,837102,LOW,10
5955,298881,HIGH,1000
7007,263751,HIGH,1000
8977,786147,HIGH,1000
4747,796457,LOW,10
4938,906900,LOW,10
7833,482197,HIGH,1000
4309,181603,LOW,10
2749,677990,LOW,10
7227,96011,HIGH,1000
2963,211001,LOW,10
2827,18088,LOW,10
7356,246087,HIGH,1000
3821,229990,LOW,10
4140,50995,LOW,10
1666,643531,LOW,10
8870,578229,HIGH,1000
8831,849149,HIGH,1000
99,796878,LOW,10
6735,471032,HIGH,1000
9961,205906,HIGH,1000
9069,620724,HIGH,1000
5152,337928,HIGH,1000
5235,786635,HIGH,1000
6330,471575,HIGH,1000
2904,483650,LOW,10
8706,767193,HIGH,1000
8052,601260,HIGH,1000
1742,666609,LOW,10
7566,789409,HIGH,1000
493,160939,LOW,10
4030,311748,LOW,10
9995,45564,HIGH,1000
8429,461641,HIGH,1000
6740,98179,HIGH,1000
979,994365,LOW,10
1284,643070,LOW,10
4657,546438,LOW,10
2270,890249,LOW,10
1896,772418,LOW,10
2407,907834,LOW,10
616,668762,LOW,10
3787,633030,LOW,10
7937,537526,HIGH,1000
5456,132402,HIGH,1000
9250,721404,HIGH,1000
6092,76260,HIGH,1000
9987,726522,HIGH,1000
6327,761824,HIGH,1000
3834,757132,LOW,10
2371,18080,LOW,10
4087,233542,LOW,10
1503,375197,LOW,10
2874,810470,LOW,10
8436,224960,HIGH,1000
1189,717252,LOW,10
6181,379448,HIGH,1000
2161,179209,LOW,10
580,687018,LOW,10
3406,981295,LOW,10
7502,305023,HIGH,1000
1880,374710,LOW,10
8708,672596,HIGH,1000
713,248462,LOW,10
7134,243010,HIGH,1000
279,917283,LOW,10
4110,881028,LOW,10
4473,328888,LOW,10
6403,786541,HIGH,1000
676,669894,LOW,10
9251,5315,HIGH,1000
6003,483380,HIGH,1000
70,492434,LOW,10
7615,594894,HIGH,1000
6116,386541,HIGH,1000
5710,672966,HIGH,1000
94,306447,LOW,10
1612,163164,LOW,10
4551,388278,LOW,10
9239,832635,HIGH,1000
5618,511411,HIGH,1000
1120,583455,LOW,10
1196,867246,LOW,10
700,370271,LOW,10
4052,280903,LOW,10
3553,311289,LOW,10
2552,527729,LOW,10
8775,899007,HIGH,1000
5607,625002,HIGH,1000
2541,90275,LOW,10
5165,227260,HIGH,1000
3835,822321,LOW,10
1780,628268,LOW,10
4168,477442,LOW,10
406,972790,LOW,10
9110,423349,HIGH,1000
4145,327469,LOW,10
108,549535,LOW,10
8788,622860,HIGH,1000
7587,761568,HIGH,1000
4341,431831,LOW,10
2383,144399,LOW,10
8518,78366,HIGH,1000
6945,551024,HIGH,1000
1179,106604,LOW,10
5063,921888,HIGH,1000
6682,612139,HIGH,1000
7542,108083,HIGH,1000
1628,958139,LOW,10
4710,695679,LOW,10
6830,3732,HIGH,1000
6772,808463,HIGH,1000
9857,229088,HIGH,1000
6963,406079,HIGH,1000
5838,646808,HIGH,1000
6700,32025,HIGH,1000
3569,144030,LOW,10
4454,953195,LOW,10
8725,52859,HIGH,1000
7828,769574,HIGH,1000
221,93240,LOW,10
1488,553638,LOW,10
8154,78174,HIGH,1000
7656,791706,HIGH,1000
6293,320361,HIGH,1000
2835,499781,LOW,10
4650,520828,LOW,10
8397,656571,HIGH,1000
9174,101919,HIGH,1000
6367,274404,HIGH,1000
9890,912413,HIGH,1000
9085,352050,HIGH,1000
8813,988457,HIGH,1000
3490,513712,LOW,10
3693,573026,LOW,10
2941,527137,LOW,10
7122,725202,HIGH,1000
5414,814715,HIGH,1000
971,735399,LOW,10
7580,454447,HIGH,1000
7037,647686,HIGH,1000
120,564440,LOW,10
2639,566124,LOW,10
7023,86004,HIGH,1000
5667,95256,HIGH,1000
2355,487920,LOW,10
1835,871656,LOW,10
9313,192676,HIGH,1000
9426,674119,HIGH,1000
9779,24920,HIGH,1000
5439,74819,HIGH,1000
1938,723632,LOW,10
6885,88227,HIGH,1000
5341,360255,HIGH,1000
3306,354375,LOW,10
6746,935074,HIGH,1000
577,440278,LOW,10
3122,290675,LOW,10
974,295953,LOW,10
2110,314637,LOW,10
384,749842,LOW,10
2935,127817,LOW,10
381,618015,LOW,10
3784,333957,LOW,10
7839,40496,HIGH,1000
3927,396165,LOW,10
5554,93966,HIGH,1000
1306,266294,LOW,10
4980,919398,LOW,10
1360,132809,LOW,10
6405,595856,HIGH,1000
5910,132605,HIGH,1000
717,165260,LOW,10
6608,219244,HIGH,1000
1270,330623,LOW,10
7529,180718,HIGH,1000
8988,633151,HIGH,1000
1537,346871,LOW,10
5308,553596,HIGH,1000
3093,586161,LOW,10
8171,290599,HIGH,1000
8347,713723,HIGH,1000
8484,56629,HIGH,1000
2042,736099,LOW,10
5663,328904,HIGH,1000
9666,20725,HIGH,1000
5162,962440,HIGH,1000
26,847008,LOW,10
9390,654404,HIGH,1000
1447,38803,LOW,10
9436,388364,HIGH,1000
8328,759034,HIGH,1000
3701,13771,LOW,10
1947,652558,LOW,10
2801,582739,LOW,10
6216,263360,HIGH,1000
4608,955789,LOW,10
762,471279,LOW,10
5895,654109,HIGH,1000
3206,230458,LOW,10
4384,772611,LOW,10
7512,255771,HIGH,1000
3833,151125,LOW,10
7092,558205,HIGH,1000
8299,787893,HIGH,1000
758,849723,LOW,10
4919,72140,LOW,10
4026,302169,LOW,10
8486,910928,HIGH,1000
2178,798576,LOW,10
7225,619597,HIGH,1000
7889,603199,HIGH,1000
9833,946128,HIGH,1000
8141,807917,HIGH,1000
9137,684323,HIGH,1000
4133,414198,LOW,10
8140,353717,HIGH,1000
9693,546899,HIGH,1000
574,258455,LOW,10
6017,218501,HIGH,1000
7676,98343,HIGH,1000
3884,609642,LOW,10
6443,40062,HIGH,1000
9059,79228,HIGH,1000
2466,557728,LOW,10
6147,563127,HIGH,1000
2833,898415,LOW,10
8316,762926,HIGH,1000
8234,802306,HIGH,1000
1885,941171,LOW,10
3459,163546,LOW,10
2899,594309,LOW,10
1194,297010,LOW,10
4051,242998,LOW,10
1940,576325,LOW,10
5514,769388,HIGH,1000
2134,445022,LOW,10
6053,622518,HIGH,1000
2210,326140,LOW,10
4378,171995,LOW,10
8469,854759,HIGH,1000
2088,544515,LOW,10
8530,938326,HIGH,1000
7270,236595,HIGH,1000
5477,233845,HIGH,1000
4950,135811,LOW,10
3775,688892,LOW,10
4714,992874,LOW,10
6133,682895,HIGH,1000
5265,659752,HIGH,1000
8602,505957,HIGH,1000
1899,296512,LOW,10
1534,200317,LOW,10
5660,88096,HIGH,1000
8888,559813,HIGH,1000
4590,108367,LOW,10
1884,607575,LOW,10
63,635944,LOW,10
6810,321228,HIGH,1000
9054,832017,HIGH,1000
9694,652492,HIGH,1000
1362,415205,LOW,10
5997,861641,HIGH,1000
1748,428239,LOW,10
2028,380033,LOW,10
8524,874306,HIGH,1000
9677,679107,HIGH,1000
5634,596814,HIGH,1000
4435,960519,LOW,10
6567,105071,HIGH,1000
773,164570,LOW,10
757,390659,LOW,10
2151,952306,LOW,10
6315,493767,HIGH,1000
7942,592214,HIGH,1000
7523,57491,HIGH,1000
1401,205625,LOW,10
8342,318696,HIGH,1000
74,234256,LOW,10
7531,462936,HIGH,1000
4745,881276,LOW,10
4259,687835,LOW,10
5681,87425,HIGH,1000
3789,213869,LOW,10
3061,123529,LOW,10
6780,885399,HIGH,1000
5329,408116,HIGH,1000
9451,823237,HIGH,1000
707,990790,LOW,10
6345,347017,HIGH,1000
2525,702679,LOW,10
5951,195876,HIGH,1000
9847,619628,HIGH,1000
4817,953624,LOW,10
3874,428864,LOW,10
4185,764145,LOW,10
2768,911796,LOW,10
8705,571862,HIGH,1000
4442,741680,LOW,10
503,4372,LOW,10
7938,992897,HIGH,1000
4516,895994,LOW,10
9462,518170,HIGH,1000
3322,692886,LOW,10
4507,550524,LOW,10
8609,95391,HIGH,1000
7275,328537,HIGH,1000
2463,135810,LOW,10
8293,104335,HIGH,1000
1509,825368,LOW,10
1962,650730,LOW,10
3915,191434,LOW,10
2040,532913,LOW,10
786,412161,LOW,10
3984,804378,LOW,10
5604,696439,HIGH,1000
5940,938893,HIGH,1000
9264,420879,HIGH,1000
4217,298694,LOW,10
6812,813513,HIGH,1000
1808,573080,LOW,10
2784,677569,LOW,10
2656,791331,LOW,10
1530,70295,LOW,10
1299,299937,LOW,10
1462,543330,LOW,10
5865,280208,HIGH,1000
3901,784231,LOW,10
9419,454265,HIGH,1000
2213,900561,LOW,10
5441,107634,HIGH,1000
2172,26508,LOW,10
8910,911543,HIGH,1000
2471,736275,LOW,10
6466,299628,HIGH,1000
5040,641560,HIGH,1000
7138,443587,HIGH,1000
4593,198858,LOW,10
8585,900072,HIGH,1000
9599,773731,HIGH,1000
4301,740323,LOW,10
6585,903125,HIGH,1000
5433,474061,HIGH,1000
1639,434818,LOW,10
5028,67820,HIGH,1000
8776,8941,HIGH,1000
6805,567104,HIGH,1000
3723,97989,LOW,10
9013,459738,HIGH,1000
530,965967,LOW,10
5529,778371,HIGH,1000
2750,782417,LOW,10
994,534905,LOW,10
2555,373441,LOW,10
8808,458738,HIGH,1000
7661,589341,HIGH,1000
8457,751007,HIGH,1000
5994,990278,HIGH,1000
9178,253515,HIGH,1000
2222,98548,LOW,10
219,312112,LOW,10
5952,790869,HIGH,1000
5547,99721,HIGH,1000
5665,774548,HIGH,1000
3036,543905,LOW,10
1242,790791,LOW,10
5570,933137,HIGH,1000
6142,272508,HIGH,1000
5917,364465,HIGH,1000
5953,707197,HIGH,1000
4432,106259,LOW,10
1268,906101,LOW,10
7070,979789,HIGH,1000
8001,445627,HIGH,1000
2129,110429,LOW,10
9453,858551,HIGH,1000
6720,884052,HIGH,1000
7411,552340,HIGH,1000
4995,495277,LOW,10
6471,538551,HIGH,1000
8807,573972,HIGH,1000
4636,374793,LOW,10
1943,502256,LOW,10
3796,546428,LOW,10
453,570704,LOW,10
1817,635241,LOW,10
4632,329805,LOW,10
2883,120219,LOW,10
4228,708205,LOW,10
4885,865534,LOW,10
993,533338,LOW,10
344,435255,LOW,10
8699,299952,HIGH,1000
4368,530731,LOW,10
5693,575703,HIGH,1000
7318,596512,HIGH,1000
9068,556377,HIGH,1000
3434,874809,LOW,10
4876,616261,LOW,10
6620,264532,HIGH,1000
615,479680,LOW,10
1524,435545,LOW,10
3638,761474,LOW,10
4982,364329,LOW,10
3668,765186,LOW,10
3929,838897,LOW,10
5898,464653,HIGH,1000
2737,516481,LOW,10
6819,579998,HIGH,1000
1611,483607,LOW,10
6755,534372,HIGH,1000
9984,804588,HIGH,1000
2886,287295,LOW,10
5348,247053,HIGH,1000
3868,133916,LOW,10
7238,813377,HIGH,1000
1671,747231,LOW,10
3157,510156,LOW,10
9537,171581,HIGH,1000
7575,467695,HIGH,1000
6047,937992,HIGH,1000
4973,133621,LOW,10
4055,813468,LOW,10
8271,30170,HIGH,1000
4681,839045,LOW,10
5384,438529,HIGH,1000
1180,711242,LOW,10
87,628356,LOW,10
8,544511,LOW,10
2325,406228,LOW,10
6300,311187,HIGH,1000
5496,742559,HIGH,1000
4080,108589,LOW,10
3922,510071,LOW,10
8366,361693,HIGH,1000
238,553243,LOW,10
6464,468499,HIGH,1000
9107,307857,HIGH,1000
5615,218865,HIGH,1000
2808,233716,LOW,10
1064,799441,LOW,10
2435,569389,LOW,10
5129,370329,HIGH,1000
3264,236340,LOW,10
3677,663233,LOW,10
7388,440376,HIGH,1000
2308,637694,LOW,10
7692,207098,HIGH,1000
5541,420460,HIGH,1000
3672,46288,LOW,10
6940,164065,HIGH,1000
198,488936,LOW,10
3585,346183,LOW,10
5356,454345,HIGH,1000
4456,344905,LOW,10
8527,438868,HIGH,1000
6173,739708,HIGH,1000
1162,996881,LOW,10
7385,401091,HIGH,1000
4858,496728,LOW,10
8104,76519,HIGH,1000
3936,220117,LOW,10
3812,60368,LOW,10
8800,332599,HIGH,1000
5090,244605,HIGH,1000
6214,692927,HIGH,1000
3109,268180,LOW,10
4843,510216,LOW,10
8579,727798,HIGH,1000
6248,463663,HIGH,1000
9166,26507,HIGH,1000
6325,670819,HIGH,1000
3656,801655,LOW,10
2335,682466,LOW,10
8369,18984,HIGH,1000
5920,141108,HIGH,1000
9574,41930,HIGH,1000
3733,307911,LOW,10
3161,35245,LOW,10
5100,616244,HIGH,1000
3114,112581,LOW,10
2596,93719,LOW,10
1951,75203,LOW,10
3236,29461,LOW,10
3433,271744,LOW,10
9173,26657,HIGH,1000
8380,982859,HIGH,1000
8896,81509,HIGH,1000
7166,107839,HIGH,1000
7163,457157,HIGH,1000
9204,202400,HIGH,1000
3415,719753,LOW,10
8859,555154,HIGH,1000
681,977956,LOW,10
6255,70231,HIGH,1000
4186,851555,LOW,10
9976,322117,HIGH,1000
9034,780161,HIGH,1000
9503,156600,HIGH,1000
2909,355828,LOW,10
1025,920496,LOW,10
628,432229,LOW,10
8599,600661,HIGH,1000
2647,316013,LOW,10
2437,302108,LOW,10
1723,972298,LOW,10
2245,895103,LOW,10
9716,991014,HIGH,1000
6637,679223,HIGH,1000
291,765551,LOW,10
1477,827858,LOW,10
3659,166822,LOW,10
6361,301754,HIGH,1000
8894,640781,HIGH,1000
6356,542476,HIGH,1000
1643,414683,LOW,10
2142,760371,LOW,10
9028,606203,HIGH,1000
8367,220628,HIGH,1000
6024,941056,HIGH,1000
2814,915742,LOW,10
8128,344272,HIGH,1000
2659,401038,LOW,10
3385,422526,LOW,10
7723,582997,HIGH,1000
6750,674424,HIGH,1000
1519,241842,LOW,10
5276,146183,HIGH,1000
5776,594248,HIGH,1000
7561,388786,HIGH,1000
1209,633667,LOW,10
9980,432059,HIGH,1000
3478,151484,LOW,10
683,686189,LOW,10
3885,165345,LOW,10
1886,317517,LOW,10
8246,371058,HIGH,1000
555,131200,LOW,10
5434,747422,HIGH,1000
9163,548745,HIGH,1000
4672,837924,LOW,10
7103,415318,HIGH,1000
5001,833886,HIGH,1000
7490,954820,HIGH,1000
8567,332842,HIGH,1000
1578,751916,LOW,10
7821,33200,HIGH,1000
2345,99109,LOW,10
7479,43720,HIGH,1000
8095,334316,HIGH,1000
5208,859757,HIGH,1000
5394,453607,HIGH,1000
48,948649,LOW,10
9206,94995,HIGH,1000
1380,158719,LOW,10
954,455548,LOW,10
851,640116,LOW,10
1172,698516,LOW,10
5069,779249,HIGH,1000
3425,209869,LOW,10
6450,924106,HIGH,1000
7715,653738,HIGH,1000
7380,232656,HIGH,1000
3870,833862,LOW,10
2995,205034,LOW,10
7162,492912,HIGH,1000
3739,273511,LOW,10
7220,98844,HIGH,1000
5507,125477,HIGH,1000
6104,577710,HIGH,1000
8767,437872,HIGH,1000
9645,624936,HIGH,1000
5327,8376,HIGH,1000
1366,821338,LOW,10
6795,970574,HIGH,1000
4420,625314,LOW,10
9005,624432,HIGH,1000
7826,952426,HIGH,1000
4180,725220,LOW,10
1647,363331,LOW,10
9568,326212,HIGH,1000
982,580735,LOW,10
187,995879,LOW,10
1282,749894,LOW,10
8240,863055,HIGH,1000
1959,383137,LOW,10
6652,222693,HIGH,1000
1225,697532,LOW,10
8862,86280,HIGH,1000
9766,134915,HIGH,1000
5442,356905,HIGH,1000
9157,913901,HIGH,1000
207,771731,LOW,10
8803,503566,HIGH,1000
1657,400965,LOW,10
5586,149773,HIGH,1000
2869,39154,LOW,10
3645,636555,LOW,10
1919,584652,LOW,10
8895,27043,HIGH,1000
7565,211597,HIGH,1000
9346,582870,HIGH,1000
7785,399319,HIGH,1000
3168,73534,LOW,10
2410,102388,LOW,10
4183,254702,LOW,10
7614,415111,HIGH,1000
1672,25464,LOW,10
1532,956522,LOW,10
9759,934009,HIGH,1000
7363,605885,HIGH,1000
7003,8928,HIGH,1000
1759,516198,LOW,10
3862,50764,LOW,10
3268,129413,LOW,10
2265,120222,LOW,10
180,170569,LOW,10
5314,57965,HIGH,1000
3172,879824,LOW,10
6075,915413,HIGH,1000
3882,587048,LOW,10
2093,894747,LOW,10
6668,41251,HIGH,1000
9719,22540,HIGH,1000
5877,65359,HIGH,1000
3786,646038,LOW,10
9385,294978,HIGH,1000
9200,869031,HIGH,1000
8868,222250,HIGH,1000
901,608258,LOW,10
6566,866057,HIGH,1000
9196,973743,HIGH,1000
6442,150337,HIGH,1000
9641,870249,HIGH,1000
4260,269756,LOW,10
926,615997,LOW,10
4258,247103,LOW,10
1288,290582,LOW,10
5192,716824,HIGH,1000
5870,170323,HIGH,1000
3045,437081,LOW,10
8753,582271,HIGH,1000
7170,41939,HIGH,1000
3,392504,LOW,10
8090,218842,HIGH,1000
997,525527,LOW,10
2364,571522,LOW,10
9289,233441,HIGH,1000
206,135722,LOW,10
8046,4456,HIGH,1000
849,575353,LOW,10
1708,320935,LOW,10
3463,236014,LOW,10
14,711775,LOW,10
2260,106661,LOW,10
7612,158423,HIGH,1000
4118,566256,LOW,10
7507,233087,HIGH,1000
3420,447029,LOW,10
1704,991931,LOW,10
1426,695318,LOW,10
2879,434561,LOW,10
5773,183127,HIGH,1000
3743,55965,LOW,10
2114,924888,LOW,10
5350,790617,HIGH,1000
1046,536724,LOW,10
1533,63325,LOW,10
8563,825488,HIGH,1000
362,881100,LOW,10
519,568653,LOW,10
8360,867962,HIGH,1000
5841,42205,HIGH,1000
5136,172066,HIGH,1000
3005,925837,LOW,10
9962,126784,HIGH,1000
3307,462804,LOW,10
2237,66396,LOW,10
7047,978174,HIGH,1000
7866,618677,HIGH,1000
5284,3868,HIGH,1000
6023,173309,HIGH,1000
7372,143594,HIGH,1000
9879,570698,HIGH,1000
4175,680683,LOW,10
8750,110417,HIGH,1000
9195,348336,HIGH,1000
7547,486143,HIGH,1000
3493,567350,LOW,10
642,425432,LOW,10
4823,652676,LOW,10
2227,244895,LOW,10
4194,293951,LOW,10
9215,627954,HIGH,1000
5699,395837,HIGH,1000
9968,370316,HIGH,1000
1015,890944,LOW,10
2642,399579,LOW,10
8118,312993,HIGH,1000
3879,961515,LOW,10
3590,716629,LOW,10
3708,208580,LOW,10
2907,958081,LOW,10
5357,89334,HIGH,1000
4156,621065,LOW,10
375,492922,LOW,10
5583,611276,HIGH,1000
4399,596974,LOW,10
6457,368366,HIGH,1000
4667,373982,LOW,10
8683,890117,HIGH,1000
7907,161425,HIGH,1000
1758,178444,LOW,10
1033,375559,LOW,10
1575,497506,LOW,10
8074,2523,HIGH,1000
1976,130195,LOW,10
9818,740248,HIGH,1000
2950,858819,LOW,10
7293,193841,HIGH,1000
7730,584854,HIGH,1000
1870,190413,LOW,10
6910,115512,HIGH,1000
1911,425913,LOW,10
1368,756796,LOW,10
5733,96642,HIGH,1000
336,824806,LOW,10
7945,953037,HIGH,1000
8745,997461,HIGH,1000
7759,352637,HIGH,1000
7085,761845,HIGH,1000
8606,7301,HIGH,1000
2786,647797,LOW,10
3190,757639,LOW,10
3861,456918,LOW,10
1293,645799,LOW,10
8726,975165,HIGH,1000
3766,793424,LOW,10
7184,664068,HIGH,1000
8119,631771,HIGH,1000
4573,312196,LOW,10
1713,960825,LOW,10
4403,257364,LOW,10
4971,924635,LOW,10
7424,873754,HIGH,1000
9965,788143,HIGH,1000
2340,777579,LOW,10
423,719,LOW,10
2729,159365,LOW,10
4642,798157,LOW,10
3131,697623,LOW,10
2574,106161,LOW,10
6449,877669,HIGH,1000
5011,263906,HIGH,1000
2401,836621,LOW,10
2645,318349,LOW,10
3942,231244,LOW,10
6729,442391,HIGH,1000
853,676560,LOW,10
945,840283,LOW,10
3159,621867,LOW,10
8548,699902,HIGH,1000
5275,865046,HIGH,1000
8595,75036,HIGH,1000
1170,580398,LOW,10
2536,575633,LOW,10
6073,675676,HIGH,1000
928,571424,LOW,10
822,68759,LOW,10
7214,656500,HIGH,1000
9885,123429,HIGH,1000
3595,996954,LOW,10
1915,451447,LOW,10
1510,303254,LOW,10
5156,397071,HIGH,1000
2372,718153,LOW,10
2746,753360,LOW,10
1965,517775,LOW,10
7955,267950,HIGH,1000
1226,515244,LOW,10
909,85686,LOW,10
3354,399969,LOW,10
265,175162,LOW,10
3607,600076,LOW,10
1059,482291,LOW,10
8901,432429,HIGH,1000
2979,867418,LOW,10
1981,824071,LOW,10
5374,515931,HIGH,1000
4202,513253,LOW,10
4277,145067,LOW,10
4806,188595,LOW,10
1081,455517,LOW,10
7733,671318,HIGH,1000
1261,339512,LOW,10
7965,988852,HIGH,1000
4014,309680,LOW,10
1097,738493,LOW,10
8651,96488,HIGH,1000
3162,747337,LOW,10
8974,826332,HIGH,1000
3357,794388,LOW,10
2094,559980,LOW,10
1747,209744,LOW,10
2353,839979,LOW,10
5187,52325,HIGH,1000
1592,161476,LOW,10
8009,892149,HIGH,1000
7326,825497,HIGH,1000
8804,433570,HIGH,1000
5086,131448,HIGH,1000
8661,123574,HIGH,1000
4598,93720,LOW,10
135,982191,LOW,10
6437,51851,HIGH,1000
2196,672670,LOW,10
1990,952146,LOW,10
6473,667859,HIGH,1000
7669,802396,HIGH,1000
4453,954332,LOW,10
1851,462409,LOW,10
8865,442988,HIGH,1000
2274,95590,LOW,10
4191,507444,LOW,10
9327,528539,HIGH,1000
6626,5249,HIGH,1000
5662,229748,HIGH,1000
431,883098,LOW,10
5664,850916,HIGH,1000
9783,116842,HIGH,1000
4614,384738,LOW,10
7708,66166,HIGH,1000
2438,892912,LOW,10
4665,39121,LOW,10
5889,730888,HIGH,1000
6127,771035,HIGH,1000
7045,366664,HIGH,1000
4303,459142,LOW,10
7549,620077,HIGH,1000
7611,694399,HIGH,1000
7903,91926,HIGH,1000
2692,39638,LOW,10
5508,51553,HIGH,1000
1555,613448,LOW,10
2428,530683,LOW,10
398,470057,LOW,10
2798,594694,LOW,10
5819,108921,HIGH,1000
7890,936325,HIGH,1000
4741,718302,LOW,10
2404,233419,LOW,10
554,814413,LOW,10
402,178080,LOW,10
3586,779165,LOW,10
3121,93987,LOW,10
8515,439499,HIGH,1000
2010,886673,LOW,10
7806,973143,HIGH,1000
9852,788237,HIGH,1000
5219,477973,HIGH,1000
8023,308214,HIGH,1000
742,71213,LOW,10
7283,771285,HIGH,1000
3715,258805,LOW,10
9464,529180,HIGH,1000
1057,268304,LOW,10
5495,119797,HIGH,1000
6745,93087,HIGH,1000
9008,478149,HIGH,1000
1441,14533,LOW,10
6648,51867,HIGH,1000
330,105716,LOW,10
6839,303596,HIGH,1000
9827,382193,HIGH,1000
8137,69878,HIGH,1000
197,399497,LOW,10
359,920380,LOW,10
9792,296306,HIGH,1000
9797,273364,HIGH,1000
5915,64938,HIGH,1000
4189,881298,LOW,10
5405,762808,HIGH,1000
3391,247450,LOW,10
2190,804094,LOW,10
4556,678740,LOW,10
1271,582799,LOW,10
209,729009,LOW,10
1060,195667,LOW,10
114,38999,LOW,10
8785,743202,HIGH,1000
6645,990335,HIGH,1000
6790,431941,HIGH,1000
6369,948111,HIGH,1000
3194,632506,LOW,10
4011,299505,LOW,10
6189,710688,HIGH,1000
1607,837179,LOW,10
2214,550744,LOW,10
2756,123863,LOW,10
354,512351,LOW,10
416,753576,LOW,10
1517,734838,LOW,10
3888,322873,LOW,10
3718,138016,LOW,10
8605,140480,HIGH,1000
9565,625275,HIGH,1000
4035,424068,LOW,10
9892,175491,HIGH,1000
9623,512982,HIGH,1000
2205,969797,LOW,10
3624,795442,LOW,10
6378,48349,HIGH,1000
1321,229908,LOW,10
4497,986775,LOW,10
1090,825486,LOW,10
28,486099,LOW,10
3966,570580,LOW,10
4355,505455,LOW,10
9944,968335,HIGH,1000
6895,713888,HIGH,1000
2238,271857,LOW,10
7695,343642,HIGH,1000
1309,895138,LOW,10
4910,993790,LOW,10
8931,256378,HIGH,1000
1458,484837,LOW,10
3127,521556,LOW,10
9889,972649,HIGH,1000
1560,836395,LOW,10
8389,637216,HIGH,1000
6451,449761,HIGH,1000
2439,176437,LOW,10
1604,954671,LOW,10
2498,417437,LOW,10
5941,64550,HIGH,1000
6630,747393,HIGH,1000
8958,543621,HIGH,1000
4529,270072,LOW,10
5689,344174,HIGH,1000
2976,550578,LOW,10
829,166491,LOW,10
4003,901059,LOW,10
8189,907005,HIGH,1000
4533,992429,LOW,10
7100,955231,HIGH,1000
5884,958847,HIGH,1000
4689,161122,LOW,10
4906,44354,LOW,10
1679,252725,LOW,10
1767,179636,LOW,10
9345,193397,HIGH,1000
7058,508260,HIGH,1000
7975,824561,HIGH,1000
702,512507,LOW,10
8923,33542,HIGH,1000
9917,620690,HIGH,1000
8142,467722,HIGH,1000
96,852,LOW,10
6827,488595,HIGH,1000
9493,479385,HIGH,1000
6366,870866,HIGH,1000
6135,678341,HIGH,1000
1215,341167,LOW,10
4409,464162,LOW,10
6723,581540,HIGH,1000
5107,935636,HIGH,1000
6151,382705,HIGH,1000
7687,956190,HIGH,1000
4696,267843,LOW,10
4489,466663,LOW,10
6540,839108,HIGH,1000
1345,365141,LOW,10
5540,116045,HIGH,1000
787,99163,LOW,10
7643,500886,HIGH,1000
9446,175291,HIGH,1000
1468,849327,LOW,10
104,911554,LOW,10
966,926637,LOW,10
6163,413105,HIGH,1000
6955,526844,HIGH,1000
8973,556135,HIGH,1000
6015,586252,HIGH,1000
988,516612,LOW,10
5840,761733,HIGH,1000
9309,334149,HIGH,1000
7392,478033,HIGH,1000
8321,317831,HIGH,1000
7862,446940,HIGH,1000
4212,339320,LOW,10
9410,544472,HIGH,1000
5679,364247,HIGH,1000
6049,418584,HIGH,1000
2003,56107,LOW,10
3171,848791,LOW,10
4903,201244,LOW,10
8056,30133,HIGH,1000
4120,583594,LOW,10
9552,263604,HIGH,1000
8890,944350,HIGH,1000
6617,774807,HIGH,1000
7870,716047,HIGH,1000
9817,208179,HIGH,1000
4838,137046,LOW,10
699,119370,LOW,10
2091,260114,LOW,10
7631,51585,HIGH,1000
3750,948270,LOW,10
6848,178956,HIGH,1000
9222,122072,HIGH,1000
6935,439882,HIGH,1000
1865,905052,LOW,10
5749,711433,HIGH,1000
433,734598,LOW,10
8714,947421,HIGH,1000
5752,191525,HIGH,1000
6631,344331,HIGH,1000
9612,31635,HIGH,1000
9301,430413,HIGH,1000
5524,60921,HIGH,1000
4773,819094,LOW,10
5241,232337,HIGH,1000
2577,501985,LOW,10
5399,285695,HIGH,1000
6160,31905,HIGH,1000
6254,377527,HIGH,1000
995,498519,LOW,10
522,719605,LOW,10
9171,377718,HIGH,1000
7094,906190,HIGH,1000
8582,47491,HIGH,1000
8426,310447,HIGH,1000
6277,958008,HIGH,1000
6794,872030,HIGH,1000
4308,764265,LOW,10
4845,463977,LOW,10
456,445540,LOW,10
2597,201957,LOW,10
7812,239149,HIGH,1000
1756,662079,LOW,10
8070,592815,HIGH,1000
1143,657192,LOW,10
6125,745723,HIGH,1000
5277,318552,HIGH,1000
4396,974355,LOW,10
8204,801722,HIGH,1000
5938,691156,HIGH,1000
4157,406603,LOW,10
373,454432,LOW,10
7006,604898,HIGH,1000
5592,307286,HIGH,1000
5244,750616,HIGH,1000
7505,904359,HIGH,1000
5551,879218,HIGH,1000
5798,86526,HIGH,1000
7143,186234,HIGH,1000
6748,367939,HIGH,1000
110,735143,LOW,10
8273,411204,HIGH,1000
73,99153,LOW,10
446,780594,LOW,10
5403,718261,HIGH,1000
7540,265434,HIGH,1000
1783,773628,LOW,10
9535,628268,HIGH,1000
152,549648,LOW,10
1198,84933,LOW,10
2132,478635,LOW,10
7887,106093,HIGH,1000
1359,907033,LOW,10
6684,750751,HIGH,1000
8735,500185,HIGH,1000
5509,938324,HIGH,1000
5378,503113,HIGH,1000
3806,932897,LOW,10
5182,433039,HIGH,1000
1193,408274,LOW,10
15,159301,LOW,10
6876,861793,HIGH,1000
7095,811214,HIGH,1000
6844,416959,HIGH,1000
2007,744210,LOW,10
3899,28879,LOW,10
2139,771104,LOW,10
7235,712581,HIGH,1000
7912,382415,HIGH,1000
3318,218224,LOW,10
8724,169469,HIGH,1000
4144,344092,LOW,10
8913,303761,HIGH,1000
31,956027,LOW,10
7599,839406,HIGH,1000
8214,449139,HIGH,1000
5936,927405,HIGH,1000
5118,654664,HIGH,1000
391,53540,LOW,10
4721,662423,LOW,10
7071,281511,HIGH,1000
5758,193865,HIGH,1000
481,628830,LOW,10
9186,248533,HIGH,1000
2601,989519,LOW,10
2149,648883,LOW,10
2423,779119,LOW,10
9607,3697,HIGH,1000
2284,4684,LOW,10
9092,548204,HIGH,1000
6863,951529,HIGH,1000
2339,760019,LOW,10
8237,288143,HIGH,1000
5261,181963,HIGH,1000
4881,24416,LOW,10
2259,974726,LOW,10
4398,397872,LOW,10
2836,804457,LOW,10
1443,210291,LOW,10
7381,180885,HIGH,1000
1250,777852,LOW,10
3237,512430,LOW,10
7412,432908,HIGH,1000
2506,697541,LOW,10
421,330916,LOW,10
9497,498166,HIGH,1000
5206,95734,HIGH,1000
9224,375586,HIGH,1000
949,654718,LOW,10
2461,350831,LOW,10
5116,955777,HIGH,1000
5423,382619,HIGH,1000
9802,84498,HIGH,1000
9585,845482,HIGH,1000
7795,566008,HIGH,1000
6770,476347,HIGH,1000
151,287472,LOW,10
6497,555315,HIGH,1000
5067,597889,HIGH,1000
6177,185380,HIGH,1000
6903,853295,HIGH,1000
3472,520609,LOW,10
60,186307,LOW,10
8641,730299,HIGH,1000
4130,496267,LOW,10
6683,258274,HIGH,1000
2362,418926,LOW,10
5543,732567,HIGH,1000
9560,522341,HIGH,1000
2662,131689,LOW,10
8042,101133,HIGH,1000
7764,495336,HIGH,1000
6312,972089,HIGH,1000
8730,74539,HIGH,1000
6633,765686,HIGH,1000
312,661112,LOW,10
3387,699505,LOW,10
2934,193474,LOW,10
8827,922465,HIGH,1000
2477,453305,LOW,10
6933,204949,HIGH,1000
4759,61865,LOW,10
6385,899057,HIGH,1000
272,383559,LOW,10
2045,498036,LOW,10
3983,772725,LOW,10
8329,730019,HIGH,1000
259,681064,LOW,10
3191,457848,LOW,10
8099,547900,HIGH,1000
7447,713334,HIGH,1000
7989,174931,HIGH,1000
7872,845777,HIGH,1000
1596,438632,LOW,10
6166,358409,HIGH,1000
532,915572,LOW,10
1188,825477,LOW,10
5075,92248,HIGH,1000
4488,796371,LOW,10
4545,332724,LOW,10
5197,971998,HIGH,1000
606,973825,LOW,10
7208,912623,HIGH,1000
2073,157925,LOW,10
7936,389534,HIGH,1000
5390,785187,HIGH,1000
407,869047,LOW,10
4975,894841,LOW,10
846,714001,LOW,10
1343,366652,LOW,10
7823,733274,HIGH,1000
3551,544754,LOW,10
3941,931147,LOW,10
1153,342052,LOW,10
4012,369676,LOW,10
1890,337028,LOW,10
2742,807856,LOW,10
4479,262728,LOW,10
2397,228318,LOW,10
544,137095,LOW,10
9084,513820,HIGH,1000
2942,205194,LOW,10
1425,294139,LOW,10
1986,763684,LOW,10
1002,918428,LOW,10
894,394447,LOW,10
5039,637357,HIGH,1000
7442,497226,HIGH,1000
1897,136000,LOW,10
1156,673793,LOW,10
8983,891159,HIGH,1000
6074,176089,HIGH,1000
2084,393975,LOW,10
313,785755,LOW,10
1258,947232,LOW,10
5183,248704,HIGH,1000
6542,213726,HIGH,1000
9288,705226,HIGH,1000
5014,171471,HIGH,1000
2710,36447,LOW,10
8883,215571,HIGH,1000
5057,696160,HIGH,1000
4369,149060,LOW,10
3279,241958,LOW,10
5070,256587,HIGH,1000
2573,327980,LOW,10
8446,467455,HIGH,1000
3092,311953,LOW,10
2398,672189,LOW,10
6862,113468,HIGH,1000
1760,725786,LOW,10
3792,452676,LOW,10
6864,309498,HIGH,1000
6331,641156,HIGH,1000
3423,825269,LOW,10
7801,42202,HIGH,1000
8363,278187,HIGH,1000
7553,711054,HIGH,1000
7950,231602,HIGH,1000
596,284014,LOW,10
6481,758618,HIGH,1000
4801,58444,LOW,10
3482,278530,LOW,10
9516,658984,HIGH,1000
5605,186799,HIGH,1000
7290,528513,HIGH,1000
8385,398212,HIGH,1000
3981,581568,LOW,10
3350,327908,LOW,10
9808,76981,HIGH,1000
9082,203695,HIGH,1000
1702,305575,LOW,10
7697,118126,HIGH,1000
5560,74935,HIGH,1000
5671,712588,HIGH,1000
6377,797880,HIGH,1000
9143,930951,HIGH,1000
589,205471,LOW,10
1092,869550,LOW,10
4733,73908,LOW,10
2537,1053,LOW,10
5221,465140,HIGH,1000
4810,103469,LOW,10
7319,282500,HIGH,1000
7050,624844,HIGH,1000
3082,287414,LOW,10
4452,168612,LOW,10
9381,40987,HIGH,1000
3213,458122,LOW,10
4137,369939,LOW,10
5128,601774,HIGH,1000
7613,850820,HIGH,1000
1361,649809,LOW,10
741,235384,LOW,10
6162,234662,HIGH,1000
4517,555208,LOW,10
8875,601592,HIGH,1000
6411,662569,HIGH,1000
975,736263,LOW,10
6077,426118,HIGH,1000
2627,805449,LOW,10
1569,640080,LOW,10
9128,872865,HIGH,1000
4746,567909,LOW,10
8311,730918,HIGH,1000
2513,381279,LOW,10
2559,923444,LOW,10
3019,247411,LOW,10
6676,69951,HIGH,1000
6310,32555,HIGH,1000
7861,287162,HIGH,1000
9637,498975,HIGH,1000
5144,573392,HIGH,1000
8607,587177,HIGH,1000
9956,40759,HIGH,1000
1231,744780,LOW,10
7480,303623,HIGH,1000
4936,72749,LOW,10
3000,261274,LOW,10
8617,273632,HIGH,1000
8537,807900,HIGH,1000
7539,966504,HIGH,1000
8448,172621,HIGH,1000
8198,490303,HIGH,1000
8022,1410,HIGH,1000
1132,720941,LOW,10
30,384306,LOW,10
3486,583256,LOW,10
1904,337397,LOW,10
5948,169182,HIGH,1000
9242,353331,HIGH,1000
314,360320,LOW,10
3408,813153,LOW,10
5444,865028,HIGH,1000
6511,889853,HIGH,1000
7928,664965,HIGH,1000
7824,783232,HIGH,1000
1104,728833,LOW,10
8694,959021,HIGH,1000
7714,225662,HIGH,1000
2840,835809,LOW,10
8307,780672,HIGH,1000
8441,874904,HIGH,1000
6948,166716,HIGH,1000
5609,310212,HIGH,1000
7717,964208,HIGH,1000
3185,885914,LOW,10
3430,131341,LOW,10
3409,762468,LOW,10
8379,200292,HIGH,1000
1026,491871,LOW,10
9176,336378,HIGH,1000
1722,438815,LOW,10
4427,389109,LOW,10
7634,763778,HIGH,1000
3838,98717,LOW,10
4777,794405,LOW,10
7026,243249,HIGH,1000
5451,119841,HIGH,1000
1631,498107,LOW,10
1523,702385,LOW,10
4709,543058,LOW,10
6528,116581,HIGH,1000
3351,911323,LOW,10
4996,288464,LOW,10
162,781867,LOW,10
1232,91679,LOW,10
7682,338710,HIGH,1000
9671,606767,HIGH,1000
542,324516,LOW,10
2691,348581,LOW,10
5826,860783,HIGH,1000
3353,184620,LOW,10
8364,592963,HIGH,1000
2141,777867,LOW,10
7401,956239,HIGH,1000
4044,628449,LOW,10
7522,683894,HIGH,1000
7188,60534,HIGH,1000
5002,8000,HIGH,1000
4000,9887,LOW,10
4768,724769,LOW,10
3858,881995,LOW,10
2436,746940,LOW,10
2974,857028,LOW,10
9635,40313,HIGH,1000
7419,729253,HIGH,1000
2823,653474,LOW,10
4096,974567,LOW,10
8986,173217,HIGH,1000
677,637027,LOW,10
7735,389492,HIGH,1000
1107,864386,LOW,10
9807,568016,HIGH,1000
2126,518549,LOW,10
3359,679950,LOW,10
9530,143679,HIGH,1000
3537,252460,LOW,10
2748,134523,LOW,10
9991,150947,HIGH,1000
6492,453697,HIGH,1000
8339,483557,HIGH,1000
2119,580885,LOW,10
844,764323,LOW,10
3491,9532,LOW,10
9916,308735,HIGH,1000
4049,995161,LOW,10
614,135430,LOW,10
599,276512,LOW,10
1094,469345,LOW,10
9465,987162,HIGH,1000
5855,728617,HIGH,1000
5596,881651,HIGH,1000
5479,364470,HIGH,1000
1202,956687,LOW,10
2455,953256,LOW,10
2005,583714,LOW,10
7622,140663,HIGH,1000
9650,620493,HIGH,1000
5007,11372,HIGH,1000
5968,976098,HIGH,1000
8110,160096,HIGH,1000
3375,78730,LOW,10
1063,451078,LOW,10
8669,544205,HIGH,1000
4671,800376,LOW,10
3651,310373,LOW,10
4519,66077,LOW,10
504,336432,LOW,10
581,455921,LOW,10
186,110659,LOW,10
4597,400913,LOW,10
4521,65292,LOW,10
7850,430351,HIGH,1000
7925,461652,HIGH,1000
3633,605695,LOW,10
1115,49843,LOW,10
800,647747,LOW,10
1435,342547,LOW,10
943,915804,LOW,10
2081,395672,LOW,10
4976,881159,LOW,10
2562,482997,LOW,10
4235,354604,LOW,10
6834,518831,HIGH,1000
8274,494187,HIGH,1000
4416,315057,LOW,10
8754,311307,HIGH,1000
5458,467697,HIGH,1000
632,131304,LOW,10
9349,491458,HIGH,1000
6958,624129,HIGH,1000
7992,890186,HIGH,1000
4395,28672,LOW,10
437,90199,LOW,10
5820,755889,HIGH,1000
9750,339288,HIGH,1000
2684,742597,LOW,10
5914,256880,HIGH,1000
4867,473890,LOW,10
731,60774,LOW,10
8265,238764,HIGH,1000
9409,305343,HIGH,1000
4068,315297,LOW,10
3829,90618,LOW,10
6447,788063,HIGH,1000
6947,899476,HIGH,1000
6007,473445,HIGH,1000
970,23714,LOW,10
1028,647168,LOW,10
8217,605839,HIGH,1000
4852,488453,LOW,10
7835,559914,HIGH,1000
7720,946900,HIGH,1000
2251,455354,LOW,10
5396,362511,HIGH,1000
2898,40729,LOW,10
2166,247293,LOW,10
2780,668750,LOW,10
2811,377821,LOW,10
4083,96775,LOW,10
9517,227879,HIGH,1000
5166,943557,HIGH,1000
1207,319245,LOW,10
5921,812589,HIGH,1000
1707,660316,LOW,10
7406,589073,HIGH,1000
8476,179241,HIGH,1000
9775,826886,HIGH,1000
727,109983,LOW,10
3095,509844,LOW,10
3448,195141,LOW,10
5931,10588,HIGH,1000
7997,768961,HIGH,1000
117,505187,LOW,10
4045,152422,LOW,10
3003,803731,LOW,10
2417,837673,LOW,10
4242,155309,LOW,10
4320,113409,LOW,10
5079,78033,HIGH,1000
8829,328448,HIGH,1000
4566,313810,LOW,10
5498,293980,HIGH,1000
5643,5755,HIGH,1000
1043,416909,LOW,10
9772,629756,HIGH,1000
4643,86343,LOW,10
7600,685443,HIGH,1000
9388,343311,HIGH,1000
1952,217185,LOW,10
6956,259804,HIGH,1000
8576,841927,HIGH,1000
3028,62799,LOW,10
3680,225623,LOW,10
524,612338,LOW,10
8215,197291,HIGH,1000
7226,410485,HIGH,1000
3421,707553,LOW,10
3427,759628,LOW,10
962,954058,LOW,10
7815,250899,HIGH,1000
2650,576886,LOW,10
2215,846047,LOW,10
2066,150451,LOW,10
9283,673396,HIGH,1000
4554,746305,LOW,10
3836,460594,LOW,10
5822,191447,HIGH,1000
179,300225,LOW,10
5476,405549,HIGH,1000
9373,786532,HIGH,1000
3932,457913,LOW,10
8994,745521,HIGH,1000
9527,234523,HIGH,1000
7804,492473,HIGH,1000
1159,962822,LOW,10
1229,17756,LOW,10
2234,915672,LOW,10
4031,477556,LOW,10
3548,566256,LOW,10
3336,951566,LOW,10
5549,778119,HIGH,1000
693,38386,LOW,10
2077,369997,LOW,10
9880,205335,HIGH,1000
1710,380913,LOW,10
2613,479633,LOW,10
6350,856332,HIGH,1000
4338,985532,LOW,10
688,903063,LOW,10
7033,306302,HIGH,1000
7920,334512,HIGH,1000
3877,532646,LOW,10
1733,446964,LOW,10
7967,499171,HIGH,1000
9461,270142,HIGH,1000
490,783676,LOW,10
9950,593582,HIGH,1000
1684,788887,LOW,10
5875,120350,HIGH,1000
7718,131350,HIGH,1000
6518,436817,HIGH,1000
9521,199629,HIGH,1000
6199,279101,HIGH,1000
4445,998918,LOW,10
5849,508234,HIGH,1000
2762,411173,LOW,10
3126,934191,LOW,10
8207,816413,HIGH,1000
5654,438361,HIGH,1000
8713,264136,HIGH,1000
5573,906666,HIGH,1000
2895,984624,LOW,10
1038,756726,LOW,10
8055,967881,HIGH,1000
3199,226904,LOW,10
9369,850053,HIGH,1000
5700,201027,HIGH,1000
1276,379275,LOW,10
1731,294874,LOW,10
2725,620910,LOW,10
6541,853716,HIGH,1000
3801,270392,LOW,10
7366,573197,HIGH,1000
9498,598209,HIGH,1000
2349,718511,LOW,10
3195,876363,LOW,10
1149,880266,LOW,10
6888,916510,HIGH,1000
6904,693917,HIGH,1000
2380,148695,LOW,10
329,116923,LOW,10
2610,749458,LOW,10
8886,111732,HIGH,1000
1875,825982,LOW,10
7161,573074,HIGH,1000
5690,572773,HIGH,1000
3259,813119,LOW,10
7262,451055,HIGH,1000
3274,713958,LOW,10
5503,553584,HIGH,1000
3235,591115,LOW,10
2474,978287,LOW,10
9357,995751,HIGH,1000
660,956002,LOW,10
8959,647599,HIGH,1000
3329,122115,LOW,10
9276,918287,HIGH,1000
4701,105343,LOW,10
6368,154962,HIGH,1000
4610,592947,LOW,10
2333,420588,LOW,10
4326,169606,LOW,10
1138,788754,LOW,10
1681,442687,LOW,10
6571,337624,HIGH,1000
496,757842,LOW,10
6326,839130,HIGH,1000
2885,815473,LOW,10
4501,90771,LOW,10
97,488099,LOW,10
8439,829188,HIGH,1000
1693,60280,LOW,10
6124,209883,HIGH,1000
5837,660020,HIGH,1000
9700,526563,HIGH,1000
1187,645915,LOW,10
4931,966666,LOW,10
9295,402335,HIGH,1000
5673,178801,HIGH,1000
8496,356332,HIGH,1000
1506,62685,LOW,10
3269,806387,LOW,10
6043,174492,HIGH,1000
4136,396840,LOW,10
1157,456347,LOW,10
1923,811490,LOW,10
3881,491249,LOW,10
1858,535533,LOW,10
2687,993113,LOW,10
139,498701,LOW,10
9601,467752,HIGH,1000
3562,104332,LOW,10
1457,425158,LOW,10
1035,144299,LOW,10
9770,903264,HIGH,1000
8704,273586,HIGH,1000
7065,21118,HIGH,1000
7167,961275,HIGH,1000
286,714746,LOW,10
7458,686489,HIGH,1000
4631,758537,LOW,10
4290,228936,LOW,10
9016,910133,HIGH,1000
318,657013,LOW,10
566,952084,LOW,10
6155,978416,HIGH,1000
8419,559538,HIGH,1000
8655,239883,HIGH,1000
686,56792,LOW,10
3797,253895,LOW,10
3240,501412,LOW,10
8815,293127,HIGH,1000
9746,672942,HIGH,1000
8462,378752,HIGH,1000
3763,406099,LOW,10
1800,433688,LOW,10
3002,264813,LOW,10
8438,347624,HIGH,1000
6230,254011,HIGH,1000
9680,429105,HIGH,1000
2754,860234,LOW,10
8456,62836,HIGH,1000
7971,878634,HIGH,1000
5742,450112,HIGH,1000
2872,963210,LOW,10
5288,470789,HIGH,1000
4256,952506,LOW,10
3345,698632,LOW,10
3461,873726,LOW,10
6913,792414,HIGH,1000
6396,382177,HIGH,1000
9501,308710,HIGH,1000
6055,169015,HIGH,1000
4988,999714,LOW,10
2969,292652,LOW,10
5245,708973,HIGH,1000
1977,389526,LOW,10
6267,802480,HIGH,1000
2938,827384,LOW,10
8155,36697,HIGH,1000
413,76955,LOW,10
7041,474895,HIGH,1000
5460,244660,HIGH,1000
2855,327330,LOW,10
5453,577235,HIGH,1000
7530,946688,HIGH,1000
2462,115877,LOW,10
7109,484503,HIGH,1000
1736,847591,LOW,10
3233,911290,LOW,10
2112,250104,LOW,10
4952,625370,LOW,10
7499,602829,HIGH,1000
9590,394577,HIGH,1000
9400,894275,HIGH,1000
8987,701236,HIGH,1000
1815,198629,LOW,10
240,494144,LOW,10
5421,662335,HIGH,1000
4158,266576,LOW,10
7264,631592,HIGH,1000
3968,858388,LOW,10
6028,411204,HIGH,1000
5593,454927,HIGH,1000
1811,479814,LOW,10
5802,54631,HIGH,1000
1745,637498,LOW,10
4437,768864,LOW,10
1278,439954,LOW,10
3639,683795,LOW,10
1655,564891,LOW,10
3616,79051,LOW,10
582,413396,LOW,10
2560,851796,LOW,10
2631,879528,LOW,10
9360,526234,HIGH,1000
5813,44477,HIGH,1000
7201,829254,HIGH,1000
8840,42923,HIGH,1000
7503,993909,HIGH,1000
3339,476334,LOW,10
1483,805621,LOW,10
719,604310,LOW,10
2135,678377,LOW,10
2379,837657,LOW,10
1802,827504,LOW,10
8984,452719,HIGH,1000
1525,448523,LOW,10
1726,422431,LOW,10
7441,381380,HIGH,1000
4060,711964,LOW,10
5505,525918,HIGH,1000
5447,369196,HIGH,1000
1022,841621,LOW,10
8851,599114,HIGH,1000
3025,894033,LOW,10
9741,535067,HIGH,1000
9796,410309,HIGH,1000
4808,885107,LOW,10
6475,824125,HIGH,1000
1762,498301,LOW,10
4630,257984,LOW,10
9362,956705,HIGH,1000
2418,843352,LOW,10
7707,240997,HIGH,1000
432,154636,LOW,10
7988,895080,HIGH,1000
65,251402,LOW,10
1005,217864,LOW,10
5106,101071,HIGH,1000
1670,275953,LOW,10
473,435475,LOW,10
7617,592115,HIGH,1000
1102,655641,LOW,10
4408,395862,LOW,10
5251,993427,HIGH,1000
5811,537846,HIGH,1000
5611,31165,HIGH,1000
670,643361,LOW,10
455,382628,LOW,10
1356,63252,LOW,10
3730,474649,LOW,10
3940,38565,LOW,10
6384,318282,HIGH,1000
7056,655113,HIGH,1000
5969,778800,HIGH,1000
2184,924682,LOW,10
793,941994,LOW,10
4562,431804,LOW,10
721,547018,LOW,10
1755,247055,LOW,10
5595,774730,HIGH,1000
2100,180078,LOW,10
6180,439838,HIGH,1000
1511,795877,LOW,10
3876,205389,LOW,10
5794,152115,HIGH,1000
9062,570968,HIGH,1000
6826,618890,HIGH,1000
2553,787002,LOW,10
6709,652995,HIGH,1000
6529,269954,HIGH,1000
5464,753887,HIGH,1000
1302,994128,LOW,10
663,441885,LOW,10
3219,283114,LOW,10
7307,617659,HIGH,1000
6688,128035,HIGH,1000
9427,399087,HIGH,1000
3563,851298,LOW,10
8794,127026,HIGH,1000
1009,546301,LOW,10
7699,851375,HIGH,1000
8279,577745,HIGH,1000
9305,343433,HIGH,1000
1335,642916,LOW,10
4589,332544,LOW,10
4957,155279,LOW,10
6200,561218,HIGH,1000
9777,131150,HIGH,1000
3967,925753,LOW,10
5303,890876,HIGH,1000
1948,846616,LOW,10
8504,657879,HIGH,1000
6305,553822,HIGH,1000
8937,327542,HIGH,1000
4532,458227,LOW,10
485,643024,LOW,10
1814,761811,LOW,10
3724,374513,LOW,10
8765,555350,HIGH,1000
2060,369508,LOW,10
2484,405363,LOW,10
2432,431991,LOW,10
6530,199054,HIGH,1000
3854,439406,LOW,10
4891,37582,LOW,10
9060,534252,HIGH,1000
3288,239213,LOW,10
4362,864239,LOW,10
4882,796456,LOW,10
1075,193286,LOW,10
7885,811821,HIGH,1000
5723,959478,HIGH,1000
541,108743,LOW,10
5205,366475,HIGH,1000
5892,723849,HIGH,1000
4169,685036,LOW,10
1538,846376,LOW,10
7956,361924,HIGH,1000
9831,556065,HIGH,1000
3390,11318,LOW,10
4794,311911,LOW,10
1863,721031,LOW,10
7645,953581,HIGH,1000
9063,868697,HIGH,1000
3661,803986,LOW,10
7471,199515,HIGH,1000
6999,436333,HIGH,1000
1839,279998,LOW,10
3817,50659,LOW,10
4531,884669,LOW,10
1591,892859,LOW,10
3898,648342,LOW,10
9457,799471,HIGH,1000
9223,777903,HIGH,1000
9021,494457,HIGH,1000
4043,421124,LOW,10
8718,722892,HIGH,1000
1700,329886,LOW,10
624,31568,LOW,10
8075,860746,HIGH,1000
8917,775698,HIGH,1000
1552,758385,LOW,10
3460,446922,LOW,10
4457,803115,LOW,10
3452,525286,LOW,10
518,906865,LOW,10
1724,511777,LOW,10
784,926265,LOW,10
7243,398889,HIGH,1000
3060,372004,LOW,10
8824,847570,HIGH,1000
5812,609744,HIGH,1000
6510,603694,HIGH,1000
8353,120712,HIGH,1000
5160,520863,HIGH,1000
2286,64339,LOW,10
3641,465941,LOW,10
6526,166164,HIGH,1000
3865,432235,LOW,10
4916,763939,LOW,10
8407,420487,HIGH,1000
2388,364329,LOW,10
567,522910,LOW,10
531,116115,LOW,10
1939,369758,LOW,10
6406,863992,HIGH,1000
5692,744267,HIGH,1000
6715,606154,HIGH,1000
6765,259526,HIGH,1000
7040,252482,HIGH,1000
6603,660131,HIGH,1000
9789,861822,HIGH,1000
8073,430851,HIGH,1000
3917,880787,LOW,10
3873,288987,LOW,10
9556,641932,HIGH,1000
6291,5615,HIGH,1000
8653,274455,HIGH,1000
1772,808589,LOW,10
1914,654274,LOW,10
4999,14002,LOW,10
884,855625,LOW,10
4956,509572,LOW,10
3592,150433,LOW,10
68,343920,LOW,10
7393,162515,HIGH,1000
9684,456569,HIGH,1000
4822,333918,LOW,10
7462,275582,HIGH,1000
8308,414447,HIGH,1000
3734,829596,LOW,10
7803,435785,HIGH,1000
2733,782518,LOW,10
2018,526944,LOW,10
1864,129967,LOW,10
8491,770316,HIGH,1000
13,772505,LOW,10
3945,580181,LOW,10
8370,911351,HIGH,1000
5705,362121,HIGH,1000
3246,742023,LOW,10
7190,94278,HIGH,1000
7018,827837,HIGH,1000
9334,740676,HIGH,1000
8474,264213,HIGH,1000
9396,449587,HIGH,1000
4623,196449,LOW,10
2203,490616,LOW,10
1155,73983,LOW,10
42,72150,LOW,10
4213,369783,LOW,10
8773,36841,HIGH,1000
8256,700107,HIGH,1000
5854,119327,HIGH,1000
7205,396119,HIGH,1000
6296,366091,HIGH,1000
2444,244103,LOW,10
8386,625247,HIGH,1000
2480,259390,LOW,10
5724,665413,HIGH,1000
6759,951570,HIGH,1000
641,956642,LOW,10
4021,645545,LOW,10
2067,333182,LOW,10
6482,792407,HIGH,1000
8940,73109,HIGH,1000
9368,961595,HIGH,1000
5366,704068,HIGH,1000
7644,856821,HIGH,1000
5006,429473,HIGH,1000
4935,795499,LOW,10
6126,186171,HIGH,1000
3220,511590,LOW,10
6109,962539,HIGH,1000
7749,487257,HIGH,1000
6240,251574,HIGH,1000
4252,523668,LOW,10
1315,718081,LOW,10
3445,393739,LOW,10
4209,216164,LOW,10
7154,77730,HIGH,1000
409,572185,LOW,10
1649,442980,LOW,10
7266,661103,HIGH,1000
3073,921309,LOW,10
2226,256056,LOW,10
968,417536,LOW,10
3438,707294,LOW,10
7590,812113,HIGH,1000
1210,784302,LOW,10
2985,421729,LOW,10
6680,540928,HIGH,1000
5709,964393,HIGH,1000
7899,214823,HIGH,1000
3729,795935,LOW,10
5633,249420,HIGH,1000
6961,707695,HIGH,1000
3464,573141,LOW,10
1310,931640,LOW,10
9401,848441,HIGH,1000
6936,954956,HIGH,1000
9445,44052,HIGH,1000
7487,326133,HIGH,1000
5869,257315,HIGH,1000
4679,640233,LOW,10
9902,320559,HIGH,1000
2622,851249,LOW,10
2590,858367,LOW,10
5993,742469,HIGH,1000
5513,435795,HIGH,1000
9898,554400,HIGH,1000
906,754216,LOW,10
6582,938831,HIGH,1000
8482,441636,HIGH,1000
3939,928820,LOW,10
6984,249878,HIGH,1000
8795,538321,HIGH,1000
7541,806482,HIGH,1000
910,893314,LOW,10
5719,988538,HIGH,1000
781,38291,LOW,10
7414,394016,HIGH,1000
1641,399952,LOW,10
8218,758339,HIGH,1000
2257,50921,LOW,10
7792,592211,HIGH,1000
9663,289478,HIGH,1000
6841,365186,HIGH,1000
8539,714570,HIGH,1000
9351,909780,HIGH,1000
2240,993511,LOW,10
8508,269497,HIGH,1000
2108,975795,LOW,10
3295,868377,LOW,10
5296,163989,HIGH,1000
8455,842665,HIGH,1000
8351,444745,HIGH,1000
379,372658,LOW,10
2828,464800,LOW,10
9056,530818,HIGH,1000
4107,682654,LOW,10
8263,471784,HIGH,1000
8047,15461,HIGH,1000
3211,135140,LOW,10
2599,263385,LOW,10
7444,683625,HIGH,1000
8877,235309,HIGH,1000
8335,901515,HIGH,1000
8002,308075,HIGH,1000
4487,156399,LOW,10
4783,145576,LOW,10
8361,441189,HIGH,1000
5428,566657,HIGH,1000
8948,693915,HIGH,1000
3419,820705,LOW,10
8855,239223,HIGH,1000
1190,486100,LOW,10
5139,102090,HIGH,1000
7211,742900,HIGH,1000
5409,471637,HIGH,1000
6921,15815,HIGH,1000
1590,142326,LOW,10
9882,973859,HIGH,1000
7984,784961,HIGH,1000
5271,733109,HIGH,1000
3535,741590,LOW,10
5536,151027,HIGH,1000
9997,528837,HIGH,1000
7653,895618,HIGH,1000
3465,533444,LOW,10
9244,67715,HIGH,1000
6845,673515,HIGH,1000
2757,366443,LOW,10
9738,439552,HIGH,1000
778,618570,LOW,10
9030,579371,HIGH,1000
462,13850,LOW,10
292,681346,LOW,10
1852,957231,LOW,10
2838,811115,LOW,10
8558,773687,HIGH,1000
369,307200,LOW,10
7722,550486,HIGH,1000
7732,718761,HIGH,1000
1535,3702,LOW,10
1954,704465,LOW,10
6099,869926,HIGH,1000
7472,864305,HIGH,1000
9155,876020,HIGH,1000
7055,371191,HIGH,1000
8062,686937,HIGH,1000
2336,610046,LOW,10
264,583519,LOW,10
7265,93994,HIGH,1000
8818,210406,HIGH,1000
9065,898937,HIGH,1000
6924,581562,HIGH,1000
1602,247290,LOW,10
5912,705650,HIGH,1000
6953,353115,HIGH,1000
9799,485367,HIGH,1000
7448,936749,HIGH,1000
549,318930,LOW,10
8298,925946,HIGH,1000
1589,214932,LOW,10
6234,986084,HIGH,1000
4872,416792,LOW,10
6686,411749,HIGH,1000
3531,37180,LOW,10
7242,732178,HIGH,1000
5510,566556,HIGH,1000
3679,60430,LOW,10
5402,175762,HIGH,1000
44,164398,LOW,10
5398,139277,HIGH,1000
2447,828312,LOW,10
1840,6910,LOW,10
6313,158469,HIGH,1000
1421,503825,LOW,10
5986,797351,HIGH,1000
613,299808,LOW,10
5721,511959,HIGH,1000
536,243372,LOW,10
9547,837970,HIGH,1000
9576,679791,HIGH,1000
4707,352167,LOW,10
6172,459241,HIGH,1000
6060,707009,HIGH,1000
8310,78527,HIGH,1000
5816,981089,HIGH,1000
6374,435911,HIGH,1000
7947,840166,HIGH,1000
1799,677944,LOW,10
2734,918751,LOW,10
9534,654986,HIGH,1000
410,102943,LOW,10
6086,242184,HIGH,1000
2911,6207,LOW,10
9982,242597,HIGH,1000
6763,427622,HIGH,1000
2568,611855,LOW,10
8089,197691,HIGH,1000
9479,100,HIGH,1000
2986,247974,LOW,10
9754,732923,HIGH,1000
2845,723316,LOW,10
7084,192414,HIGH,1000
9361,626108,HIGH,1000
9404,593126,HIGH,1000
8034,360053,HIGH,1000
9604,536126,HIGH,1000
3969,552409,LOW,10
7739,803444,HIGH,1000
1233,274579,LOW,10
8282,844122,HIGH,1000
3741,253751,LOW,10
1211,641835,LOW,10
4116,723760,LOW,10
1531,866438,LOW,10
8593,220347,HIGH,1000
4739,825815,LOW,10
4656,836910,LOW,10
5905,312498,HIGH,1000
3509,233790,LOW,10
6757,928271,HIGH,1000
9674,306350,HIGH,1000
1680,734738,LOW,10
996,624902,LOW,10
5475,944987,HIGH,1000
1264,617310,LOW,10
9562,501764,HIGH,1000
3727,694572,LOW,10
4381,948608,LOW,10
9170,341186,HIGH,1000
3323,721807,LOW,10
6872,835214,HIGH,1000
2504,887589,LOW,10
4802,124669,LOW,10
3963,487849,LOW,10
4222,329616,LOW,10
710,707257,LOW,10
3871,180642,LOW,10
2923,540174,LOW,10
9642,346844,HIGH,1000
2788,304152,LOW,10
852,860883,LOW,10
7287,65243,HIGH,1000
5220,660117,HIGH,1000
4953,127934,LOW,10
2851,764799,LOW,10
3778,746151,LOW,10
2776,852067,LOW,10
8697,553585,HIGH,1000
7894,850866,HIGH,1000
5481,715315,HIGH,1000
3825,306617,LOW,10
1528,527398,LOW,10
6321,725864,HIGH,1000
9190,705267,HIGH,1000
2030,53087,LOW,10
1341,891699,LOW,10
6590,175426,HIGH,1000
4883,972611,LOW,10
535,805886,LOW,10
4443,336711,LOW,10
3528,947702,LOW,10
8757,455765,HIGH,1000
1674,291679,LOW,10
7443,235327,HIGH,1000
3054,670434,LOW,10
4836,366434,LOW,10
1372,808945,LOW,10
1320,122131,LOW,10
722,896321,LOW,10
9392,512254,HIGH,1000
8190,601739,HIGH,1000
5490,69058,HIGH,1000
1732,582411,LOW,10
8322,816099,HIGH,1000
2915,970990,LOW,10
8887,725023,HIGH,1000
1393,48381,LOW,10
9972,167801,HIGH,1000
3959,450889,LOW,10
9212,730195,HIGH,1000
2523,808045,LOW,10
3249,805512,LOW,10
9840,631279,HIGH,1000
2292,519993,LOW,10
7313,304007,HIGH,1000
3905,407941,LOW,10
4330,520104,LOW,10
8402,432188,HIGH,1000
6893,960868,HIGH,1000
2535,246140,LOW,10
8544,441418,HIGH,1000
2495,136410,LOW,10
9541,674801,HIGH,1000
657,98196,LOW,10
7455,557825,HIGH,1000
2582,316012,LOW,10
7481,85834,HIGH,1000
3222,129833,LOW,10
7102,768498,HIGH,1000
9279,791692,HIGH,1000
2004,854691,LOW,10
1891,900462,LOW,10
6251,250948,HIGH,1000
5957,38764,HIGH,1000
5292,882212,HIGH,1000
8571,912140,HIGH,1000
1526,475971,LOW,10
1395,501598,LOW,10
3926,705459,LOW,10
280,85991,LOW,10
6815,389685,HIGH,1000
6129,736549,HIGH,1000
5825,199546,HIGH,1000
837,406568,LOW,10
75,160515,LOW,10
9948,97495,HIGH,1000
9139,615180,HIGH,1000
2661,55560,LOW,10
5743,335465,HIGH,1000
6418,911859,HIGH,1000
9662,109924,HIGH,1000
3108,504241,LOW,10
2297,685360,LOW,10
2103,767274,LOW,10
5750,497902,HIGH,1000
5531,395263,HIGH,1000
3412,618421,LOW,10
2556,943484,LOW,10
5091,648615,HIGH,1000
3146,422467,LOW,10
7361,856108,HIGH,1000
6317,367848,HIGH,1000
9238,315446,HIGH,1000
5691,724237,HIGH,1000
1646,988847,LOW,10
2275,333891,LOW,10
1771,564786,LOW,10
2772,427168,LOW,10
4809,708418,LOW,10
7555,72216,HIGH,1000
3030,422396,LOW,10
5732,756841,HIGH,1000
3575,741767,LOW,10
8729,872581,HIGH,1000
5480,948423,HIGH,1000
4611,496146,LOW,10
4860,957813,LOW,10
3066,688585,LOW,10
2476,694245,LOW,10
4941,977184,LOW,10
1128,306227,LOW,10
7347,724298,HIGH,1000
6016,639044,HIGH,1000
621,997261,LOW,10
7269,493628,HIGH,1000
7400,356393,HIGH,1000
3570,585489,LOW,10
8461,975101,HIGH,1000
9136,986274,HIGH,1000
9132,879889,HIGH,1000
1692,270310,LOW,10
3280,797557,LOW,10
6357,151345,HIGH,1000
153,939940,LOW,10
6057,456984,HIGH,1000
9744,420530,HIGH,1000
5900,341117,HIGH,1000
8447,865344,HIGH,1000
8334,212249,HIGH,1000
7738,155753,HIGH,1000
6363,611796,HIGH,1000
7049,682136,HIGH,1000
1414,258664,LOW,10
8566,118133,HIGH,1000
9848,190710,HIGH,1000
5526,645503,HIGH,1000
3145,867762,LOW,10
3401,12150,LOW,10
9130,447061,HIGH,1000
2539,398151,LOW,10
836,982668,LOW,10
2704,61499,LOW,10
7662,668315,HIGH,1000
9080,705810,HIGH,1000
2385,604547,LOW,10
963,708256,LOW,10
7624,641369,HIGH,1000
6840,355716,HIGH,1000
6951,734513,HIGH,1000
8772,852938,HIGH,1000
2554,568345,LOW,10
2655,187065,LOW,10
1479,75141,LOW,10
9761,305877,HIGH,1000
9555,100284,HIGH,1000
6704,280105,HIGH,1000
4007,114847,LOW,10
4009,530878,LOW,10
9164,84061,HIGH,1000
9389,521208,HIGH,1000
5051,969065,HIGH,1000
2263,509723,LOW,10
1587,122583,LOW,10
4897,12521,LOW,10
7932,273854,HIGH,1000
572,745026,LOW,10
1239,793176,LOW,10
6996,297067,HIGH,1000
8112,323391,HIGH,1000
8266,271861,HIGH,1000
7510,36836,HIGH,1000
1705,282451,LOW,10
2454,666154,LOW,10
8417,896220,HIGH,1000
119,855458,LOW,10
9088,39453,HIGH,1000
796,745217,LOW,10
671,32258,LOW,10
698,382153,LOW,10
3650,813565,LOW,10
8740,494103,HIGH,1000
7923,331054,HIGH,1000
3489,547010,LOW,10
3717,254558,LOW,10
3609,681361,LOW,10
3137,291581,LOW,10
7110,368689,HIGH,1000
1613,285466,LOW,10
4405,685107,LOW,10
5703,256660,HIGH,1000
3921,895531,LOW,10
7649,513073,HIGH,1000
356,288137,LOW,10
9066,445511,HIGH,1000
5868,188289,HIGH,1000
2779,410475,LOW,10
8853,836173,HIGH,1000
8662,170507,HIGH,1000
326,187590,LOW,10
6038,497454,HIGH,1000
5190,436468,HIGH,1000
7891,305848,HIGH,1000
2322,875651,LOW,10
6018,84505,HIGH,1000
736,941165,LOW,10
2144,260805,LOW,10
7394,80582,HIGH,1000
3358,178489,LOW,10
7683,99171,HIGH,1000
872,695091,LOW,10
3050,296841,LOW,10
9640,103781,HIGH,1000
8684,840059,HIGH,1000
9423,822241,HIGH,1000
8503,140501,HIGH,1000
130,733516,LOW,10
2551,771442,LOW,10
8517,209112,HIGH,1000
3991,198900,LOW,10
489,625509,LOW,10
9923,668020,HIGH,1000
3455,21587,LOW,10
3074,624347,LOW,10
5278,298872,HIGH,1000
2697,255202,LOW,10
1622,85958,LOW,10
2373,776041,LOW,10
3230,253630,LOW,10
3716,350675,LOW,10
4797,88856,LOW,10
7181,633931,HIGH,1000
8413,786927,HIGH,1000
9592,140523,HIGH,1000
7000,227534,HIGH,1000
7842,229966,HIGH,1000
2957,350215,LOW,10
9291,896039,HIGH,1000
5293,757193,HIGH,1000
5413,624518,HIGH,1000
4097,493915,LOW,10
2730,213567,LOW,10
3324,729599,LOW,10
8414,864426,HIGH,1000
6919,171236,HIGH,1000
5331,196804,HIGH,1000
2269,103311,LOW,10
8184,37813,HIGH,1000
9549,336942,HIGH,1000
4571,126320,LOW,10
7410,757045,HIGH,1000
9090,288098,HIGH,1000
592,310993,LOW,10
1529,413907,LOW,10
7818,901342,HIGH,1000
2294,283925,LOW,10
9786,795740,HIGH,1000
6279,456412,HIGH,1000
8451,642425,HIGH,1000
9115,759954,HIGH,1000
3091,80744,LOW,10
8882,805946,HIGH,1000
1118,565139,LOW,10
8004,120257,HIGH,1000
9619,184865,HIGH,1000
3505,82604,LOW,10
9668,487951,HIGH,1000
2193,236533,LOW,10
5803,304635,HIGH,1000
8516,830191,HIGH,1000
4574,177209,LOW,10
4618,361375,LOW,10
7668,529594,HIGH,1000
2940,374092,LOW,10
7197,279602,HIGH,1000
976,726144,LOW,10
1248,72750,LOW,10
3470,523485,LOW,10
1868,84808,LOW,10
8295,57636,HIGH,1000
5577,3480,HIGH,1000
4659,712137,LOW,10
9940,678291,HIGH,1000
1006,393031,LOW,10
2101,330587,LOW,10
732,610199,LOW,10
1501,569321,LOW,10
5908,199651,HIGH,1000
6852,6985,HIGH,1000
53,668930,LOW,10
3725,513676,LOW,10
3244,65621,LOW,10
1079,714308,LOW,10
9760,418786,HIGH,1000
9331,986488,HIGH,1000
3811,210564,LOW,10
8173,30020,HIGH,1000
3732,261643,LOW,10
7397,91514,HIGH,1000
4558,649804,LOW,10
6107,81056,HIGH,1000
1972,354583,LOW,10
6662,253061,HIGH,1000
2140,812659,LOW,10
952,27080,LOW,10
6484,427453,HIGH,1000
1930,214994,LOW,10
3016,860838,LOW,10
2956,290278,LOW,10
7701,429179,HIGH,1000
5092,121043,HIGH,1000
3247,256170,LOW,10
5847,44709,HIGH,1000
5098,923579,HIGH,1000
9572,559112,HIGH,1000
9733,430594,HIGH,1000
2847,648430,LOW,10
39,878757,LOW,10
8085,36326,HIGH,1000
9584,69166,HIGH,1000
7160,671603,HIGH,1000
3649,884613,LOW,10
6427,179789,HIGH,1000
4742,187498,LOW,10
9247,539652,HIGH,1000
850,900016,LOW,10
9673,327162,HIGH,1000
9859,951021,HIGH,1000
2074,984203,LOW,10
6004,126626,HIGH,1000
8168,30929,HIGH,1000
7435,376787,HIGH,1000
3070,704425,LOW,10
3738,555936,LOW,10
2673,814193,LOW,10
2422,93933,LOW,10
72,772351,LOW,10
819,698063,LOW,10
3363,867268,LOW,10
4688,687132,LOW,10
2289,214744,LOW,10
4652,807007,LOW,10
6610,814387,HIGH,1000
7646,652340,HIGH,1000
5108,254621,HIGH,1000
4496,938875,LOW,10
6621,15787,HIGH,1000
3120,707841,LOW,10
2751,298150,LOW,10
1412,832658,LOW,10
5960,198835,HIGH,1000
8687,107131,HIGH,1000
9263,955861,HIGH,1000
4842,236197,LOW,10
2968,369161,LOW,10
396,761058,LOW,10
5935,312966,HIGH,1000
841,801527,LOW,10
2283,535458,LOW,10
1621,318049,LOW,10
3399,244919,LOW,10
2972,623924,LOW,10
2368,389063,LOW,10
2426,989139,LOW,10
225,542017,LOW,10
1546,91843,LOW,10
2065,939585,LOW,10
6414,185796,HIGH,1000
4986,850630,LOW,10
7517,545186,HIGH,1000
1698,444642,LOW,10
5789,246375,HIGH,1000
8011,568833,HIGH,1000
9687,534583,HIGH,1000
488,297737,LOW,10
7533,589129,HIGH,1000
2589,772489,LOW,10
4627,452308,LOW,10
3024,779472,LOW,10
3441,998508,LOW,10
8589,708995,HIGH,1000
3752,519126,LOW,10
3165,884829,LOW,10
8233,48089,HIGH,1000
5326,793927,HIGH,1000
9600,218821,HIGH,1000
9355,454814,HIGH,1000
4190,127088,LOW,10
7639,203397,HIGH,1000
5520,240954,HIGH,1000
128,704906,LOW,10
8744,981351,HIGH,1000
8481,846699,HIGH,1000
4372,207532,LOW,10
8872,943428,HIGH,1000
2641,52668,LOW,10
7152,923343,HIGH,1000
6341,381219,HIGH,1000
2496,595339,LOW,10
6902,442458,HIGH,1000
5542,890902,HIGH,1000
3919,468833,LOW,10
6533,671653,HIGH,1000
7927,185930,HIGH,1000
8260,244402,HIGH,1000
3895,232724,LOW,10
1044,598978,LOW,10
3769,387917,LOW,10
7985,143623,HIGH,1000
9230,696101,HIGH,1000
5068,150042,HIGH,1000
4900,27980,LOW,10
9086,892033,HIGH,1000
4475,782656,LOW,10
9586,933940,HIGH,1000
4073,542969,LOW,10
5263,331930,HIGH,1000
526,391142,LOW,10
8346,444836,HIGH,1000
3713,995077,LOW,10
7476,661407,HIGH,1000
6422,901027,HIGH,1000
8992,538948,HIGH,1000
9485,275596,HIGH,1000
1617,981932,LOW,10
7267,319684,HIGH,1000
1305,385617,LOW,10
9911,875951,HIGH,1000
2375,700660,LOW,10
2778,340851,LOW,10
7586,145623,HIGH,1000
5317,707492,HIGH,1000
7285,123845,HIGH,1000
9036,564190,HIGH,1000
9500,542805,HIGH,1000
2803,887948,LOW,10
1682,570918,LOW,10
5407,87724,HIGH,1000
8678,593694,HIGH,1000
8679,376914,HIGH,1000
5365,4712,HIGH,1000
8554,378322,HIGH,1000
9106,656204,HIGH,1000
8555,978816,HIGH,1000
4604,339631,LOW,10
6110,389657,HIGH,1000
56,116256,LOW,10
8562,679785,HIGH,1000
9858,473201,HIGH,1000
4959,794745,LOW,10
9727,79907,HIGH,1000
6340,81776,HIGH,1000
9118,811587,HIGH,1000
4483,900341,LOW,10
8749,415658,HIGH,1000
7453,257758,HIGH,1000
6278,188898,HIGH,1000
1874,171764,LOW,10
1304,670577,LOW,10
2842,267703,LOW,10
7742,923551,HIGH,1000
2839,937738,LOW,10
2861,113893,LOW,10
7867,931106,HIGH,1000
8372,523755,HIGH,1000
6548,130767,HIGH,1000
6337,893542,HIGH,1000
1391,21314,LOW,10
2488,200981,LOW,10
955,720463,LOW,10
6879,360297,HIGH,1000
469,955441,LOW,10
4249,176148,LOW,10
8717,417622,HIGH,1000
799,111783,LOW,10
8304,289724,HIGH,1000
9210,972486,HIGH,1000
6123,808863,HIGH,1000
766,694722,LOW,10
2672,222163,LOW,10
6292,703194,HIGH,1000
7024,476775,HIGH,1000
8082,890152,HIGH,1000
4602,771295,LOW,10
9172,25188,HIGH,1000
517,23496,LOW,10
9588,268308,HIGH,1000
2037,948611,LOW,10
9570,286906,HIGH,1000
5745,386787,HIGH,1000
5725,106282,HIGH,1000
9064,161441,HIGH,1000
3823,456707,LOW,10
2394,911988,LOW,10
5368,903709,HIGH,1000
156,244159,LOW,10
3771,77859,LOW,10
571,928222,LOW,10
6052,426606,HIGH,1000
537,333473,LOW,10
266,25772,LOW,10
7635,584485,HIGH,1000
6850,367594,HIGH,1000
6938,408495,HIGH,1000
8051,890939,HIGH,1000
6413,302572,HIGH,1000
7452,890246,HIGH,1000
938,808851,LOW,10
1949,796544,LOW,10
7986,330791,HIGH,1000
5274,678231,HIGH,1000
1936,553179,LOW,10
3319,158096,LOW,10
1786,635425,LOW,10
3160,189809,LOW,10
2843,45976,LOW,10
5629,672558,HIGH,1000
603,692983,LOW,10
1041,558970,LOW,10
7482,782657,HIGH,1000
2223,291912,LOW,10
4151,345483,LOW,10
4530,503879,LOW,10
3527,523493,LOW,10
7121,292122,HIGH,1000
3886,476015,LOW,10
2191,695533,LOW,10
6634,446395,HIGH,1000
50,641177,LOW,10
6432,502930,HIGH,1000
891,870530,LOW,10
9927,925885,HIGH,1000
6671,936352,HIGH,1000
3037,196109,LOW,10
6,443963,LOW,10
6719,157062,HIGH,1000
126,937324,LOW,10
3615,884635,LOW,10
749,468285,LOW,10
6294,53377,HIGH,1000
5893,539383,HIGH,1000
405,351598,LOW,10
1260,601143,LOW,10
9567,909503,HIGH,1000
317,102001,LOW,10
3098,12599,LOW,10
1833,461758,LOW,10
138,612456,LOW,10
1913,254621,LOW,10
1346,23599,LOW,10
2298,913878,LOW,10
5351,393184,HIGH,1000
2964,33346,LOW,10
6800,777709,HIGH,1000
8971,359879,HIGH,1000
7061,456353,HIGH,1000
827,294573,LOW,10
7856,184630,HIGH,1000
9821,298386,HIGH,1000
7779,440550,HIGH,1000
3980,245914,LOW,10
2666,92211,LOW,10
6616,452238,HIGH,1000
2547,932719,LOW,10
320,765280,LOW,10
4284,443473,LOW,10
5499,835171,HIGH,1000
5781,53400,HIGH,1000
3103,664482,LOW,10
4743,725422,LOW,10
9864,497948,HIGH,1000
5985,687906,HIGH,1000
2719,293091,LOW,10
4334,489257,LOW,10
3547,235366,LOW,10
9502,184421,HIGH,1000
6276,468308,HIGH,1000
284,811905,LOW,10
61,925353,LOW,10
4868,938041,LOW,10
7484,303167,HIGH,1000
2709,494325,LOW,10
7383,88641,HIGH,1000
9533,257888,HIGH,1000
665,125662,LOW,10
89,625339,LOW,10
388,54703,LOW,10
2723,350642,LOW,10
3827,936458,LOW,10
9954,704379,HIGH,1000
3013,47933,LOW,10
6167,558387,HIGH,1000
6247,584253,HIGH,1000
348,899620,LOW,10
9581,48653,HIGH,1000
4818,476007,LOW,10
8926,572493,HIGH,1000
9651,468194,HIGH,1000
8106,911592,HIGH,1000
6788,837543,HIGH,1000
3058,979703,LOW,10
256,773798,LOW,10
9649,403708,HIGH,1000
5832,578034,HIGH,1000
4300,791629,LOW,10
2063,937540,LOW,10
1777,468735,LOW,10
1422,932036,LOW,10
3907,673263,LOW,10
7286,742325,HIGH,1000
323,288316,LOW,10
7819,13499,HIGH,1000
9814,850518,HIGH,1000
917,562246,LOW,10
8133,246343,HIGH,1000
9113,163177,HIGH,1000
4605,751377,LOW,10
5054,113025,HIGH,1000
1141,481816,LOW,10
8006,980127,HIGH,1000
8846,884957,HIGH,1000
7706,745513,HIGH,1000
6570,393826,HIGH,1000
3304,377978,LOW,10
4637,796242,LOW,10
9679,566730,HIGH,1000
5762,535962,HIGH,1000
8045,615742,HIGH,1000
3065,913297,LOW,10
5249,127478,HIGH,1000
4115,183387,LOW,10
9631,431506,HIGH,1000
6196,63729,HIGH,1000
3977,713755,LOW,10
8874,225767,HIGH,1000
7044,659568,HIGH,1000
2195,715689,LOW,10
3243,619615,LOW,10
2982,288062,LOW,10
3043,8457,LOW,10
3228,624336,LOW,10
34,293900,LOW,10
4094,326651,LOW,10
7610,597516,HIGH,1000
1605,130444,LOW,10
2346,827540,LOW,10
8493,677059,HIGH,1000
7560,459921,HIGH,1000
8373,330934,HIGH,1000
3034,308870,LOW,10
9713,784256,HIGH,1000
9449,783208,HIGH,1000
6203,743871,HIGH,1000
9949,850909,HIGH,1000
6316,185108,HIGH,1000
3497,97426,LOW,10
7570,997919,HIGH,1000
8203,422070,HIGH,1000
1784,334817,LOW,10
8900,826023,HIGH,1000
5608,865363,HIGH,1000
3759,43236,LOW,10
3023,569512,LOW,10
7054,896212,HIGH,1000
4434,426929,LOW,10
9729,927303,HIGH,1000
4498,347100,LOW,10
9061,125493,HIGH,1000
2944,801960,LOW,10
625,143709,LOW,10
5097,182812,HIGH,1000
7882,522007,HIGH,1000
4740,439780,LOW,10
9232,66914,HIGH,1000
4176,943729,LOW,10
6971,592140,HIGH,1000
2519,956486,LOW,10
9688,103500,HIGH,1000
1522,316536,LOW,10
1791,910738,LOW,10
36,9970,LOW,10
1573,653875,LOW,10
9020,166356,HIGH,1000
9881,391617,HIGH,1000
6030,643962,HIGH,1000
8083,481111,HIGH,1000
4292,881204,LOW,10
3601,789517,LOW,10
7568,134301,HIGH,1000
1601,951268,LOW,10
7827,10445,HIGH,1000
9496,865484,HIGH,1000
512,386745,LOW,10
5236,910161,HIGH,1000
8716,777864,HIGH,1000
7781,140853,HIGH,1000
3113,488890,LOW,10
4441,761768,LOW,10
6453,6202,HIGH,1000
160,838927,LOW,10
1727,160401,LOW,10
3550,524644,LOW,10
7952,975216,HIGH,1000
6467,858796,HIGH,1000
6284,207186,HIGH,1000
2806,126102,LOW,10
1801,682482,LOW,10
4195,315758,LOW,10
8806,173827,HIGH,1000
5990,568915,HIGH,1000
4048,702531,LOW,10
3187,404725,LOW,10
3480,606279,LOW,10
2083,37909,LOW,10
2533,686324,LOW,10
661,663063,LOW,10
939,274652,LOW,10
6280,325428,HIGH,1000
1498,737444,LOW,10
136,139778,LOW,10
776,62856,LOW,10
8616,192811,HIGH,1000
8289,66808,HIGH,1000
33,97624,LOW,10
3373,757948,LOW,10
4424,657037,LOW,10
4173,890488,LOW,10
3525,49514,LOW,10
7802,482392,HIGH,1000
6161,480528,HIGH,1000
7035,195042,HIGH,1000
4377,567465,LOW,10
8291,423216,HIGH,1000
2531,93564,LOW,10
5044,331281,HIGH,1000
3985,73574,LOW,10
2420,865219,LOW,10
250,572232,LOW,10
2544,567215,LOW,10
8459,862554,HIGH,1000
3258,726622,LOW,10
132,494664,LOW,10
6149,150621,HIGH,1000
6593,261918,HIGH,1000
6458,387822,HIGH,1000
2588,465370,LOW,10
1706,134875,LOW,10
6209,566168,HIGH,1000
6020,724414,HIGH,1000
3826,887575,LOW,10
7935,163571,HIGH,1000
7859,721008,HIGH,1000
2105,84452,LOW,10
1052,713220,LOW,10
9302,358982,HIGH,1000
1687,727199,LOW,10
5371,911844,HIGH,1000
246,40129,LOW,10
1619,267854,LOW,10
845,194016,LOW,10
1436,591090,LOW,10
9483,559933,HIGH,1000
6056,686465,HIGH,1000
440,183459,LOW,10
9819,529500,HIGH,1000
2933,383802,LOW,10
3292,484485,LOW,10
3223,880731,LOW,10
8560,1950,HIGH,1000
2592,460404,LOW,10
6137,434773,HIGH,1000
4730,585035,LOW,10
6301,846514,HIGH,1000
6002,637733,HIGH,1000
6485,418947,HIGH,1000
3603,360024,LOW,10
9208,614711,HIGH,1000
5815,803481,HIGH,1000
427,336426,LOW,10
5927,174058,HIGH,1000
2258,417557,LOW,10
1014,332945,LOW,10
6495,139584,HIGH,1000
4388,608150,LOW,10
1208,805310,LOW,10
2072,653456,LOW,10
3394,922156,LOW,10
2640,373588,LOW,10
9314,153074,HIGH,1000
9072,456530,HIGH,1000
5026,58176,HIGH,1000
244,222952,LOW,10
8033,295857,HIGH,1000
5248,748851,HIGH,1000
5746,657728,HIGH,1000
1667,193286,LOW,10
7277,82644,HIGH,1000
3913,278348,LOW,10
4547,186318,LOW,10
5445,81375,HIGH,1000
2133,845917,LOW,10
9015,411378,HIGH,1000
4595,537776,LOW,10
2689,983962,LOW,10
9344,440914,HIGH,1000
3366,794140,LOW,10
7241,527676,HIGH,1000
1300,844592,LOW,10
1408,62691,LOW,10
1370,41976,LOW,10
8866,166568,HIGH,1000
3658,674098,LOW,10
7352,799719,HIGH,1000
9358,299162,HIGH,1000
7257,177561,HIGH,1000
5918,600620,HIGH,1000
228,991714,LOW,10
7797,440821,HIGH,1000
9105,513544,HIGH,1000
877,50889,LOW,10
2035,362884,LOW,10
6268,381223,HIGH,1000
6586,158177,HIGH,1000
3468,510180,LOW,10
9109,593915,HIGH,1000
7011,804847,HIGH,1000
4514,252182,LOW,10
9996,43854,HIGH,1000
4984,685016,LOW,10
2163,840927,LOW,10
2482,731100,LOW,10
8924,661329,HIGH,1000
8657,192917,HIGH,1000
6394,438925,HIGH,1000
7175,541775,HIGH,1000
7131,826927,HIGH,1000
425,890202,LOW,10
7240,812163,HIGH,1000
8762,544877,HIGH,1000
5412,431849,HIGH,1000
2856,453689,LOW,10
1249,522199,LOW,10
862,164306,LOW,10
4093,24375,LOW,10
1583,440235,LOW,10
3378,263882,LOW,10
2693,7400,LOW,10
4684,905037,LOW,10
813,497331,LOW,10
273,757692,LOW,10
4947,423894,LOW,10
985,59943,LOW,10
3931,639370,LOW,10
261,116423,LOW,10
4506,159364,LOW,10
9310,585612,HIGH,1000
2029,539496,LOW,10
3031,374069,LOW,10
6760,444260,HIGH,1000
9971,575321,HIGH,1000
1217,567388,LOW,10
2200,865601,LOW,10
4165,545621,LOW,10
7430,543187,HIGH,1000
5497,821997,HIGH,1000
4413,450651,LOW,10
2644,854652,LOW,10
5552,969619,HIGH,1000
5376,811996,HIGH,1000
6860,809340,HIGH,1000
3312,848428,LOW,10
7093,75487,HIGH,1000
7548,234136,HIGH,1000
5617,599761,HIGH,1000
8163,973499,HIGH,1000
9667,482382,HIGH,1000
7672,329819,HIGH,1000
2728,82772,LOW,10
2668,358621,LOW,10
7485,831269,HIGH,1000
4889,307356,LOW,10
4853,536723,LOW,10
3635,829607,LOW,10
8742,524105,HIGH,1000
6782,140190,HIGH,1000
5333,162758,HIGH,1000
6641,720706,HIGH,1000
8681,21218,HIGH,1000
785,615300,LOW,10
2618,534110,LOW,10
695,460732,LOW,10
253,169885,LOW,10
7813,488902,HIGH,1000
1937,92714,LOW,10
7104,206696,HIGH,1000
3506,835734,LOW,10
682,174198,LOW,10
4616,869368,LOW,10
3200,147855,LOW,10
1296,652399,LOW,10
7743,462356,HIGH,1000
6208,881212,HIGH,1000
5466,429424,HIGH,1000
7545,992173,HIGH,1000
1836,726703,LOW,10
569,469560,LOW,10
9459,630517,HIGH,1000
5199,128113,HIGH,1000
2305,152585,LOW,10
3374,729093,LOW,10
4088,477332,LOW,10
7130,462926,HIGH,1000
8101,980307,HIGH,1000
8167,23261,HIGH,1000
9967,305281,HIGH,1000
5638,989033,HIGH,1000
8734,51739,HIGH,1000
6877,638607,HIGH,1000
6632,807706,HIGH,1000
1001,329665,LOW,10
637,101460,LOW,10
6206,24324,HIGH,1000
2048,670193,LOW,10
7968,378541,HIGH,1000
1831,148891,LOW,10
675,340413,LOW,10
1785,891515,LOW,10
3330,723894,LOW,10
8675,728495,HIGH,1000
953,672462,LOW,10
2365,362423,LOW,10
9328,279978,HIGH,1000
7788,449645,HIGH,1000
6519,530484,HIGH,1000
3053,606822,LOW,10
5894,3121,HIGH,1000
5600,692138,HIGH,1000
3687,347008,LOW,10
7384,52796,HIGH,1000
9408,384291,HIGH,1000
5734,668385,HIGH,1000
903,302889,LOW,10
1849,510942,LOW,10
6771,358906,HIGH,1000
8658,186154,HIGH,1000
7155,101629,HIGH,1000
4239,275664,LOW,10
4960,803717,LOW,10
9606,447213,HIGH,1000
7378,909077,HIGH,1000
4057,446241,LOW,10
143,183243,LOW,10
1330,88515,LOW,10
7789,410371,HIGH,1000
8547,931531,HIGH,1000
8798,440673,HIGH,1000
4940,428488,LOW,10
2524,891080,LOW,10
2959,949103,LOW,10
8325,952864,HIGH,1000
7994,689072,HIGH,1000
8146,895024,HIGH,1000
7601,188630,HIGH,1000
8511,819050,HIGH,1000
8943,673796,HIGH,1000
2878,576472,LOW,10
797,994171,LOW,10
1677,543457,LOW,10
8247,62075,HIGH,1000
6975,53047,HIGH,1000
7790,70599,HIGH,1000
7690,971407,HIGH,1000
9926,794071,HIGH,1000
7079,31581,HIGH,1000
3231,720888,LOW,10
4286,750844,LOW,10
7817,505306,HIGH,1000
7450,912159,HIGH,1000
4486,189598,LOW,10
6335,228339,HIGH,1000
888,639151,LOW,10
479,483307,LOW,10
4565,344110,LOW,10
1958,681807,LOW,10
8003,843970,HIGH,1000
1403,962775,LOW,10
8526,378800,HIGH,1000
9018,397888,HIGH,1000
8980,876059,HIGH,1000
3340,870797,LOW,10
869,369592,LOW,10
38,492955,LOW,10
8763,338444,HIGH,1000
8664,784108,HIGH,1000
634,336955,LOW,10
7852,672916,HIGH,1000
480,428761,LOW,10
9548,683532,HIGH,1000
9370,928216,HIGH,1000
2612,18929,LOW,10
806,62983,LOW,10
5377,154919,HIGH,1000
2071,580358,LOW,10
6120,470727,HIGH,1000
3906,186761,LOW,10
8732,564002,HIGH,1000
5821,988128,HIGH,1000
2800,425501,LOW,10
9643,899463,HIGH,1000
6198,60056,HIGH,1000
515,12936,LOW,10
339,166502,LOW,10
9959,198903,HIGH,1000
9758,499200,HIGH,1000
4991,177432,LOW,10
9213,447453,HIGH,1000
8424,251613,HIGH,1000
3289,815584,LOW,10
6818,462710,HIGH,1000
3702,568466,LOW,10
9187,683687,HIGH,1000
9768,218249,HIGH,1000
9491,293531,HIGH,1000
7558,702042,HIGH,1000
7460,302275,HIGH,1000
5978,176760,HIGH,1000
772,116324,LOW,10
7961,115417,HIGH,1000
6658,28256,HIGH,1000
3644,277107,LOW,10
5902,459811,HIGH,1000
7339,402748,HIGH,1000
7962,786023,HIGH,1000
7203,250540,HIGH,1000
7075,840064,HIGH,1000
6068,605874,HIGH,1000
8229,36288,HIGH,1000
3685,292798,LOW,10
914,696006,LOW,10
8904,343543,HIGH,1000
751,954851,LOW,10
4974,624608,LOW,10
8243,121901,HIGH,1000
6144,359177,HIGH,1000
3924,557846,LOW,10
4170,64908,LOW,10
7088,853789,HIGH,1000
1266,884883,LOW,10
558,826117,LOW,10
9024,159863,HIGH,1000
1389,994248,LOW,10
2290,124764,LOW,10
4075,116968,LOW,10
2908,536575,LOW,10
8933,536373,HIGH,1000
3690,716167,LOW,10
7377,632605,HIGH,1000
1396,748938,LOW,10
4587,569959,LOW,10
8296,514950,HIGH,1000
8893,659373,HIGH,1000
4295,602461,LOW,10
9133,936400,HIGH,1000
709,97530,LOW,10
1720,597576,LOW,10
8030,654850,HIGH,1000
5949,391643,HIGH,1000
8746,50822,HIGH,1000
1795,825661,LOW,10
2708,394954,LOW,10
1740,967575,LOW,10
2567,627768,LOW,10
5078,694424,HIGH,1000
5896,785168,HIGH,1000
9542,6750,HIGH,1000
6390,486689,HIGH,1000
2199,360721,LOW,10
889,171532,LOW,10
2745,214766,LOW,10
7976,24823,HIGH,1000
4215,792274,LOW,10
227,907545,LOW,10
3417,856510,LOW,10
6713,801995,HIGH,1000
7673,381050,HIGH,1000
791,643327,LOW,10
4430,338100,LOW,10
1950,957310,LOW,10
6836,413969,HIGH,1000
465,57017,LOW,10
8395,657248,HIGH,1000
6058,836490,HIGH,1000
2120,397262,LOW,10
4582,366617,LOW,10
2914,915285,LOW,10
8565,394496,HIGH,1000
8645,917241,HIGH,1000
528,764975,LOW,10
7389,866135,HIGH,1000
7760,877221,HIGH,1000
4895,844277,LOW,10
3976,166846,LOW,10
341,925371,LOW,10
8996,522118,HIGH,1000
7724,415830,HIGH,1000
8701,739105,HIGH,1000
4911,117764,LOW,10
2176,724165,LOW,10
502,867262,LOW,10
4123,5562,LOW,10
1625,209605,LOW,10
5229,385515,HIGH,1000
1502,909735,LOW,10
6532,679172,HIGH,1000
6960,261684,HIGH,1000
6190,282624,HIGH,1000
9383,18443,HIGH,1000
6726,144739,HIGH,1000
6572,299049,HIGH,1000
809,160119,LOW,10
9653,920367,HIGH,1000
2041,327365,LOW,10
9800,223468,HIGH,1000
470,538445,LOW,10
734,739742,LOW,10
7666,548679,HIGH,1000
9557,719462,HIGH,1000
4025,356665,LOW,10
1689,188451,LOW,10
6536,7885,HIGH,1000
1507,561533,LOW,10
9903,525705,HIGH,1000
5145,877351,HIGH,1000
5012,967751,HIGH,1000
4397,290882,LOW,10
4646,362164,LOW,10
371,645307,LOW,10
7829,243597,HIGH,1000
1888,634822,LOW,10
7172,163672,HIGH,1000
1073,413890,LOW,10
4648,459922,LOW,10
8777,487993,HIGH,1000
3096,261287,LOW,10
4129,736563,LOW,10
7328,232728,HIGH,1000
1139,850382,LOW,10
6245,675821,HIGH,1000
6773,327526,HIGH,1000
283,885293,LOW,10
8975,231583,HIGH,1000
7305,463578,HIGH,1000
5795,789091,HIGH,1000
7875,7480,HIGH,1000
8899,426703,HIGH,1000
4135,144402,LOW,10
7582,770070,HIGH,1000
753,721981,LOW,10
7466,854246,HIGH,1000
2682,582221,LOW,10
4683,419302,LOW,10
79,423245,LOW,10
5400,488770,HIGH,1000
1112,909312,LOW,10
5238,186417,HIGH,1000
249,816681,LOW,10
2332,386699,LOW,10
8619,694780,HIGH,1000
4018,8090,LOW,10
7174,643680,HIGH,1000
8892,189093,HIGH,1000
7353,960898,HIGH,1000
1988,933229,LOW,10
2429,831287,LOW,10
4383,624553,LOW,10
1213,280761,LOW,10
6035,998325,HIGH,1000
3175,312386,LOW,10
10,859876,LOW,10
5998,810977,HIGH,1000
8094,583806,HIGH,1000
8015,68567,HIGH,1000
5233,107501,HIGH,1000
3841,90264,LOW,10
5150,861434,HIGH,1000
5828,860292,HIGH,1000
6169,744982,HIGH,1000
6071,25342,HIGH,1000
9197,446395,HIGH,1000
6811,500810,HIGH,1000
3622,354210,LOW,10
8506,589281,HIGH,1000
2518,576915,LOW,10
8843,63931,HIGH,1000
4240,118759,LOW,10
3488,500922,LOW,10
4038,216780,LOW,10
5025,7987,HIGH,1000
3627,499290,LOW,10
8736,805795,HIGH,1000
7951,53248,HIGH,1000
7987,544377,HIGH,1000
9284,60971,HIGH,1000
9260,305792,HIGH,1000
8150,523239,HIGH,1000
8235,811925,HIGH,1000
1348,2114,LOW,10
5680,125096,HIGH,1000
2773,559240,LOW,10
6753,156202,HIGH,1000
5123,62392,HIGH,1000
6182,866182,HIGH,1000
8928,107009,HIGH,1000
7446,940767,HIGH,1000
3284,271292,LOW,10
7228,227186,HIGH,1000
764,142893,LOW,10
5730,407548,HIGH,1000
5992,731637,HIGH,1000
1482,421903,LOW,10
3424,473106,LOW,10
1806,787541,LOW,10
8483,860491,HIGH,1000
1637,491109,LOW,10
4821,879063,LOW,10
4042,338392,LOW,10
5848,504530,HIGH,1000
2016,900427,LOW,10
2575,553579,LOW,10
5210,588655,HIGH,1000
2159,296837,LOW,10
4474,164728,LOW,10
6392,810203,HIGH,1000
1108,842523,LOW,10
9518,247058,HIGH,1000
5096,478239,HIGH,1000
2522,233722,LOW,10
9778,285823,HIGH,1000
2620,271229,LOW,10
8105,45680,HIGH,1000
6500,601638,HIGH,1000
8968,901906,HIGH,1000
4468,173732,LOW,10
9364,502395,HIGH,1000
2326,25789,LOW,10
6430,310482,HIGH,1000
3156,467284,LOW,10
1630,600348,LOW,10
6067,440298,HIGH,1000
9580,161649,HIGH,1000
4814,165232,LOW,10
3502,620388,LOW,10
8219,637314,HIGH,1000
8864,476778,HIGH,1000
1486,664368,LOW,10
1499,286510,LOW,10
6084,628719,HIGH,1000
6673,928273,HIGH,1000
5393,57274,HIGH,1000
4655,157130,LOW,10
6822,672272,HIGH,1000
3583,711384,LOW,10
7874,341520,HIGH,1000
2481,326296,LOW,10
3186,308904,LOW,10
6465,762200,HIGH,1000
4803,130179,LOW,10
8830,910412,HIGH,1000
9899,225741,HIGH,1000
8460,31182,HIGH,1000
2202,660920,LOW,10
5088,212780,HIGH,1000
3573,282950,LOW,10
3626,218837,LOW,10
7518,764214,HIGH,1000
2528,301191,LOW,10
6503,233842,HIGH,1000
8024,842872,HIGH,1000
4704,755618,LOW,10
3007,212719,LOW,10
1889,6864,LOW,10
9134,588844,HIGH,1000
1042,806740,LOW,10
9181,351243,HIGH,1000
9787,949160,HIGH,1000
9365,767031,HIGH,1000
5037,544155,HIGH,1000
6600,470492,HIGH,1000
9648,926519,HIGH,1000
7463,973802,HIGH,1000
4311,191034,LOW,10
1067,785052,LOW,10
9624,688401,HIGH,1000
6766,940113,HIGH,1000
9526,872267,HIGH,1000
4970,15755,LOW,10
5010,347868,HIGH,1000
62,229336,LOW,10
4619,539511,LOW,10
2403,354173,LOW,10
6675,741807,HIGH,1000
9221,623416,HIGH,1000
3975,834305,LOW,10
9908,160433,HIGH,1000
4134,792005,LOW,10
9678,574048,HIGH,1000
585,357926,LOW,10
8635,240046,HIGH,1000
9350,757576,HIGH,1000
2822,315538,LOW,10
6803,958301,HIGH,1000
6506,944583,HIGH,1000
8258,40023,HIGH,1000
389,218024,LOW,10
3820,890671,LOW,10
7468,834801,HIGH,1000
3618,520671,LOW,10
8197,236036,HIGH,1000
9891,933116,HIGH,1000
436,744591,LOW,10
8434,221967,HIGH,1000
912,964436,LOW,10
4850,241921,LOW,10
5093,161432,HIGH,1000
8344,582028,HIGH,1000
1111,388675,LOW,10
9658,935705,HIGH,1000
4463,387137,LOW,10
5943,542000,HIGH,1000
2913,509874,LOW,10
8665,193553,HIGH,1000
6371,596809,HIGH,1000
3973,552555,LOW,10
2611,287239,LOW,10
5881,794993,HIGH,1000
1142,816584,LOW,10
9936,3629,HIGH,1000
3559,831513,LOW,10
8093,821140,HIGH,1000
649,990897,LOW,10
5367,863933,HIGH,1000
3297,367110,LOW,10
3904,54259,LOW,10
2509,221855,LOW,10
5562,106021,HIGH,1000
2254,928407,LOW,10
9722,425518,HIGH,1000
9035,99834,HIGH,1000
8597,902491,HIGH,1000
3012,77686,LOW,10
7755,875571,HIGH,1000
7475,488790,HIGH,1000
3205,152846,LOW,10
1719,865084,LOW,10
8038,649417,HIGH,1000
9853,200349,HIGH,1000
6941,477377,HIGH,1000
2453,450814,LOW,10
1926,259817,LOW,10
3017,381096,LOW,10
8147,471079,HIGH,1000
8588,330500,HIGH,1000
817,7353,LOW,10
7766,106666,HIGH,1000
5141,885894,HIGH,1000
8533,176603,HIGH,1000
2413,990657,LOW,10
3646,430426,LOW,10
1161,177624,LOW,10
3934,103744,LOW,10
7913,385312,HIGH,1000
5217,719933,HIGH,1000
5363,998993,HIGH,1000
1600,929449,LOW,10
5527,203432,HIGH,1000
6575,958810,HIGH,1000
1820,521727,LOW,10
7010,408330,HIGH,1000
1054,327523,LOW,10
328,925329,LOW,10
3300,353838,LOW,10
2658,763163,LOW,10
9046,553065,HIGH,1000
4917,48036,LOW,10
8743,892972,HIGH,1000
6080,402939,HIGH,1000
767,468628,LOW,10
3514,332768,LOW,10
2449,701985,LOW,10
2767,908107,LOW,10
9142,901707,HIGH,1000
7124,920817,HIGH,1000
6905,284978,HIGH,1000
3196,997607,LOW,10
5989,871377,HIGH,1000
1960,853585,LOW,10
2464,888803,LOW,10
2331,216739,LOW,10
3047,849302,LOW,10
6157,450436,HIGH,1000
8568,430712,HIGH,1000
7521,571129,HIGH,1000
2981,145391,LOW,10
6213,67507,HIGH,1000
3604,643662,LOW,10
5347,815858,HIGH,1000
4389,678264,LOW,10
1031,571916,LOW,10
4225,169828,LOW,10
8169,943824,HIGH,1000
6239,969613,HIGH,1000
2782,5099,LOW,10
4830,94073,LOW,10
6398,951929,HIGH,1000
6029,203211,HIGH,1000
3728,390958,LOW,10
8164,274830,HIGH,1000
8010,828125,HIGH,1000
501,630985,LOW,10
5578,141111,HIGH,1000
8656,890838,HIGH,1000
4770,340695,LOW,10
4594,187047,LOW,10
3443,919875,LOW,10
918,471707,LOW,10
7736,71284,HIGH,1000
9985,738228,HIGH,1000
8115,840851,HIGH,1000
4331,107977,LOW,10
4851,763008,LOW,10
5471,553548,HIGH,1000
6649,576047,HIGH,1000
930,510393,LOW,10
4899,777971,LOW,10
4890,196463,LOW,10
8676,266816,HIGH,1000
4958,789386,LOW,10
4495,534079,LOW,10
3682,298188,LOW,10
6664,453902,HIGH,1000
8270,582133,HIGH,1000
1608,209236,LOW,10
4351,249672,LOW,10
2794,79932,LOW,10
8027,226383,HIGH,1000
1428,175074,LOW,10
3204,891441,LOW,10
8949,329114,HIGH,1000
6991,710853,HIGH,1000
6088,673974,HIGH,1000
7398,407489,HIGH,1000
3805,987075,LOW,10
4089,414209,LOW,10
245,796475,LOW,10
4719,195569,LOW,10
2990,724527,LOW,10
8264,462337,HIGH,1000
8797,868734,HIGH,1000
4550,620945,LOW,10
7513,69399,HIGH,1000
429,248425,LOW,10
3684,76255,LOW,10
2948,609248,LOW,10
1191,861814,LOW,10
8723,861854,HIGH,1000
3361,492347,LOW,10
1803,185036,LOW,10
6520,125262,HIGH,1000
5783,427672,HIGH,1000
4561,708530,LOW,10
1857,307340,LOW,10
7179,677515,HIGH,1000
5200,484659,HIGH,1000
4034,328589,LOW,10
466,8219,LOW,10
4406,825484,LOW,10
4504,332280,LOW,10
6438,752003,HIGH,1000
2681,586605,LOW,10
4197,763128,LOW,10
9078,816682,HIGH,1000
4505,100741,LOW,10
3755,437210,LOW,10
782,184310,LOW,10
9424,994476,HIGH,1000
6545,650482,HIGH,1000
600,374551,LOW,10
7627,878274,HIGH,1000
3335,367460,LOW,10
9813,602358,HIGH,1000
3623,261024,LOW,10
3397,539858,LOW,10
2279,895900,LOW,10
6289,843635,HIGH,1000
5024,661755,HIGH,1000
8902,531230,HIGH,1000
8231,386132,HIGH,1000
2324,763881,LOW,10
6101,349077,HIGH,1000
8985,617153,HIGH,1000
4926,545447,LOW,10
3153,783630,LOW,10
4142,457963,LOW,10
7536,40111,HIGH,1000
5805,28121,HIGH,1000
630,53780,LOW,10
6051,688249,HIGH,1000
449,796594,LOW,10
2903,533445,LOW,10
8989,28682,HIGH,1000
9093,982510,HIGH,1000
8477,475906,HIGH,1000
8012,82655,HIGH,1000
76,543534,LOW,10
5864,388959,HIGH,1000
7151,274029,HIGH,1000
5395,11508,HIGH,1000
597,438772,LOW,10
6130,41802,HIGH,1000
3819,33011,LOW,10
2997,950568,LOW,10
7017,907985,HIGH,1000
4503,404174,LOW,10
664,679460,LOW,10
8889,940345,HIGH,1000
2130,638982,LOW,10
9871,446396,HIGH,1000
5852,695518,HIGH,1000
922,668011,LOW,10
3062,799380,LOW,10
7469,288622,HIGH,1000
5558,15751,HIGH,1000
196,670618,LOW,10
1548,351903,LOW,10
5790,135685,HIGH,1000
9258,325076,HIGH,1000
6716,207942,HIGH,1000
118,682149,LOW,10
3606,640797,LOW,10
840,563915,LOW,10
9685,859733,HIGH,1000
4199,48538,LOW,10
964,439509,LOW,10
1662,483950,LOW,10
8502,53031,HIGH,1000
9057,180850,HIGH,1000
8591,763420,HIGH,1000
4901,537206,LOW,10
6799,390669,HIGH,1000
2319,428720,LOW,10
5501,218229,HIGH,1000
5569,193021,HIGH,1000
6131,367840,HIGH,1000
4724,157409,LOW,10
5080,344446,HIGH,1000
4113,503463,LOW,10
2121,134878,LOW,10
1892,796282,LOW,10
7072,704629,HIGH,1000
873,564591,LOW,10
7080,254434,HIGH,1000
1093,716346,LOW,10
9431,190735,HIGH,1000
4095,7133,LOW,10
6807,862833,HIGH,1000
2951,981437,LOW,10
4607,911048,LOW,10
8249,830950,HIGH,1000
9203,677370,HIGH,1000
9659,689515,HIGH,1000
6382,478737,HIGH,1000
4563,233607,LOW,10
5511,255486,HIGH,1000
4578,296319,LOW,10
830,500176,LOW,10
8465,780870,HIGH,1000
6431,19475,HIGH,1000
1068,562629,LOW,10
9863,195046,HIGH,1000
9970,641474,HIGH,1000
2792,336557,LOW,10
8131,177491,HIGH,1000
3369,4314,LOW,10
4824,245087,LOW,10
1816,646997,LOW,10
7491,293935,HIGH,1000
3135,567125,LOW,10
8475,45941,HIGH,1000
1664,6208,LOW,10
604,746410,LOW,10
9762,10068,HIGH,1000
5050,854804,HIGH,1000
802,451525,LOW,10
4426,20125,LOW,10
9058,848298,HIGH,1000
6076,169578,HIGH,1000
4206,76176,LOW,10
4037,788667,LOW,10
7865,814663,HIGH,1000
7543,840721,HIGH,1000
3344,217440,LOW,10
5375,57096,HIGH,1000
8406,771128,HIGH,1000
9559,598979,HIGH,1000
420,408402,LOW,10
5358,220693,HIGH,1000
9617,930779,HIGH,1000
5579,502191,HIGH,1000
4174,718971,LOW,10
1898,859336,LOW,10
9356,953343,HIGH,1000
7407,274957,HIGH,1000
4154,808294,LOW,10
8942,413204,HIGH,1000
9870,343123,HIGH,1000
7333,47517,HIGH,1000
5851,756013,HIGH,1000
1987,530631,LOW,10
5043,213088,HIGH,1000
204,263242,LOW,10
4449,100214,LOW,10
8043,169835,HIGH,1000
2116,416666,LOW,10
7317,558308,HIGH,1000
5172,754922,HIGH,1000
4834,846818,LOW,10
8812,206143,HIGH,1000
9074,172641,HIGH,1000
3389,760654,LOW,10
9031,153038,HIGH,1000
2508,111261,LOW,10
7062,221814,HIGH,1000
5339,968511,HIGH,1000
6623,910702,HIGH,1000
5550,775384,HIGH,1000
8480,38337,HIGH,1000
1151,201263,LOW,10
6096,302766,HIGH,1000
4067,299902,LOW,10
9202,980919,HIGH,1000
1832,332564,LOW,10
2992,656445,LOW,10
6986,671204,HIGH,1000
8336,476580,HIGH,1000
1016,335815,LOW,10
1968,746148,LOW,10
8927,881118,HIGH,1000
3510,834153,LOW,10
9622,301757,HIGH,1000
2097,600538,LOW,10
3242,962209,LOW,10
5175,128553,HIGH,1000
865,22716,LOW,10
8314,330444,HIGH,1000
2262,678135,LOW,10
7263,280044,HIGH,1000
483,576759,LOW,10
247,170487,LOW,10
6693,720701,HIGH,1000
3714,566558,LOW,10
324,802891,LOW,10
2563,742352,LOW,10
7778,510369,HIGH,1000
5656,360719,HIGH,1000
5117,76227,HIGH,1000
4690,921411,LOW,10
1797,920508,LOW,10
9333,728613,HIGH,1000
3670,77578,LOW,10
1844,273259,LOW,10
2038,30561,LOW,10
5928,594558,HIGH,1000
8711,683608,HIGH,1000
9942,737304,HIGH,1000
8569,139610,HIGH,1000
9437,200807,HIGH,1000
8349,485853,HIGH,1000
5062,393338,HIGH,1000
1957,643129,LOW,10
935,33641,LOW,10
3807,990391,LOW,10
9955,46389,HIGH,1000
2179,798230,LOW,10
989,799584,LOW,10
7437,101038,HIGH,1000
2177,510768,LOW,10
2604,428944,LOW,10
5788,50926,HIGH,1000
6952,52636,HIGH,1000
4997,782410,LOW,10
4302,928294,LOW,10
2352,176333,LOW,10
3444,104466,LOW,10
7782,818378,HIGH,1000
9185,818763,HIGH,1000
2301,849239,LOW,10
1823,429644,LOW,10
5472,288471,HIGH,1000
6105,133086,HIGH,1000
4327,224679,LOW,10
932,901762,LOW,10
1584,643558,LOW,10
5684,639217,HIGH,1000
2049,215028,LOW,10
4753,93096,LOW,10
6923,244277,HIGH,1000
9582,971042,HIGH,1000
7629,410792,HIGH,1000
7772,579859,HIGH,1000
8208,341533,HIGH,1000
900,85893,LOW,10
1504,372829,LOW,10
1480,765222,LOW,10
9205,119120,HIGH,1000
3084,722769,LOW,10
5234,173536,HIGH,1000
6665,764640,HIGH,1000
9901,385406,HIGH,1000
1830,975685,LOW,10
7896,105732,HIGH,1000
5842,432292,HIGH,1000
674,787993,LOW,10
2025,27606,LOW,10
1062,161347,LOW,10
5970,432091,HIGH,1000
2583,624446,LOW,10
8912,495721,HIGH,1000
3487,166264,LOW,10
6501,36902,HIGH,1000
3177,71204,LOW,10
7509,731135,HIGH,1000
7464,440043,HIGH,1000
1514,564733,LOW,10
9335,407534,HIGH,1000
9994,271988,HIGH,1000
3428,818781,LOW,10
3536,127932,LOW,10
9006,882420,HIGH,1000
1430,799635,LOW,10
7608,685605,HIGH,1000
1364,816777,LOW,10
2402,195002,LOW,10
6932,558723,HIGH,1000
4316,438431,LOW,10
4312,402627,LOW,10
9398,776332,HIGH,1000
1825,964698,LOW,10
5622,716060,HIGH,1000
798,628644,LOW,10
5785,739925,HIGH,1000
300,783624,LOW,10
2507,295251,LOW,10
8719,491344,HIGH,1000
1050,993118,LOW,10
6154,824898,HIGH,1000
1916,879252,LOW,10
9198,55273,HIGH,1000
5858,587833,HIGH,1000
3707,503433,LOW,10
4076,272246,LOW,10
838,888108,LOW,10
6806,486319,HIGH,1000
9095,582880,HIGH,1000
2198,474023,LOW,10
358,28831,LOW,10
7168,197203,HIGH,1000
7879,623528,HIGH,1000
3266,505050,LOW,10
5853,266949,HIGH,1000
2930,638919,LOW,10
4564,676076,LOW,10
5064,948936,HIGH,1000
9519,560778,HIGH,1000
3809,349035,LOW,10
4447,485505,LOW,10
1763,862054,LOW,10
7368,42982,HIGH,1000
2421,269795,LOW,10
545,101509,LOW,10
6039,569056,HIGH,1000
6906,995103,HIGH,1000
1475,194542,LOW,10
5530,425557,HIGH,1000
2857,542430,LOW,10
281,563652,LOW,10
9747,473094,HIGH,1000
8327,172612,HIGH,1000
8211,879040,HIGH,1000
4152,520215,LOW,10
4171,815718,LOW,10
3471,583334,LOW,10
8839,175072,HIGH,1000
3516,390138,LOW,10
8629,111119,HIGH,1000
9037,432992,HIGH,1000
8029,844286,HIGH,1000
7459,177680,HIGH,1000
6595,309828,HIGH,1000
5555,333921,HIGH,1000
1709,34779,LOW,10
9825,142922,HIGH,1000
3143,152782,LOW,10
3773,482593,LOW,10
3275,959590,LOW,10
6211,283299,HIGH,1000
9785,585180,HIGH,1000
498,13465,LOW,10
3891,842251,LOW,10
8341,771036,HIGH,1000
363,566166,LOW,10
7705,466871,HIGH,1000
6612,622830,HIGH,1000
4875,164215,LOW,10
8500,80923,HIGH,1000
3996,734360,LOW,10
355,55803,LOW,10
1163,577885,LOW,10
2470,966718,LOW,10
1377,403981,LOW,10
7223,622015,HIGH,1000
84,963510,LOW,10
2848,453070,LOW,10
9664,830851,HIGH,1000
9894,623016,HIGH,1000
5163,967497,HIGH,1000
9492,930352,HIGH,1000
8590,43588,HIGH,1000
7603,779192,HIGH,1000
9589,25079,HIGH,1000
1030,278113,LOW,10
6036,504088,HIGH,1000
4084,322311,LOW,10
3689,27253,LOW,10
3735,440798,LOW,10
5465,176884,HIGH,1000
5729,259082,HIGH,1000
8305,723106,HIGH,1000
7236,915889,HIGH,1000
6424,769268,HIGH,1000
7883,955505,HIGH,1000
9791,112202,HIGH,1000
2235,340423,LOW,10
3726,364896,LOW,10
8770,971723,HIGH,1000
1586,608367,LOW,10
4058,486546,LOW,10
5534,286303,HIGH,1000
1992,867064,LOW,10
8634,29567,HIGH,1000
6712,915353,HIGH,1000
8091,285874,HIGH,1000
9654,497434,HIGH,1000
7633,411695,HIGH,1000
7280,9505,HIGH,1000
4481,324745,LOW,10
8964,392247,HIGH,1000
4283,713467,LOW,10
6752,236419,HIGH,1000
7063,600229,HIGH,1000
4596,725032,LOW,10
7454,110951,HIGH,1000
5561,28707,HIGH,1000
4306,549802,LOW,10
5601,248350,HIGH,1000
8686,602333,HIGH,1000
5950,691609,HIGH,1000
3422,691987,LOW,10
8466,107507,HIGH,1000
9071,678715,HIGH,1000
2334,754390,LOW,10
8793,34836,HIGH,1000
1184,325738,LOW,10
9603,269249,HIGH,1000
1376,887465,LOW,10
6494,969712,HIGH,1000
5345,854709,HIGH,1000
815,83422,LOW,10
7609,887660,HIGH,1000
8673,239779,HIGH,1000
2637,810262,LOW,10
6892,667381,HIGH,1000
7221,196676,HIGH,1000
8025,490793,HIGH,1000
3946,414150,LOW,10
4470,570291,LOW,10
5639,172009,HIGH,1000
6734,961410,HIGH,1000
5879,765134,HIGH,1000
9439,980078,HIGH,1000
7578,891257,HIGH,1000
6354,581231,HIGH,1000
6479,948361,HIGH,1000
1761,649179,LOW,10
9724,347226,HIGH,1000
7312,971679,HIGH,1000
255,236198,LOW,10
7232,801283,HIGH,1000
6898,150818,HIGH,1000
4022,33183,LOW,10
5134,608638,HIGH,1000
4480,580030,LOW,10
134,923985,LOW,10
365,257078,LOW,10
3581,479065,LOW,10
9320,384027,HIGH,1000
9731,970152,HIGH,1000
7729,123940,HIGH,1000
4070,107996,LOW,10
3440,578941,LOW,10
1490,322952,LOW,10
5882,58403,HIGH,1000
9736,954312,HIGH,1000
2206,197632,LOW,10
5223,100443,HIGH,1000
9241,297043,HIGH,1000
7674,809046,HIGH,1000
609,901774,LOW,10
8224,381785,HIGH,1000
8437,125163,HIGH,1000
2819,177158,LOW,10
66,257511,LOW,10
2643,465183,LOW,10
8378,200137,HIGH,1000
4864,207256,LOW,10
1017,88745,LOW,10
383,443366,LOW,10
2671,3272,LOW,10
9683,732370,HIGH,1000
3760,133897,LOW,10
5094,951376,HIGH,1000
8898,313835,HIGH,1000
6012,879803,HIGH,1000
8383,141766,HIGH,1000
933,191549,LOW,10
45,313648,LOW,10
5429,795969,HIGH,1000
7805,189066,HIGH,1000
6768,890466,HIGH,1000
1645,319952,LOW,10
9487,741782,HIGH,1000
5030,596950,HIGH,1000
3139,766035,LOW,10
1845,796835,LOW,10
6261,513953,HIGH,1000
999,945461,LOW,10
2928,181546,LOW,10
9735,351108,HIGH,1000
2962,46297,LOW,10
2154,933636,LOW,10
6762,84286,HIGH,1000
1069,839134,LOW,10
307,535367,LOW,10
3867,105429,LOW,10
1432,869784,LOW,10
2876,662668,LOW,10
9148,797476,HIGH,1000
7127,525087,HIGH,1000
2606,214956,LOW,10
6553,329522,HIGH,1000
5903,805019,HIGH,1000
6698,10118,HIGH,1000
1055,227032,LOW,10
5800,114613,HIGH,1000
7477,481266,HIGH,1000
8628,292329,HIGH,1000
7256,622726,HIGH,1000
5532,830531,HIGH,1000
9273,329248,HIGH,1000
783,840599,LOW,10
6537,500517,HIGH,1000
2493,284336,LOW,10
2013,185122,LOW,10
2046,642035,LOW,10
7271,74991,HIGH,1000
6148,96339,HIGH,1000
3657,43771,LOW,10
8640,219772,HIGH,1000
5168,1905,HIGH,1000
4765,218740,LOW,10
6643,914722,HIGH,1000
2188,888579,LOW,10
8594,614549,HIGH,1000
5641,385057,HIGH,1000
4207,665553,LOW,10
9091,494721,HIGH,1000
4886,289967,LOW,10
9076,2278,HIGH,1000
6175,639473,HIGH,1000
5196,48026,HIGH,1000
2580,528034,LOW,10
267,925561,LOW,10
8281,98807,HIGH,1000
6937,321819,HIGH,1000
4748,558996,LOW,10
6362,60572,HIGH,1000
5147,208738,HIGH,1000
47,289156,LOW,10
8340,268977,HIGH,1000
2185,889476,LOW,10
4584,970502,LOW,10
3477,632613,LOW,10
1314,112091,LOW,10
2367,755112,LOW,10
3643,636571,LOW,10
6744,134540,HIGH,1000
5642,8492,HIGH,1000
8396,718986,HIGH,1000
6784,397976,HIGH,1000
122,559914,LOW,10
7525,624949,HIGH,1000
4515,373685,LOW,10
1451,960006,LOW,10
1942,938570,LOW,10
2585,361994,LOW,10
5122,505336,HIGH,1000
5052,242808,HIGH,1000
8387,158073,HIGH,1000
5625,420584,HIGH,1000
8072,792340,HIGH,1000
3176,544387,LOW,10
1599,903417,LOW,10
5124,131836,HIGH,1000
4484,401321,LOW,10
5523,446471,HIGH,1000
370,496923,LOW,10
5722,41911,HIGH,1000
4873,186088,LOW,10
9884,68742,HIGH,1000
3883,211462,LOW,10
4121,653861,LOW,10
4276,133647,LOW,10
2281,280237,LOW,10
6022,245178,HIGH,1000
6865,853259,HIGH,1000
9416,767953,HIGH,1000
9575,696732,HIGH,1000
6802,210288,HIGH,1000
1872,821916,LOW,10
4963,236701,LOW,10
7495,769378,HIGH,1000
4932,298204,LOW,10
4513,742970,LOW,10
4393,191726,LOW,10
86,479991,LOW,10
6218,488014,HIGH,1000
477,228971,LOW,10
9177,19408,HIGH,1000
6260,574619,HIGH,1000
6747,416667,HIGH,1000
7572,165435,HIGH,1000
9253,737357,HIGH,1000
82,491492,LOW,10
2520,540766,LOW,10
3779,551505,LOW,10
4336,880658,LOW,10
2579,699044,LOW,10
9000,819297,HIGH,1000
887,871816,LOW,10
1077,456533,LOW,10
3057,61064,LOW,10
1464,618460,LOW,10
8633,356871,HIGH,1000
4196,136070,LOW,10
8856,573494,HIGH,1000
5959,998929,HIGH,1000
3203,679050,LOW,10
6703,603802,HIGH,1000
5489,720301,HIGH,1000
9425,88959,HIGH,1000
7077,646496,HIGH,1000
9494,456217,HIGH,1000
8403,209733,HIGH,1000
3133,646681,LOW,10
5942,266192,HIGH,1000
8929,978555,HIGH,1000
3207,48103,LOW,10
7091,490004,HIGH,1000
3912,84191,LOW,10
2736,777868,LOW,10
1859,738690,LOW,10
155,154433,LOW,10
3261,418129,LOW,10
3321,902892,LOW,10
4262,146165,LOW,10
6801,744876,HIGH,1000
4538,257681,LOW,10
1116,288379,LOW,10
5076,192082,HIGH,1000
9235,617915,HIGH,1000
9413,281845,HIGH,1000
2967,695982,LOW,10
4092,932900,LOW,10
3864,514446,LOW,10
2217,682425,LOW,10
1150,865553,LOW,10
7654,178067,HIGH,1000
2628,891083,LOW,10
5630,944091,HIGH,1000
6223,15757,HIGH,1000
7993,746132,HIGH,1000
9598,968358,HIGH,1000
1750,850880,LOW,10
2515,808299,LOW,10
2414,345618,LOW,10
5264,522885,HIGH,1000
2182,726575,LOW,10
4307,563523,LOW,10
8156,947993,HIGH,1000
2164,975777,LOW,10
6597,641748,HIGH,1000
8391,668008,HIGH,1000
9508,287707,HIGH,1000
9695,757036,HIGH,1000
9312,380555,HIGH,1000
9382,746809,HIGH,1000
5886,471091,HIGH,1000
6638,648528,HIGH,1000
9371,915390,HIGH,1000
474,175684,LOW,10
1932,410915,LOW,10
6884,887650,HIGH,1000
5621,157341,HIGH,1000
7009,506394,HIGH,1000
499,951727,LOW,10
6348,967737,HIGH,1000
5065,859095,HIGH,1000
4243,219979,LOW,10
5300,892706,HIGH,1000
6259,26032,HIGH,1000
3961,142719,LOW,10
3316,841627,LOW,10
5808,760368,HIGH,1000
29,69902,LOW,10
7737,87904,HIGH,1000
7367,639573,HIGH,1000
5325,547046,HIGH,1000
1123,720249,LOW,10
3239,261215,LOW,10
1140,561384,LOW,10
6063,713769,HIGH,1000
2901,189598,LOW,10
3925,895836,LOW,10
8514,885914,HIGH,1000
4601,713541,LOW,10
289,847232,LOW,10
1119,975768,LOW,10
9348,794142,HIGH,1000
6562,531647,HIGH,1000
4446,613762,LOW,10
7470,605139,HIGH,1000
3184,160910,LOW,10
9387,133497,HIGH,1000
9403,324780,HIGH,1000
7727,799321,HIGH,1000
1152,783417,LOW,10
7998,784128,HIGH,1000
2390,335451,LOW,10
9544,991222,HIGH,1000
6856,795420,HIGH,1000
164,242497,LOW,10
1792,336579,LOW,10
9992,184412,HIGH,1000
8685,704408,HIGH,1000
1595,477245,LOW,10
6065,199514,HIGH,1000
3517,933618,LOW,10
5748,635000,HIGH,1000
4062,739523,LOW,10
4549,703777,LOW,10
5316,263986,HIGH,1000
4592,632156,LOW,10
4322,55338,LOW,10
417,984875,LOW,10
8086,159007,HIGH,1000
2732,289479,LOW,10
9615,180829,HIGH,1000
2888,914394,LOW,10
2204,891834,LOW,10
3711,999181,LOW,10
4353,731433,LOW,10
6333,936068,HIGH,1000
3405,864750,LOW,10
2922,346334,LOW,10
5707,265851,HIGH,1000
3166,630378,LOW,10
3770,272156,LOW,10
6176,377781,HIGH,1000
2189,213312,LOW,10
1109,757571,LOW,10
7498,445088,HIGH,1000
5099,973453,HIGH,1000
5060,659948,HIGH,1000
6523,101422,HIGH,1000
4841,78495,LOW,10
2503,294783,LOW,10
105,32182,LOW,10
1460,61946,LOW,10
9161,242971,HIGH,1000
9681,138878,HIGH,1000
9952,567350,HIGH,1000
7904,652799,HIGH,1000
141,495511,LOW,10
2988,564708,LOW,10
1103,362429,LOW,10
725,121070,LOW,10
331,825361,LOW,10
1236,53608,LOW,10
8063,620094,HIGH,1000
9179,118168,HIGH,1000
6256,644422,HIGH,1000
7837,133915,HIGH,1000
8501,535252,HIGH,1000
1690,14796,LOW,10
7527,369482,HIGH,1000
2804,561221,LOW,10
95,53756,LOW,10
5017,198518,HIGH,1000
224,407747,LOW,10
1754,888980,LOW,10
8425,952826,HIGH,1000
6344,348627,HIGH,1000
9129,480980,HIGH,1000
2448,990432,LOW,10
2799,258513,LOW,10
3014,726737,LOW,10
4267,597942,LOW,10
1286,422286,LOW,10
1984,482847,LOW,10
2564,71756,LOW,10
5173,152349,HIGH,1000
1144,340325,LOW,10
4535,288682,LOW,10
8288,295636,HIGH,1000
6583,247295,HIGH,1000
9765,997204,HIGH,1000
1935,252740,LOW,10
6487,62276,HIGH,1000
4871,713252,LOW,10
49,439768,LOW,10
9096,448758,HIGH,1000
5863,934832,HIGH,1000
4223,412346,LOW,10
1850,812755,LOW,10
4925,1927,LOW,10
0,752412,LOW,10
1200,686724,LOW,10
2958,200999,LOW,10
9897,128147,HIGH,1000
93,169360,LOW,10
5834,766162,HIGH,1000
37,623105,LOW,10
4510,978007,LOW,10
6522,131437,HIGH,1000
7836,883761,HIGH,1000
4146,493529,LOW,10
2315,317081,LOW,10
23,216534,LOW,10
2871,330001,LOW,10
2467,30399,LOW,10
7409,397849,HIGH,1000
691,104804,LOW,10
2357,233948,LOW,10
2078,421527,LOW,10
8737,901097,HIGH,1000
4713,787274,LOW,10
2865,752438,LOW,10
2971,107697,LOW,10
1445,200533,LOW,10
9189,572931,HIGH,1000
779,526058,LOW,10
7019,96617,HIGH,1000
237,361400,LOW,10
6426,664055,HIGH,1000
4005,435848,LOW,10
8592,887334,HIGH,1000
2313,197595,LOW,10
6227,509486,HIGH,1000
4361,71806,LOW,10
6653,253255,HIGH,1000
3164,387294,LOW,10
8174,853649,HIGH,1000
627,413685,LOW,10
905,189878,LOW,10
9297,888977,HIGH,1000
3064,885077,LOW,10
4064,362623,LOW,10
5972,993763,HIGH,1000
6527,584027,HIGH,1000
5334,257758,HIGH,1000
1963,512927,LOW,10
1594,827994,LOW,10
7574,654856,HIGH,1000
9717,179839,HIGH,1000
4700,504952,LOW,10
1582,384317,LOW,10
1790,921333,LOW,10
1650,794116,LOW,10
2853,568670,LOW,10
1473,113002,LOW,10
7038,173483,HIGH,1000
7709,659807,HIGH,1000
5262,589763,HIGH,1000
6974,647596,HIGH,1000
3935,165385,LOW,10
4536,65522,LOW,10
568,395173,LOW,10
7250,978400,HIGH,1000
6402,961572,HIGH,1000
7239,994051,HIGH,1000
1869,742102,LOW,10
5461,655625,HIGH,1000
7895,857956,HIGH,1000
3346,460027,LOW,10
6185,271208,HIGH,1000
9127,144612,HIGH,1000
3149,169125,LOW,10
8789,220903,HIGH,1000
9225,740282,HIGH,1000
5572,536903,HIGH,1000
559,506068,LOW,10
3338,548183,LOW,10
6237,867123,HIGH,1000
7814,137944,HIGH,1000
2831,467999,LOW,10
3179,832008,LOW,10
6089,700036,HIGH,1000
9900,166425,HIGH,1000
5268,460883,HIGH,1000
400,997601,LOW,10
3533,23451,LOW,10
9816,885594,HIGH,1000
7115,878753,HIGH,1000
7771,901449,HIGH,1000
774,821882,LOW,10
9842,367935,HIGH,1000
109,525798,LOW,10
252,736383,LOW,10
5701,652599,HIGH,1000
3695,407804,LOW,10
6754,984229,HIGH,1000
805,155470,LOW,10
6410,117516,HIGH,1000
6352,509146,HIGH,1000
7908,269719,HIGH,1000
6187,163301,HIGH,1000
7212,400720,HIGH,1000
7284,547054,HIGH,1000
7999,369307,HIGH,1000
7710,620353,HIGH,1000
508,340643,LOW,10
360,175164,LOW,10
3298,210764,LOW,10
8660,524982,HIGH,1000
3105,84887,LOW,10
1563,323849,LOW,10
4122,69653,LOW,10
4091,641738,LOW,10
3508,636853,LOW,10
1221,72239,LOW,10
8696,209340,HIGH,1000
4641,594765,LOW,10
3851,673483,LOW,10
3216,671943,LOW,10
3347,630182,LOW,10
3402,604132,LOW,10
3842,581430,LOW,10
4102,666897,LOW,10
2624,775554,LOW,10
651,965830,LOW,10
9397,828019,HIGH,1000
444,302774,LOW,10
4490,191169,LOW,10
9325,433194,HIGH,1000
2342,501781,LOW,10
5829,942077,HIGH,1000
9271,432825,HIGH,1000
8232,83391,HIGH,1000
1471,884276,LOW,10
1541,278427,LOW,10
505,302479,LOW,10
4677,761919,LOW,10
2648,369307,LOW,10
4534,706057,LOW,10
9175,287037,HIGH,1000
2224,441360,LOW,10
1243,744345,LOW,10
936,399563,LOW,10
9805,554048,HIGH,1000
1223,208556,LOW,10
3192,663661,LOW,10
430,971147,LOW,10
5575,309474,HIGH,1000
8440,603778,HIGH,1000
3208,856555,LOW,10
4884,654693,LOW,10
1997,216902,LOW,10
5556,441219,HIGH,1000
4811,764433,LOW,10
8512,67363,HIGH,1000
8182,55756,HIGH,1000
9578,379106,HIGH,1000
394,927431,LOW,10
5077,424936,HIGH,1000
3085,471053,LOW,10
7780,13441,HIGH,1000
6514,741927,HIGH,1000
9097,565654,HIGH,1000
3602,175142,LOW,10
4401,895016,LOW,10
4244,61210,LOW,10
7327,524991,HIGH,1000
1654,267018,LOW,10
2538,223312,LOW,10
5270,66920,HIGH,1000
5635,161714,HIGH,1000
7432,684733,HIGH,1000
8252,117922,HIGH,1000
5186,611554,HIGH,1000
5771,556542,HIGH,1000
5130,135289,HIGH,1000
7086,178262,HIGH,1000
5533,301953,HIGH,1000
5777,998308,HIGH,1000
4651,594295,LOW,10
5259,602985,HIGH,1000
6322,249608,HIGH,1000
4540,440447,LOW,10
4588,244838,LOW,10
8039,626738,HIGH,1000
4193,878645,LOW,10
8583,206969,HIGH,1000
4962,928830,LOW,10
2984,708020,LOW,10
2115,502989,LOW,10
9103,414586,HIGH,1000
2877,248884,LOW,10
7153,319968,HIGH,1000
4245,993536,LOW,10
4269,340326,LOW,10
4715,6215,LOW,10
2487,230553,LOW,10
605,891711,LOW,10
5565,387159,HIGH,1000
4718,808792,LOW,10
6193,356703,HIGH,1000
6281,693222,HIGH,1000
4332,790227,LOW,10
64,665941,LOW,10
6949,765885,HIGH,1000
9692,582053,HIGH,1000
4749,34347,LOW,10
5888,138933,HIGH,1000
3671,894052,LOW,10
7583,346886,HIGH,1000
9262,321859,HIGH,1000
5964,493667,HIGH,1000
8059,584380,HIGH,1000
6912,275263,HIGH,1000
1164,916576,LOW,10
6509,491226,HIGH,1000
991,672875,LOW,10
3855,453504,LOW,10
2880,651033,LOW,10
3628,418386,LOW,10
9930,163015,HIGH,1000
338,549632,LOW,10
5121,566445,HIGH,1000
8421,63809,HIGH,1000
6044,13682,HIGH,1000
6878,664445,HIGH,1000
769,220406,LOW,10
1838,743852,LOW,10
5285,100470,HIGH,1000
7680,46558,HIGH,1000
2017,673753,LOW,10
222,360731,LOW,10
6226,660325,HIGH,1000
3591,335016,LOW,10
3916,361978,LOW,10
3662,445620,LOW,10
7822,937696,HIGH,1000
2146,73800,LOW,10
1920,620293,LOW,10
2766,275513,LOW,10
1934,375565,LOW,10
3613,153901,LOW,10
6401,610328,HIGH,1000
4693,456494,LOW,10
2250,846351,LOW,10
7960,333245,HIGH,1000
685,321025,LOW,10
9135,694633,HIGH,1000
8532,570627,HIGH,1000
3642,744378,LOW,10
7784,521066,HIGH,1000
4254,510251,LOW,10
7725,965064,HIGH,1000
9946,848056,HIGH,1000
6319,788152,HIGH,1000
9539,576435,HIGH,1000
2752,522376,LOW,10
1013,922274,LOW,10
8577,822290,HIGH,1000
8257,687008,HIGH,1000
1597,552745,LOW,10
1365,54209,LOW,10
1542,854332,LOW,10
5237,96542,HIGH,1000
8739,565369,HIGH,1000
3309,204405,LOW,10
2051,16685,LOW,10
6383,985784,HIGH,1000
5132,70830,HIGH,1000
6816,198315,HIGH,1000
7395,798356,HIGH,1000
467,325481,LOW,10
5301,770152,HIGH,1000
422,825637,LOW,10
6568,861301,HIGH,1000
5517,391881,HIGH,1000
5546,427170,HIGH,1000
5272,709120,HIGH,1000
6646,740962,HIGH,1000
5281,325137,HIGH,1000
3332,646460,LOW,10
8907,698080,HIGH,1000
2998,547977,LOW,10
3561,317732,LOW,10
6083,765973,HIGH,1000
9432,694468,HIGH,1000
2649,135862,LOW,10
984,877352,LOW,10
8251,758591,HIGH,1000
4211,205158,LOW,10
3496,507823,LOW,10
1240,372702,LOW,10
6557,247994,HIGH,1000
2069,924638,LOW,10
8152,789593,HIGH,1000
8733,479353,HIGH,1000
2291,839073,LOW,10
1066,114687,LOW,10
8139,983691,HIGH,1000
1588,376287,LOW,10
6387,57510,HIGH,1000
6170,702157,HIGH,1000
3890,858423,LOW,10
4613,820094,LOW,10
40,346279,LOW,10
9049,751558,HIGH,1000
8194,69263,HIGH,1000
803,90293,LOW,10
8431,93746,HIGH,1000
828,741872,LOW,10
2320,169011,LOW,10
1544,549941,LOW,10
8071,852124,HIGH,1000
7111,924624,HIGH,1000
6867,915005,HIGH,1000
9303,488739,HIGH,1000
6452,563273,HIGH,1000
7218,829885,HIGH,1000
7726,157060,HIGH,1000
7702,278823,HIGH,1000
9718,804435,HIGH,1000
6207,437817,HIGH,1000
9616,867009,HIGH,1000
11,201443,LOW,10
257,880746,LOW,10
5913,460476,HIGH,1000
1423,921969,LOW,10
2873,803309,LOW,10
3997,391427,LOW,10
7329,609024,HIGH,1000
4649,279089,LOW,10
4691,538009,LOW,10
4072,483537,LOW,10
9774,375534,HIGH,1000
3376,908116,LOW,10
5626,520859,HIGH,1000
1454,906425,LOW,10
2445,654955,LOW,10
7816,859747,HIGH,1000
934,915926,LOW,10
9550,368772,HIGH,1000
5603,727505,HIGH,1000
9477,804960,HIGH,1000
3768,321053,LOW,10
5385,984550,HIGH,1000
6136,84216,HIGH,1000
3955,75060,LOW,10
3267,2237,LOW,10
1484,264630,LOW,10
7526,49222,HIGH,1000
6283,942893,HIGH,1000
7316,179704,HIGH,1000
543,71356,LOW,10
6091,205608,HIGH,1000
9551,115819,HIGH,1000
6477,381620,HIGH,1000
357,130795,LOW,10
4859,135341,LOW,10
2841,633011,LOW,10
7655,508432,HIGH,1000
2753,451357,LOW,10
5716,245707,HIGH,1000
3068,164574,LOW,10
1007,7756,LOW,10
8160,856220,HIGH,1000
3572,807547,LOW,10
3790,876895,LOW,10
4622,570486,LOW,10
8783,564540,HIGH,1000
8007,23145,HIGH,1000
8647,115681,HIGH,1000
3041,484383,LOW,10
3960,720592,LOW,10
6186,628800,HIGH,1000
8536,871422,HIGH,1000
1982,577204,LOW,10
169,477293,LOW,10
3568,267609,LOW,10
5780,844139,HIGH,1000
3524,616334,LOW,10
6476,215312,HIGH,1000
7678,76408,HIGH,1000
3892,912241,LOW,10
8300,969776,HIGH,1000
6972,666764,HIGH,1000
1620,238879,LOW,10
3565,290482,LOW,10
9296,943068,HIGH,1000
1369,530236,LOW,10
9471,874228,HIGH,1000
6205,40189,HIGH,1000
4066,698809,LOW,10
2181,773996,LOW,10
7116,871455,HIGH,1000
4040,190508,LOW,10
7158,493673,HIGH,1000
7893,159654,HIGH,1000
5827,141446,HIGH,1000
7958,827124,HIGH,1000
9087,477929,HIGH,1000
4182,105180,LOW,10
463,435587,LOW,10
4493,72763,LOW,10
2714,14651,LOW,10
3571,341722,LOW,10
8054,496910,HIGH,1000
6711,482562,HIGH,1000
2890,478931,LOW,10
2318,78258,LOW,10
1201,576579,LOW,10
2458,912022,LOW,10
1169,802810,LOW,10
188,707979,LOW,10
7206,504830,HIGH,1000
7524,125771,HIGH,1000
2216,798625,LOW,10
8393,533847,HIGH,1000
3964,220437,LOW,10
4181,130659,LOW,10
9583,311352,HIGH,1000
7593,387241,HIGH,1000
174,593707,LOW,10
7278,962493,HIGH,1000
2348,711584,LOW,10
6677,633987,HIGH,1000
2670,172595,LOW,10
7272,601967,HIGH,1000
8510,788792,HIGH,1000
8778,406102,HIGH,1000
452,343777,LOW,10
1485,642941,LOW,10
8540,685850,HIGH,1000
7497,466757,HIGH,1000
5299,509070,HIGH,1000
7616,90757,HIGH,1000
7213,416016,HIGH,1000
8134,970286,HIGH,1000
6654,499219,HIGH,1000
4548,683633,LOW,10
3731,206664,LOW,10
2906,998126,LOW,10
1354,470042,LOW,10
293,450884,LOW,10
5411,660819,HIGH,1000
4499,932733,LOW,10
8186,116974,HIGH,1000
1195,427546,LOW,10
8850,414621,HIGH,1000
5979,488486,HIGH,1000
8963,340279,HIGH,1000
8816,457568,HIGH,1000
2396,588774,LOW,10
9613,476945,HIGH,1000
9099,556606,HIGH,1000
965,609895,LOW,10
1539,559302,LOW,10
5061,802523,HIGH,1000
5170,165298,HIGH,1000
5926,829757,HIGH,1000
6602,814878,HIGH,1000
8845,384998,HIGH,1000
