block,order_position,family,selectivity,threshold,cost,plan_signature,plan_nodes,execution_ms,planning_ms,udf_calls,exact_work
1,1,D3_JOIN,s001,100,10000,dd70f043a43e3bde394ef71e473da209de421bf24af75711a31f15148c8e9801,Aggregate > Nested Loop > Index Scan > Bitmap Heap Scan > Bitmap Index Scan,1.284,1.467,10,100
1,2,D2_INDEXED,s001,100,1000,3887a2aa29fb05ca98481ab242a7fa733c85f158ee7671b540fe47878681398d,Aggregate > Index Scan,0.613,0.079,100,1000
1,3,D2_INDEXED,s010,1000,1000,9a9cf227cd47fb5f513c0d189264be7478acdac0edbcee6eb2bd40aa801b6456,Aggregate > Index Scan,3.79,0.039,1000,10000
1,4,D1_QUALIFIERS,s001,100,100000,3887a2aa29fb05ca98481ab242a7fa733c85f158ee7671b540fe47878681398d,Aggregate > Index Scan,0.537,0.041,100,1000
1,5,D2_INDEXED,s001,100,10000,3887a2aa29fb05ca98481ab242a7fa733c85f158ee7671b540fe47878681398d,Aggregate > Index Scan,0.485,0.036,100,1000
1,6,D1_QUALIFIERS,s001,100,100,3887a2aa29fb05ca98481ab242a7fa733c85f158ee7671b540fe47878681398d,Aggregate > Index Scan,0.493,0.031,100,1000
1,7,D2_INDEXED,s001,100,10,3887a2aa29fb05ca98481ab242a7fa733c85f158ee7671b540fe47878681398d,Aggregate > Index Scan,0.517,0.045,100,1000
1,8,D3_JOIN,s001,100,100000,dd70f043a43e3bde394ef71e473da209de421bf24af75711a31f15148c8e9801,Aggregate > Nested Loop > Index Scan > Bitmap Heap Scan > Bitmap Index Scan,0.44,0.166,10,100
1,9,D2_INDEXED,s010,1000,100,9a9cf227cd47fb5f513c0d189264be7478acdac0edbcee6eb2bd40aa801b6456,Aggregate > Index Scan,3.742,0.07,1000,10000
1,10,D3_JOIN,s010,1000,1,2415c762dd309bd55a638a452b9cd9458de6898a6472608f090aab563d3d05da,Aggregate > Hash Join > Seq Scan > Hash > Index Scan,2.2,0.221,100,1000
1,11,D2_INDEXED,s050,5000,100,6df6c5b03bfcc4b3b1d9eb90b9d1ef233fa3be386d21e29d09c3ad1ec6784ffa,Aggregate > Index Scan,18.103,0.074,5000,50000
1,12,D1_QUALIFIERS,s001,100,10,3887a2aa29fb05ca98481ab242a7fa733c85f158ee7671b540fe47878681398d,Aggregate > Index Scan,0.548,0.056,100,1000
1,13,D3_JOIN,s001,100,100,dd70f043a43e3bde394ef71e473da209de421bf24af75711a31f15148c8e9801,Aggregate > Nested Loop > Index Scan > Bitmap Heap Scan > Bitmap Index Scan,0.361,0.178,10,100
1,14,D3_JOIN,s050,5000,1000,d69555fbaf4077b67382f2b8e954e17ba3cd9080ecd5c22b922fe05ab9067acc,Aggregate > Hash Join > Seq Scan > Hash > Index Scan,3.324,0.147,500,5000
1,15,D2_INDEXED,s001,100,100000,3887a2aa29fb05ca98481ab242a7fa733c85f158ee7671b540fe47878681398d,Aggregate > Index Scan,0.563,0.048,100,1000
1,16,D1_QUALIFIERS,s001,100,10000,3887a2aa29fb05ca98481ab242a7fa733c85f158ee7671b540fe47878681398d,Aggregate > Index Scan,0.55,0.046,100,1000
1,17,D1_QUALIFIERS,s010,1000,100000,9a9cf227cd47fb5f513c0d189264be7478acdac0edbcee6eb2bd40aa801b6456,Aggregate > Index Scan,3.572,0.042,1000,10000
1,18,D2_INDEXED,s001,100,1,3887a2aa29fb05ca98481ab242a7fa733c85f158ee7671b540fe47878681398d,Aggregate > Index Scan,0.504,0.038,100,1000
1,19,D3_JOIN,s001,100,1,dd70f043a43e3bde394ef71e473da209de421bf24af75711a31f15148c8e9801,Aggregate > Nested Loop > Index Scan > Bitmap Heap Scan > Bitmap Index Scan,0.347,0.158,10,100
1,20,D1_QUALIFIERS,s001,100,1000,3887a2aa29fb05ca98481ab242a7fa733c85f158ee7671b540fe47878681398d,Aggregate > Index Scan,0.507,0.04,100,1000
1,21,D1_QUALIFIERS,s001,100,1,3887a2aa29fb05ca98481ab242a7fa733c85f158ee7671b540fe47878681398d,Aggregate > Index Scan,0.561,0.057,100,1000
1,22,D3_JOIN,s001,100,10,dd70f043a43e3bde394ef71e473da209de421bf24af75711a31f15148c8e9801,Aggregate > Nested Loop > Index Scan > Bitmap Heap Scan > Bitmap Index Scan,0.274,0.135,10,100
1,23,D3_JOIN,s050,5000,100,d69555fbaf4077b67382f2b8e954e17ba3cd9080ecd5c22b922fe05ab9067acc,Aggregate > Hash Join > Seq Scan > Hash > Index Scan,3.199,0.12,500,5000
2,1,D1_QUALIFIERS,s010,1000,100000,9a9cf227cd47fb5f513c0d189264be7478acdac0edbcee6eb2bd40aa801b6456,Aggregate > Index Scan,3.767,0.043,1000,10000
2,2,D3_JOIN,s050,5000,1000,d69555fbaf4077b67382f2b8e954e17ba3cd9080ecd5c22b922fe05ab9067acc,Aggregate > Hash Join > Seq Scan > Hash > Index Scan,3.175,0.149,500,5000
2,3,D3_JOIN,s001,100,10000,dd70f043a43e3bde394ef71e473da209de421bf24af75711a31f15148c8e9801,Aggregate > Nested Loop > Index Scan > Bitmap Heap Scan > Bitmap Index Scan,0.362,0.18,10,100
2,4,D2_INDEXED,s001,100,1,3887a2aa29fb05ca98481ab242a7fa733c85f158ee7671b540fe47878681398d,Aggregate > Index Scan,0.517,0.045,100,1000
2,5,D1_QUALIFIERS,s001,100,100000,3887a2aa29fb05ca98481ab242a7fa733c85f158ee7671b540fe47878681398d,Aggregate > Index Scan,0.64,0.078,100,1000
2,6,D2_INDEXED,s001,100,10000,3887a2aa29fb05ca98481ab242a7fa733c85f158ee7671b540fe47878681398d,Aggregate > Index Scan,0.494,0.031,100,1000
2,7,D2_INDEXED,s050,5000,100,6df6c5b03bfcc4b3b1d9eb90b9d1ef233fa3be386d21e29d09c3ad1ec6784ffa,Aggregate > Index Scan,17.825,0.056,5000,50000
2,8,D3_JOIN,s050,5000,100,d69555fbaf4077b67382f2b8e954e17ba3cd9080ecd5c22b922fe05ab9067acc,Aggregate > Hash Join > Seq Scan > Hash > Index Scan,3.361,0.175,500,5000
2,9,D3_JOIN,s001,100,1,dd70f043a43e3bde394ef71e473da209de421bf24af75711a31f15148c8e9801,Aggregate > Nested Loop > Index Scan > Bitmap Heap Scan > Bitmap Index Scan,0.318,0.156,10,100
2,10,D2_INDEXED,s001,100,100000,3887a2aa29fb05ca98481ab242a7fa733c85f158ee7671b540fe47878681398d,Aggregate > Index Scan,0.482,0.032,100,1000
2,11,D1_QUALIFIERS,s001,100,10000,3887a2aa29fb05ca98481ab242a7fa733c85f158ee7671b540fe47878681398d,Aggregate > Index Scan,0.52,0.041,100,1000
2,12,D2_INDEXED,s001,100,10,3887a2aa29fb05ca98481ab242a7fa733c85f158ee7671b540fe47878681398d,Aggregate > Index Scan,0.5,0.041,100,1000
2,13,D3_JOIN,s001,100,100000,dd70f043a43e3bde394ef71e473da209de421bf24af75711a31f15148c8e9801,Aggregate > Nested Loop > Index Scan > Bitmap Heap Scan > Bitmap Index Scan,0.278,0.133,10,100
2,14,D3_JOIN,s001,100,10,dd70f043a43e3bde394ef71e473da209de421bf24af75711a31f15148c8e9801,Aggregate > Nested Loop > Index Scan > Bitmap Heap Scan > Bitmap Index Scan,0.253,0.106,10,100
2,15,D1_QUALIFIERS,s001,100,1000,3887a2aa29fb05ca98481ab242a7fa733c85f158ee7671b540fe47878681398d,Aggregate > Index Scan,0.627,0.06,100,1000
2,16,D2_INDEXED,s010,1000,100,9a9cf227cd47fb5f513c0d189264be7478acdac0edbcee6eb2bd40aa801b6456,Aggregate > Index Scan,3.687,0.051,1000,10000
2,17,D3_JOIN,s010,1000,1,2415c762dd309bd55a638a452b9cd9458de6898a6472608f090aab563d3d05da,Aggregate > Hash Join > Seq Scan > Hash > Index Scan,1.513,0.132,100,1000
2,18,D1_QUALIFIERS,s001,100,10,3887a2aa29fb05ca98481ab242a7fa733c85f158ee7671b540fe47878681398d,Aggregate > Index Scan,0.573,0.05,100,1000
2,19,D3_JOIN,s001,100,100,dd70f043a43e3bde394ef71e473da209de421bf24af75711a31f15148c8e9801,Aggregate > Nested Loop > Index Scan > Bitmap Heap Scan > Bitmap Index Scan,0.309,0.135,10,100
2,20,D1_QUALIFIERS,s001,100,100,3887a2aa29fb05ca98481ab242a7fa733c85f158ee7671b540fe47878681398d,Aggregate > Index Scan,0.506,0.034,100,1000
2,21,D2_INDEXED,s010,1000,1000,9a9cf227cd47fb5f513c0d189264be7478acdac0edbcee6eb2bd40aa801b6456,Aggregate > Index Scan,3.94,0.032,1000,10000
2,22,D1_QUALIFIERS,s001,100,1,3887a2aa29fb05ca98481ab242a7fa733c85f158ee7671b540fe47878681398d,Aggregate > Index Scan,0.523,0.052,100,1000
2,23,D2_INDEXED,s001,100,1000,3887a2aa29fb05ca98481ab242a7fa733c85f158ee7671b540fe47878681398d,Aggregate > Index Scan,0.487,0.037,100,1000
3,1,D3_JOIN,s001,100,10,dd70f043a43e3bde394ef71e473da209de421bf24af75711a31f15148c8e9801,Aggregate > Nested Loop > Index Scan > Bitmap Heap Scan > Bitmap Index Scan,0.27,0.121,10,100
3,2,D3_JOIN,s001,100,10000,dd70f043a43e3bde394ef71e473da209de421bf24af75711a31f15148c8e9801,Aggregate > Nested Loop > Index Scan > Bitmap Heap Scan > Bitmap Index Scan,0.308,0.12,10,100
3,3,D2_INDEXED,s001,100,1,3887a2aa29fb05ca98481ab242a7fa733c85f158ee7671b540fe47878681398d,Aggregate > Index Scan,0.472,0.036,100,1000
3,4,D1_QUALIFIERS,s001,100,1,3887a2aa29fb05ca98481ab242a7fa733c85f158ee7671b540fe47878681398d,Aggregate > Index Scan,0.582,0.036,100,1000
3,5,D2_INDEXED,s050,5000,100,6df6c5b03bfcc4b3b1d9eb90b9d1ef233fa3be386d21e29d09c3ad1ec6784ffa,Aggregate > Index Scan,21.956,0.042,5000,50000
3,6,D2_INDEXED,s001,100,1000,3887a2aa29fb05ca98481ab242a7fa733c85f158ee7671b540fe47878681398d,Aggregate > Index Scan,0.675,0.057,100,1000
3,7,D3_JOIN,s001,100,1,dd70f043a43e3bde394ef71e473da209de421bf24af75711a31f15148c8e9801,Aggregate > Nested Loop > Index Scan > Bitmap Heap Scan > Bitmap Index Scan,0.296,0.146,10,100
3,8,D2_INDEXED,s001,100,100000,3887a2aa29fb05ca98481ab242a7fa733c85f158ee7671b540fe47878681398d,Aggregate > Index Scan,0.509,0.029,100,1000
3,9,D2_INDEXED,s010,1000,100,9a9cf227cd47fb5f513c0d189264be7478acdac0edbcee6eb2bd40aa801b6456,Aggregate > Index Scan,3.563,0.026,1000,10000
3,10,D2_INDEXED,s001,100,10000,3887a2aa29fb05ca98481ab242a7fa733c85f158ee7671b540fe47878681398d,Aggregate > Index Scan,0.655,0.043,100,1000
3,11,D1_QUALIFIERS,s001,100,100000,3887a2aa29fb05ca98481ab242a7fa733c85f158ee7671b540fe47878681398d,Aggregate > Index Scan,0.478,0.048,100,1000
3,12,D1_QUALIFIERS,s001,100,1000,3887a2aa29fb05ca98481ab242a7fa733c85f158ee7671b540fe47878681398d,Aggregate > Index Scan,0.502,0.032,100,1000
3,13,D1_QUALIFIERS,s001,100,10000,3887a2aa29fb05ca98481ab242a7fa733c85f158ee7671b540fe47878681398d,Aggregate > Index Scan,0.506,0.033,100,1000
3,14,D1_QUALIFIERS,s001,100,100,3887a2aa29fb05ca98481ab242a7fa733c85f158ee7671b540fe47878681398d,Aggregate > Index Scan,0.467,0.031,100,1000
3,15,D3_JOIN,s001,100,100,dd70f043a43e3bde394ef71e473da209de421bf24af75711a31f15148c8e9801,Aggregate > Nested Loop > Index Scan > Bitmap Heap Scan > Bitmap Index Scan,0.288,0.2,10,100
3,16,D3_JOIN,s010,1000,1,2415c762dd309bd55a638a452b9cd9458de6898a6472608f090aab563d3d05da,Aggregate > Hash Join > Seq Scan > Hash > Index Scan,1.57,0.159,100,1000
3,17,D3_JOIN,s050,5000,1000,d69555fbaf4077b67382f2b8e954e17ba3cd9080ecd5c22b922fe05ab9067acc,Aggregate > Hash Join > Seq Scan > Hash > Index Scan,3.308,0.144,500,5000
3,18,D1_QUALIFIERS,s010,1000,100000,9a9cf227cd47fb5f513c0d189264be7478acdac0edbcee6eb2bd40aa801b6456,Aggregate > Index Scan,3.64,0.031,1000,10000
3,19,D2_INDEXED,s010,1000,1000,9a9cf227cd47fb5f513c0d189264be7478acdac0edbcee6eb2bd40aa801b6456,Aggregate > Index Scan,3.558,0.034,1000,10000
3,20,D1_QUALIFIERS,s001,100,10,3887a2aa29fb05ca98481ab242a7fa733c85f158ee7671b540fe47878681398d,Aggregate > Index Scan,0.507,0.029,100,1000
3,21,D2_INDEXED,s001,100,10,3887a2aa29fb05ca98481ab242a7fa733c85f158ee7671b540fe47878681398d,Aggregate > Index Scan,0.454,0.025,100,1000
3,22,D3_JOIN,s050,5000,100,d69555fbaf4077b67382f2b8e954e17ba3cd9080ecd5c22b922fe05ab9067acc,Aggregate > Hash Join > Seq Scan > Hash > Index Scan,3.136,0.108,500,5000
3,23,D3_JOIN,s001,100,100000,dd70f043a43e3bde394ef71e473da209de421bf24af75711a31f15148c8e9801,Aggregate > Nested Loop > Index Scan > Bitmap Heap Scan > Bitmap Index Scan,0.277,0.123,10,100
4,1,D1_QUALIFIERS,s001,100,1000,3887a2aa29fb05ca98481ab242a7fa733c85f158ee7671b540fe47878681398d,Aggregate > Index Scan,0.477,0.026,100,1000
4,2,D2_INDEXED,s010,1000,100,9a9cf227cd47fb5f513c0d189264be7478acdac0edbcee6eb2bd40aa801b6456,Aggregate > Index Scan,3.583,0.056,1000,10000
4,3,D3_JOIN,s001,100,10000,dd70f043a43e3bde394ef71e473da209de421bf24af75711a31f15148c8e9801,Aggregate > Nested Loop > Index Scan > Bitmap Heap Scan > Bitmap Index Scan,0.287,0.118,10,100
4,4,D2_INDEXED,s010,1000,1000,9a9cf227cd47fb5f513c0d189264be7478acdac0edbcee6eb2bd40aa801b6456,Aggregate > Index Scan,3.646,0.038,1000,10000
4,5,D2_INDEXED,s001,100,100000,3887a2aa29fb05ca98481ab242a7fa733c85f158ee7671b540fe47878681398d,Aggregate > Index Scan,0.548,0.046,100,1000
4,6,D3_JOIN,s050,5000,100,d69555fbaf4077b67382f2b8e954e17ba3cd9080ecd5c22b922fe05ab9067acc,Aggregate > Hash Join > Seq Scan > Hash > Index Scan,4.42,0.219,500,5000
4,7,D1_QUALIFIERS,s001,100,10,3887a2aa29fb05ca98481ab242a7fa733c85f158ee7671b540fe47878681398d,Aggregate > Index Scan,0.72,0.076,100,1000
4,8,D2_INDEXED,s001,100,10000,3887a2aa29fb05ca98481ab242a7fa733c85f158ee7671b540fe47878681398d,Aggregate > Index Scan,0.792,0.078,100,1000
4,9,D1_QUALIFIERS,s010,1000,100000,9a9cf227cd47fb5f513c0d189264be7478acdac0edbcee6eb2bd40aa801b6456,Aggregate > Index Scan,5.076,0.077,1000,10000
4,10,D3_JOIN,s010,1000,1,2415c762dd309bd55a638a452b9cd9458de6898a6472608f090aab563d3d05da,Aggregate > Hash Join > Seq Scan > Hash > Index Scan,2.042,0.212,100,1000
4,11,D3_JOIN,s001,100,100000,dd70f043a43e3bde394ef71e473da209de421bf24af75711a31f15148c8e9801,Aggregate > Nested Loop > Index Scan > Bitmap Heap Scan > Bitmap Index Scan,0.551,0.267,10,100
4,12,D3_JOIN,s001,100,100,dd70f043a43e3bde394ef71e473da209de421bf24af75711a31f15148c8e9801,Aggregate > Nested Loop > Index Scan > Bitmap Heap Scan > Bitmap Index Scan,0.47,0.205,10,100
4,13,D1_QUALIFIERS,s001,100,100000,3887a2aa29fb05ca98481ab242a7fa733c85f158ee7671b540fe47878681398d,Aggregate > Index Scan,0.722,0.077,100,1000
4,14,D1_QUALIFIERS,s001,100,10000,3887a2aa29fb05ca98481ab242a7fa733c85f158ee7671b540fe47878681398d,Aggregate > Index Scan,0.598,0.069,100,1000
4,15,D3_JOIN,s001,100,1,dd70f043a43e3bde394ef71e473da209de421bf24af75711a31f15148c8e9801,Aggregate > Nested Loop > Index Scan > Bitmap Heap Scan > Bitmap Index Scan,0.29,0.128,10,100
4,16,D2_INDEXED,s001,100,1,3887a2aa29fb05ca98481ab242a7fa733c85f158ee7671b540fe47878681398d,Aggregate > Index Scan,0.846,0.097,100,1000
4,17,D3_JOIN,s001,100,10,dd70f043a43e3bde394ef71e473da209de421bf24af75711a31f15148c8e9801,Aggregate > Nested Loop > Index Scan > Bitmap Heap Scan > Bitmap Index Scan,0.576,0.29,10,100
4,18,D2_INDEXED,s001,100,10,3887a2aa29fb05ca98481ab242a7fa733c85f158ee7671b540fe47878681398d,Aggregate > Index Scan,0.588,0.065,100,1000
4,19,D1_QUALIFIERS,s001,100,1,3887a2aa29fb05ca98481ab242a7fa733c85f158ee7671b540fe47878681398d,Aggregate > Index Scan,0.653,0.039,100,1000
4,20,D3_JOIN,s050,5000,1000,d69555fbaf4077b67382f2b8e954e17ba3cd9080ecd5c22b922fe05ab9067acc,Aggregate > Hash Join > Seq Scan > Hash > Index Scan,3.458,0.118,500,5000
4,21,D1_QUALIFIERS,s001,100,100,3887a2aa29fb05ca98481ab242a7fa733c85f158ee7671b540fe47878681398d,Aggregate > Index Scan,0.485,0.032,100,1000
4,22,D2_INDEXED,s050,5000,100,6df6c5b03bfcc4b3b1d9eb90b9d1ef233fa3be386d21e29d09c3ad1ec6784ffa,Aggregate > Index Scan,17.677,0.03,5000,50000
4,23,D2_INDEXED,s001,100,1000,3887a2aa29fb05ca98481ab242a7fa733c85f158ee7671b540fe47878681398d,Aggregate > Index Scan,0.556,0.063,100,1000
5,1,D3_JOIN,s001,100,100,dd70f043a43e3bde394ef71e473da209de421bf24af75711a31f15148c8e9801,Aggregate > Nested Loop > Index Scan > Bitmap Heap Scan > Bitmap Index Scan,0.411,0.161,10,100
5,2,D1_QUALIFIERS,s001,100,100000,3887a2aa29fb05ca98481ab242a7fa733c85f158ee7671b540fe47878681398d,Aggregate > Index Scan,0.592,0.072,100,1000
5,3,D2_INDEXED,s001,100,1,3887a2aa29fb05ca98481ab242a7fa733c85f158ee7671b540fe47878681398d,Aggregate > Index Scan,0.537,0.055,100,1000
5,4,D3_JOIN,s001,100,100000,dd70f043a43e3bde394ef71e473da209de421bf24af75711a31f15148c8e9801,Aggregate > Nested Loop > Index Scan > Bitmap Heap Scan > Bitmap Index Scan,0.277,0.138,10,100
5,5,D3_JOIN,s001,100,10,dd70f043a43e3bde394ef71e473da209de421bf24af75711a31f15148c8e9801,Aggregate > Nested Loop > Index Scan > Bitmap Heap Scan > Bitmap Index Scan,0.333,0.162,10,100
5,6,D3_JOIN,s050,5000,1000,d69555fbaf4077b67382f2b8e954e17ba3cd9080ecd5c22b922fe05ab9067acc,Aggregate > Hash Join > Seq Scan > Hash > Index Scan,3.23,0.107,500,5000
5,7,D2_INDEXED,s050,5000,100,6df6c5b03bfcc4b3b1d9eb90b9d1ef233fa3be386d21e29d09c3ad1ec6784ffa,Aggregate > Index Scan,18.513,0.058,5000,50000
5,8,D3_JOIN,s001,100,1,dd70f043a43e3bde394ef71e473da209de421bf24af75711a31f15148c8e9801,Aggregate > Nested Loop > Index Scan > Bitmap Heap Scan > Bitmap Index Scan,0.39,0.177,10,100
5,9,D2_INDEXED,s010,1000,1000,9a9cf227cd47fb5f513c0d189264be7478acdac0edbcee6eb2bd40aa801b6456,Aggregate > Index Scan,3.995,0.056,1000,10000
5,10,D1_QUALIFIERS,s001,100,100,3887a2aa29fb05ca98481ab242a7fa733c85f158ee7671b540fe47878681398d,Aggregate > Index Scan,0.638,0.066,100,1000
5,11,D3_JOIN,s050,5000,100,d69555fbaf4077b67382f2b8e954e17ba3cd9080ecd5c22b922fe05ab9067acc,Aggregate > Hash Join > Seq Scan > Hash > Index Scan,3.291,0.186,500,5000
5,12,D2_INDEXED,s001,100,1000,3887a2aa29fb05ca98481ab242a7fa733c85f158ee7671b540fe47878681398d,Aggregate > Index Scan,0.588,0.059,100,1000
5,13,D1_QUALIFIERS,s001,100,1,3887a2aa29fb05ca98481ab242a7fa733c85f158ee7671b540fe47878681398d,Aggregate > Index Scan,1.058,0.06,100,1000
5,14,D1_QUALIFIERS,s001,100,10,3887a2aa29fb05ca98481ab242a7fa733c85f158ee7671b540fe47878681398d,Aggregate > Index Scan,0.65,0.051,100,1000
5,15,D2_INDEXED,s010,1000,100,9a9cf227cd47fb5f513c0d189264be7478acdac0edbcee6eb2bd40aa801b6456,Aggregate > Index Scan,3.901,0.058,1000,10000
5,16,D2_INDEXED,s001,100,100000,3887a2aa29fb05ca98481ab242a7fa733c85f158ee7671b540fe47878681398d,Aggregate > Index Scan,0.59,0.056,100,1000
5,17,D1_QUALIFIERS,s001,100,1000,3887a2aa29fb05ca98481ab242a7fa733c85f158ee7671b540fe47878681398d,Aggregate > Index Scan,0.53,0.078,100,1000
5,18,D2_INDEXED,s001,100,10000,3887a2aa29fb05ca98481ab242a7fa733c85f158ee7671b540fe47878681398d,Aggregate > Index Scan,0.61,0.069,100,1000
5,19,D2_INDEXED,s001,100,10,3887a2aa29fb05ca98481ab242a7fa733c85f158ee7671b540fe47878681398d,Aggregate > Index Scan,0.502,0.043,100,1000
5,20,D3_JOIN,s010,1000,1,2415c762dd309bd55a638a452b9cd9458de6898a6472608f090aab563d3d05da,Aggregate > Hash Join > Seq Scan > Hash > Index Scan,1.585,0.16,100,1000
5,21,D1_QUALIFIERS,s001,100,10000,3887a2aa29fb05ca98481ab242a7fa733c85f158ee7671b540fe47878681398d,Aggregate > Index Scan,0.571,0.058,100,1000
5,22,D3_JOIN,s001,100,10000,dd70f043a43e3bde394ef71e473da209de421bf24af75711a31f15148c8e9801,Aggregate > Nested Loop > Index Scan > Bitmap Heap Scan > Bitmap Index Scan,0.327,0.161,10,100
5,23,D1_QUALIFIERS,s010,1000,100000,9a9cf227cd47fb5f513c0d189264be7478acdac0edbcee6eb2bd40aa801b6456,Aggregate > Index Scan,3.596,0.037,1000,10000
6,1,D1_QUALIFIERS,s010,1000,100000,9a9cf227cd47fb5f513c0d189264be7478acdac0edbcee6eb2bd40aa801b6456,Aggregate > Index Scan,3.658,0.051,1000,10000
6,2,D2_INDEXED,s001,100,10,3887a2aa29fb05ca98481ab242a7fa733c85f158ee7671b540fe47878681398d,Aggregate > Index Scan,0.575,0.06,100,1000
6,3,D2_INDEXED,s001,100,1000,3887a2aa29fb05ca98481ab242a7fa733c85f158ee7671b540fe47878681398d,Aggregate > Index Scan,0.563,0.056,100,1000
6,4,D1_QUALIFIERS,s001,100,1,3887a2aa29fb05ca98481ab242a7fa733c85f158ee7671b540fe47878681398d,Aggregate > Index Scan,0.528,0.054,100,1000
6,5,D3_JOIN,s050,5000,1000,d69555fbaf4077b67382f2b8e954e17ba3cd9080ecd5c22b922fe05ab9067acc,Aggregate > Hash Join > Seq Scan > Hash > Index Scan,3.242,0.144,500,5000
6,6,D1_QUALIFIERS,s001,100,10,3887a2aa29fb05ca98481ab242a7fa733c85f158ee7671b540fe47878681398d,Aggregate > Index Scan,0.516,0.049,100,1000
6,7,D3_JOIN,s050,5000,100,d69555fbaf4077b67382f2b8e954e17ba3cd9080ecd5c22b922fe05ab9067acc,Aggregate > Hash Join > Seq Scan > Hash > Index Scan,3.233,0.14,500,5000
6,8,D2_INDEXED,s001,100,10000,3887a2aa29fb05ca98481ab242a7fa733c85f158ee7671b540fe47878681398d,Aggregate > Index Scan,0.55,0.049,100,1000
6,9,D1_QUALIFIERS,s001,100,10000,3887a2aa29fb05ca98481ab242a7fa733c85f158ee7671b540fe47878681398d,Aggregate > Index Scan,0.512,0.034,100,1000
6,10,D2_INDEXED,s001,100,1,3887a2aa29fb05ca98481ab242a7fa733c85f158ee7671b540fe47878681398d,Aggregate > Index Scan,0.516,0.037,100,1000
6,11,D1_QUALIFIERS,s001,100,100,3887a2aa29fb05ca98481ab242a7fa733c85f158ee7671b540fe47878681398d,Aggregate > Index Scan,0.486,0.063,100,1000
6,12,D3_JOIN,s001,100,10000,dd70f043a43e3bde394ef71e473da209de421bf24af75711a31f15148c8e9801,Aggregate > Nested Loop > Index Scan > Bitmap Heap Scan > Bitmap Index Scan,0.311,0.129,10,100
6,13,D1_QUALIFIERS,s001,100,1000,3887a2aa29fb05ca98481ab242a7fa733c85f158ee7671b540fe47878681398d,Aggregate > Index Scan,0.474,0.031,100,1000
6,14,D3_JOIN,s001,100,100,dd70f043a43e3bde394ef71e473da209de421bf24af75711a31f15148c8e9801,Aggregate > Nested Loop > Index Scan > Bitmap Heap Scan > Bitmap Index Scan,0.252,0.114,10,100
6,15,D1_QUALIFIERS,s001,100,100000,3887a2aa29fb05ca98481ab242a7fa733c85f158ee7671b540fe47878681398d,Aggregate > Index Scan,0.552,0.044,100,1000
6,16,D3_JOIN,s001,100,100000,dd70f043a43e3bde394ef71e473da209de421bf24af75711a31f15148c8e9801,Aggregate > Nested Loop > Index Scan > Bitmap Heap Scan > Bitmap Index Scan,0.261,0.126,10,100
6,17,D3_JOIN,s010,1000,1,2415c762dd309bd55a638a452b9cd9458de6898a6472608f090aab563d3d05da,Aggregate > Hash Join > Seq Scan > Hash > Index Scan,1.489,0.252,100,1000
6,18,D2_INDEXED,s010,1000,100,9a9cf227cd47fb5f513c0d189264be7478acdac0edbcee6eb2bd40aa801b6456,Aggregate > Index Scan,3.945,0.06,1000,10000
6,19,D3_JOIN,s001,100,10,dd70f043a43e3bde394ef71e473da209de421bf24af75711a31f15148c8e9801,Aggregate > Nested Loop > Index Scan > Bitmap Heap Scan > Bitmap Index Scan,0.376,0.161,10,100
6,20,D3_JOIN,s001,100,1,dd70f043a43e3bde394ef71e473da209de421bf24af75711a31f15148c8e9801,Aggregate > Nested Loop > Index Scan > Bitmap Heap Scan > Bitmap Index Scan,0.241,0.102,10,100
6,21,D2_INDEXED,s050,5000,100,6df6c5b03bfcc4b3b1d9eb90b9d1ef233fa3be386d21e29d09c3ad1ec6784ffa,Aggregate > Index Scan,18.539,0.124,5000,50000
6,22,D2_INDEXED,s001,100,100000,3887a2aa29fb05ca98481ab242a7fa733c85f158ee7671b540fe47878681398d,Aggregate > Index Scan,0.775,0.078,100,1000
6,23,D2_INDEXED,s010,1000,1000,9a9cf227cd47fb5f513c0d189264be7478acdac0edbcee6eb2bd40aa801b6456,Aggregate > Index Scan,4.218,0.054,1000,10000
7,1,D3_JOIN,s010,1000,1,2415c762dd309bd55a638a452b9cd9458de6898a6472608f090aab563d3d05da,Aggregate > Hash Join > Seq Scan > Hash > Index Scan,1.572,0.158,100,1000
7,2,D3_JOIN,s050,5000,1000,d69555fbaf4077b67382f2b8e954e17ba3cd9080ecd5c22b922fe05ab9067acc,Aggregate > Hash Join > Seq Scan > Hash > Index Scan,3.656,0.146,500,5000
7,3,D1_QUALIFIERS,s001,100,1,3887a2aa29fb05ca98481ab242a7fa733c85f158ee7671b540fe47878681398d,Aggregate > Index Scan,0.559,0.047,100,1000
7,4,D3_JOIN,s001,100,1,dd70f043a43e3bde394ef71e473da209de421bf24af75711a31f15148c8e9801,Aggregate > Nested Loop > Index Scan > Bitmap Heap Scan > Bitmap Index Scan,0.25,0.127,10,100
7,5,D1_QUALIFIERS,s010,1000,100000,9a9cf227cd47fb5f513c0d189264be7478acdac0edbcee6eb2bd40aa801b6456,Aggregate > Index Scan,3.6,0.026,1000,10000
7,6,D2_INDEXED,s010,1000,1000,9a9cf227cd47fb5f513c0d189264be7478acdac0edbcee6eb2bd40aa801b6456,Aggregate > Index Scan,3.703,0.026,1000,10000
7,7,D3_JOIN,s001,100,10000,dd70f043a43e3bde394ef71e473da209de421bf24af75711a31f15148c8e9801,Aggregate > Nested Loop > Index Scan > Bitmap Heap Scan > Bitmap Index Scan,0.249,0.128,10,100
7,8,D2_INDEXED,s010,1000,100,9a9cf227cd47fb5f513c0d189264be7478acdac0edbcee6eb2bd40aa801b6456,Aggregate > Index Scan,3.564,0.025,1000,10000
7,9,D3_JOIN,s050,5000,100,d69555fbaf4077b67382f2b8e954e17ba3cd9080ecd5c22b922fe05ab9067acc,Aggregate > Hash Join > Seq Scan > Hash > Index Scan,3.251,0.104,500,5000
7,10,D1_QUALIFIERS,s001,100,10000,3887a2aa29fb05ca98481ab242a7fa733c85f158ee7671b540fe47878681398d,Aggregate > Index Scan,0.492,0.031,100,1000
7,11,D2_INDEXED,s001,100,10000,3887a2aa29fb05ca98481ab242a7fa733c85f158ee7671b540fe47878681398d,Aggregate > Index Scan,0.459,0.027,100,1000
7,12,D3_JOIN,s001,100,100,dd70f043a43e3bde394ef71e473da209de421bf24af75711a31f15148c8e9801,Aggregate > Nested Loop > Index Scan > Bitmap Heap Scan > Bitmap Index Scan,0.264,0.106,10,100
7,13,D2_INDEXED,s001,100,10,3887a2aa29fb05ca98481ab242a7fa733c85f158ee7671b540fe47878681398d,Aggregate > Index Scan,0.508,0.045,100,1000
7,14,D1_QUALIFIERS,s001,100,100000,3887a2aa29fb05ca98481ab242a7fa733c85f158ee7671b540fe47878681398d,Aggregate > Index Scan,0.458,0.026,100,1000
7,15,D1_QUALIFIERS,s001,100,100,3887a2aa29fb05ca98481ab242a7fa733c85f158ee7671b540fe47878681398d,Aggregate > Index Scan,0.515,0.033,100,1000
7,16,D2_INDEXED,s001,100,1000,3887a2aa29fb05ca98481ab242a7fa733c85f158ee7671b540fe47878681398d,Aggregate > Index Scan,0.452,0.025,100,1000
7,17,D2_INDEXED,s001,100,1,3887a2aa29fb05ca98481ab242a7fa733c85f158ee7671b540fe47878681398d,Aggregate > Index Scan,0.496,0.029,100,1000
7,18,D1_QUALIFIERS,s001,100,1000,3887a2aa29fb05ca98481ab242a7fa733c85f158ee7671b540fe47878681398d,Aggregate > Index Scan,0.471,0.025,100,1000
7,19,D2_INDEXED,s050,5000,100,6df6c5b03bfcc4b3b1d9eb90b9d1ef233fa3be386d21e29d09c3ad1ec6784ffa,Aggregate > Index Scan,17.583,0.056,5000,50000
7,20,D3_JOIN,s001,100,100000,dd70f043a43e3bde394ef71e473da209de421bf24af75711a31f15148c8e9801,Aggregate > Nested Loop > Index Scan > Bitmap Heap Scan > Bitmap Index Scan,0.333,0.15,10,100
7,21,D1_QUALIFIERS,s001,100,10,3887a2aa29fb05ca98481ab242a7fa733c85f158ee7671b540fe47878681398d,Aggregate > Index Scan,0.481,0.03,100,1000
7,22,D2_INDEXED,s001,100,100000,3887a2aa29fb05ca98481ab242a7fa733c85f158ee7671b540fe47878681398d,Aggregate > Index Scan,0.498,0.045,100,1000
7,23,D3_JOIN,s001,100,10,dd70f043a43e3bde394ef71e473da209de421bf24af75711a31f15148c8e9801,Aggregate > Nested Loop > Index Scan > Bitmap Heap Scan > Bitmap Index Scan,0.243,0.105,10,100
8,1,D3_JOIN,s050,5000,1000,d69555fbaf4077b67382f2b8e954e17ba3cd9080ecd5c22b922fe05ab9067acc,Aggregate > Hash Join > Seq Scan > Hash > Index Scan,3.177,0.11,500,5000
8,2,D2_INDEXED,s001,100,1000,3887a2aa29fb05ca98481ab242a7fa733c85f158ee7671b540fe47878681398d,Aggregate > Index Scan,0.578,0.026,100,1000
8,3,D2_INDEXED,s010,1000,1000,9a9cf227cd47fb5f513c0d189264be7478acdac0edbcee6eb2bd40aa801b6456,Aggregate > Index Scan,3.646,0.024,1000,10000
8,4,D3_JOIN,s010,1000,1,2415c762dd309bd55a638a452b9cd9458de6898a6472608f090aab563d3d05da,Aggregate > Hash Join > Seq Scan > Hash > Index Scan,1.416,0.095,100,1000
8,5,D1_QUALIFIERS,s001,100,10,3887a2aa29fb05ca98481ab242a7fa733c85f158ee7671b540fe47878681398d,Aggregate > Index Scan,0.474,0.027,100,1000
8,6,D3_JOIN,s001,100,100000,dd70f043a43e3bde394ef71e473da209de421bf24af75711a31f15148c8e9801,Aggregate > Nested Loop > Index Scan > Bitmap Heap Scan > Bitmap Index Scan,0.317,0.156,10,100
8,7,D2_INDEXED,s001,100,1,3887a2aa29fb05ca98481ab242a7fa733c85f158ee7671b540fe47878681398d,Aggregate > Index Scan,0.454,0.024,100,1000
8,8,D3_JOIN,s001,100,100,dd70f043a43e3bde394ef71e473da209de421bf24af75711a31f15148c8e9801,Aggregate > Nested Loop > Index Scan > Bitmap Heap Scan > Bitmap Index Scan,0.257,0.093,10,100
8,9,D1_QUALIFIERS,s001,100,10000,3887a2aa29fb05ca98481ab242a7fa733c85f158ee7671b540fe47878681398d,Aggregate > Index Scan,0.475,0.035,100,1000
8,10,D1_QUALIFIERS,s001,100,1000,3887a2aa29fb05ca98481ab242a7fa733c85f158ee7671b540fe47878681398d,Aggregate > Index Scan,0.461,0.027,100,1000
8,11,D2_INDEXED,s050,5000,100,6df6c5b03bfcc4b3b1d9eb90b9d1ef233fa3be386d21e29d09c3ad1ec6784ffa,Aggregate > Index Scan,17.559,0.031,5000,50000
8,12,D2_INDEXED,s010,1000,100,9a9cf227cd47fb5f513c0d189264be7478acdac0edbcee6eb2bd40aa801b6456,Aggregate > Index Scan,4.015,0.048,1000,10000
8,13,D2_INDEXED,s001,100,10,3887a2aa29fb05ca98481ab242a7fa733c85f158ee7671b540fe47878681398d,Aggregate > Index Scan,0.522,0.04,100,1000
8,14,D1_QUALIFIERS,s010,1000,100000,9a9cf227cd47fb5f513c0d189264be7478acdac0edbcee6eb2bd40aa801b6456,Aggregate > Index Scan,3.645,0.044,1000,10000
8,15,D3_JOIN,s001,100,10,dd70f043a43e3bde394ef71e473da209de421bf24af75711a31f15148c8e9801,Aggregate > Nested Loop > Index Scan > Bitmap Heap Scan > Bitmap Index Scan,0.309,0.123,10,100
8,16,D3_JOIN,s001,100,10000,dd70f043a43e3bde394ef71e473da209de421bf24af75711a31f15148c8e9801,Aggregate > Nested Loop > Index Scan > Bitmap Heap Scan > Bitmap Index Scan,0.35,0.162,10,100
8,17,D1_QUALIFIERS,s001,100,100000,3887a2aa29fb05ca98481ab242a7fa733c85f158ee7671b540fe47878681398d,Aggregate > Index Scan,0.549,0.038,100,1000
8,18,D3_JOIN,s050,5000,100,d69555fbaf4077b67382f2b8e954e17ba3cd9080ecd5c22b922fe05ab9067acc,Aggregate > Hash Join > Seq Scan > Hash > Index Scan,3.518,0.132,500,5000
8,19,D1_QUALIFIERS,s001,100,1,3887a2aa29fb05ca98481ab242a7fa733c85f158ee7671b540fe47878681398d,Aggregate > Index Scan,0.504,0.036,100,1000
8,20,D2_INDEXED,s001,100,10000,3887a2aa29fb05ca98481ab242a7fa733c85f158ee7671b540fe47878681398d,Aggregate > Index Scan,0.52,0.029,100,1000
8,21,D2_INDEXED,s001,100,100000,3887a2aa29fb05ca98481ab242a7fa733c85f158ee7671b540fe47878681398d,Aggregate > Index Scan,0.471,0.026,100,1000
8,22,D3_JOIN,s001,100,1,dd70f043a43e3bde394ef71e473da209de421bf24af75711a31f15148c8e9801,Aggregate > Nested Loop > Index Scan > Bitmap Heap Scan > Bitmap Index Scan,0.37,0.122,10,100
8,23,D1_QUALIFIERS,s001,100,100,3887a2aa29fb05ca98481ab242a7fa733c85f158ee7671b540fe47878681398d,Aggregate > Index Scan,0.478,0.027,100,1000
9,1,D2_INDEXED,s010,1000,100,9a9cf227cd47fb5f513c0d189264be7478acdac0edbcee6eb2bd40aa801b6456,Aggregate > Index Scan,3.528,0.028,1000,10000
9,2,D3_JOIN,s001,100,1,dd70f043a43e3bde394ef71e473da209de421bf24af75711a31f15148c8e9801,Aggregate > Nested Loop > Index Scan > Bitmap Heap Scan > Bitmap Index Scan,0.374,0.171,10,100
9,3,D2_INDEXED,s050,5000,100,6df6c5b03bfcc4b3b1d9eb90b9d1ef233fa3be386d21e29d09c3ad1ec6784ffa,Aggregate > Index Scan,17.346,0.047,5000,50000
9,4,D2_INDEXED,s001,100,1,3887a2aa29fb05ca98481ab242a7fa733c85f158ee7671b540fe47878681398d,Aggregate > Index Scan,0.526,0.057,100,1000
9,5,D3_JOIN,s001,100,100000,dd70f043a43e3bde394ef71e473da209de421bf24af75711a31f15148c8e9801,Aggregate > Nested Loop > Index Scan > Bitmap Heap Scan > Bitmap Index Scan,0.244,0.12,10,100
9,6,D2_INDEXED,s010,1000,1000,9a9cf227cd47fb5f513c0d189264be7478acdac0edbcee6eb2bd40aa801b6456,Aggregate > Index Scan,3.754,0.025,1000,10000
9,7,D1_QUALIFIERS,s001,100,100000,3887a2aa29fb05ca98481ab242a7fa733c85f158ee7671b540fe47878681398d,Aggregate > Index Scan,0.528,0.065,100,1000
9,8,D2_INDEXED,s001,100,10,3887a2aa29fb05ca98481ab242a7fa733c85f158ee7671b540fe47878681398d,Aggregate > Index Scan,0.541,0.05,100,1000
9,9,D3_JOIN,s001,100,10000,dd70f043a43e3bde394ef71e473da209de421bf24af75711a31f15148c8e9801,Aggregate > Nested Loop > Index Scan > Bitmap Heap Scan > Bitmap Index Scan,0.306,0.137,10,100
9,10,D1_QUALIFIERS,s001,100,10,3887a2aa29fb05ca98481ab242a7fa733c85f158ee7671b540fe47878681398d,Aggregate > Index Scan,0.633,0.061,100,1000
9,11,D2_INDEXED,s001,100,100000,3887a2aa29fb05ca98481ab242a7fa733c85f158ee7671b540fe47878681398d,Aggregate > Index Scan,0.491,0.036,100,1000
9,12,D1_QUALIFIERS,s010,1000,100000,9a9cf227cd47fb5f513c0d189264be7478acdac0edbcee6eb2bd40aa801b6456,Aggregate > Index Scan,3.53,0.031,1000,10000
9,13,D3_JOIN,s050,5000,100,d69555fbaf4077b67382f2b8e954e17ba3cd9080ecd5c22b922fe05ab9067acc,Aggregate > Hash Join > Seq Scan > Hash > Index Scan,3.321,0.112,500,5000
9,14,D1_QUALIFIERS,s001,100,10000,3887a2aa29fb05ca98481ab242a7fa733c85f158ee7671b540fe47878681398d,Aggregate > Index Scan,0.596,0.025,100,1000
9,15,D3_JOIN,s010,1000,1,2415c762dd309bd55a638a452b9cd9458de6898a6472608f090aab563d3d05da,Aggregate > Hash Join > Seq Scan > Hash > Index Scan,1.453,0.098,100,1000
9,16,D3_JOIN,s001,100,100,dd70f043a43e3bde394ef71e473da209de421bf24af75711a31f15148c8e9801,Aggregate > Nested Loop > Index Scan > Bitmap Heap Scan > Bitmap Index Scan,0.234,0.095,10,100
9,17,D3_JOIN,s050,5000,1000,d69555fbaf4077b67382f2b8e954e17ba3cd9080ecd5c22b922fe05ab9067acc,Aggregate > Hash Join > Seq Scan > Hash > Index Scan,3.16,0.09,500,5000
9,18,D2_INDEXED,s001,100,1000,3887a2aa29fb05ca98481ab242a7fa733c85f158ee7671b540fe47878681398d,Aggregate > Index Scan,0.483,0.027,100,1000
9,19,D3_JOIN,s001,100,10,dd70f043a43e3bde394ef71e473da209de421bf24af75711a31f15148c8e9801,Aggregate > Nested Loop > Index Scan > Bitmap Heap Scan > Bitmap Index Scan,0.243,0.11,10,100
9,20,D2_INDEXED,s001,100,10000,3887a2aa29fb05ca98481ab242a7fa733c85f158ee7671b540fe47878681398d,Aggregate > Index Scan,0.5,0.029,100,1000
9,21,D1_QUALIFIERS,s001,100,100,3887a2aa29fb05ca98481ab242a7fa733c85f158ee7671b540fe47878681398d,Aggregate > Index Scan,0.62,0.025,100,1000
9,22,D1_QUALIFIERS,s001,100,1000,3887a2aa29fb05ca98481ab242a7fa733c85f158ee7671b540fe47878681398d,Aggregate > Index Scan,0.508,0.028,100,1000
9,23,D1_QUALIFIERS,s001,100,1,3887a2aa29fb05ca98481ab242a7fa733c85f158ee7671b540fe47878681398d,Aggregate > Index Scan,0.512,0.025,100,1000
10,1,D1_QUALIFIERS,s001,100,1,3887a2aa29fb05ca98481ab242a7fa733c85f158ee7671b540fe47878681398d,Aggregate > Index Scan,0.515,0.026,100,1000
10,2,D3_JOIN,s001,100,100,dd70f043a43e3bde394ef71e473da209de421bf24af75711a31f15148c8e9801,Aggregate > Nested Loop > Index Scan > Bitmap Heap Scan > Bitmap Index Scan,0.25,0.113,10,100
10,3,D2_INDEXED,s050,5000,100,6df6c5b03bfcc4b3b1d9eb90b9d1ef233fa3be386d21e29d09c3ad1ec6784ffa,Aggregate > Index Scan,17.72,0.025,5000,50000
10,4,D2_INDEXED,s001,100,1,3887a2aa29fb05ca98481ab242a7fa733c85f158ee7671b540fe47878681398d,Aggregate > Index Scan,0.526,0.045,100,1000
10,5,D2_INDEXED,s010,1000,100,9a9cf227cd47fb5f513c0d189264be7478acdac0edbcee6eb2bd40aa801b6456,Aggregate > Index Scan,3.52,0.031,1000,10000
10,6,D3_JOIN,s050,5000,1000,d69555fbaf4077b67382f2b8e954e17ba3cd9080ecd5c22b922fe05ab9067acc,Aggregate > Hash Join > Seq Scan > Hash > Index Scan,3.437,0.137,500,5000
10,7,D3_JOIN,s010,1000,1,2415c762dd309bd55a638a452b9cd9458de6898a6472608f090aab563d3d05da,Aggregate > Hash Join > Seq Scan > Hash > Index Scan,1.424,0.091,100,1000
10,8,D3_JOIN,s001,100,100000,dd70f043a43e3bde394ef71e473da209de421bf24af75711a31f15148c8e9801,Aggregate > Nested Loop > Index Scan > Bitmap Heap Scan > Bitmap Index Scan,0.247,0.105,10,100
10,9,D1_QUALIFIERS,s001,100,10000,3887a2aa29fb05ca98481ab242a7fa733c85f158ee7671b540fe47878681398d,Aggregate > Index Scan,0.483,0.025,100,1000
10,10,D2_INDEXED,s010,1000,1000,9a9cf227cd47fb5f513c0d189264be7478acdac0edbcee6eb2bd40aa801b6456,Aggregate > Index Scan,3.637,0.025,1000,10000
10,11,D1_QUALIFIERS,s010,1000,100000,9a9cf227cd47fb5f513c0d189264be7478acdac0edbcee6eb2bd40aa801b6456,Aggregate > Index Scan,3.543,0.034,1000,10000
10,12,D2_INDEXED,s001,100,10,3887a2aa29fb05ca98481ab242a7fa733c85f158ee7671b540fe47878681398d,Aggregate > Index Scan,0.454,0.026,100,1000
10,13,D3_JOIN,s001,100,1,dd70f043a43e3bde394ef71e473da209de421bf24af75711a31f15148c8e9801,Aggregate > Nested Loop > Index Scan > Bitmap Heap Scan > Bitmap Index Scan,0.268,0.112,10,100
10,14,D1_QUALIFIERS,s001,100,100,3887a2aa29fb05ca98481ab242a7fa733c85f158ee7671b540fe47878681398d,Aggregate > Index Scan,0.556,0.055,100,1000
10,15,D2_INDEXED,s001,100,10000,3887a2aa29fb05ca98481ab242a7fa733c85f158ee7671b540fe47878681398d,Aggregate > Index Scan,0.494,0.03,100,1000
10,16,D2_INDEXED,s001,100,100000,3887a2aa29fb05ca98481ab242a7fa733c85f158ee7671b540fe47878681398d,Aggregate > Index Scan,0.528,0.036,100,1000
10,17,D2_INDEXED,s001,100,1000,3887a2aa29fb05ca98481ab242a7fa733c85f158ee7671b540fe47878681398d,Aggregate > Index Scan,0.457,0.026,100,1000
10,18,D1_QUALIFIERS,s001,100,10,3887a2aa29fb05ca98481ab242a7fa733c85f158ee7671b540fe47878681398d,Aggregate > Index Scan,0.61,0.025,100,1000
10,19,D1_QUALIFIERS,s001,100,100000,3887a2aa29fb05ca98481ab242a7fa733c85f158ee7671b540fe47878681398d,Aggregate > Index Scan,0.447,0.025,100,1000
10,20,D1_QUALIFIERS,s001,100,1000,3887a2aa29fb05ca98481ab242a7fa733c85f158ee7671b540fe47878681398d,Aggregate > Index Scan,0.523,0.027,100,1000
10,21,D3_JOIN,s050,5000,100,d69555fbaf4077b67382f2b8e954e17ba3cd9080ecd5c22b922fe05ab9067acc,Aggregate > Hash Join > Seq Scan > Hash > Index Scan,3.209,0.234,500,5000
10,22,D3_JOIN,s001,100,10,dd70f043a43e3bde394ef71e473da209de421bf24af75711a31f15148c8e9801,Aggregate > Nested Loop > Index Scan > Bitmap Heap Scan > Bitmap Index Scan,0.258,0.118,10,100
10,23,D3_JOIN,s001,100,10000,dd70f043a43e3bde394ef71e473da209de421bf24af75711a31f15148c8e9801,Aggregate > Nested Loop > Index Scan > Bitmap Heap Scan > Bitmap Index Scan,0.236,0.097,10,100
11,1,D3_JOIN,s001,100,1,dd70f043a43e3bde394ef71e473da209de421bf24af75711a31f15148c8e9801,Aggregate > Nested Loop > Index Scan > Bitmap Heap Scan > Bitmap Index Scan,0.255,0.105,10,100
11,2,D2_INDEXED,s001,100,10000,3887a2aa29fb05ca98481ab242a7fa733c85f158ee7671b540fe47878681398d,Aggregate > Index Scan,0.483,0.032,100,1000
11,3,D2_INDEXED,s001,100,100000,3887a2aa29fb05ca98481ab242a7fa733c85f158ee7671b540fe47878681398d,Aggregate > Index Scan,0.517,0.025,100,1000
11,4,D1_QUALIFIERS,s001,100,10,3887a2aa29fb05ca98481ab242a7fa733c85f158ee7671b540fe47878681398d,Aggregate > Index Scan,0.47,0.024,100,1000
11,5,D3_JOIN,s050,5000,1000,d69555fbaf4077b67382f2b8e954e17ba3cd9080ecd5c22b922fe05ab9067acc,Aggregate > Hash Join > Seq Scan > Hash > Index Scan,3.388,0.1,500,5000
11,6,D3_JOIN,s001,100,10000,dd70f043a43e3bde394ef71e473da209de421bf24af75711a31f15148c8e9801,Aggregate > Nested Loop > Index Scan > Bitmap Heap Scan > Bitmap Index Scan,0.262,0.096,10,100
11,7,D3_JOIN,s050,5000,100,d69555fbaf4077b67382f2b8e954e17ba3cd9080ecd5c22b922fe05ab9067acc,Aggregate > Hash Join > Seq Scan > Hash > Index Scan,3.131,0.088,500,5000
11,8,D1_QUALIFIERS,s001,100,1,3887a2aa29fb05ca98481ab242a7fa733c85f158ee7671b540fe47878681398d,Aggregate > Index Scan,0.47,0.025,100,1000
11,9,D3_JOIN,s001,100,100000,dd70f043a43e3bde394ef71e473da209de421bf24af75711a31f15148c8e9801,Aggregate > Nested Loop > Index Scan > Bitmap Heap Scan > Bitmap Index Scan,0.444,0.183,10,100
11,10,D3_JOIN,s001,100,100,dd70f043a43e3bde394ef71e473da209de421bf24af75711a31f15148c8e9801,Aggregate > Nested Loop > Index Scan > Bitmap Heap Scan > Bitmap Index Scan,0.327,0.152,10,100
11,11,D1_QUALIFIERS,s010,1000,100000,9a9cf227cd47fb5f513c0d189264be7478acdac0edbcee6eb2bd40aa801b6456,Aggregate > Index Scan,3.747,0.025,1000,10000
11,12,D2_INDEXED,s010,1000,100,9a9cf227cd47fb5f513c0d189264be7478acdac0edbcee6eb2bd40aa801b6456,Aggregate > Index Scan,4.01,0.026,1000,10000
11,13,D2_INDEXED,s050,5000,100,6df6c5b03bfcc4b3b1d9eb90b9d1ef233fa3be386d21e29d09c3ad1ec6784ffa,Aggregate > Index Scan,17.961,0.036,5000,50000
11,14,D1_QUALIFIERS,s001,100,1000,3887a2aa29fb05ca98481ab242a7fa733c85f158ee7671b540fe47878681398d,Aggregate > Index Scan,0.769,0.06,100,1000
11,15,D2_INDEXED,s001,100,1000,3887a2aa29fb05ca98481ab242a7fa733c85f158ee7671b540fe47878681398d,Aggregate > Index Scan,0.471,0.035,100,1000
11,16,D2_INDEXED,s010,1000,1000,9a9cf227cd47fb5f513c0d189264be7478acdac0edbcee6eb2bd40aa801b6456,Aggregate > Index Scan,4.007,0.027,1000,10000
11,17,D2_INDEXED,s001,100,10,3887a2aa29fb05ca98481ab242a7fa733c85f158ee7671b540fe47878681398d,Aggregate > Index Scan,0.522,0.065,100,1000
11,18,D1_QUALIFIERS,s001,100,10000,3887a2aa29fb05ca98481ab242a7fa733c85f158ee7671b540fe47878681398d,Aggregate > Index Scan,0.491,0.027,100,1000
11,19,D2_INDEXED,s001,100,1,3887a2aa29fb05ca98481ab242a7fa733c85f158ee7671b540fe47878681398d,Aggregate > Index Scan,0.472,0.025,100,1000
11,20,D3_JOIN,s010,1000,1,2415c762dd309bd55a638a452b9cd9458de6898a6472608f090aab563d3d05da,Aggregate > Hash Join > Seq Scan > Hash > Index Scan,1.564,0.113,100,1000
11,21,D1_QUALIFIERS,s001,100,100000,3887a2aa29fb05ca98481ab242a7fa733c85f158ee7671b540fe47878681398d,Aggregate > Index Scan,0.476,0.025,100,1000
11,22,D1_QUALIFIERS,s001,100,100,3887a2aa29fb05ca98481ab242a7fa733c85f158ee7671b540fe47878681398d,Aggregate > Index Scan,0.464,0.025,100,1000
11,23,D3_JOIN,s001,100,10,dd70f043a43e3bde394ef71e473da209de421bf24af75711a31f15148c8e9801,Aggregate > Nested Loop > Index Scan > Bitmap Heap Scan > Bitmap Index Scan,0.23,0.098,10,100
12,1,D1_QUALIFIERS,s001,100,1000,3887a2aa29fb05ca98481ab242a7fa733c85f158ee7671b540fe47878681398d,Aggregate > Index Scan,0.479,0.026,100,1000
12,2,D2_INDEXED,s050,5000,100,6df6c5b03bfcc4b3b1d9eb90b9d1ef233fa3be386d21e29d09c3ad1ec6784ffa,Aggregate > Index Scan,17.648,0.026,5000,50000
12,3,D3_JOIN,s010,1000,1,2415c762dd309bd55a638a452b9cd9458de6898a6472608f090aab563d3d05da,Aggregate > Hash Join > Seq Scan > Hash > Index Scan,1.524,0.101,100,1000
12,4,D2_INDEXED,s010,1000,1000,9a9cf227cd47fb5f513c0d189264be7478acdac0edbcee6eb2bd40aa801b6456,Aggregate > Index Scan,3.859,0.035,1000,10000
12,5,D3_JOIN,s001,100,10000,dd70f043a43e3bde394ef71e473da209de421bf24af75711a31f15148c8e9801,Aggregate > Nested Loop > Index Scan > Bitmap Heap Scan > Bitmap Index Scan,0.241,0.113,10,100
12,6,D2_INDEXED,s001,100,100000,3887a2aa29fb05ca98481ab242a7fa733c85f158ee7671b540fe47878681398d,Aggregate > Index Scan,0.478,0.025,100,1000
12,7,D1_QUALIFIERS,s010,1000,100000,9a9cf227cd47fb5f513c0d189264be7478acdac0edbcee6eb2bd40aa801b6456,Aggregate > Index Scan,3.756,0.024,1000,10000
12,8,D2_INDEXED,s001,100,1000,3887a2aa29fb05ca98481ab242a7fa733c85f158ee7671b540fe47878681398d,Aggregate > Index Scan,0.46,0.025,100,1000
12,9,D1_QUALIFIERS,s001,100,1,3887a2aa29fb05ca98481ab242a7fa733c85f158ee7671b540fe47878681398d,Aggregate > Index Scan,0.461,0.024,100,1000
12,10,D1_QUALIFIERS,s001,100,10,3887a2aa29fb05ca98481ab242a7fa733c85f158ee7671b540fe47878681398d,Aggregate > Index Scan,0.463,0.025,100,1000
12,11,D3_JOIN,s001,100,10,dd70f043a43e3bde394ef71e473da209de421bf24af75711a31f15148c8e9801,Aggregate > Nested Loop > Index Scan > Bitmap Heap Scan > Bitmap Index Scan,0.265,0.118,10,100
12,12,D2_INDEXED,s001,100,1,3887a2aa29fb05ca98481ab242a7fa733c85f158ee7671b540fe47878681398d,Aggregate > Index Scan,0.55,0.034,100,1000
12,13,D3_JOIN,s001,100,100,dd70f043a43e3bde394ef71e473da209de421bf24af75711a31f15148c8e9801,Aggregate > Nested Loop > Index Scan > Bitmap Heap Scan > Bitmap Index Scan,0.233,0.104,10,100
12,14,D1_QUALIFIERS,s001,100,100000,3887a2aa29fb05ca98481ab242a7fa733c85f158ee7671b540fe47878681398d,Aggregate > Index Scan,0.488,0.029,100,1000
12,15,D3_JOIN,s050,5000,1000,d69555fbaf4077b67382f2b8e954e17ba3cd9080ecd5c22b922fe05ab9067acc,Aggregate > Hash Join > Seq Scan > Hash > Index Scan,3.446,0.102,500,5000
12,16,D2_INDEXED,s001,100,10,3887a2aa29fb05ca98481ab242a7fa733c85f158ee7671b540fe47878681398d,Aggregate > Index Scan,0.506,0.039,100,1000
12,17,D3_JOIN,s001,100,1,dd70f043a43e3bde394ef71e473da209de421bf24af75711a31f15148c8e9801,Aggregate > Nested Loop > Index Scan > Bitmap Heap Scan > Bitmap Index Scan,0.353,0.108,10,100
12,18,D2_INDEXED,s010,1000,100,9a9cf227cd47fb5f513c0d189264be7478acdac0edbcee6eb2bd40aa801b6456,Aggregate > Index Scan,3.932,0.028,1000,10000
12,19,D3_JOIN,s050,5000,100,d69555fbaf4077b67382f2b8e954e17ba3cd9080ecd5c22b922fe05ab9067acc,Aggregate > Hash Join > Seq Scan > Hash > Index Scan,3.302,0.137,500,5000
12,20,D1_QUALIFIERS,s001,100,10000,3887a2aa29fb05ca98481ab242a7fa733c85f158ee7671b540fe47878681398d,Aggregate > Index Scan,0.581,0.05,100,1000
12,21,D3_JOIN,s001,100,100000,dd70f043a43e3bde394ef71e473da209de421bf24af75711a31f15148c8e9801,Aggregate > Nested Loop > Index Scan > Bitmap Heap Scan > Bitmap Index Scan,0.351,0.132,10,100
12,22,D2_INDEXED,s001,100,10000,3887a2aa29fb05ca98481ab242a7fa733c85f158ee7671b540fe47878681398d,Aggregate > Index Scan,0.547,0.055,100,1000
12,23,D1_QUALIFIERS,s001,100,100,3887a2aa29fb05ca98481ab242a7fa733c85f158ee7671b540fe47878681398d,Aggregate > Index Scan,0.474,0.058,100,1000
13,1,D2_INDEXED,s001,100,100000,3887a2aa29fb05ca98481ab242a7fa733c85f158ee7671b540fe47878681398d,Aggregate > Index Scan,0.52,0.031,100,1000
13,2,D2_INDEXED,s050,5000,100,6df6c5b03bfcc4b3b1d9eb90b9d1ef233fa3be386d21e29d09c3ad1ec6784ffa,Aggregate > Index Scan,19.822,0.035,5000,50000
13,3,D3_JOIN,s001,100,1,dd70f043a43e3bde394ef71e473da209de421bf24af75711a31f15148c8e9801,Aggregate > Nested Loop > Index Scan > Bitmap Heap Scan > Bitmap Index Scan,0.484,0.192,10,100
13,4,D1_QUALIFIERS,s001,100,1,3887a2aa29fb05ca98481ab242a7fa733c85f158ee7671b540fe47878681398d,Aggregate > Index Scan,0.549,0.053,100,1000
13,5,D2_INDEXED,s001,100,10000,3887a2aa29fb05ca98481ab242a7fa733c85f158ee7671b540fe47878681398d,Aggregate > Index Scan,0.688,0.079,100,1000
13,6,D1_QUALIFIERS,s001,100,100,3887a2aa29fb05ca98481ab242a7fa733c85f158ee7671b540fe47878681398d,Aggregate > Index Scan,0.637,0.064,100,1000
13,7,D2_INDEXED,s001,100,10,3887a2aa29fb05ca98481ab242a7fa733c85f158ee7671b540fe47878681398d,Aggregate > Index Scan,0.604,0.058,100,1000
13,8,D3_JOIN,s001,100,10000,dd70f043a43e3bde394ef71e473da209de421bf24af75711a31f15148c8e9801,Aggregate > Nested Loop > Index Scan > Bitmap Heap Scan > Bitmap Index Scan,0.485,0.206,10,100
13,9,D1_QUALIFIERS,s001,100,10,3887a2aa29fb05ca98481ab242a7fa733c85f158ee7671b540fe47878681398d,Aggregate > Index Scan,0.677,0.074,100,1000
13,10,D3_JOIN,s050,5000,1000,d69555fbaf4077b67382f2b8e954e17ba3cd9080ecd5c22b922fe05ab9067acc,Aggregate > Hash Join > Seq Scan > Hash > Index Scan,4.77,0.186,500,5000
13,11,D2_INDEXED,s010,1000,100,9a9cf227cd47fb5f513c0d189264be7478acdac0edbcee6eb2bd40aa801b6456,Aggregate > Index Scan,4.808,0.087,1000,10000
13,12,D1_QUALIFIERS,s001,100,10000,3887a2aa29fb05ca98481ab242a7fa733c85f158ee7671b540fe47878681398d,Aggregate > Index Scan,0.719,0.066,100,1000
13,13,D3_JOIN,s001,100,100,dd70f043a43e3bde394ef71e473da209de421bf24af75711a31f15148c8e9801,Aggregate > Nested Loop > Index Scan > Bitmap Heap Scan > Bitmap Index Scan,0.445,0.223,10,100
13,14,D1_QUALIFIERS,s001,100,100000,3887a2aa29fb05ca98481ab242a7fa733c85f158ee7671b540fe47878681398d,Aggregate > Index Scan,0.674,0.068,100,1000
13,15,D2_INDEXED,s001,100,1,3887a2aa29fb05ca98481ab242a7fa733c85f158ee7671b540fe47878681398d,Aggregate > Index Scan,0.645,0.06,100,1000
13,16,D3_JOIN,s001,100,100000,dd70f043a43e3bde394ef71e473da209de421bf24af75711a31f15148c8e9801,Aggregate > Nested Loop > Index Scan > Bitmap Heap Scan > Bitmap Index Scan,0.381,0.186,10,100
13,17,D2_INDEXED,s001,100,1000,3887a2aa29fb05ca98481ab242a7fa733c85f158ee7671b540fe47878681398d,Aggregate > Index Scan,0.703,0.067,100,1000
13,18,D3_JOIN,s001,100,10,dd70f043a43e3bde394ef71e473da209de421bf24af75711a31f15148c8e9801,Aggregate > Nested Loop > Index Scan > Bitmap Heap Scan > Bitmap Index Scan,0.468,0.196,10,100
13,19,D3_JOIN,s010,1000,1,2415c762dd309bd55a638a452b9cd9458de6898a6472608f090aab563d3d05da,Aggregate > Hash Join > Seq Scan > Hash > Index Scan,1.871,0.217,100,1000
13,20,D1_QUALIFIERS,s001,100,1000,3887a2aa29fb05ca98481ab242a7fa733c85f158ee7671b540fe47878681398d,Aggregate > Index Scan,0.576,0.048,100,1000
13,21,D2_INDEXED,s010,1000,1000,9a9cf227cd47fb5f513c0d189264be7478acdac0edbcee6eb2bd40aa801b6456,Aggregate > Index Scan,4.376,0.063,1000,10000
13,22,D1_QUALIFIERS,s010,1000,100000,9a9cf227cd47fb5f513c0d189264be7478acdac0edbcee6eb2bd40aa801b6456,Aggregate > Index Scan,4.475,0.066,1000,10000
13,23,D3_JOIN,s050,5000,100,d69555fbaf4077b67382f2b8e954e17ba3cd9080ecd5c22b922fe05ab9067acc,Aggregate > Hash Join > Seq Scan > Hash > Index Scan,4.132,0.181,500,5000
14,1,D1_QUALIFIERS,s001,100,10000,3887a2aa29fb05ca98481ab242a7fa733c85f158ee7671b540fe47878681398d,Aggregate > Index Scan,0.615,0.055,100,1000
14,2,D1_QUALIFIERS,s010,1000,100000,9a9cf227cd47fb5f513c0d189264be7478acdac0edbcee6eb2bd40aa801b6456,Aggregate > Index Scan,4.562,0.15,1000,10000
14,3,D2_INDEXED,s010,1000,1000,9a9cf227cd47fb5f513c0d189264be7478acdac0edbcee6eb2bd40aa801b6456,Aggregate > Index Scan,4.403,0.067,1000,10000
14,4,D2_INDEXED,s010,1000,100,9a9cf227cd47fb5f513c0d189264be7478acdac0edbcee6eb2bd40aa801b6456,Aggregate > Index Scan,5.237,0.069,1000,10000
14,5,D3_JOIN,s050,5000,1000,d69555fbaf4077b67382f2b8e954e17ba3cd9080ecd5c22b922fe05ab9067acc,Aggregate > Hash Join > Seq Scan > Hash > Index Scan,4.003,0.289,500,5000
14,6,D3_JOIN,s001,100,100000,dd70f043a43e3bde394ef71e473da209de421bf24af75711a31f15148c8e9801,Aggregate > Nested Loop > Index Scan > Bitmap Heap Scan > Bitmap Index Scan,0.492,0.166,10,100
14,7,D1_QUALIFIERS,s001,100,100000,3887a2aa29fb05ca98481ab242a7fa733c85f158ee7671b540fe47878681398d,Aggregate > Index Scan,0.79,0.06,100,1000
14,8,D3_JOIN,s050,5000,100,d69555fbaf4077b67382f2b8e954e17ba3cd9080ecd5c22b922fe05ab9067acc,Aggregate > Hash Join > Seq Scan > Hash > Index Scan,4.201,0.21,500,5000
14,9,D1_QUALIFIERS,s001,100,1000,3887a2aa29fb05ca98481ab242a7fa733c85f158ee7671b540fe47878681398d,Aggregate > Index Scan,0.691,0.063,100,1000
14,10,D3_JOIN,s001,100,1,dd70f043a43e3bde394ef71e473da209de421bf24af75711a31f15148c8e9801,Aggregate > Nested Loop > Index Scan > Bitmap Heap Scan > Bitmap Index Scan,0.459,0.182,10,100
14,11,D3_JOIN,s010,1000,1,2415c762dd309bd55a638a452b9cd9458de6898a6472608f090aab563d3d05da,Aggregate > Hash Join > Seq Scan > Hash > Index Scan,1.775,0.151,100,1000
14,12,D2_INDEXED,s001,100,100000,3887a2aa29fb05ca98481ab242a7fa733c85f158ee7671b540fe47878681398d,Aggregate > Index Scan,0.917,0.069,100,1000
14,13,D1_QUALIFIERS,s001,100,100,3887a2aa29fb05ca98481ab242a7fa733c85f158ee7671b540fe47878681398d,Aggregate > Index Scan,0.592,0.043,100,1000
14,14,D3_JOIN,s001,100,100,dd70f043a43e3bde394ef71e473da209de421bf24af75711a31f15148c8e9801,Aggregate > Nested Loop > Index Scan > Bitmap Heap Scan > Bitmap Index Scan,0.287,0.14,10,100
14,15,D1_QUALIFIERS,s001,100,1,3887a2aa29fb05ca98481ab242a7fa733c85f158ee7671b540fe47878681398d,Aggregate > Index Scan,0.549,0.053,100,1000
14,16,D2_INDEXED,s001,100,1,3887a2aa29fb05ca98481ab242a7fa733c85f158ee7671b540fe47878681398d,Aggregate > Index Scan,0.484,0.028,100,1000
14,17,D2_INDEXED,s001,100,10,3887a2aa29fb05ca98481ab242a7fa733c85f158ee7671b540fe47878681398d,Aggregate > Index Scan,0.457,0.025,100,1000
14,18,D1_QUALIFIERS,s001,100,10,3887a2aa29fb05ca98481ab242a7fa733c85f158ee7671b540fe47878681398d,Aggregate > Index Scan,0.477,0.026,100,1000
14,19,D3_JOIN,s001,100,10,dd70f043a43e3bde394ef71e473da209de421bf24af75711a31f15148c8e9801,Aggregate > Nested Loop > Index Scan > Bitmap Heap Scan > Bitmap Index Scan,0.255,0.124,10,100
14,20,D2_INDEXED,s001,100,10000,3887a2aa29fb05ca98481ab242a7fa733c85f158ee7671b540fe47878681398d,Aggregate > Index Scan,0.499,0.056,100,1000
14,21,D2_INDEXED,s050,5000,100,6df6c5b03bfcc4b3b1d9eb90b9d1ef233fa3be386d21e29d09c3ad1ec6784ffa,Aggregate > Index Scan,17.414,0.031,5000,50000
14,22,D3_JOIN,s001,100,10000,dd70f043a43e3bde394ef71e473da209de421bf24af75711a31f15148c8e9801,Aggregate > Nested Loop > Index Scan > Bitmap Heap Scan > Bitmap Index Scan,0.333,0.148,10,100
14,23,D2_INDEXED,s001,100,1000,3887a2aa29fb05ca98481ab242a7fa733c85f158ee7671b540fe47878681398d,Aggregate > Index Scan,0.458,0.026,100,1000
15,1,D2_INDEXED,s010,1000,1000,9a9cf227cd47fb5f513c0d189264be7478acdac0edbcee6eb2bd40aa801b6456,Aggregate > Index Scan,4.015,0.025,1000,10000
15,2,D3_JOIN,s001,100,100,dd70f043a43e3bde394ef71e473da209de421bf24af75711a31f15148c8e9801,Aggregate > Nested Loop > Index Scan > Bitmap Heap Scan > Bitmap Index Scan,0.273,0.153,10,100
15,3,D1_QUALIFIERS,s001,100,1,3887a2aa29fb05ca98481ab242a7fa733c85f158ee7671b540fe47878681398d,Aggregate > Index Scan,0.624,0.025,100,1000
15,4,D2_INDEXED,s001,100,100000,3887a2aa29fb05ca98481ab242a7fa733c85f158ee7671b540fe47878681398d,Aggregate > Index Scan,0.458,0.025,100,1000
15,5,D2_INDEXED,s001,100,10,3887a2aa29fb05ca98481ab242a7fa733c85f158ee7671b540fe47878681398d,Aggregate > Index Scan,0.48,0.024,100,1000
15,6,D3_JOIN,s001,100,10000,dd70f043a43e3bde394ef71e473da209de421bf24af75711a31f15148c8e9801,Aggregate > Nested Loop > Index Scan > Bitmap Heap Scan > Bitmap Index Scan,0.24,0.131,10,100
15,7,D2_INDEXED,s050,5000,100,6df6c5b03bfcc4b3b1d9eb90b9d1ef233fa3be386d21e29d09c3ad1ec6784ffa,Aggregate > Index Scan,18.882,0.026,5000,50000
15,8,D3_JOIN,s050,5000,100,d69555fbaf4077b67382f2b8e954e17ba3cd9080ecd5c22b922fe05ab9067acc,Aggregate > Hash Join > Seq Scan > Hash > Index Scan,3.411,0.147,500,5000
15,9,D1_QUALIFIERS,s001,100,1000,3887a2aa29fb05ca98481ab242a7fa733c85f158ee7671b540fe47878681398d,Aggregate > Index Scan,0.49,0.033,100,1000
15,10,D2_INDEXED,s001,100,10000,3887a2aa29fb05ca98481ab242a7fa733c85f158ee7671b540fe47878681398d,Aggregate > Index Scan,0.82,0.026,100,1000
15,11,D2_INDEXED,s001,100,1,3887a2aa29fb05ca98481ab242a7fa733c85f158ee7671b540fe47878681398d,Aggregate > Index Scan,0.466,0.029,100,1000
15,12,D1_QUALIFIERS,s001,100,100,3887a2aa29fb05ca98481ab242a7fa733c85f158ee7671b540fe47878681398d,Aggregate > Index Scan,0.456,0.025,100,1000
15,13,D3_JOIN,s050,5000,1000,d69555fbaf4077b67382f2b8e954e17ba3cd9080ecd5c22b922fe05ab9067acc,Aggregate > Hash Join > Seq Scan > Hash > Index Scan,3.193,0.108,500,5000
15,14,D1_QUALIFIERS,s010,1000,100000,9a9cf227cd47fb5f513c0d189264be7478acdac0edbcee6eb2bd40aa801b6456,Aggregate > Index Scan,3.761,0.029,1000,10000
15,15,D3_JOIN,s001,100,1,dd70f043a43e3bde394ef71e473da209de421bf24af75711a31f15148c8e9801,Aggregate > Nested Loop > Index Scan > Bitmap Heap Scan > Bitmap Index Scan,0.276,0.117,10,100
15,16,D1_QUALIFIERS,s001,100,10000,3887a2aa29fb05ca98481ab242a7fa733c85f158ee7671b540fe47878681398d,Aggregate > Index Scan,0.481,0.027,100,1000
15,17,D3_JOIN,s001,100,100000,dd70f043a43e3bde394ef71e473da209de421bf24af75711a31f15148c8e9801,Aggregate > Nested Loop > Index Scan > Bitmap Heap Scan > Bitmap Index Scan,0.259,0.105,10,100
15,18,D3_JOIN,s010,1000,1,2415c762dd309bd55a638a452b9cd9458de6898a6472608f090aab563d3d05da,Aggregate > Hash Join > Seq Scan > Hash > Index Scan,1.554,0.087,100,1000
15,19,D1_QUALIFIERS,s001,100,10,3887a2aa29fb05ca98481ab242a7fa733c85f158ee7671b540fe47878681398d,Aggregate > Index Scan,0.529,0.035,100,1000
15,20,D2_INDEXED,s010,1000,100,9a9cf227cd47fb5f513c0d189264be7478acdac0edbcee6eb2bd40aa801b6456,Aggregate > Index Scan,3.519,0.033,1000,10000
15,21,D2_INDEXED,s001,100,1000,3887a2aa29fb05ca98481ab242a7fa733c85f158ee7671b540fe47878681398d,Aggregate > Index Scan,0.523,0.031,100,1000
15,22,D1_QUALIFIERS,s001,100,100000,3887a2aa29fb05ca98481ab242a7fa733c85f158ee7671b540fe47878681398d,Aggregate > Index Scan,0.49,0.033,100,1000
15,23,D3_JOIN,s001,100,10,dd70f043a43e3bde394ef71e473da209de421bf24af75711a31f15148c8e9801,Aggregate > Nested Loop > Index Scan > Bitmap Heap Scan > Bitmap Index Scan,0.263,0.127,10,100
16,1,D1_QUALIFIERS,s001,100,100000,3887a2aa29fb05ca98481ab242a7fa733c85f158ee7671b540fe47878681398d,Aggregate > Index Scan,0.581,0.051,100,1000
16,2,D2_INDEXED,s001,100,1000,3887a2aa29fb05ca98481ab242a7fa733c85f158ee7671b540fe47878681398d,Aggregate > Index Scan,0.521,0.051,100,1000
16,3,D2_INDEXED,s001,100,10,3887a2aa29fb05ca98481ab242a7fa733c85f158ee7671b540fe47878681398d,Aggregate > Index Scan,0.479,0.034,100,1000
16,4,D3_JOIN,s001,100,10000,dd70f043a43e3bde394ef71e473da209de421bf24af75711a31f15148c8e9801,Aggregate > Nested Loop > Index Scan > Bitmap Heap Scan > Bitmap Index Scan,0.266,0.124,10,100
16,5,D1_QUALIFIERS,s001,100,1000,3887a2aa29fb05ca98481ab242a7fa733c85f158ee7671b540fe47878681398d,Aggregate > Index Scan,0.499,0.043,100,1000
16,6,D1_QUALIFIERS,s001,100,100,3887a2aa29fb05ca98481ab242a7fa733c85f158ee7671b540fe47878681398d,Aggregate > Index Scan,0.48,0.03,100,1000
16,7,D1_QUALIFIERS,s001,100,10000,3887a2aa29fb05ca98481ab242a7fa733c85f158ee7671b540fe47878681398d,Aggregate > Index Scan,0.488,0.027,100,1000
16,8,D1_QUALIFIERS,s010,1000,100000,9a9cf227cd47fb5f513c0d189264be7478acdac0edbcee6eb2bd40aa801b6456,Aggregate > Index Scan,3.67,0.038,1000,10000
16,9,D2_INDEXED,s010,1000,1000,9a9cf227cd47fb5f513c0d189264be7478acdac0edbcee6eb2bd40aa801b6456,Aggregate > Index Scan,3.532,0.037,1000,10000
16,10,D3_JOIN,s001,100,1,dd70f043a43e3bde394ef71e473da209de421bf24af75711a31f15148c8e9801,Aggregate > Nested Loop > Index Scan > Bitmap Heap Scan > Bitmap Index Scan,0.262,0.168,10,100
16,11,D2_INDEXED,s010,1000,100,9a9cf227cd47fb5f513c0d189264be7478acdac0edbcee6eb2bd40aa801b6456,Aggregate > Index Scan,3.57,0.034,1000,10000
16,12,D3_JOIN,s001,100,100000,dd70f043a43e3bde394ef71e473da209de421bf24af75711a31f15148c8e9801,Aggregate > Nested Loop > Index Scan > Bitmap Heap Scan > Bitmap Index Scan,0.256,0.124,10,100
16,13,D3_JOIN,s001,100,10,dd70f043a43e3bde394ef71e473da209de421bf24af75711a31f15148c8e9801,Aggregate > Nested Loop > Index Scan > Bitmap Heap Scan > Bitmap Index Scan,0.242,0.104,10,100
16,14,D2_INDEXED,s001,100,100000,3887a2aa29fb05ca98481ab242a7fa733c85f158ee7671b540fe47878681398d,Aggregate > Index Scan,0.46,0.026,100,1000
16,15,D1_QUALIFIERS,s001,100,10,3887a2aa29fb05ca98481ab242a7fa733c85f158ee7671b540fe47878681398d,Aggregate > Index Scan,0.527,0.038,100,1000
16,16,D3_JOIN,s010,1000,1,2415c762dd309bd55a638a452b9cd9458de6898a6472608f090aab563d3d05da,Aggregate > Hash Join > Seq Scan > Hash > Index Scan,1.419,0.108,100,1000
16,17,D3_JOIN,s050,5000,1000,d69555fbaf4077b67382f2b8e954e17ba3cd9080ecd5c22b922fe05ab9067acc,Aggregate > Hash Join > Seq Scan > Hash > Index Scan,3.186,0.093,500,5000
16,18,D2_INDEXED,s001,100,1,3887a2aa29fb05ca98481ab242a7fa733c85f158ee7671b540fe47878681398d,Aggregate > Index Scan,0.549,0.055,100,1000
16,19,D3_JOIN,s050,5000,100,d69555fbaf4077b67382f2b8e954e17ba3cd9080ecd5c22b922fe05ab9067acc,Aggregate > Hash Join > Seq Scan > Hash > Index Scan,3.316,0.162,500,5000
16,20,D1_QUALIFIERS,s001,100,1,3887a2aa29fb05ca98481ab242a7fa733c85f158ee7671b540fe47878681398d,Aggregate > Index Scan,0.547,0.055,100,1000
16,21,D2_INDEXED,s050,5000,100,6df6c5b03bfcc4b3b1d9eb90b9d1ef233fa3be386d21e29d09c3ad1ec6784ffa,Aggregate > Index Scan,17.627,0.028,5000,50000
16,22,D3_JOIN,s001,100,100,dd70f043a43e3bde394ef71e473da209de421bf24af75711a31f15148c8e9801,Aggregate > Nested Loop > Index Scan > Bitmap Heap Scan > Bitmap Index Scan,0.319,0.147,10,100
16,23,D2_INDEXED,s001,100,10000,3887a2aa29fb05ca98481ab242a7fa733c85f158ee7671b540fe47878681398d,Aggregate > Index Scan,0.531,0.03,100,1000
17,1,D1_QUALIFIERS,s001,100,1,3887a2aa29fb05ca98481ab242a7fa733c85f158ee7671b540fe47878681398d,Aggregate > Index Scan,0.534,0.042,100,1000
17,2,D3_JOIN,s001,100,1,dd70f043a43e3bde394ef71e473da209de421bf24af75711a31f15148c8e9801,Aggregate > Nested Loop > Index Scan > Bitmap Heap Scan > Bitmap Index Scan,0.291,0.137,10,100
17,3,D3_JOIN,s001,100,100000,dd70f043a43e3bde394ef71e473da209de421bf24af75711a31f15148c8e9801,Aggregate > Nested Loop > Index Scan > Bitmap Heap Scan > Bitmap Index Scan,0.342,0.159,10,100
17,4,D1_QUALIFIERS,s001,100,10000,3887a2aa29fb05ca98481ab242a7fa733c85f158ee7671b540fe47878681398d,Aggregate > Index Scan,0.514,0.047,100,1000
17,5,D2_INDEXED,s010,1000,1000,9a9cf227cd47fb5f513c0d189264be7478acdac0edbcee6eb2bd40aa801b6456,Aggregate > Index Scan,3.864,0.027,1000,10000
17,6,D1_QUALIFIERS,s001,100,100,3887a2aa29fb05ca98481ab242a7fa733c85f158ee7671b540fe47878681398d,Aggregate > Index Scan,0.481,0.039,100,1000
17,7,D1_QUALIFIERS,s001,100,1000,3887a2aa29fb05ca98481ab242a7fa733c85f158ee7671b540fe47878681398d,Aggregate > Index Scan,0.507,0.034,100,1000
17,8,D2_INDEXED,s001,100,1000,3887a2aa29fb05ca98481ab242a7fa733c85f158ee7671b540fe47878681398d,Aggregate > Index Scan,0.453,0.025,100,1000
17,9,D2_INDEXED,s001,100,100000,3887a2aa29fb05ca98481ab242a7fa733c85f158ee7671b540fe47878681398d,Aggregate > Index Scan,0.501,0.034,100,1000
17,10,D3_JOIN,s001,100,10,dd70f043a43e3bde394ef71e473da209de421bf24af75711a31f15148c8e9801,Aggregate > Nested Loop > Index Scan > Bitmap Heap Scan > Bitmap Index Scan,0.295,0.121,10,100
17,11,D2_INDEXED,s001,100,1,3887a2aa29fb05ca98481ab242a7fa733c85f158ee7671b540fe47878681398d,Aggregate > Index Scan,0.472,0.027,100,1000
17,12,D1_QUALIFIERS,s001,100,100000,3887a2aa29fb05ca98481ab242a7fa733c85f158ee7671b540fe47878681398d,Aggregate > Index Scan,0.675,0.073,100,1000
17,13,D2_INDEXED,s001,100,10000,3887a2aa29fb05ca98481ab242a7fa733c85f158ee7671b540fe47878681398d,Aggregate > Index Scan,0.668,0.041,100,1000
17,14,D3_JOIN,s001,100,10000,dd70f043a43e3bde394ef71e473da209de421bf24af75711a31f15148c8e9801,Aggregate > Nested Loop > Index Scan > Bitmap Heap Scan > Bitmap Index Scan,0.259,0.127,10,100
17,15,D3_JOIN,s010,1000,1,2415c762dd309bd55a638a452b9cd9458de6898a6472608f090aab563d3d05da,Aggregate > Hash Join > Seq Scan > Hash > Index Scan,1.625,0.089,100,1000
17,16,D3_JOIN,s050,5000,100,d69555fbaf4077b67382f2b8e954e17ba3cd9080ecd5c22b922fe05ab9067acc,Aggregate > Hash Join > Seq Scan > Hash > Index Scan,3.182,0.095,500,5000
17,17,D2_INDEXED,s010,1000,100,9a9cf227cd47fb5f513c0d189264be7478acdac0edbcee6eb2bd40aa801b6456,Aggregate > Index Scan,3.622,0.066,1000,10000
17,18,D3_JOIN,s001,100,100,dd70f043a43e3bde394ef71e473da209de421bf24af75711a31f15148c8e9801,Aggregate > Nested Loop > Index Scan > Bitmap Heap Scan > Bitmap Index Scan,0.25,0.13,10,100
17,19,D2_INDEXED,s001,100,10,3887a2aa29fb05ca98481ab242a7fa733c85f158ee7671b540fe47878681398d,Aggregate > Index Scan,0.456,0.025,100,1000
17,20,D1_QUALIFIERS,s001,100,10,3887a2aa29fb05ca98481ab242a7fa733c85f158ee7671b540fe47878681398d,Aggregate > Index Scan,0.551,0.024,100,1000
17,21,D1_QUALIFIERS,s010,1000,100000,9a9cf227cd47fb5f513c0d189264be7478acdac0edbcee6eb2bd40aa801b6456,Aggregate > Index Scan,3.562,0.029,1000,10000
17,22,D2_INDEXED,s050,5000,100,6df6c5b03bfcc4b3b1d9eb90b9d1ef233fa3be386d21e29d09c3ad1ec6784ffa,Aggregate > Index Scan,17.287,0.025,5000,50000
17,23,D3_JOIN,s050,5000,1000,d69555fbaf4077b67382f2b8e954e17ba3cd9080ecd5c22b922fe05ab9067acc,Aggregate > Hash Join > Seq Scan > Hash > Index Scan,3.28,0.272,500,5000
18,1,D2_INDEXED,s001,100,100000,3887a2aa29fb05ca98481ab242a7fa733c85f158ee7671b540fe47878681398d,Aggregate > Index Scan,2.498,0.039,100,1000
18,2,D3_JOIN,s050,5000,100,d69555fbaf4077b67382f2b8e954e17ba3cd9080ecd5c22b922fe05ab9067acc,Aggregate > Hash Join > Seq Scan > Hash > Index Scan,3.153,0.114,500,5000
18,3,D3_JOIN,s001,100,100000,dd70f043a43e3bde394ef71e473da209de421bf24af75711a31f15148c8e9801,Aggregate > Nested Loop > Index Scan > Bitmap Heap Scan > Bitmap Index Scan,0.232,0.095,10,100
18,4,D1_QUALIFIERS,s001,100,10000,3887a2aa29fb05ca98481ab242a7fa733c85f158ee7671b540fe47878681398d,Aggregate > Index Scan,0.481,0.025,100,1000
18,5,D1_QUALIFIERS,s001,100,1000,3887a2aa29fb05ca98481ab242a7fa733c85f158ee7671b540fe47878681398d,Aggregate > Index Scan,0.444,0.024,100,1000
18,6,D1_QUALIFIERS,s001,100,1,3887a2aa29fb05ca98481ab242a7fa733c85f158ee7671b540fe47878681398d,Aggregate > Index Scan,0.691,0.059,100,1000
18,7,D1_QUALIFIERS,s010,1000,100000,9a9cf227cd47fb5f513c0d189264be7478acdac0edbcee6eb2bd40aa801b6456,Aggregate > Index Scan,3.597,0.048,1000,10000
18,8,D3_JOIN,s050,5000,1000,d69555fbaf4077b67382f2b8e954e17ba3cd9080ecd5c22b922fe05ab9067acc,Aggregate > Hash Join > Seq Scan > Hash > Index Scan,3.281,0.111,500,5000
18,9,D3_JOIN,s001,100,10000,dd70f043a43e3bde394ef71e473da209de421bf24af75711a31f15148c8e9801,Aggregate > Nested Loop > Index Scan > Bitmap Heap Scan > Bitmap Index Scan,0.367,0.093,10,100
18,10,D2_INDEXED,s001,100,1,3887a2aa29fb05ca98481ab242a7fa733c85f158ee7671b540fe47878681398d,Aggregate > Index Scan,0.524,0.025,100,1000
18,11,D3_JOIN,s010,1000,1,2415c762dd309bd55a638a452b9cd9458de6898a6472608f090aab563d3d05da,Aggregate > Hash Join > Seq Scan > Hash > Index Scan,1.766,0.089,100,1000
18,12,D2_INDEXED,s010,1000,1000,9a9cf227cd47fb5f513c0d189264be7478acdac0edbcee6eb2bd40aa801b6456,Aggregate > Index Scan,3.572,0.03,1000,10000
18,13,D3_JOIN,s001,100,100,dd70f043a43e3bde394ef71e473da209de421bf24af75711a31f15148c8e9801,Aggregate > Nested Loop > Index Scan > Bitmap Heap Scan > Bitmap Index Scan,0.237,0.103,10,100
18,14,D3_JOIN,s001,100,1,dd70f043a43e3bde394ef71e473da209de421bf24af75711a31f15148c8e9801,Aggregate > Nested Loop > Index Scan > Bitmap Heap Scan > Bitmap Index Scan,0.263,0.091,10,100
18,15,D2_INDEXED,s001,100,10,3887a2aa29fb05ca98481ab242a7fa733c85f158ee7671b540fe47878681398d,Aggregate > Index Scan,0.484,0.025,100,1000
18,16,D2_INDEXED,s001,100,1000,3887a2aa29fb05ca98481ab242a7fa733c85f158ee7671b540fe47878681398d,Aggregate > Index Scan,0.452,0.024,100,1000
18,17,D1_QUALIFIERS,s001,100,100000,3887a2aa29fb05ca98481ab242a7fa733c85f158ee7671b540fe47878681398d,Aggregate > Index Scan,0.504,0.028,100,1000
18,18,D2_INDEXED,s050,5000,100,6df6c5b03bfcc4b3b1d9eb90b9d1ef233fa3be386d21e29d09c3ad1ec6784ffa,Aggregate > Index Scan,17.432,0.024,5000,50000
18,19,D2_INDEXED,s001,100,10000,3887a2aa29fb05ca98481ab242a7fa733c85f158ee7671b540fe47878681398d,Aggregate > Index Scan,0.496,0.034,100,1000
18,20,D2_INDEXED,s010,1000,100,9a9cf227cd47fb5f513c0d189264be7478acdac0edbcee6eb2bd40aa801b6456,Aggregate > Index Scan,3.502,0.024,1000,10000
18,21,D1_QUALIFIERS,s001,100,100,3887a2aa29fb05ca98481ab242a7fa733c85f158ee7671b540fe47878681398d,Aggregate > Index Scan,0.58,0.024,100,1000
18,22,D3_JOIN,s001,100,10,dd70f043a43e3bde394ef71e473da209de421bf24af75711a31f15148c8e9801,Aggregate > Nested Loop > Index Scan > Bitmap Heap Scan > Bitmap Index Scan,0.234,0.107,10,100
18,23,D1_QUALIFIERS,s001,100,10,3887a2aa29fb05ca98481ab242a7fa733c85f158ee7671b540fe47878681398d,Aggregate > Index Scan,0.456,0.024,100,1000
19,1,D2_INDEXED,s001,100,1000,3887a2aa29fb05ca98481ab242a7fa733c85f158ee7671b540fe47878681398d,Aggregate > Index Scan,0.476,0.025,100,1000
19,2,D3_JOIN,s001,100,100000,dd70f043a43e3bde394ef71e473da209de421bf24af75711a31f15148c8e9801,Aggregate > Nested Loop > Index Scan > Bitmap Heap Scan > Bitmap Index Scan,0.279,0.09,10,100
19,3,D1_QUALIFIERS,s001,100,1000,3887a2aa29fb05ca98481ab242a7fa733c85f158ee7671b540fe47878681398d,Aggregate > Index Scan,0.457,0.024,100,1000
19,4,D3_JOIN,s010,1000,1,2415c762dd309bd55a638a452b9cd9458de6898a6472608f090aab563d3d05da,Aggregate > Hash Join > Seq Scan > Hash > Index Scan,1.464,0.086,100,1000
19,5,D1_QUALIFIERS,s001,100,1,3887a2aa29fb05ca98481ab242a7fa733c85f158ee7671b540fe47878681398d,Aggregate > Index Scan,0.522,0.034,100,1000
19,6,D3_JOIN,s001,100,10,dd70f043a43e3bde394ef71e473da209de421bf24af75711a31f15148c8e9801,Aggregate > Nested Loop > Index Scan > Bitmap Heap Scan > Bitmap Index Scan,0.235,0.105,10,100
19,7,D3_JOIN,s001,100,1,dd70f043a43e3bde394ef71e473da209de421bf24af75711a31f15148c8e9801,Aggregate > Nested Loop > Index Scan > Bitmap Heap Scan > Bitmap Index Scan,0.228,0.09,10,100
19,8,D1_QUALIFIERS,s001,100,10,3887a2aa29fb05ca98481ab242a7fa733c85f158ee7671b540fe47878681398d,Aggregate > Index Scan,0.499,0.025,100,1000
19,9,D1_QUALIFIERS,s010,1000,100000,9a9cf227cd47fb5f513c0d189264be7478acdac0edbcee6eb2bd40aa801b6456,Aggregate > Index Scan,3.569,0.024,1000,10000
19,10,D1_QUALIFIERS,s001,100,100,3887a2aa29fb05ca98481ab242a7fa733c85f158ee7671b540fe47878681398d,Aggregate > Index Scan,0.505,0.024,100,1000
19,11,D3_JOIN,s001,100,100,dd70f043a43e3bde394ef71e473da209de421bf24af75711a31f15148c8e9801,Aggregate > Nested Loop > Index Scan > Bitmap Heap Scan > Bitmap Index Scan,0.223,0.09,10,100
19,12,D2_INDEXED,s001,100,100000,3887a2aa29fb05ca98481ab242a7fa733c85f158ee7671b540fe47878681398d,Aggregate > Index Scan,0.486,0.025,100,1000
19,13,D2_INDEXED,s050,5000,100,6df6c5b03bfcc4b3b1d9eb90b9d1ef233fa3be386d21e29d09c3ad1ec6784ffa,Aggregate > Index Scan,17.627,0.024,5000,50000
19,14,D2_INDEXED,s001,100,10,3887a2aa29fb05ca98481ab242a7fa733c85f158ee7671b540fe47878681398d,Aggregate > Index Scan,0.5,0.028,100,1000
19,15,D1_QUALIFIERS,s001,100,100000,3887a2aa29fb05ca98481ab242a7fa733c85f158ee7671b540fe47878681398d,Aggregate > Index Scan,0.473,0.028,100,1000
19,16,D2_INDEXED,s010,1000,1000,9a9cf227cd47fb5f513c0d189264be7478acdac0edbcee6eb2bd40aa801b6456,Aggregate > Index Scan,3.697,0.025,1000,10000
19,17,D3_JOIN,s050,5000,1000,d69555fbaf4077b67382f2b8e954e17ba3cd9080ecd5c22b922fe05ab9067acc,Aggregate > Hash Join > Seq Scan > Hash > Index Scan,3.186,0.104,500,5000
19,18,D3_JOIN,s001,100,10000,dd70f043a43e3bde394ef71e473da209de421bf24af75711a31f15148c8e9801,Aggregate > Nested Loop > Index Scan > Bitmap Heap Scan > Bitmap Index Scan,0.256,0.09,10,100
19,19,D2_INDEXED,s001,100,10000,3887a2aa29fb05ca98481ab242a7fa733c85f158ee7671b540fe47878681398d,Aggregate > Index Scan,0.458,0.026,100,1000
19,20,D2_INDEXED,s010,1000,100,9a9cf227cd47fb5f513c0d189264be7478acdac0edbcee6eb2bd40aa801b6456,Aggregate > Index Scan,3.648,0.024,1000,10000
19,21,D1_QUALIFIERS,s001,100,10000,3887a2aa29fb05ca98481ab242a7fa733c85f158ee7671b540fe47878681398d,Aggregate > Index Scan,0.451,0.026,100,1000
19,22,D3_JOIN,s050,5000,100,d69555fbaf4077b67382f2b8e954e17ba3cd9080ecd5c22b922fe05ab9067acc,Aggregate > Hash Join > Seq Scan > Hash > Index Scan,3.138,0.101,500,5000
19,23,D2_INDEXED,s001,100,1,3887a2aa29fb05ca98481ab242a7fa733c85f158ee7671b540fe47878681398d,Aggregate > Index Scan,0.469,0.034,100,1000
20,1,D3_JOIN,s010,1000,1,2415c762dd309bd55a638a452b9cd9458de6898a6472608f090aab563d3d05da,Aggregate > Hash Join > Seq Scan > Hash > Index Scan,1.457,0.1,100,1000
20,2,D1_QUALIFIERS,s010,1000,100000,9a9cf227cd47fb5f513c0d189264be7478acdac0edbcee6eb2bd40aa801b6456,Aggregate > Index Scan,3.629,0.024,1000,10000
20,3,D3_JOIN,s050,5000,1000,d69555fbaf4077b67382f2b8e954e17ba3cd9080ecd5c22b922fe05ab9067acc,Aggregate > Hash Join > Seq Scan > Hash > Index Scan,3.33,0.086,500,5000
20,4,D2_INDEXED,s010,1000,1000,9a9cf227cd47fb5f513c0d189264be7478acdac0edbcee6eb2bd40aa801b6456,Aggregate > Index Scan,3.452,0.026,1000,10000
20,5,D1_QUALIFIERS,s001,100,10000,3887a2aa29fb05ca98481ab242a7fa733c85f158ee7671b540fe47878681398d,Aggregate > Index Scan,0.61,0.024,100,1000
20,6,D2_INDEXED,s001,100,1,3887a2aa29fb05ca98481ab242a7fa733c85f158ee7671b540fe47878681398d,Aggregate > Index Scan,0.458,0.025,100,1000
20,7,D2_INDEXED,s001,100,10000,3887a2aa29fb05ca98481ab242a7fa733c85f158ee7671b540fe47878681398d,Aggregate > Index Scan,0.582,0.025,100,1000
20,8,D2_INDEXED,s010,1000,100,9a9cf227cd47fb5f513c0d189264be7478acdac0edbcee6eb2bd40aa801b6456,Aggregate > Index Scan,3.449,0.025,1000,10000
20,9,D2_INDEXED,s001,100,10,3887a2aa29fb05ca98481ab242a7fa733c85f158ee7671b540fe47878681398d,Aggregate > Index Scan,0.442,0.024,100,1000
20,10,D3_JOIN,s001,100,1,dd70f043a43e3bde394ef71e473da209de421bf24af75711a31f15148c8e9801,Aggregate > Nested Loop > Index Scan > Bitmap Heap Scan > Bitmap Index Scan,0.415,0.193,10,100
20,11,D2_INDEXED,s001,100,100000,3887a2aa29fb05ca98481ab242a7fa733c85f158ee7671b540fe47878681398d,Aggregate > Index Scan,0.465,0.028,100,1000
20,12,D1_QUALIFIERS,s001,100,1000,3887a2aa29fb05ca98481ab242a7fa733c85f158ee7671b540fe47878681398d,Aggregate > Index Scan,0.443,0.025,100,1000
20,13,D3_JOIN,s001,100,100,dd70f043a43e3bde394ef71e473da209de421bf24af75711a31f15148c8e9801,Aggregate > Nested Loop > Index Scan > Bitmap Heap Scan > Bitmap Index Scan,0.235,0.105,10,100
20,14,D1_QUALIFIERS,s001,100,100000,3887a2aa29fb05ca98481ab242a7fa733c85f158ee7671b540fe47878681398d,Aggregate > Index Scan,0.479,0.025,100,1000
20,15,D2_INDEXED,s050,5000,100,6df6c5b03bfcc4b3b1d9eb90b9d1ef233fa3be386d21e29d09c3ad1ec6784ffa,Aggregate > Index Scan,19.79,0.024,5000,50000
20,16,D3_JOIN,s050,5000,100,d69555fbaf4077b67382f2b8e954e17ba3cd9080ecd5c22b922fe05ab9067acc,Aggregate > Hash Join > Seq Scan > Hash > Index Scan,3.137,0.11,500,5000
20,17,D2_INDEXED,s001,100,1000,3887a2aa29fb05ca98481ab242a7fa733c85f158ee7671b540fe47878681398d,Aggregate > Index Scan,0.449,0.025,100,1000
20,18,D1_QUALIFIERS,s001,100,10,3887a2aa29fb05ca98481ab242a7fa733c85f158ee7671b540fe47878681398d,Aggregate > Index Scan,0.445,0.024,100,1000
20,19,D1_QUALIFIERS,s001,100,100,3887a2aa29fb05ca98481ab242a7fa733c85f158ee7671b540fe47878681398d,Aggregate > Index Scan,0.444,0.024,100,1000
20,20,D3_JOIN,s001,100,100000,dd70f043a43e3bde394ef71e473da209de421bf24af75711a31f15148c8e9801,Aggregate > Nested Loop > Index Scan > Bitmap Heap Scan > Bitmap Index Scan,0.224,0.098,10,100
20,21,D3_JOIN,s001,100,10,dd70f043a43e3bde394ef71e473da209de421bf24af75711a31f15148c8e9801,Aggregate > Nested Loop > Index Scan > Bitmap Heap Scan > Bitmap Index Scan,0.222,0.134,10,100
20,22,D3_JOIN,s001,100,10000,dd70f043a43e3bde394ef71e473da209de421bf24af75711a31f15148c8e9801,Aggregate > Nested Loop > Index Scan > Bitmap Heap Scan > Bitmap Index Scan,0.217,0.087,10,100
20,23,D1_QUALIFIERS,s001,100,1,3887a2aa29fb05ca98481ab242a7fa733c85f158ee7671b540fe47878681398d,Aggregate > Index Scan,0.446,0.025,100,1000
21,1,D3_JOIN,s001,100,100,dd70f043a43e3bde394ef71e473da209de421bf24af75711a31f15148c8e9801,Aggregate > Nested Loop > Index Scan > Bitmap Heap Scan > Bitmap Index Scan,0.221,0.09,10,100
21,2,D1_QUALIFIERS,s010,1000,100000,9a9cf227cd47fb5f513c0d189264be7478acdac0edbcee6eb2bd40aa801b6456,Aggregate > Index Scan,3.45,0.208,1000,10000
21,3,D3_JOIN,s001,100,10,dd70f043a43e3bde394ef71e473da209de421bf24af75711a31f15148c8e9801,Aggregate > Nested Loop > Index Scan > Bitmap Heap Scan > Bitmap Index Scan,0.219,0.09,10,100
21,4,D3_JOIN,s001,100,100000,dd70f043a43e3bde394ef71e473da209de421bf24af75711a31f15148c8e9801,Aggregate > Nested Loop > Index Scan > Bitmap Heap Scan > Bitmap Index Scan,0.223,0.106,10,100
21,5,D3_JOIN,s010,1000,1,2415c762dd309bd55a638a452b9cd9458de6898a6472608f090aab563d3d05da,Aggregate > Hash Join > Seq Scan > Hash > Index Scan,1.617,0.087,100,1000
21,6,D2_INDEXED,s050,5000,100,6df6c5b03bfcc4b3b1d9eb90b9d1ef233fa3be386d21e29d09c3ad1ec6784ffa,Aggregate > Index Scan,18.459,0.032,5000,50000
21,7,D2_INDEXED,s010,1000,1000,9a9cf227cd47fb5f513c0d189264be7478acdac0edbcee6eb2bd40aa801b6456,Aggregate > Index Scan,3.467,0.032,1000,10000
21,8,D3_JOIN,s050,5000,100,d69555fbaf4077b67382f2b8e954e17ba3cd9080ecd5c22b922fe05ab9067acc,Aggregate > Hash Join > Seq Scan > Hash > Index Scan,3.067,0.095,500,5000
21,9,D2_INDEXED,s001,100,100000,3887a2aa29fb05ca98481ab242a7fa733c85f158ee7671b540fe47878681398d,Aggregate > Index Scan,0.499,0.037,100,1000
21,10,D2_INDEXED,s001,100,1,3887a2aa29fb05ca98481ab242a7fa733c85f158ee7671b540fe47878681398d,Aggregate > Index Scan,0.506,0.048,100,1000
21,11,D3_JOIN,s001,100,10000,dd70f043a43e3bde394ef71e473da209de421bf24af75711a31f15148c8e9801,Aggregate > Nested Loop > Index Scan > Bitmap Heap Scan > Bitmap Index Scan,0.233,0.112,10,100
21,12,D2_INDEXED,s010,1000,100,9a9cf227cd47fb5f513c0d189264be7478acdac0edbcee6eb2bd40aa801b6456,Aggregate > Index Scan,3.587,0.024,1000,10000
21,13,D1_QUALIFIERS,s001,100,100000,3887a2aa29fb05ca98481ab242a7fa733c85f158ee7671b540fe47878681398d,Aggregate > Index Scan,0.464,0.025,100,1000
21,14,D2_INDEXED,s001,100,1000,3887a2aa29fb05ca98481ab242a7fa733c85f158ee7671b540fe47878681398d,Aggregate > Index Scan,0.442,0.024,100,1000
21,15,D1_QUALIFIERS,s001,100,10000,3887a2aa29fb05ca98481ab242a7fa733c85f158ee7671b540fe47878681398d,Aggregate > Index Scan,0.448,0.024,100,1000
21,16,D3_JOIN,s050,5000,1000,d69555fbaf4077b67382f2b8e954e17ba3cd9080ecd5c22b922fe05ab9067acc,Aggregate > Hash Join > Seq Scan > Hash > Index Scan,3.859,0.116,500,5000
21,17,D1_QUALIFIERS,s001,100,100,3887a2aa29fb05ca98481ab242a7fa733c85f158ee7671b540fe47878681398d,Aggregate > Index Scan,0.464,0.026,100,1000
21,18,D3_JOIN,s001,100,1,dd70f043a43e3bde394ef71e473da209de421bf24af75711a31f15148c8e9801,Aggregate > Nested Loop > Index Scan > Bitmap Heap Scan > Bitmap Index Scan,0.221,0.092,10,100
21,19,D2_INDEXED,s001,100,10000,3887a2aa29fb05ca98481ab242a7fa733c85f158ee7671b540fe47878681398d,Aggregate > Index Scan,0.449,0.025,100,1000
21,20,D1_QUALIFIERS,s001,100,10,3887a2aa29fb05ca98481ab242a7fa733c85f158ee7671b540fe47878681398d,Aggregate > Index Scan,0.469,0.025,100,1000
21,21,D2_INDEXED,s001,100,10,3887a2aa29fb05ca98481ab242a7fa733c85f158ee7671b540fe47878681398d,Aggregate > Index Scan,0.464,0.052,100,1000
21,22,D1_QUALIFIERS,s001,100,1,3887a2aa29fb05ca98481ab242a7fa733c85f158ee7671b540fe47878681398d,Aggregate > Index Scan,0.448,0.025,100,1000
21,23,D1_QUALIFIERS,s001,100,1000,3887a2aa29fb05ca98481ab242a7fa733c85f158ee7671b540fe47878681398d,Aggregate > Index Scan,0.459,0.024,100,1000
22,1,D1_QUALIFIERS,s001,100,100,3887a2aa29fb05ca98481ab242a7fa733c85f158ee7671b540fe47878681398d,Aggregate > Index Scan,0.491,0.024,100,1000
22,2,D2_INDEXED,s001,100,1000,3887a2aa29fb05ca98481ab242a7fa733c85f158ee7671b540fe47878681398d,Aggregate > Index Scan,0.454,0.025,100,1000
22,3,D2_INDEXED,s001,100,10000,3887a2aa29fb05ca98481ab242a7fa733c85f158ee7671b540fe47878681398d,Aggregate > Index Scan,0.602,0.025,100,1000
22,4,D1_QUALIFIERS,s010,1000,100000,9a9cf227cd47fb5f513c0d189264be7478acdac0edbcee6eb2bd40aa801b6456,Aggregate > Index Scan,3.595,0.028,1000,10000
22,5,D1_QUALIFIERS,s001,100,100000,3887a2aa29fb05ca98481ab242a7fa733c85f158ee7671b540fe47878681398d,Aggregate > Index Scan,0.445,0.024,100,1000
22,6,D3_JOIN,s050,5000,1000,d69555fbaf4077b67382f2b8e954e17ba3cd9080ecd5c22b922fe05ab9067acc,Aggregate > Hash Join > Seq Scan > Hash > Index Scan,3.347,0.105,500,5000
22,7,D3_JOIN,s010,1000,1,2415c762dd309bd55a638a452b9cd9458de6898a6472608f090aab563d3d05da,Aggregate > Hash Join > Seq Scan > Hash > Index Scan,1.371,0.102,100,1000
22,8,D1_QUALIFIERS,s001,100,10,3887a2aa29fb05ca98481ab242a7fa733c85f158ee7671b540fe47878681398d,Aggregate > Index Scan,0.474,0.026,100,1000
22,9,D2_INDEXED,s010,1000,100,9a9cf227cd47fb5f513c0d189264be7478acdac0edbcee6eb2bd40aa801b6456,Aggregate > Index Scan,3.41,0.024,1000,10000
22,10,D3_JOIN,s001,100,1,dd70f043a43e3bde394ef71e473da209de421bf24af75711a31f15148c8e9801,Aggregate > Nested Loop > Index Scan > Bitmap Heap Scan > Bitmap Index Scan,0.374,0.157,10,100
22,11,D3_JOIN,s001,100,10000,dd70f043a43e3bde394ef71e473da209de421bf24af75711a31f15148c8e9801,Aggregate > Nested Loop > Index Scan > Bitmap Heap Scan > Bitmap Index Scan,0.234,0.101,10,100
22,12,D2_INDEXED,s001,100,10,3887a2aa29fb05ca98481ab242a7fa733c85f158ee7671b540fe47878681398d,Aggregate > Index Scan,0.497,0.025,100,1000
22,13,D1_QUALIFIERS,s001,100,1000,3887a2aa29fb05ca98481ab242a7fa733c85f158ee7671b540fe47878681398d,Aggregate > Index Scan,0.446,0.025,100,1000
22,14,D1_QUALIFIERS,s001,100,10000,3887a2aa29fb05ca98481ab242a7fa733c85f158ee7671b540fe47878681398d,Aggregate > Index Scan,0.469,0.025,100,1000
22,15,D2_INDEXED,s001,100,100000,3887a2aa29fb05ca98481ab242a7fa733c85f158ee7671b540fe47878681398d,Aggregate > Index Scan,0.472,0.024,100,1000
22,16,D3_JOIN,s001,100,100,dd70f043a43e3bde394ef71e473da209de421bf24af75711a31f15148c8e9801,Aggregate > Nested Loop > Index Scan > Bitmap Heap Scan > Bitmap Index Scan,0.226,0.109,10,100
22,17,D3_JOIN,s050,5000,100,d69555fbaf4077b67382f2b8e954e17ba3cd9080ecd5c22b922fe05ab9067acc,Aggregate > Hash Join > Seq Scan > Hash > Index Scan,3.121,0.088,500,5000
22,18,D2_INDEXED,s010,1000,1000,9a9cf227cd47fb5f513c0d189264be7478acdac0edbcee6eb2bd40aa801b6456,Aggregate > Index Scan,3.614,0.025,1000,10000
22,19,D3_JOIN,s001,100,10,dd70f043a43e3bde394ef71e473da209de421bf24af75711a31f15148c8e9801,Aggregate > Nested Loop > Index Scan > Bitmap Heap Scan > Bitmap Index Scan,0.228,0.089,10,100
22,20,D2_INDEXED,s050,5000,100,6df6c5b03bfcc4b3b1d9eb90b9d1ef233fa3be386d21e29d09c3ad1ec6784ffa,Aggregate > Index Scan,17.174,0.024,5000,50000
22,21,D2_INDEXED,s001,100,1,3887a2aa29fb05ca98481ab242a7fa733c85f158ee7671b540fe47878681398d,Aggregate > Index Scan,0.456,0.031,100,1000
22,22,D3_JOIN,s001,100,100000,dd70f043a43e3bde394ef71e473da209de421bf24af75711a31f15148c8e9801,Aggregate > Nested Loop > Index Scan > Bitmap Heap Scan > Bitmap Index Scan,0.234,0.105,10,100
22,23,D1_QUALIFIERS,s001,100,1,3887a2aa29fb05ca98481ab242a7fa733c85f158ee7671b540fe47878681398d,Aggregate > Index Scan,0.477,0.05,100,1000
23,1,D1_QUALIFIERS,s010,1000,100000,9a9cf227cd47fb5f513c0d189264be7478acdac0edbcee6eb2bd40aa801b6456,Aggregate > Index Scan,3.655,0.024,1000,10000
23,2,D3_JOIN,s050,5000,100,d69555fbaf4077b67382f2b8e954e17ba3cd9080ecd5c22b922fe05ab9067acc,Aggregate > Hash Join > Seq Scan > Hash > Index Scan,3.196,0.095,500,5000
23,3,D1_QUALIFIERS,s001,100,100,3887a2aa29fb05ca98481ab242a7fa733c85f158ee7671b540fe47878681398d,Aggregate > Index Scan,0.444,0.024,100,1000
23,4,D2_INDEXED,s001,100,1,3887a2aa29fb05ca98481ab242a7fa733c85f158ee7671b540fe47878681398d,Aggregate > Index Scan,0.526,0.024,100,1000
23,5,D2_INDEXED,s001,100,10,3887a2aa29fb05ca98481ab242a7fa733c85f158ee7671b540fe47878681398d,Aggregate > Index Scan,0.462,0.025,100,1000
23,6,D2_INDEXED,s001,100,100000,3887a2aa29fb05ca98481ab242a7fa733c85f158ee7671b540fe47878681398d,Aggregate > Index Scan,0.47,0.024,100,1000
23,7,D1_QUALIFIERS,s001,100,10000,3887a2aa29fb05ca98481ab242a7fa733c85f158ee7671b540fe47878681398d,Aggregate > Index Scan,0.44,0.024,100,1000
23,8,D1_QUALIFIERS,s001,100,100000,3887a2aa29fb05ca98481ab242a7fa733c85f158ee7671b540fe47878681398d,Aggregate > Index Scan,0.471,0.025,100,1000
23,9,D1_QUALIFIERS,s001,100,1000,3887a2aa29fb05ca98481ab242a7fa733c85f158ee7671b540fe47878681398d,Aggregate > Index Scan,0.445,0.025,100,1000
23,10,D2_INDEXED,s001,100,1000,3887a2aa29fb05ca98481ab242a7fa733c85f158ee7671b540fe47878681398d,Aggregate > Index Scan,0.45,0.052,100,1000
23,11,D3_JOIN,s050,5000,1000,d69555fbaf4077b67382f2b8e954e17ba3cd9080ecd5c22b922fe05ab9067acc,Aggregate > Hash Join > Seq Scan > Hash > Index Scan,3.208,0.097,500,5000
23,12,D1_QUALIFIERS,s001,100,10,3887a2aa29fb05ca98481ab242a7fa733c85f158ee7671b540fe47878681398d,Aggregate > Index Scan,0.439,0.025,100,1000
23,13,D1_QUALIFIERS,s001,100,1,3887a2aa29fb05ca98481ab242a7fa733c85f158ee7671b540fe47878681398d,Aggregate > Index Scan,0.464,0.024,100,1000
23,14,D3_JOIN,s001,100,100,dd70f043a43e3bde394ef71e473da209de421bf24af75711a31f15148c8e9801,Aggregate > Nested Loop > Index Scan > Bitmap Heap Scan > Bitmap Index Scan,0.333,0.151,10,100
23,15,D3_JOIN,s001,100,10,dd70f043a43e3bde394ef71e473da209de421bf24af75711a31f15148c8e9801,Aggregate > Nested Loop > Index Scan > Bitmap Heap Scan > Bitmap Index Scan,0.241,0.135,10,100
23,16,D3_JOIN,s001,100,100000,dd70f043a43e3bde394ef71e473da209de421bf24af75711a31f15148c8e9801,Aggregate > Nested Loop > Index Scan > Bitmap Heap Scan > Bitmap Index Scan,0.247,0.09,10,100
23,17,D2_INDEXED,s010,1000,100,9a9cf227cd47fb5f513c0d189264be7478acdac0edbcee6eb2bd40aa801b6456,Aggregate > Index Scan,3.923,0.024,1000,10000
23,18,D2_INDEXED,s050,5000,100,6df6c5b03bfcc4b3b1d9eb90b9d1ef233fa3be386d21e29d09c3ad1ec6784ffa,Aggregate > Index Scan,16.913,0.029,5000,50000
23,19,D2_INDEXED,s001,100,10000,3887a2aa29fb05ca98481ab242a7fa733c85f158ee7671b540fe47878681398d,Aggregate > Index Scan,0.444,0.028,100,1000
23,20,D2_INDEXED,s010,1000,1000,9a9cf227cd47fb5f513c0d189264be7478acdac0edbcee6eb2bd40aa801b6456,Aggregate > Index Scan,3.394,0.024,1000,10000
23,21,D3_JOIN,s001,100,10000,dd70f043a43e3bde394ef71e473da209de421bf24af75711a31f15148c8e9801,Aggregate > Nested Loop > Index Scan > Bitmap Heap Scan > Bitmap Index Scan,0.223,0.1,10,100
23,22,D3_JOIN,s001,100,1,dd70f043a43e3bde394ef71e473da209de421bf24af75711a31f15148c8e9801,Aggregate > Nested Loop > Index Scan > Bitmap Heap Scan > Bitmap Index Scan,0.262,0.089,10,100
23,23,D3_JOIN,s010,1000,1,2415c762dd309bd55a638a452b9cd9458de6898a6472608f090aab563d3d05da,Aggregate > Hash Join > Seq Scan > Hash > Index Scan,1.371,0.083,100,1000
24,1,D1_QUALIFIERS,s001,100,100,3887a2aa29fb05ca98481ab242a7fa733c85f158ee7671b540fe47878681398d,Aggregate > Index Scan,0.442,0.024,100,1000
24,2,D3_JOIN,s001,100,10,dd70f043a43e3bde394ef71e473da209de421bf24af75711a31f15148c8e9801,Aggregate > Nested Loop > Index Scan > Bitmap Heap Scan > Bitmap Index Scan,0.324,0.088,10,100
24,3,D2_INDEXED,s001,100,100000,3887a2aa29fb05ca98481ab242a7fa733c85f158ee7671b540fe47878681398d,Aggregate > Index Scan,0.577,0.024,100,1000
24,4,D3_JOIN,s010,1000,1,2415c762dd309bd55a638a452b9cd9458de6898a6472608f090aab563d3d05da,Aggregate > Hash Join > Seq Scan > Hash > Index Scan,1.367,0.088,100,1000
24,5,D1_QUALIFIERS,s001,100,10,3887a2aa29fb05ca98481ab242a7fa733c85f158ee7671b540fe47878681398d,Aggregate > Index Scan,0.455,0.024,100,1000
24,6,D2_INDEXED,s001,100,10,3887a2aa29fb05ca98481ab242a7fa733c85f158ee7671b540fe47878681398d,Aggregate > Index Scan,0.487,0.024,100,1000
24,7,D1_QUALIFIERS,s001,100,10000,3887a2aa29fb05ca98481ab242a7fa733c85f158ee7671b540fe47878681398d,Aggregate > Index Scan,0.437,0.023,100,1000
24,8,D1_QUALIFIERS,s001,100,100000,3887a2aa29fb05ca98481ab242a7fa733c85f158ee7671b540fe47878681398d,Aggregate > Index Scan,0.461,0.024,100,1000
24,9,D2_INDEXED,s001,100,10000,3887a2aa29fb05ca98481ab242a7fa733c85f158ee7671b540fe47878681398d,Aggregate > Index Scan,0.446,0.025,100,1000
24,10,D2_INDEXED,s010,1000,1000,9a9cf227cd47fb5f513c0d189264be7478acdac0edbcee6eb2bd40aa801b6456,Aggregate > Index Scan,3.543,0.057,1000,10000
24,11,D1_QUALIFIERS,s001,100,1,3887a2aa29fb05ca98481ab242a7fa733c85f158ee7671b540fe47878681398d,Aggregate > Index Scan,0.463,0.027,100,1000
24,12,D2_INDEXED,s050,5000,100,6df6c5b03bfcc4b3b1d9eb90b9d1ef233fa3be386d21e29d09c3ad1ec6784ffa,Aggregate > Index Scan,16.943,0.023,5000,50000
24,13,D2_INDEXED,s010,1000,100,9a9cf227cd47fb5f513c0d189264be7478acdac0edbcee6eb2bd40aa801b6456,Aggregate > Index Scan,3.569,0.025,1000,10000
24,14,D1_QUALIFIERS,s001,100,1000,3887a2aa29fb05ca98481ab242a7fa733c85f158ee7671b540fe47878681398d,Aggregate > Index Scan,0.455,0.029,100,1000
24,15,D1_QUALIFIERS,s010,1000,100000,9a9cf227cd47fb5f513c0d189264be7478acdac0edbcee6eb2bd40aa801b6456,Aggregate > Index Scan,3.581,0.024,1000,10000
24,16,D3_JOIN,s001,100,1,dd70f043a43e3bde394ef71e473da209de421bf24af75711a31f15148c8e9801,Aggregate > Nested Loop > Index Scan > Bitmap Heap Scan > Bitmap Index Scan,0.226,0.108,10,100
24,17,D3_JOIN,s050,5000,1000,d69555fbaf4077b67382f2b8e954e17ba3cd9080ecd5c22b922fe05ab9067acc,Aggregate > Hash Join > Seq Scan > Hash > Index Scan,4.123,0.109,500,5000
24,18,D2_INDEXED,s001,100,1000,3887a2aa29fb05ca98481ab242a7fa733c85f158ee7671b540fe47878681398d,Aggregate > Index Scan,0.44,0.024,100,1000
24,19,D3_JOIN,s001,100,100000,dd70f043a43e3bde394ef71e473da209de421bf24af75711a31f15148c8e9801,Aggregate > Nested Loop > Index Scan > Bitmap Heap Scan > Bitmap Index Scan,0.255,0.088,10,100
24,20,D3_JOIN,s050,5000,100,d69555fbaf4077b67382f2b8e954e17ba3cd9080ecd5c22b922fe05ab9067acc,Aggregate > Hash Join > Seq Scan > Hash > Index Scan,3.038,0.083,500,5000
24,21,D3_JOIN,s001,100,100,dd70f043a43e3bde394ef71e473da209de421bf24af75711a31f15148c8e9801,Aggregate > Nested Loop > Index Scan > Bitmap Heap Scan > Bitmap Index Scan,0.221,0.088,10,100
24,22,D2_INDEXED,s001,100,1,3887a2aa29fb05ca98481ab242a7fa733c85f158ee7671b540fe47878681398d,Aggregate > Index Scan,0.482,0.025,100,1000
24,23,D3_JOIN,s001,100,10000,dd70f043a43e3bde394ef71e473da209de421bf24af75711a31f15148c8e9801,Aggregate > Nested Loop > Index Scan > Bitmap Heap Scan > Bitmap Index Scan,0.216,0.087,10,100
25,1,D3_JOIN,s001,100,1,dd70f043a43e3bde394ef71e473da209de421bf24af75711a31f15148c8e9801,Aggregate > Nested Loop > Index Scan > Bitmap Heap Scan > Bitmap Index Scan,0.242,0.088,10,100
25,2,D2_INDEXED,s010,1000,1000,9a9cf227cd47fb5f513c0d189264be7478acdac0edbcee6eb2bd40aa801b6456,Aggregate > Index Scan,3.486,0.024,1000,10000
25,3,D2_INDEXED,s001,100,1,3887a2aa29fb05ca98481ab242a7fa733c85f158ee7671b540fe47878681398d,Aggregate > Index Scan,0.461,0.027,100,1000
25,4,D3_JOIN,s001,100,10000,dd70f043a43e3bde394ef71e473da209de421bf24af75711a31f15148c8e9801,Aggregate > Nested Loop > Index Scan > Bitmap Heap Scan > Bitmap Index Scan,0.226,0.106,10,100
25,5,D1_QUALIFIERS,s001,100,10000,3887a2aa29fb05ca98481ab242a7fa733c85f158ee7671b540fe47878681398d,Aggregate > Index Scan,0.487,0.023,100,1000
25,6,D1_QUALIFIERS,s001,100,10,3887a2aa29fb05ca98481ab242a7fa733c85f158ee7671b540fe47878681398d,Aggregate > Index Scan,0.445,0.023,100,1000
25,7,D1_QUALIFIERS,s010,1000,100000,9a9cf227cd47fb5f513c0d189264be7478acdac0edbcee6eb2bd40aa801b6456,Aggregate > Index Scan,3.483,0.025,1000,10000
25,8,D1_QUALIFIERS,s001,100,100000,3887a2aa29fb05ca98481ab242a7fa733c85f158ee7671b540fe47878681398d,Aggregate > Index Scan,0.442,0.024,100,1000
25,9,D2_INDEXED,s001,100,10000,3887a2aa29fb05ca98481ab242a7fa733c85f158ee7671b540fe47878681398d,Aggregate > Index Scan,0.446,0.024,100,1000
25,10,D3_JOIN,s001,100,10,dd70f043a43e3bde394ef71e473da209de421bf24af75711a31f15148c8e9801,Aggregate > Nested Loop > Index Scan > Bitmap Heap Scan > Bitmap Index Scan,0.277,0.113,10,100
25,11,D2_INDEXED,s001,100,100000,3887a2aa29fb05ca98481ab242a7fa733c85f158ee7671b540fe47878681398d,Aggregate > Index Scan,0.455,0.024,100,1000
25,12,D1_QUALIFIERS,s001,100,1,3887a2aa29fb05ca98481ab242a7fa733c85f158ee7671b540fe47878681398d,Aggregate > Index Scan,0.608,0.025,100,1000
25,13,D2_INDEXED,s001,100,10,3887a2aa29fb05ca98481ab242a7fa733c85f158ee7671b540fe47878681398d,Aggregate > Index Scan,0.456,0.036,100,1000
25,14,D1_QUALIFIERS,s001,100,100,3887a2aa29fb05ca98481ab242a7fa733c85f158ee7671b540fe47878681398d,Aggregate > Index Scan,0.508,0.024,100,1000
25,15,D3_JOIN,s001,100,100000,dd70f043a43e3bde394ef71e473da209de421bf24af75711a31f15148c8e9801,Aggregate > Nested Loop > Index Scan > Bitmap Heap Scan > Bitmap Index Scan,0.242,0.121,10,100
25,16,D2_INDEXED,s001,100,1000,3887a2aa29fb05ca98481ab242a7fa733c85f158ee7671b540fe47878681398d,Aggregate > Index Scan,0.498,0.025,100,1000
25,17,D3_JOIN,s001,100,100,dd70f043a43e3bde394ef71e473da209de421bf24af75711a31f15148c8e9801,Aggregate > Nested Loop > Index Scan > Bitmap Heap Scan > Bitmap Index Scan,0.347,0.091,10,100
25,18,D2_INDEXED,s050,5000,100,6df6c5b03bfcc4b3b1d9eb90b9d1ef233fa3be386d21e29d09c3ad1ec6784ffa,Aggregate > Index Scan,16.812,0.029,5000,50000
25,19,D2_INDEXED,s010,1000,100,9a9cf227cd47fb5f513c0d189264be7478acdac0edbcee6eb2bd40aa801b6456,Aggregate > Index Scan,3.541,0.031,1000,10000
25,20,D3_JOIN,s010,1000,1,2415c762dd309bd55a638a452b9cd9458de6898a6472608f090aab563d3d05da,Aggregate > Hash Join > Seq Scan > Hash > Index Scan,1.385,0.118,100,1000
25,21,D3_JOIN,s050,5000,100,d69555fbaf4077b67382f2b8e954e17ba3cd9080ecd5c22b922fe05ab9067acc,Aggregate > Hash Join > Seq Scan > Hash > Index Scan,3.298,0.106,500,5000
25,22,D3_JOIN,s050,5000,1000,d69555fbaf4077b67382f2b8e954e17ba3cd9080ecd5c22b922fe05ab9067acc,Aggregate > Hash Join > Seq Scan > Hash > Index Scan,3.069,0.095,500,5000
25,23,D1_QUALIFIERS,s001,100,1000,3887a2aa29fb05ca98481ab242a7fa733c85f158ee7671b540fe47878681398d,Aggregate > Index Scan,0.452,0.028,100,1000
26,1,D2_INDEXED,s001,100,1000,3887a2aa29fb05ca98481ab242a7fa733c85f158ee7671b540fe47878681398d,Aggregate > Index Scan,0.464,0.026,100,1000
26,2,D1_QUALIFIERS,s001,100,1000,3887a2aa29fb05ca98481ab242a7fa733c85f158ee7671b540fe47878681398d,Aggregate > Index Scan,0.457,0.025,100,1000
26,3,D1_QUALIFIERS,s001,100,100000,3887a2aa29fb05ca98481ab242a7fa733c85f158ee7671b540fe47878681398d,Aggregate > Index Scan,0.484,0.024,100,1000
26,4,D3_JOIN,s010,1000,1,2415c762dd309bd55a638a452b9cd9458de6898a6472608f090aab563d3d05da,Aggregate > Hash Join > Seq Scan > Hash > Index Scan,1.409,0.103,100,1000
26,5,D3_JOIN,s001,100,10000,dd70f043a43e3bde394ef71e473da209de421bf24af75711a31f15148c8e9801,Aggregate > Nested Loop > Index Scan > Bitmap Heap Scan > Bitmap Index Scan,0.218,0.086,10,100
26,6,D2_INDEXED,s010,1000,100,9a9cf227cd47fb5f513c0d189264be7478acdac0edbcee6eb2bd40aa801b6456,Aggregate > Index Scan,3.479,0.024,1000,10000
26,7,D2_INDEXED,s010,1000,1000,9a9cf227cd47fb5f513c0d189264be7478acdac0edbcee6eb2bd40aa801b6456,Aggregate > Index Scan,3.446,0.024,1000,10000
26,8,D3_JOIN,s050,5000,100,d69555fbaf4077b67382f2b8e954e17ba3cd9080ecd5c22b922fe05ab9067acc,Aggregate > Hash Join > Seq Scan > Hash > Index Scan,3.143,0.086,500,5000
26,9,D2_INDEXED,s001,100,10,3887a2aa29fb05ca98481ab242a7fa733c85f158ee7671b540fe47878681398d,Aggregate > Index Scan,0.498,0.025,100,1000
26,10,D1_QUALIFIERS,s001,100,10,3887a2aa29fb05ca98481ab242a7fa733c85f158ee7671b540fe47878681398d,Aggregate > Index Scan,0.443,0.023,100,1000
26,11,D1_QUALIFIERS,s001,100,100,3887a2aa29fb05ca98481ab242a7fa733c85f158ee7671b540fe47878681398d,Aggregate > Index Scan,0.446,0.024,100,1000
26,12,D3_JOIN,s001,100,1,dd70f043a43e3bde394ef71e473da209de421bf24af75711a31f15148c8e9801,Aggregate > Nested Loop > Index Scan > Bitmap Heap Scan > Bitmap Index Scan,0.259,0.106,10,100
26,13,D1_QUALIFIERS,s001,100,10000,3887a2aa29fb05ca98481ab242a7fa733c85f158ee7671b540fe47878681398d,Aggregate > Index Scan,0.598,0.024,100,1000
26,14,D1_QUALIFIERS,s010,1000,100000,9a9cf227cd47fb5f513c0d189264be7478acdac0edbcee6eb2bd40aa801b6456,Aggregate > Index Scan,3.522,0.024,1000,10000
26,15,D1_QUALIFIERS,s001,100,1,3887a2aa29fb05ca98481ab242a7fa733c85f158ee7671b540fe47878681398d,Aggregate > Index Scan,0.44,0.034,100,1000
26,16,D2_INDEXED,s001,100,1,3887a2aa29fb05ca98481ab242a7fa733c85f158ee7671b540fe47878681398d,Aggregate > Index Scan,0.44,0.023,100,1000
26,17,D2_INDEXED,s050,5000,100,6df6c5b03bfcc4b3b1d9eb90b9d1ef233fa3be386d21e29d09c3ad1ec6784ffa,Aggregate > Index Scan,17.502,0.023,5000,50000
26,18,D2_INDEXED,s001,100,10000,3887a2aa29fb05ca98481ab242a7fa733c85f158ee7671b540fe47878681398d,Aggregate > Index Scan,0.649,0.048,100,1000
26,19,D2_INDEXED,s001,100,100000,3887a2aa29fb05ca98481ab242a7fa733c85f158ee7671b540fe47878681398d,Aggregate > Index Scan,0.667,0.028,100,1000
26,20,D3_JOIN,s001,100,100,dd70f043a43e3bde394ef71e473da209de421bf24af75711a31f15148c8e9801,Aggregate > Nested Loop > Index Scan > Bitmap Heap Scan > Bitmap Index Scan,0.3,0.13,10,100
26,21,D3_JOIN,s050,5000,1000,d69555fbaf4077b67382f2b8e954e17ba3cd9080ecd5c22b922fe05ab9067acc,Aggregate > Hash Join > Seq Scan > Hash > Index Scan,3.984,0.1,500,5000
26,22,D3_JOIN,s001,100,100000,dd70f043a43e3bde394ef71e473da209de421bf24af75711a31f15148c8e9801,Aggregate > Nested Loop > Index Scan > Bitmap Heap Scan > Bitmap Index Scan,0.294,0.132,10,100
26,23,D3_JOIN,s001,100,10,dd70f043a43e3bde394ef71e473da209de421bf24af75711a31f15148c8e9801,Aggregate > Nested Loop > Index Scan > Bitmap Heap Scan > Bitmap Index Scan,0.275,0.114,10,100
27,1,D1_QUALIFIERS,s001,100,10000,3887a2aa29fb05ca98481ab242a7fa733c85f158ee7671b540fe47878681398d,Aggregate > Index Scan,0.558,0.028,100,1000
27,2,D1_QUALIFIERS,s001,100,1000,3887a2aa29fb05ca98481ab242a7fa733c85f158ee7671b540fe47878681398d,Aggregate > Index Scan,0.475,0.025,100,1000
27,3,D2_INDEXED,s050,5000,100,6df6c5b03bfcc4b3b1d9eb90b9d1ef233fa3be386d21e29d09c3ad1ec6784ffa,Aggregate > Index Scan,19.281,0.024,5000,50000
27,4,D3_JOIN,s050,5000,1000,d69555fbaf4077b67382f2b8e954e17ba3cd9080ecd5c22b922fe05ab9067acc,Aggregate > Hash Join > Seq Scan > Hash > Index Scan,3.132,0.106,500,5000
27,5,D2_INDEXED,s010,1000,100,9a9cf227cd47fb5f513c0d189264be7478acdac0edbcee6eb2bd40aa801b6456,Aggregate > Index Scan,3.518,0.025,1000,10000
27,6,D3_JOIN,s001,100,1,dd70f043a43e3bde394ef71e473da209de421bf24af75711a31f15148c8e9801,Aggregate > Nested Loop > Index Scan > Bitmap Heap Scan > Bitmap Index Scan,0.223,0.096,10,100
27,7,D2_INDEXED,s001,100,1,3887a2aa29fb05ca98481ab242a7fa733c85f158ee7671b540fe47878681398d,Aggregate > Index Scan,0.46,0.025,100,1000
27,8,D3_JOIN,s001,100,10,dd70f043a43e3bde394ef71e473da209de421bf24af75711a31f15148c8e9801,Aggregate > Nested Loop > Index Scan > Bitmap Heap Scan > Bitmap Index Scan,0.218,0.105,10,100
27,9,D1_QUALIFIERS,s001,100,1,3887a2aa29fb05ca98481ab242a7fa733c85f158ee7671b540fe47878681398d,Aggregate > Index Scan,0.537,0.054,100,1000
27,10,D1_QUALIFIERS,s001,100,100,3887a2aa29fb05ca98481ab242a7fa733c85f158ee7671b540fe47878681398d,Aggregate > Index Scan,0.486,0.033,100,1000
27,11,D3_JOIN,s050,5000,100,d69555fbaf4077b67382f2b8e954e17ba3cd9080ecd5c22b922fe05ab9067acc,Aggregate > Hash Join > Seq Scan > Hash > Index Scan,3.187,0.1,500,5000
27,12,D1_QUALIFIERS,s001,100,10,3887a2aa29fb05ca98481ab242a7fa733c85f158ee7671b540fe47878681398d,Aggregate > Index Scan,0.475,0.033,100,1000
27,13,D2_INDEXED,s001,100,100000,3887a2aa29fb05ca98481ab242a7fa733c85f158ee7671b540fe47878681398d,Aggregate > Index Scan,0.467,0.024,100,1000
27,14,D3_JOIN,s001,100,10000,dd70f043a43e3bde394ef71e473da209de421bf24af75711a31f15148c8e9801,Aggregate > Nested Loop > Index Scan > Bitmap Heap Scan > Bitmap Index Scan,0.262,0.107,10,100
27,15,D3_JOIN,s010,1000,1,2415c762dd309bd55a638a452b9cd9458de6898a6472608f090aab563d3d05da,Aggregate > Hash Join > Seq Scan > Hash > Index Scan,1.426,0.122,100,1000
27,16,D1_QUALIFIERS,s001,100,100000,3887a2aa29fb05ca98481ab242a7fa733c85f158ee7671b540fe47878681398d,Aggregate > Index Scan,0.476,0.027,100,1000
27,17,D2_INDEXED,s010,1000,1000,9a9cf227cd47fb5f513c0d189264be7478acdac0edbcee6eb2bd40aa801b6456,Aggregate > Index Scan,3.438,0.025,1000,10000
27,18,D2_INDEXED,s001,100,10,3887a2aa29fb05ca98481ab242a7fa733c85f158ee7671b540fe47878681398d,Aggregate > Index Scan,0.516,0.042,100,1000
27,19,D2_INDEXED,s001,100,10000,3887a2aa29fb05ca98481ab242a7fa733c85f158ee7671b540fe47878681398d,Aggregate > Index Scan,0.444,0.024,100,1000
27,20,D2_INDEXED,s001,100,1000,3887a2aa29fb05ca98481ab242a7fa733c85f158ee7671b540fe47878681398d,Aggregate > Index Scan,0.471,0.035,100,1000
27,21,D3_JOIN,s001,100,100,dd70f043a43e3bde394ef71e473da209de421bf24af75711a31f15148c8e9801,Aggregate > Nested Loop > Index Scan > Bitmap Heap Scan > Bitmap Index Scan,0.256,0.116,10,100
27,22,D3_JOIN,s001,100,100000,dd70f043a43e3bde394ef71e473da209de421bf24af75711a31f15148c8e9801,Aggregate > Nested Loop > Index Scan > Bitmap Heap Scan > Bitmap Index Scan,0.228,0.099,10,100
27,23,D1_QUALIFIERS,s010,1000,100000,9a9cf227cd47fb5f513c0d189264be7478acdac0edbcee6eb2bd40aa801b6456,Aggregate > Index Scan,3.411,0.024,1000,10000
28,1,D2_INDEXED,s001,100,1,3887a2aa29fb05ca98481ab242a7fa733c85f158ee7671b540fe47878681398d,Aggregate > Index Scan,0.467,0.025,100,1000
28,2,D3_JOIN,s050,5000,1000,d69555fbaf4077b67382f2b8e954e17ba3cd9080ecd5c22b922fe05ab9067acc,Aggregate > Hash Join > Seq Scan > Hash > Index Scan,3.186,0.088,500,5000
28,3,D3_JOIN,s001,100,100000,dd70f043a43e3bde394ef71e473da209de421bf24af75711a31f15148c8e9801,Aggregate > Nested Loop > Index Scan > Bitmap Heap Scan > Bitmap Index Scan,0.217,0.086,10,100
28,4,D3_JOIN,s001,100,1,dd70f043a43e3bde394ef71e473da209de421bf24af75711a31f15148c8e9801,Aggregate > Nested Loop > Index Scan > Bitmap Heap Scan > Bitmap Index Scan,0.314,0.112,10,100
28,5,D3_JOIN,s050,5000,100,d69555fbaf4077b67382f2b8e954e17ba3cd9080ecd5c22b922fe05ab9067acc,Aggregate > Hash Join > Seq Scan > Hash > Index Scan,3.044,0.087,500,5000
28,6,D2_INDEXED,s050,5000,100,6df6c5b03bfcc4b3b1d9eb90b9d1ef233fa3be386d21e29d09c3ad1ec6784ffa,Aggregate > Index Scan,20.139,0.024,5000,50000
28,7,D3_JOIN,s001,100,100,dd70f043a43e3bde394ef71e473da209de421bf24af75711a31f15148c8e9801,Aggregate > Nested Loop > Index Scan > Bitmap Heap Scan > Bitmap Index Scan,0.235,0.104,10,100
28,8,D1_QUALIFIERS,s001,100,10,3887a2aa29fb05ca98481ab242a7fa733c85f158ee7671b540fe47878681398d,Aggregate > Index Scan,0.456,0.024,100,1000
28,9,D1_QUALIFIERS,s001,100,1000,3887a2aa29fb05ca98481ab242a7fa733c85f158ee7671b540fe47878681398d,Aggregate > Index Scan,0.455,0.023,100,1000
28,10,D1_QUALIFIERS,s001,100,100,3887a2aa29fb05ca98481ab242a7fa733c85f158ee7671b540fe47878681398d,Aggregate > Index Scan,0.465,0.024,100,1000
28,11,D2_INDEXED,s001,100,1000,3887a2aa29fb05ca98481ab242a7fa733c85f158ee7671b540fe47878681398d,Aggregate > Index Scan,0.55,0.024,100,1000
28,12,D3_JOIN,s001,100,10,dd70f043a43e3bde394ef71e473da209de421bf24af75711a31f15148c8e9801,Aggregate > Nested Loop > Index Scan > Bitmap Heap Scan > Bitmap Index Scan,0.225,0.092,10,100
28,13,D3_JOIN,s001,100,10000,dd70f043a43e3bde394ef71e473da209de421bf24af75711a31f15148c8e9801,Aggregate > Nested Loop > Index Scan > Bitmap Heap Scan > Bitmap Index Scan,0.246,0.12,10,100
28,14,D1_QUALIFIERS,s001,100,1,3887a2aa29fb05ca98481ab242a7fa733c85f158ee7671b540fe47878681398d,Aggregate > Index Scan,0.437,0.024,100,1000
28,15,D2_INDEXED,s010,1000,100,9a9cf227cd47fb5f513c0d189264be7478acdac0edbcee6eb2bd40aa801b6456,Aggregate > Index Scan,3.467,0.025,1000,10000
28,16,D2_INDEXED,s001,100,100000,3887a2aa29fb05ca98481ab242a7fa733c85f158ee7671b540fe47878681398d,Aggregate > Index Scan,0.459,0.023,100,1000
28,17,D1_QUALIFIERS,s010,1000,100000,9a9cf227cd47fb5f513c0d189264be7478acdac0edbcee6eb2bd40aa801b6456,Aggregate > Index Scan,3.552,0.025,1000,10000
28,18,D1_QUALIFIERS,s001,100,100000,3887a2aa29fb05ca98481ab242a7fa733c85f158ee7671b540fe47878681398d,Aggregate > Index Scan,0.481,0.024,100,1000
28,19,D2_INDEXED,s010,1000,1000,9a9cf227cd47fb5f513c0d189264be7478acdac0edbcee6eb2bd40aa801b6456,Aggregate > Index Scan,3.444,0.024,1000,10000
28,20,D2_INDEXED,s001,100,10,3887a2aa29fb05ca98481ab242a7fa733c85f158ee7671b540fe47878681398d,Aggregate > Index Scan,0.438,0.023,100,1000
28,21,D1_QUALIFIERS,s001,100,10000,3887a2aa29fb05ca98481ab242a7fa733c85f158ee7671b540fe47878681398d,Aggregate > Index Scan,0.487,0.024,100,1000
28,22,D2_INDEXED,s001,100,10000,3887a2aa29fb05ca98481ab242a7fa733c85f158ee7671b540fe47878681398d,Aggregate > Index Scan,0.435,0.024,100,1000
28,23,D3_JOIN,s010,1000,1,2415c762dd309bd55a638a452b9cd9458de6898a6472608f090aab563d3d05da,Aggregate > Hash Join > Seq Scan > Hash > Index Scan,1.376,0.095,100,1000
29,1,D1_QUALIFIERS,s001,100,10,3887a2aa29fb05ca98481ab242a7fa733c85f158ee7671b540fe47878681398d,Aggregate > Index Scan,0.448,0.025,100,1000
29,2,D2_INDEXED,s001,100,1,3887a2aa29fb05ca98481ab242a7fa733c85f158ee7671b540fe47878681398d,Aggregate > Index Scan,0.503,0.025,100,1000
29,3,D3_JOIN,s010,1000,1,2415c762dd309bd55a638a452b9cd9458de6898a6472608f090aab563d3d05da,Aggregate > Hash Join > Seq Scan > Hash > Index Scan,1.32,0.095,100,1000
29,4,D3_JOIN,s001,100,10,dd70f043a43e3bde394ef71e473da209de421bf24af75711a31f15148c8e9801,Aggregate > Nested Loop > Index Scan > Bitmap Heap Scan > Bitmap Index Scan,0.265,0.09,10,100
29,5,D3_JOIN,s001,100,10000,dd70f043a43e3bde394ef71e473da209de421bf24af75711a31f15148c8e9801,Aggregate > Nested Loop > Index Scan > Bitmap Heap Scan > Bitmap Index Scan,0.215,0.096,10,100
29,6,D2_INDEXED,s001,100,100000,3887a2aa29fb05ca98481ab242a7fa733c85f158ee7671b540fe47878681398d,Aggregate > Index Scan,0.465,0.024,100,1000
29,7,D3_JOIN,s001,100,100000,dd70f043a43e3bde394ef71e473da209de421bf24af75711a31f15148c8e9801,Aggregate > Nested Loop > Index Scan > Bitmap Heap Scan > Bitmap Index Scan,0.315,0.11,10,100
29,8,D2_INDEXED,s001,100,10000,3887a2aa29fb05ca98481ab242a7fa733c85f158ee7671b540fe47878681398d,Aggregate > Index Scan,0.458,0.024,100,1000
29,9,D3_JOIN,s050,5000,100,d69555fbaf4077b67382f2b8e954e17ba3cd9080ecd5c22b922fe05ab9067acc,Aggregate > Hash Join > Seq Scan > Hash > Index Scan,3.31,0.083,500,5000
29,10,D1_QUALIFIERS,s001,100,1000,3887a2aa29fb05ca98481ab242a7fa733c85f158ee7671b540fe47878681398d,Aggregate > Index Scan,0.476,0.028,100,1000
29,11,D2_INDEXED,s001,100,10,3887a2aa29fb05ca98481ab242a7fa733c85f158ee7671b540fe47878681398d,Aggregate > Index Scan,0.446,0.024,100,1000
29,12,D3_JOIN,s001,100,100,dd70f043a43e3bde394ef71e473da209de421bf24af75711a31f15148c8e9801,Aggregate > Nested Loop > Index Scan > Bitmap Heap Scan > Bitmap Index Scan,0.231,0.113,10,100
29,13,D3_JOIN,s001,100,1,dd70f043a43e3bde394ef71e473da209de421bf24af75711a31f15148c8e9801,Aggregate > Nested Loop > Index Scan > Bitmap Heap Scan > Bitmap Index Scan,0.219,0.087,10,100
29,14,D1_QUALIFIERS,s001,100,1,3887a2aa29fb05ca98481ab242a7fa733c85f158ee7671b540fe47878681398d,Aggregate > Index Scan,0.444,0.023,100,1000
29,15,D2_INDEXED,s001,100,1000,3887a2aa29fb05ca98481ab242a7fa733c85f158ee7671b540fe47878681398d,Aggregate > Index Scan,0.471,0.023,100,1000
29,16,D3_JOIN,s050,5000,1000,d69555fbaf4077b67382f2b8e954e17ba3cd9080ecd5c22b922fe05ab9067acc,Aggregate > Hash Join > Seq Scan > Hash > Index Scan,3.166,0.116,500,5000
29,17,D1_QUALIFIERS,s001,100,10000,3887a2aa29fb05ca98481ab242a7fa733c85f158ee7671b540fe47878681398d,Aggregate > Index Scan,0.478,0.025,100,1000
29,18,D1_QUALIFIERS,s010,1000,100000,9a9cf227cd47fb5f513c0d189264be7478acdac0edbcee6eb2bd40aa801b6456,Aggregate > Index Scan,3.546,0.023,1000,10000
29,19,D2_INDEXED,s050,5000,100,6df6c5b03bfcc4b3b1d9eb90b9d1ef233fa3be386d21e29d09c3ad1ec6784ffa,Aggregate > Index Scan,17.654,0.047,5000,50000
29,20,D2_INDEXED,s010,1000,1000,9a9cf227cd47fb5f513c0d189264be7478acdac0edbcee6eb2bd40aa801b6456,Aggregate > Index Scan,4.4,0.047,1000,10000
29,21,D1_QUALIFIERS,s001,100,100,3887a2aa29fb05ca98481ab242a7fa733c85f158ee7671b540fe47878681398d,Aggregate > Index Scan,0.437,0.024,100,1000
29,22,D1_QUALIFIERS,s001,100,100000,3887a2aa29fb05ca98481ab242a7fa733c85f158ee7671b540fe47878681398d,Aggregate > Index Scan,0.442,0.024,100,1000
29,23,D2_INDEXED,s010,1000,100,9a9cf227cd47fb5f513c0d189264be7478acdac0edbcee6eb2bd40aa801b6456,Aggregate > Index Scan,4.062,0.03,1000,10000
30,1,D2_INDEXED,s010,1000,1000,9a9cf227cd47fb5f513c0d189264be7478acdac0edbcee6eb2bd40aa801b6456,Aggregate > Index Scan,3.482,0.023,1000,10000
30,2,D2_INDEXED,s001,100,100000,3887a2aa29fb05ca98481ab242a7fa733c85f158ee7671b540fe47878681398d,Aggregate > Index Scan,0.45,0.024,100,1000
30,3,D1_QUALIFIERS,s001,100,10000,3887a2aa29fb05ca98481ab242a7fa733c85f158ee7671b540fe47878681398d,Aggregate > Index Scan,0.465,0.024,100,1000
30,4,D1_QUALIFIERS,s001,100,1,3887a2aa29fb05ca98481ab242a7fa733c85f158ee7671b540fe47878681398d,Aggregate > Index Scan,0.453,0.023,100,1000
30,5,D1_QUALIFIERS,s001,100,1000,3887a2aa29fb05ca98481ab242a7fa733c85f158ee7671b540fe47878681398d,Aggregate > Index Scan,0.453,0.024,100,1000
30,6,D2_INDEXED,s001,100,1,3887a2aa29fb05ca98481ab242a7fa733c85f158ee7671b540fe47878681398d,Aggregate > Index Scan,0.441,0.024,100,1000
30,7,D1_QUALIFIERS,s001,100,100000,3887a2aa29fb05ca98481ab242a7fa733c85f158ee7671b540fe47878681398d,Aggregate > Index Scan,0.435,0.023,100,1000
30,8,D3_JOIN,s001,100,10000,dd70f043a43e3bde394ef71e473da209de421bf24af75711a31f15148c8e9801,Aggregate > Nested Loop > Index Scan > Bitmap Heap Scan > Bitmap Index Scan,0.237,0.134,10,100
30,9,D2_INDEXED,s010,1000,100,9a9cf227cd47fb5f513c0d189264be7478acdac0edbcee6eb2bd40aa801b6456,Aggregate > Index Scan,3.421,0.036,1000,10000
30,10,D3_JOIN,s001,100,100,dd70f043a43e3bde394ef71e473da209de421bf24af75711a31f15148c8e9801,Aggregate > Nested Loop > Index Scan > Bitmap Heap Scan > Bitmap Index Scan,0.253,0.101,10,100
30,11,D3_JOIN,s050,5000,1000,d69555fbaf4077b67382f2b8e954e17ba3cd9080ecd5c22b922fe05ab9067acc,Aggregate > Hash Join > Seq Scan > Hash > Index Scan,3.105,0.083,500,5000
30,12,D2_INDEXED,s050,5000,100,6df6c5b03bfcc4b3b1d9eb90b9d1ef233fa3be386d21e29d09c3ad1ec6784ffa,Aggregate > Index Scan,16.918,0.029,5000,50000
30,13,D1_QUALIFIERS,s010,1000,100000,9a9cf227cd47fb5f513c0d189264be7478acdac0edbcee6eb2bd40aa801b6456,Aggregate > Index Scan,3.504,0.027,1000,10000
30,14,D3_JOIN,s010,1000,1,2415c762dd309bd55a638a452b9cd9458de6898a6472608f090aab563d3d05da,Aggregate > Hash Join > Seq Scan > Hash > Index Scan,1.414,0.095,100,1000
30,15,D3_JOIN,s001,100,1,dd70f043a43e3bde394ef71e473da209de421bf24af75711a31f15148c8e9801,Aggregate > Nested Loop > Index Scan > Bitmap Heap Scan > Bitmap Index Scan,0.248,0.092,10,100
30,16,D1_QUALIFIERS,s001,100,10,3887a2aa29fb05ca98481ab242a7fa733c85f158ee7671b540fe47878681398d,Aggregate > Index Scan,0.484,0.025,100,1000
30,17,D3_JOIN,s001,100,10,dd70f043a43e3bde394ef71e473da209de421bf24af75711a31f15148c8e9801,Aggregate > Nested Loop > Index Scan > Bitmap Heap Scan > Bitmap Index Scan,0.235,0.12,10,100
30,18,D3_JOIN,s001,100,100000,dd70f043a43e3bde394ef71e473da209de421bf24af75711a31f15148c8e9801,Aggregate > Nested Loop > Index Scan > Bitmap Heap Scan > Bitmap Index Scan,0.219,0.088,10,100
30,19,D2_INDEXED,s001,100,10000,3887a2aa29fb05ca98481ab242a7fa733c85f158ee7671b540fe47878681398d,Aggregate > Index Scan,0.686,0.035,100,1000
30,20,D1_QUALIFIERS,s001,100,100,3887a2aa29fb05ca98481ab242a7fa733c85f158ee7671b540fe47878681398d,Aggregate > Index Scan,0.539,0.025,100,1000
30,21,D3_JOIN,s050,5000,100,d69555fbaf4077b67382f2b8e954e17ba3cd9080ecd5c22b922fe05ab9067acc,Aggregate > Hash Join > Seq Scan > Hash > Index Scan,3.15,0.087,500,5000
30,22,D2_INDEXED,s001,100,10,3887a2aa29fb05ca98481ab242a7fa733c85f158ee7671b540fe47878681398d,Aggregate > Index Scan,0.439,0.024,100,1000
30,23,D2_INDEXED,s001,100,1000,3887a2aa29fb05ca98481ab242a7fa733c85f158ee7671b540fe47878681398d,Aggregate > Index Scan,0.663,0.035,100,1000
