phase,block,order_position,family,selectivity,threshold,cost,plan_signature,plan_nodes,planning_ms,execution_ms,udf_calls,exact_work,estimated_total_cost
warmup,1,1,D1_QUALIFIERS,s050,5000,1000,6df6c5b03bfcc4b3b1d9eb90b9d1ef233fa3be386d21e29d09c3ad1ec6784ffa,Aggregate > Index Scan,0.043,17.961,5000,50000,12687.13
warmup,1,2,D3_JOIN,s001,100,10000,dd70f043a43e3bde394ef71e473da209de421bf24af75711a31f15148c8e9801,Aggregate > Nested Loop > Index Scan > Bitmap Heap Scan > Bitmap Index Scan,0.177,0.422,10,100,340.94
warmup,1,3,D1_QUALIFIERS,s050,5000,100000,6df6c5b03bfcc4b3b1d9eb90b9d1ef233fa3be386d21e29d09c3ad1ec6784ffa,Aggregate > Index Scan,0.029,17.927,5000,50000,1250187.13
warmup,1,4,D2_INDEXED,s010,1000,1000,9a9cf227cd47fb5f513c0d189264be7478acdac0edbcee6eb2bd40aa801b6456,Aggregate > Index Scan,0.055,3.669,1000,10000,2540.46
warmup,1,5,D3_JOIN,s001,100,1000,dd70f043a43e3bde394ef71e473da209de421bf24af75711a31f15148c8e9801,Aggregate > Nested Loop > Index Scan > Bitmap Heap Scan > Bitmap Index Scan,0.156,0.343,10,100,115.94
warmup,1,6,D1_QUALIFIERS,s010,1000,10000,9a9cf227cd47fb5f513c0d189264be7478acdac0edbcee6eb2bd40aa801b6456,Aggregate > Index Scan,0.028,3.821,1000,10000,25040.46
warmup,1,7,D3_JOIN,s010,1000,1,2415c762dd309bd55a638a452b9cd9458de6898a6472608f090aab563d3d05da,Aggregate > Hash Join > Seq Scan > Hash > Index Scan,0.126,1.508,100,1000,193.96
warmup,1,8,D2_INDEXED,s010,1000,100000,9a9cf227cd47fb5f513c0d189264be7478acdac0edbcee6eb2bd40aa801b6456,Aggregate > Index Scan,0.028,3.929,1000,10000,250040.46
warmup,1,9,D3_JOIN,s001,100,10,dd70f043a43e3bde394ef71e473da209de421bf24af75711a31f15148c8e9801,Aggregate > Nested Loop > Index Scan > Bitmap Heap Scan > Bitmap Index Scan,0.141,0.327,10,100,91.19
warmup,1,10,D3_JOIN,s010,1000,1000,2415c762dd309bd55a638a452b9cd9458de6898a6472608f090aab563d3d05da,Aggregate > Hash Join > Seq Scan > Hash > Index Scan,0.183,1.553,100,1000,443.71
warmup,1,11,D1_QUALIFIERS,s010,1000,1000,9a9cf227cd47fb5f513c0d189264be7478acdac0edbcee6eb2bd40aa801b6456,Aggregate > Index Scan,0.037,4.071,1000,10000,2540.46
warmup,1,12,D1_QUALIFIERS,s050,5000,1,6df6c5b03bfcc4b3b1d9eb90b9d1ef233fa3be386d21e29d09c3ad1ec6784ffa,Aggregate > Index Scan,0.055,18.204,5000,50000,199.63
warmup,1,13,D1_QUALIFIERS,s001,100,100000,3887a2aa29fb05ca98481ab242a7fa733c85f158ee7671b540fe47878681398d,Aggregate > Index Scan,0.063,0.581,100,1000,25010.21
warmup,1,14,D2_INDEXED,s050,5000,100000,6df6c5b03bfcc4b3b1d9eb90b9d1ef233fa3be386d21e29d09c3ad1ec6784ffa,Aggregate > Index Scan,0.076,17.907,5000,50000,1250187.13
warmup,1,15,D1_QUALIFIERS,s001,100,100,3887a2aa29fb05ca98481ab242a7fa733c85f158ee7671b540fe47878681398d,Aggregate > Index Scan,0.058,0.571,100,1000,35.21
warmup,1,16,D2_INDEXED,s001,100,10000,3887a2aa29fb05ca98481ab242a7fa733c85f158ee7671b540fe47878681398d,Aggregate > Index Scan,0.03,0.497,100,1000,2510.21
warmup,1,17,D3_JOIN,s050,5000,10000,ed166cfdb26b3989341e6a58679b6a230fc26bf116dab7dc3829500ac014b9d0,Aggregate > Hash Join > Index Scan > Hash > Seq Scan,0.142,4.154,500,5000,12835.84
warmup,1,18,D3_JOIN,s001,100,1,dd70f043a43e3bde394ef71e473da209de421bf24af75711a31f15148c8e9801,Aggregate > Nested Loop > Index Scan > Bitmap Heap Scan > Bitmap Index Scan,0.15,0.344,10,100,90.97
warmup,1,19,D1_QUALIFIERS,s050,5000,100,6df6c5b03bfcc4b3b1d9eb90b9d1ef233fa3be386d21e29d09c3ad1ec6784ffa,Aggregate > Index Scan,0.051,18.748,5000,50000,1437.13
warmup,1,20,D3_JOIN,s010,1000,10000,2415c762dd309bd55a638a452b9cd9458de6898a6472608f090aab563d3d05da,Aggregate > Hash Join > Seq Scan > Hash > Index Scan,0.209,2.098,100,1000,2693.71
warmup,1,21,D2_INDEXED,s001,100,1000,3887a2aa29fb05ca98481ab242a7fa733c85f158ee7671b540fe47878681398d,Aggregate > Index Scan,0.056,0.594,100,1000,260.21
warmup,1,22,D2_INDEXED,s010,1000,10000,9a9cf227cd47fb5f513c0d189264be7478acdac0edbcee6eb2bd40aa801b6456,Aggregate > Index Scan,0.053,3.624,1000,10000,25040.46
warmup,1,23,D3_JOIN,s050,5000,10,d69555fbaf4077b67382f2b8e954e17ba3cd9080ecd5c22b922fe05ab9067acc,Aggregate > Hash Join > Seq Scan > Hash > Index Scan,0.151,3.659,500,5000,232.59
warmup,1,24,D3_JOIN,s010,1000,100,2415c762dd309bd55a638a452b9cd9458de6898a6472608f090aab563d3d05da,Aggregate > Hash Join > Seq Scan > Hash > Index Scan,0.17,1.593,100,1000,218.71
warmup,1,25,D1_QUALIFIERS,s050,5000,10000,6df6c5b03bfcc4b3b1d9eb90b9d1ef233fa3be386d21e29d09c3ad1ec6784ffa,Aggregate > Index Scan,0.066,17.914,5000,50000,125187.13
warmup,1,26,D3_JOIN,s001,100,100000,dd70f043a43e3bde394ef71e473da209de421bf24af75711a31f15148c8e9801,Aggregate > Nested Loop > Index Scan > Bitmap Heap Scan > Bitmap Index Scan,0.207,0.437,10,100,2590.94
warmup,1,27,D2_INDEXED,s010,1000,100,9a9cf227cd47fb5f513c0d189264be7478acdac0edbcee6eb2bd40aa801b6456,Aggregate > Index Scan,0.042,3.601,1000,10000,290.46
warmup,1,28,D1_QUALIFIERS,s001,100,1,3887a2aa29fb05ca98481ab242a7fa733c85f158ee7671b540fe47878681398d,Aggregate > Index Scan,0.055,0.547,100,1000,10.46
warmup,1,29,D1_QUALIFIERS,s001,100,10,3887a2aa29fb05ca98481ab242a7fa733c85f158ee7671b540fe47878681398d,Aggregate > Index Scan,0.043,0.502,100,1000,12.71
warmup,1,30,D3_JOIN,s010,1000,100000,7422b0c2d9dffee31d92a20d9fe89ba955f30b7dbb503a58fd9d0429642fed07,Aggregate > Nested Loop > Index Scan > Index Scan,0.138,0.965,100,1000,25305.23
warmup,1,31,D2_INDEXED,s001,100,100000,3887a2aa29fb05ca98481ab242a7fa733c85f158ee7671b540fe47878681398d,Aggregate > Index Scan,0.03,0.527,100,1000,25010.21
warmup,1,32,D1_QUALIFIERS,s050,5000,10,6df6c5b03bfcc4b3b1d9eb90b9d1ef233fa3be386d21e29d09c3ad1ec6784ffa,Aggregate > Index Scan,0.048,18.727,5000,50000,312.13
warmup,1,33,D2_INDEXED,s050,5000,1,6df6c5b03bfcc4b3b1d9eb90b9d1ef233fa3be386d21e29d09c3ad1ec6784ffa,Aggregate > Index Scan,0.069,18.889,5000,50000,199.63
warmup,1,34,D2_INDEXED,s010,1000,10,9a9cf227cd47fb5f513c0d189264be7478acdac0edbcee6eb2bd40aa801b6456,Aggregate > Index Scan,0.057,4.025,1000,10000,65.46
warmup,1,35,D3_JOIN,s001,100,100,dd70f043a43e3bde394ef71e473da209de421bf24af75711a31f15148c8e9801,Aggregate > Nested Loop > Index Scan > Bitmap Heap Scan > Bitmap Index Scan,0.141,0.295,10,100,93.44
warmup,1,36,D2_INDEXED,s050,5000,100,6df6c5b03bfcc4b3b1d9eb90b9d1ef233fa3be386d21e29d09c3ad1ec6784ffa,Aggregate > Index Scan,0.052,18.213,5000,50000,1437.13
warmup,1,37,D3_JOIN,s050,5000,1000,d69555fbaf4077b67382f2b8e954e17ba3cd9080ecd5c22b922fe05ab9067acc,Aggregate > Hash Join > Seq Scan > Hash > Index Scan,0.218,3.395,500,5000,1470.09
warmup,1,38,D2_INDEXED,s001,100,100,3887a2aa29fb05ca98481ab242a7fa733c85f158ee7671b540fe47878681398d,Aggregate > Index Scan,0.05,0.577,100,1000,35.21
warmup,1,39,D3_JOIN,s050,5000,100000,3bd3755d9ab7f9ea31679ce89309498b6d841c3a7f42494c6fd1e4a06484c748,Aggregate > Nested Loop > Index Scan > Index Scan,0.146,4.396,500,5000,125406.16
warmup,1,40,D2_INDEXED,s050,5000,10,6df6c5b03bfcc4b3b1d9eb90b9d1ef233fa3be386d21e29d09c3ad1ec6784ffa,Aggregate > Index Scan,0.059,18.017,5000,50000,312.13
warmup,1,41,D1_QUALIFIERS,s010,1000,100,9a9cf227cd47fb5f513c0d189264be7478acdac0edbcee6eb2bd40aa801b6456,Aggregate > Index Scan,0.09,4.039,1000,10000,290.46
warmup,1,42,D3_JOIN,s010,1000,10,2415c762dd309bd55a638a452b9cd9458de6898a6472608f090aab563d3d05da,Aggregate > Hash Join > Seq Scan > Hash > Index Scan,0.154,1.886,100,1000,196.21
warmup,1,43,D2_INDEXED,s001,100,10,3887a2aa29fb05ca98481ab242a7fa733c85f158ee7671b540fe47878681398d,Aggregate > Index Scan,0.052,0.564,100,1000,12.71
warmup,1,44,D3_JOIN,s050,5000,100,d69555fbaf4077b67382f2b8e954e17ba3cd9080ecd5c22b922fe05ab9067acc,Aggregate > Hash Join > Seq Scan > Hash > Index Scan,0.17,3.51,500,5000,345.09
warmup,1,45,D1_QUALIFIERS,s001,100,1000,3887a2aa29fb05ca98481ab242a7fa733c85f158ee7671b540fe47878681398d,Aggregate > Index Scan,0.066,0.611,100,1000,260.21
warmup,1,46,D1_QUALIFIERS,s001,100,10000,3887a2aa29fb05ca98481ab242a7fa733c85f158ee7671b540fe47878681398d,Aggregate > Index Scan,0.034,0.496,100,1000,2510.21
warmup,1,47,D3_JOIN,s050,5000,1,88865a6c1c74ba62b283c9f27899ab579b8725bd0bf9a1deb1fd73c1af5f86ce,Aggregate > Hash Join > Seq Scan > Hash > Seq Scan,0.143,3.301,500,5000,214.31
warmup,1,48,D2_INDEXED,s001,100,1,3887a2aa29fb05ca98481ab242a7fa733c85f158ee7671b540fe47878681398d,Aggregate > Index Scan,0.048,0.631,100,1000,10.46
warmup,1,49,D1_QUALIFIERS,s010,1000,100000,9a9cf227cd47fb5f513c0d189264be7478acdac0edbcee6eb2bd40aa801b6456,Aggregate > Index Scan,0.052,3.638,1000,10000,250040.46
warmup,1,50,D2_INDEXED,s050,5000,10000,6df6c5b03bfcc4b3b1d9eb90b9d1ef233fa3be386d21e29d09c3ad1ec6784ffa,Aggregate > Index Scan,0.059,17.927,5000,50000,125187.13
warmup,1,51,D1_QUALIFIERS,s010,1000,10,9a9cf227cd47fb5f513c0d189264be7478acdac0edbcee6eb2bd40aa801b6456,Aggregate > Index Scan,0.067,3.684,1000,10000,65.46
warmup,1,52,D1_QUALIFIERS,s010,1000,1,9a9cf227cd47fb5f513c0d189264be7478acdac0edbcee6eb2bd40aa801b6456,Aggregate > Index Scan,0.059,3.709,1000,10000,42.96
warmup,1,53,D2_INDEXED,s010,1000,1,9a9cf227cd47fb5f513c0d189264be7478acdac0edbcee6eb2bd40aa801b6456,Aggregate > Index Scan,0.075,3.804,1000,10000,42.96
warmup,1,54,D2_INDEXED,s050,5000,1000,6df6c5b03bfcc4b3b1d9eb90b9d1ef233fa3be386d21e29d09c3ad1ec6784ffa,Aggregate > Index Scan,0.1,18.556,5000,50000,12687.13
warmup,2,1,D3_JOIN,s050,5000,10000,ed166cfdb26b3989341e6a58679b6a230fc26bf116dab7dc3829500ac014b9d0,Aggregate > Hash Join > Index Scan > Hash > Seq Scan,0.159,4.641,500,5000,12835.84
warmup,2,2,D2_INDEXED,s010,1000,100000,9a9cf227cd47fb5f513c0d189264be7478acdac0edbcee6eb2bd40aa801b6456,Aggregate > Index Scan,0.061,3.742,1000,10000,250040.46
warmup,2,3,D2_INDEXED,s001,100,10000,3887a2aa29fb05ca98481ab242a7fa733c85f158ee7671b540fe47878681398d,Aggregate > Index Scan,0.057,0.558,100,1000,2510.21
warmup,2,4,D2_INDEXED,s010,1000,1,9a9cf227cd47fb5f513c0d189264be7478acdac0edbcee6eb2bd40aa801b6456,Aggregate > Index Scan,0.049,4.122,1000,10000,42.96
warmup,2,5,D1_QUALIFIERS,s010,1000,1000,9a9cf227cd47fb5f513c0d189264be7478acdac0edbcee6eb2bd40aa801b6456,Aggregate > Index Scan,0.056,3.867,1000,10000,2540.46
warmup,2,6,D3_JOIN,s001,100,100000,dd70f043a43e3bde394ef71e473da209de421bf24af75711a31f15148c8e9801,Aggregate > Nested Loop > Index Scan > Bitmap Heap Scan > Bitmap Index Scan,0.178,0.329,10,100,2590.94
warmup,2,7,D1_QUALIFIERS,s001,100,100,3887a2aa29fb05ca98481ab242a7fa733c85f158ee7671b540fe47878681398d,Aggregate > Index Scan,0.04,0.524,100,1000,35.21
warmup,2,8,D2_INDEXED,s010,1000,1000,9a9cf227cd47fb5f513c0d189264be7478acdac0edbcee6eb2bd40aa801b6456,Aggregate > Index Scan,0.081,4.362,1000,10000,2540.46
warmup,2,9,D3_JOIN,s001,100,1,dd70f043a43e3bde394ef71e473da209de421bf24af75711a31f15148c8e9801,Aggregate > Nested Loop > Index Scan > Bitmap Heap Scan > Bitmap Index Scan,0.162,0.433,10,100,90.97
warmup,2,10,D3_JOIN,s001,100,100,dd70f043a43e3bde394ef71e473da209de421bf24af75711a31f15148c8e9801,Aggregate > Nested Loop > Index Scan > Bitmap Heap Scan > Bitmap Index Scan,0.214,0.397,10,100,93.44
warmup,2,11,D3_JOIN,s010,1000,100,2415c762dd309bd55a638a452b9cd9458de6898a6472608f090aab563d3d05da,Aggregate > Hash Join > Seq Scan > Hash > Index Scan,0.164,1.552,100,1000,218.71
warmup,2,12,D3_JOIN,s010,1000,10,2415c762dd309bd55a638a452b9cd9458de6898a6472608f090aab563d3d05da,Aggregate > Hash Join > Seq Scan > Hash > Index Scan,0.172,1.581,100,1000,196.21
warmup,2,13,D1_QUALIFIERS,s050,5000,100,6df6c5b03bfcc4b3b1d9eb90b9d1ef233fa3be386d21e29d09c3ad1ec6784ffa,Aggregate > Index Scan,0.071,18.167,5000,50000,1437.13
warmup,2,14,D1_QUALIFIERS,s010,1000,1,9a9cf227cd47fb5f513c0d189264be7478acdac0edbcee6eb2bd40aa801b6456,Aggregate > Index Scan,0.074,3.666,1000,10000,42.96
warmup,2,15,D3_JOIN,s001,100,1000,dd70f043a43e3bde394ef71e473da209de421bf24af75711a31f15148c8e9801,Aggregate > Nested Loop > Index Scan > Bitmap Heap Scan > Bitmap Index Scan,0.168,0.388,10,100,115.94
warmup,2,16,D2_INDEXED,s050,5000,1,6df6c5b03bfcc4b3b1d9eb90b9d1ef233fa3be386d21e29d09c3ad1ec6784ffa,Aggregate > Index Scan,0.033,18.16,5000,50000,199.63
warmup,2,17,D3_JOIN,s010,1000,1,2415c762dd309bd55a638a452b9cd9458de6898a6472608f090aab563d3d05da,Aggregate > Hash Join > Seq Scan > Hash > Index Scan,0.21,1.831,100,1000,193.96
warmup,2,18,D3_JOIN,s050,5000,1,88865a6c1c74ba62b283c9f27899ab579b8725bd0bf9a1deb1fd73c1af5f86ce,Aggregate > Hash Join > Seq Scan > Hash > Seq Scan,0.197,3.948,500,5000,214.31
warmup,2,19,D1_QUALIFIERS,s050,5000,10,6df6c5b03bfcc4b3b1d9eb90b9d1ef233fa3be386d21e29d09c3ad1ec6784ffa,Aggregate > Index Scan,0.071,18.56,5000,50000,312.13
warmup,2,20,D2_INDEXED,s001,100,1,3887a2aa29fb05ca98481ab242a7fa733c85f158ee7671b540fe47878681398d,Aggregate > Index Scan,0.103,0.655,100,1000,10.46
warmup,2,21,D3_JOIN,s050,5000,1000,d69555fbaf4077b67382f2b8e954e17ba3cd9080ecd5c22b922fe05ab9067acc,Aggregate > Hash Join > Seq Scan > Hash > Index Scan,0.14,3.339,500,5000,1470.09
warmup,2,22,D2_INDEXED,s010,1000,10000,9a9cf227cd47fb5f513c0d189264be7478acdac0edbcee6eb2bd40aa801b6456,Aggregate > Index Scan,0.05,3.666,1000,10000,25040.46
warmup,2,23,D3_JOIN,s001,100,10000,dd70f043a43e3bde394ef71e473da209de421bf24af75711a31f15148c8e9801,Aggregate > Nested Loop > Index Scan > Bitmap Heap Scan > Bitmap Index Scan,0.149,0.324,10,100,340.94
warmup,2,24,D2_INDEXED,s050,5000,100000,6df6c5b03bfcc4b3b1d9eb90b9d1ef233fa3be386d21e29d09c3ad1ec6784ffa,Aggregate > Index Scan,0.078,17.475,5000,50000,1250187.13
warmup,2,25,D3_JOIN,s050,5000,100,d69555fbaf4077b67382f2b8e954e17ba3cd9080ecd5c22b922fe05ab9067acc,Aggregate > Hash Join > Seq Scan > Hash > Index Scan,0.14,3.372,500,5000,345.09
warmup,2,26,D1_QUALIFIERS,s010,1000,100000,9a9cf227cd47fb5f513c0d189264be7478acdac0edbcee6eb2bd40aa801b6456,Aggregate > Index Scan,0.049,3.647,1000,10000,250040.46
warmup,2,27,D1_QUALIFIERS,s050,5000,1000,6df6c5b03bfcc4b3b1d9eb90b9d1ef233fa3be386d21e29d09c3ad1ec6784ffa,Aggregate > Index Scan,0.047,18.485,5000,50000,12687.13
warmup,2,28,D2_INDEXED,s050,5000,10000,6df6c5b03bfcc4b3b1d9eb90b9d1ef233fa3be386d21e29d09c3ad1ec6784ffa,Aggregate > Index Scan,0.058,17.865,5000,50000,125187.13
warmup,2,29,D1_QUALIFIERS,s001,100,10000,3887a2aa29fb05ca98481ab242a7fa733c85f158ee7671b540fe47878681398d,Aggregate > Index Scan,0.056,0.534,100,1000,2510.21
warmup,2,30,D2_INDEXED,s050,5000,100,6df6c5b03bfcc4b3b1d9eb90b9d1ef233fa3be386d21e29d09c3ad1ec6784ffa,Aggregate > Index Scan,0.026,17.901,5000,50000,1437.13
warmup,2,31,D2_INDEXED,s001,100,100,3887a2aa29fb05ca98481ab242a7fa733c85f158ee7671b540fe47878681398d,Aggregate > Index Scan,0.116,0.609,100,1000,35.21
warmup,2,32,D2_INDEXED,s010,1000,10,9a9cf227cd47fb5f513c0d189264be7478acdac0edbcee6eb2bd40aa801b6456,Aggregate > Index Scan,0.036,3.607,1000,10000,65.46
warmup,2,33,D3_JOIN,s050,5000,100000,3bd3755d9ab7f9ea31679ce89309498b6d841c3a7f42494c6fd1e4a06484c748,Aggregate > Nested Loop > Index Scan > Index Scan,0.151,4.05,500,5000,125406.16
warmup,2,34,D2_INDEXED,s001,100,1000,3887a2aa29fb05ca98481ab242a7fa733c85f158ee7671b540fe47878681398d,Aggregate > Index Scan,0.074,0.604,100,1000,260.21
warmup,2,35,D1_QUALIFIERS,s010,1000,10000,9a9cf227cd47fb5f513c0d189264be7478acdac0edbcee6eb2bd40aa801b6456,Aggregate > Index Scan,0.092,3.741,1000,10000,25040.46
warmup,2,36,D1_QUALIFIERS,s010,1000,100,9a9cf227cd47fb5f513c0d189264be7478acdac0edbcee6eb2bd40aa801b6456,Aggregate > Index Scan,0.027,3.654,1000,10000,290.46
warmup,2,37,D2_INDEXED,s001,100,10,3887a2aa29fb05ca98481ab242a7fa733c85f158ee7671b540fe47878681398d,Aggregate > Index Scan,0.035,0.499,100,1000,12.71
warmup,2,38,D1_QUALIFIERS,s050,5000,10000,6df6c5b03bfcc4b3b1d9eb90b9d1ef233fa3be386d21e29d09c3ad1ec6784ffa,Aggregate > Index Scan,0.037,17.624,5000,50000,125187.13
warmup,2,39,D1_QUALIFIERS,s001,100,10,3887a2aa29fb05ca98481ab242a7fa733c85f158ee7671b540fe47878681398d,Aggregate > Index Scan,0.051,0.536,100,1000,12.71
warmup,2,40,D1_QUALIFIERS,s001,100,1,3887a2aa29fb05ca98481ab242a7fa733c85f158ee7671b540fe47878681398d,Aggregate > Index Scan,0.025,0.475,100,1000,10.46
warmup,2,41,D3_JOIN,s001,100,10,dd70f043a43e3bde394ef71e473da209de421bf24af75711a31f15148c8e9801,Aggregate > Nested Loop > Index Scan > Bitmap Heap Scan > Bitmap Index Scan,0.162,0.355,10,100,91.19
warmup,2,42,D3_JOIN,s010,1000,1000,2415c762dd309bd55a638a452b9cd9458de6898a6472608f090aab563d3d05da,Aggregate > Hash Join > Seq Scan > Hash > Index Scan,0.158,1.486,100,1000,443.71
warmup,2,43,D3_JOIN,s010,1000,10000,2415c762dd309bd55a638a452b9cd9458de6898a6472608f090aab563d3d05da,Aggregate > Hash Join > Seq Scan > Hash > Index Scan,0.189,1.519,100,1000,2693.71
warmup,2,44,D1_QUALIFIERS,s001,100,100000,3887a2aa29fb05ca98481ab242a7fa733c85f158ee7671b540fe47878681398d,Aggregate > Index Scan,0.03,0.462,100,1000,25010.21
warmup,2,45,D2_INDEXED,s050,5000,10,6df6c5b03bfcc4b3b1d9eb90b9d1ef233fa3be386d21e29d09c3ad1ec6784ffa,Aggregate > Index Scan,0.027,18.2,5000,50000,312.13
warmup,2,46,D2_INDEXED,s001,100,100000,3887a2aa29fb05ca98481ab242a7fa733c85f158ee7671b540fe47878681398d,Aggregate > Index Scan,0.052,0.52,100,1000,25010.21
warmup,2,47,D1_QUALIFIERS,s010,1000,10,9a9cf227cd47fb5f513c0d189264be7478acdac0edbcee6eb2bd40aa801b6456,Aggregate > Index Scan,0.026,3.79,1000,10000,65.46
warmup,2,48,D2_INDEXED,s050,5000,1000,6df6c5b03bfcc4b3b1d9eb90b9d1ef233fa3be386d21e29d09c3ad1ec6784ffa,Aggregate > Index Scan,0.063,17.39,5000,50000,12687.13
warmup,2,49,D3_JOIN,s050,5000,10,d69555fbaf4077b67382f2b8e954e17ba3cd9080ecd5c22b922fe05ab9067acc,Aggregate > Hash Join > Seq Scan > Hash > Index Scan,0.145,3.265,500,5000,232.59
warmup,2,50,D1_QUALIFIERS,s050,5000,1,6df6c5b03bfcc4b3b1d9eb90b9d1ef233fa3be386d21e29d09c3ad1ec6784ffa,Aggregate > Index Scan,0.027,17.353,5000,50000,199.63
warmup,2,51,D1_QUALIFIERS,s050,5000,100000,6df6c5b03bfcc4b3b1d9eb90b9d1ef233fa3be386d21e29d09c3ad1ec6784ffa,Aggregate > Index Scan,0.053,17.402,5000,50000,1250187.13
warmup,2,52,D3_JOIN,s010,1000,100000,7422b0c2d9dffee31d92a20d9fe89ba955f30b7dbb503a58fd9d0429642fed07,Aggregate > Nested Loop > Index Scan > Index Scan,0.153,1.022,100,1000,25305.23
warmup,2,53,D1_QUALIFIERS,s001,100,1000,3887a2aa29fb05ca98481ab242a7fa733c85f158ee7671b540fe47878681398d,Aggregate > Index Scan,0.041,0.498,100,1000,260.21
warmup,2,54,D2_INDEXED,s010,1000,100,9a9cf227cd47fb5f513c0d189264be7478acdac0edbcee6eb2bd40aa801b6456,Aggregate > Index Scan,0.025,3.55,1000,10000,290.46
warmup,3,1,D1_QUALIFIERS,s001,100,1000,3887a2aa29fb05ca98481ab242a7fa733c85f158ee7671b540fe47878681398d,Aggregate > Index Scan,0.031,0.478,100,1000,260.21
warmup,3,2,D2_INDEXED,s050,5000,1,6df6c5b03bfcc4b3b1d9eb90b9d1ef233fa3be386d21e29d09c3ad1ec6784ffa,Aggregate > Index Scan,0.039,16.899,5000,50000,199.63
warmup,3,3,D3_JOIN,s001,100,10000,dd70f043a43e3bde394ef71e473da209de421bf24af75711a31f15148c8e9801,Aggregate > Nested Loop > Index Scan > Bitmap Heap Scan > Bitmap Index Scan,0.144,0.305,10,100,340.94
warmup,3,4,D3_JOIN,s001,100,100,dd70f043a43e3bde394ef71e473da209de421bf24af75711a31f15148c8e9801,Aggregate > Nested Loop > Index Scan > Bitmap Heap Scan > Bitmap Index Scan,0.108,0.251,10,100,93.44
warmup,3,5,D2_INDEXED,s010,1000,1000,9a9cf227cd47fb5f513c0d189264be7478acdac0edbcee6eb2bd40aa801b6456,Aggregate > Index Scan,0.025,3.528,1000,10000,2540.46
warmup,3,6,D1_QUALIFIERS,s050,5000,1000,6df6c5b03bfcc4b3b1d9eb90b9d1ef233fa3be386d21e29d09c3ad1ec6784ffa,Aggregate > Index Scan,0.037,17.073,5000,50000,12687.13
warmup,3,7,D2_INDEXED,s001,100,1,3887a2aa29fb05ca98481ab242a7fa733c85f158ee7671b540fe47878681398d,Aggregate > Index Scan,0.053,0.522,100,1000,10.46
warmup,3,8,D1_QUALIFIERS,s050,5000,1,6df6c5b03bfcc4b3b1d9eb90b9d1ef233fa3be386d21e29d09c3ad1ec6784ffa,Aggregate > Index Scan,0.043,17.031,5000,50000,199.63
warmup,3,9,D2_INDEXED,s050,5000,1000,6df6c5b03bfcc4b3b1d9eb90b9d1ef233fa3be386d21e29d09c3ad1ec6784ffa,Aggregate > Index Scan,0.055,18.432,5000,50000,12687.13
warmup,3,10,D2_INDEXED,s001,100,100000,3887a2aa29fb05ca98481ab242a7fa733c85f158ee7671b540fe47878681398d,Aggregate > Index Scan,0.054,0.536,100,1000,25010.21
warmup,3,11,D2_INDEXED,s010,1000,10,9a9cf227cd47fb5f513c0d189264be7478acdac0edbcee6eb2bd40aa801b6456,Aggregate > Index Scan,0.046,3.518,1000,10000,65.46
warmup,3,12,D3_JOIN,s050,5000,1,88865a6c1c74ba62b283c9f27899ab579b8725bd0bf9a1deb1fd73c1af5f86ce,Aggregate > Hash Join > Seq Scan > Hash > Seq Scan,0.123,3.277,500,5000,214.31
warmup,3,13,D2_INDEXED,s050,5000,10,6df6c5b03bfcc4b3b1d9eb90b9d1ef233fa3be386d21e29d09c3ad1ec6784ffa,Aggregate > Index Scan,0.054,17.224,5000,50000,312.13
warmup,3,14,D3_JOIN,s050,5000,100000,3bd3755d9ab7f9ea31679ce89309498b6d841c3a7f42494c6fd1e4a06484c748,Aggregate > Nested Loop > Index Scan > Index Scan,0.183,4.603,500,5000,125406.16
warmup,3,15,D1_QUALIFIERS,s010,1000,100000,9a9cf227cd47fb5f513c0d189264be7478acdac0edbcee6eb2bd40aa801b6456,Aggregate > Index Scan,0.062,3.7,1000,10000,250040.46
warmup,3,16,D2_INDEXED,s050,5000,100000,6df6c5b03bfcc4b3b1d9eb90b9d1ef233fa3be386d21e29d09c3ad1ec6784ffa,Aggregate > Index Scan,0.053,19.238,5000,50000,1250187.13
warmup,3,17,D1_QUALIFIERS,s010,1000,1000,9a9cf227cd47fb5f513c0d189264be7478acdac0edbcee6eb2bd40aa801b6456,Aggregate > Index Scan,0.059,3.595,1000,10000,2540.46
warmup,3,18,D3_JOIN,s050,5000,10,d69555fbaf4077b67382f2b8e954e17ba3cd9080ecd5c22b922fe05ab9067acc,Aggregate > Hash Join > Seq Scan > Hash > Index Scan,0.173,3.417,500,5000,232.59
warmup,3,19,D2_INDEXED,s001,100,10000,3887a2aa29fb05ca98481ab242a7fa733c85f158ee7671b540fe47878681398d,Aggregate > Index Scan,0.035,0.525,100,1000,2510.21
warmup,3,20,D2_INDEXED,s010,1000,100000,9a9cf227cd47fb5f513c0d189264be7478acdac0edbcee6eb2bd40aa801b6456,Aggregate > Index Scan,0.034,3.785,1000,10000,250040.46
warmup,3,21,D1_QUALIFIERS,s050,5000,100,6df6c5b03bfcc4b3b1d9eb90b9d1ef233fa3be386d21e29d09c3ad1ec6784ffa,Aggregate > Index Scan,0.029,17.394,5000,50000,1437.13
warmup,3,22,D3_JOIN,s050,5000,100,d69555fbaf4077b67382f2b8e954e17ba3cd9080ecd5c22b922fe05ab9067acc,Aggregate > Hash Join > Seq Scan > Hash > Index Scan,0.148,3.401,500,5000,345.09
warmup,3,23,D3_JOIN,s010,1000,100,2415c762dd309bd55a638a452b9cd9458de6898a6472608f090aab563d3d05da,Aggregate > Hash Join > Seq Scan > Hash > Index Scan,0.183,1.569,100,1000,218.71
warmup,3,24,D3_JOIN,s010,1000,1,2415c762dd309bd55a638a452b9cd9458de6898a6472608f090aab563d3d05da,Aggregate > Hash Join > Seq Scan > Hash > Index Scan,0.149,1.524,100,1000,193.96
warmup,3,25,D1_QUALIFIERS,s001,100,100,3887a2aa29fb05ca98481ab242a7fa733c85f158ee7671b540fe47878681398d,Aggregate > Index Scan,0.045,0.513,100,1000,35.21
warmup,3,26,D3_JOIN,s010,1000,10,2415c762dd309bd55a638a452b9cd9458de6898a6472608f090aab563d3d05da,Aggregate > Hash Join > Seq Scan > Hash > Index Scan,0.128,1.441,100,1000,196.21
warmup,3,27,D3_JOIN,s010,1000,100000,7422b0c2d9dffee31d92a20d9fe89ba955f30b7dbb503a58fd9d0429642fed07,Aggregate > Nested Loop > Index Scan > Index Scan,0.116,0.903,100,1000,25305.23
warmup,3,28,D3_JOIN,s050,5000,10000,ed166cfdb26b3989341e6a58679b6a230fc26bf116dab7dc3829500ac014b9d0,Aggregate > Hash Join > Index Scan > Hash > Seq Scan,0.088,4.095,500,5000,12835.84
warmup,3,29,D1_QUALIFIERS,s001,100,1,3887a2aa29fb05ca98481ab242a7fa733c85f158ee7671b540fe47878681398d,Aggregate > Index Scan,0.045,0.498,100,1000,10.46
warmup,3,30,D1_QUALIFIERS,s050,5000,10000,6df6c5b03bfcc4b3b1d9eb90b9d1ef233fa3be386d21e29d09c3ad1ec6784ffa,Aggregate > Index Scan,0.039,16.967,5000,50000,125187.13
warmup,3,31,D2_INDEXED,s010,1000,100,9a9cf227cd47fb5f513c0d189264be7478acdac0edbcee6eb2bd40aa801b6456,Aggregate > Index Scan,0.046,3.627,1000,10000,290.46
warmup,3,32,D3_JOIN,s010,1000,1000,2415c762dd309bd55a638a452b9cd9458de6898a6472608f090aab563d3d05da,Aggregate > Hash Join > Seq Scan > Hash > Index Scan,0.139,1.429,100,1000,443.71
warmup,3,33,D2_INDEXED,s001,100,100,3887a2aa29fb05ca98481ab242a7fa733c85f158ee7671b540fe47878681398d,Aggregate > Index Scan,0.035,0.856,100,1000,35.21
warmup,3,34,D2_INDEXED,s001,100,1000,3887a2aa29fb05ca98481ab242a7fa733c85f158ee7671b540fe47878681398d,Aggregate > Index Scan,0.028,0.458,100,1000,260.21
warmup,3,35,D2_INDEXED,s010,1000,1,9a9cf227cd47fb5f513c0d189264be7478acdac0edbcee6eb2bd40aa801b6456,Aggregate > Index Scan,0.026,3.498,1000,10000,42.96
warmup,3,36,D1_QUALIFIERS,s001,100,10,3887a2aa29fb05ca98481ab242a7fa733c85f158ee7671b540fe47878681398d,Aggregate > Index Scan,0.036,0.493,100,1000,12.71
warmup,3,37,D1_QUALIFIERS,s050,5000,10,6df6c5b03bfcc4b3b1d9eb90b9d1ef233fa3be386d21e29d09c3ad1ec6784ffa,Aggregate > Index Scan,0.042,17.379,5000,50000,312.13
warmup,3,38,D3_JOIN,s001,100,100000,dd70f043a43e3bde394ef71e473da209de421bf24af75711a31f15148c8e9801,Aggregate > Nested Loop > Index Scan > Bitmap Heap Scan > Bitmap Index Scan,0.142,0.299,10,100,2590.94
warmup,3,39,D1_QUALIFIERS,s001,100,10000,3887a2aa29fb05ca98481ab242a7fa733c85f158ee7671b540fe47878681398d,Aggregate > Index Scan,0.044,0.5,100,1000,2510.21
warmup,3,40,D1_QUALIFIERS,s010,1000,1,9a9cf227cd47fb5f513c0d189264be7478acdac0edbcee6eb2bd40aa801b6456,Aggregate > Index Scan,0.027,3.522,1000,10000,42.96
warmup,3,41,D3_JOIN,s001,100,1000,dd70f043a43e3bde394ef71e473da209de421bf24af75711a31f15148c8e9801,Aggregate > Nested Loop > Index Scan > Bitmap Heap Scan > Bitmap Index Scan,0.124,0.281,10,100,115.94
warmup,3,42,D2_INDEXED,s010,1000,10000,9a9cf227cd47fb5f513c0d189264be7478acdac0edbcee6eb2bd40aa801b6456,Aggregate > Index Scan,0.05,3.645,1000,10000,25040.46
warmup,3,43,D2_INDEXED,s050,5000,100,6df6c5b03bfcc4b3b1d9eb90b9d1ef233fa3be386d21e29d09c3ad1ec6784ffa,Aggregate > Index Scan,0.057,17.064,5000,50000,1437.13
warmup,3,44,D1_QUALIFIERS,s001,100,100000,3887a2aa29fb05ca98481ab242a7fa733c85f158ee7671b540fe47878681398d,Aggregate > Index Scan,0.054,0.52,100,1000,25010.21
warmup,3,45,D2_INDEXED,s001,100,10,3887a2aa29fb05ca98481ab242a7fa733c85f158ee7671b540fe47878681398d,Aggregate > Index Scan,0.032,0.496,100,1000,12.71
warmup,3,46,D1_QUALIFIERS,s050,5000,100000,6df6c5b03bfcc4b3b1d9eb90b9d1ef233fa3be386d21e29d09c3ad1ec6784ffa,Aggregate > Index Scan,0.031,17.046,5000,50000,1250187.13
warmup,3,47,D3_JOIN,s001,100,1,dd70f043a43e3bde394ef71e473da209de421bf24af75711a31f15148c8e9801,Aggregate > Nested Loop > Index Scan > Bitmap Heap Scan > Bitmap Index Scan,0.161,0.314,10,100,90.97
warmup,3,48,D3_JOIN,s001,100,10,dd70f043a43e3bde394ef71e473da209de421bf24af75711a31f15148c8e9801,Aggregate > Nested Loop > Index Scan > Bitmap Heap Scan > Bitmap Index Scan,0.088,0.224,10,100,91.19
warmup,3,49,D3_JOIN,s010,1000,10000,2415c762dd309bd55a638a452b9cd9458de6898a6472608f090aab563d3d05da,Aggregate > Hash Join > Seq Scan > Hash > Index Scan,0.13,1.468,100,1000,2693.71
warmup,3,50,D1_QUALIFIERS,s010,1000,10000,9a9cf227cd47fb5f513c0d189264be7478acdac0edbcee6eb2bd40aa801b6456,Aggregate > Index Scan,0.026,3.504,1000,10000,25040.46
warmup,3,51,D2_INDEXED,s050,5000,10000,6df6c5b03bfcc4b3b1d9eb90b9d1ef233fa3be386d21e29d09c3ad1ec6784ffa,Aggregate > Index Scan,0.033,17.007,5000,50000,125187.13
warmup,3,52,D1_QUALIFIERS,s010,1000,10,9a9cf227cd47fb5f513c0d189264be7478acdac0edbcee6eb2bd40aa801b6456,Aggregate > Index Scan,0.066,3.548,1000,10000,65.46
warmup,3,53,D3_JOIN,s050,5000,1000,d69555fbaf4077b67382f2b8e954e17ba3cd9080ecd5c22b922fe05ab9067acc,Aggregate > Hash Join > Seq Scan > Hash > Index Scan,0.115,3.394,500,5000,1470.09
warmup,3,54,D1_QUALIFIERS,s010,1000,100,9a9cf227cd47fb5f513c0d189264be7478acdac0edbcee6eb2bd40aa801b6456,Aggregate > Index Scan,0.05,3.598,1000,10000,290.46
measured,1,1,D2_INDEXED,s050,5000,100000,6df6c5b03bfcc4b3b1d9eb90b9d1ef233fa3be386d21e29d09c3ad1ec6784ffa,Aggregate > Index Scan,0.032,17.089,5000,50000,1250187.13
measured,1,2,D3_JOIN,s050,5000,10,d69555fbaf4077b67382f2b8e954e17ba3cd9080ecd5c22b922fe05ab9067acc,Aggregate > Hash Join > Seq Scan > Hash > Index Scan,0.141,3.233,500,5000,232.59
measured,1,3,D2_INDEXED,s050,5000,10,6df6c5b03bfcc4b3b1d9eb90b9d1ef233fa3be386d21e29d09c3ad1ec6784ffa,Aggregate > Index Scan,0.039,20.185,5000,50000,312.13
measured,1,4,D2_INDEXED,s001,100,10000,3887a2aa29fb05ca98481ab242a7fa733c85f158ee7671b540fe47878681398d,Aggregate > Index Scan,0.05,0.514,100,1000,2510.21
measured,1,5,D2_INDEXED,s050,5000,1000,6df6c5b03bfcc4b3b1d9eb90b9d1ef233fa3be386d21e29d09c3ad1ec6784ffa,Aggregate > Index Scan,0.034,17.159,5000,50000,12687.13
measured,1,6,D1_QUALIFIERS,s010,1000,10,9a9cf227cd47fb5f513c0d189264be7478acdac0edbcee6eb2bd40aa801b6456,Aggregate > Index Scan,0.048,3.727,1000,10000,65.46
measured,1,7,D3_JOIN,s050,5000,1000,d69555fbaf4077b67382f2b8e954e17ba3cd9080ecd5c22b922fe05ab9067acc,Aggregate > Hash Join > Seq Scan > Hash > Index Scan,0.194,3.8,500,5000,1470.09
measured,1,8,D1_QUALIFIERS,s010,1000,10000,9a9cf227cd47fb5f513c0d189264be7478acdac0edbcee6eb2bd40aa801b6456,Aggregate > Index Scan,0.051,3.698,1000,10000,25040.46
measured,1,9,D3_JOIN,s010,1000,10,2415c762dd309bd55a638a452b9cd9458de6898a6472608f090aab563d3d05da,Aggregate > Hash Join > Seq Scan > Hash > Index Scan,0.155,1.437,100,1000,196.21
measured,1,10,D2_INDEXED,s050,5000,1,6df6c5b03bfcc4b3b1d9eb90b9d1ef233fa3be386d21e29d09c3ad1ec6784ffa,Aggregate > Index Scan,0.026,16.925,5000,50000,199.63
measured,1,11,D1_QUALIFIERS,s050,5000,100000,6df6c5b03bfcc4b3b1d9eb90b9d1ef233fa3be386d21e29d09c3ad1ec6784ffa,Aggregate > Index Scan,0.044,17.095,5000,50000,1250187.13
measured,1,12,D3_JOIN,s001,100,1000,dd70f043a43e3bde394ef71e473da209de421bf24af75711a31f15148c8e9801,Aggregate > Nested Loop > Index Scan > Bitmap Heap Scan > Bitmap Index Scan,0.136,0.297,10,100,115.94
measured,1,13,D1_QUALIFIERS,s001,100,100000,3887a2aa29fb05ca98481ab242a7fa733c85f158ee7671b540fe47878681398d,Aggregate > Index Scan,0.024,0.477,100,1000,25010.21
measured,1,14,D3_JOIN,s001,100,10,dd70f043a43e3bde394ef71e473da209de421bf24af75711a31f15148c8e9801,Aggregate > Nested Loop > Index Scan > Bitmap Heap Scan > Bitmap Index Scan,0.123,0.276,10,100,91.19
measured,1,15,D1_QUALIFIERS,s001,100,100,3887a2aa29fb05ca98481ab242a7fa733c85f158ee7671b540fe47878681398d,Aggregate > Index Scan,0.025,0.459,100,1000,35.21
measured,1,16,D3_JOIN,s010,1000,1000,2415c762dd309bd55a638a452b9cd9458de6898a6472608f090aab563d3d05da,Aggregate > Hash Join > Seq Scan > Hash > Index Scan,0.086,1.414,100,1000,443.71
measured,1,17,D1_QUALIFIERS,s001,100,10,3887a2aa29fb05ca98481ab242a7fa733c85f158ee7671b540fe47878681398d,Aggregate > Index Scan,0.032,0.49,100,1000,12.71
measured,1,18,D1_QUALIFIERS,s050,5000,1000,6df6c5b03bfcc4b3b1d9eb90b9d1ef233fa3be386d21e29d09c3ad1ec6784ffa,Aggregate > Index Scan,0.025,16.891,5000,50000,12687.13
measured,1,19,D2_INDEXED,s001,100,10,3887a2aa29fb05ca98481ab242a7fa733c85f158ee7671b540fe47878681398d,Aggregate > Index Scan,0.048,0.551,100,1000,12.71
measured,1,20,D1_QUALIFIERS,s010,1000,100,9a9cf227cd47fb5f513c0d189264be7478acdac0edbcee6eb2bd40aa801b6456,Aggregate > Index Scan,0.092,3.547,1000,10000,290.46
measured,1,21,D1_QUALIFIERS,s050,5000,100,6df6c5b03bfcc4b3b1d9eb90b9d1ef233fa3be386d21e29d09c3ad1ec6784ffa,Aggregate > Index Scan,0.026,17.034,5000,50000,1437.13
measured,1,22,D2_INDEXED,s010,1000,1000,9a9cf227cd47fb5f513c0d189264be7478acdac0edbcee6eb2bd40aa801b6456,Aggregate > Index Scan,0.054,3.562,1000,10000,2540.46
measured,1,23,D3_JOIN,s050,5000,100000,3bd3755d9ab7f9ea31679ce89309498b6d841c3a7f42494c6fd1e4a06484c748,Aggregate > Nested Loop > Index Scan > Index Scan,0.12,4.194,500,5000,125406.16
measured,1,24,D2_INDEXED,s010,1000,10000,9a9cf227cd47fb5f513c0d189264be7478acdac0edbcee6eb2bd40aa801b6456,Aggregate > Index Scan,0.039,3.694,1000,10000,25040.46
measured,1,25,D3_JOIN,s001,100,100,dd70f043a43e3bde394ef71e473da209de421bf24af75711a31f15148c8e9801,Aggregate > Nested Loop > Index Scan > Bitmap Heap Scan > Bitmap Index Scan,0.126,0.346,10,100,93.44
measured,1,26,D2_INDEXED,s001,100,1000,3887a2aa29fb05ca98481ab242a7fa733c85f158ee7671b540fe47878681398d,Aggregate > Index Scan,0.028,0.466,100,1000,260.21
measured,1,27,D2_INDEXED,s001,100,100000,3887a2aa29fb05ca98481ab242a7fa733c85f158ee7671b540fe47878681398d,Aggregate > Index Scan,0.034,0.615,100,1000,25010.21
measured,1,28,D2_INDEXED,s001,100,100,3887a2aa29fb05ca98481ab242a7fa733c85f158ee7671b540fe47878681398d,Aggregate > Index Scan,0.03,0.544,100,1000,35.21
measured,1,29,D3_JOIN,s001,100,1,dd70f043a43e3bde394ef71e473da209de421bf24af75711a31f15148c8e9801,Aggregate > Nested Loop > Index Scan > Bitmap Heap Scan > Bitmap Index Scan,0.108,0.247,10,100,90.97
measured,1,30,D2_INDEXED,s050,5000,10000,6df6c5b03bfcc4b3b1d9eb90b9d1ef233fa3be386d21e29d09c3ad1ec6784ffa,Aggregate > Index Scan,0.024,16.948,5000,50000,125187.13
measured,1,31,D2_INDEXED,s010,1000,100000,9a9cf227cd47fb5f513c0d189264be7478acdac0edbcee6eb2bd40aa801b6456,Aggregate > Index Scan,0.049,3.563,1000,10000,250040.46
measured,1,32,D1_QUALIFIERS,s001,100,1,3887a2aa29fb05ca98481ab242a7fa733c85f158ee7671b540fe47878681398d,Aggregate > Index Scan,0.026,0.644,100,1000,10.46
measured,1,33,D1_QUALIFIERS,s010,1000,1,9a9cf227cd47fb5f513c0d189264be7478acdac0edbcee6eb2bd40aa801b6456,Aggregate > Index Scan,0.036,3.519,1000,10000,42.96
measured,1,34,D1_QUALIFIERS,s001,100,1000,3887a2aa29fb05ca98481ab242a7fa733c85f158ee7671b540fe47878681398d,Aggregate > Index Scan,0.045,0.498,100,1000,260.21
measured,1,35,D2_INDEXED,s001,100,1,3887a2aa29fb05ca98481ab242a7fa733c85f158ee7671b540fe47878681398d,Aggregate > Index Scan,0.027,0.577,100,1000,10.46
measured,1,36,D1_QUALIFIERS,s010,1000,100000,9a9cf227cd47fb5f513c0d189264be7478acdac0edbcee6eb2bd40aa801b6456,Aggregate > Index Scan,0.038,3.758,1000,10000,250040.46
measured,1,37,D1_QUALIFIERS,s010,1000,1000,9a9cf227cd47fb5f513c0d189264be7478acdac0edbcee6eb2bd40aa801b6456,Aggregate > Index Scan,0.035,3.481,1000,10000,2540.46
measured,1,38,D3_JOIN,s001,100,100000,dd70f043a43e3bde394ef71e473da209de421bf24af75711a31f15148c8e9801,Aggregate > Nested Loop > Index Scan > Bitmap Heap Scan > Bitmap Index Scan,0.125,0.263,10,100,2590.94
measured,1,39,D2_INDEXED,s050,5000,100,6df6c5b03bfcc4b3b1d9eb90b9d1ef233fa3be386d21e29d09c3ad1ec6784ffa,Aggregate > Index Scan,0.026,17.263,5000,50000,1437.13
measured,1,40,D3_JOIN,s010,1000,1,2415c762dd309bd55a638a452b9cd9458de6898a6472608f090aab563d3d05da,Aggregate > Hash Join > Seq Scan > Hash > Index Scan,0.334,1.749,100,1000,193.96
measured,1,41,D1_QUALIFIERS,s050,5000,10000,6df6c5b03bfcc4b3b1d9eb90b9d1ef233fa3be386d21e29d09c3ad1ec6784ffa,Aggregate > Index Scan,0.033,16.903,5000,50000,125187.13
measured,1,42,D1_QUALIFIERS,s050,5000,1,6df6c5b03bfcc4b3b1d9eb90b9d1ef233fa3be386d21e29d09c3ad1ec6784ffa,Aggregate > Index Scan,0.194,17.7,5000,50000,199.63
measured,1,43,D3_JOIN,s050,5000,10000,ed166cfdb26b3989341e6a58679b6a230fc26bf116dab7dc3829500ac014b9d0,Aggregate > Hash Join > Index Scan > Hash > Seq Scan,0.141,3.904,500,5000,12835.84
measured,1,44,D1_QUALIFIERS,s001,100,10000,3887a2aa29fb05ca98481ab242a7fa733c85f158ee7671b540fe47878681398d,Aggregate > Index Scan,0.041,0.499,100,1000,2510.21
measured,1,45,D2_INDEXED,s010,1000,1,9a9cf227cd47fb5f513c0d189264be7478acdac0edbcee6eb2bd40aa801b6456,Aggregate > Index Scan,0.024,3.536,1000,10000,42.96
measured,1,46,D2_INDEXED,s010,1000,100,9a9cf227cd47fb5f513c0d189264be7478acdac0edbcee6eb2bd40aa801b6456,Aggregate > Index Scan,0.03,3.498,1000,10000,290.46
measured,1,47,D3_JOIN,s010,1000,10000,2415c762dd309bd55a638a452b9cd9458de6898a6472608f090aab563d3d05da,Aggregate > Hash Join > Seq Scan > Hash > Index Scan,0.12,1.444,100,1000,2693.71
measured,1,48,D2_INDEXED,s010,1000,10,9a9cf227cd47fb5f513c0d189264be7478acdac0edbcee6eb2bd40aa801b6456,Aggregate > Index Scan,0.025,3.623,1000,10000,65.46
measured,1,49,D3_JOIN,s050,5000,1,88865a6c1c74ba62b283c9f27899ab579b8725bd0bf9a1deb1fd73c1af5f86ce,Aggregate > Hash Join > Seq Scan > Hash > Seq Scan,0.112,3.136,500,5000,214.31
measured,1,50,D3_JOIN,s010,1000,100000,7422b0c2d9dffee31d92a20d9fe89ba955f30b7dbb503a58fd9d0429642fed07,Aggregate > Nested Loop > Index Scan > Index Scan,0.163,1.05,100,1000,25305.23
measured,1,51,D3_JOIN,s010,1000,100,2415c762dd309bd55a638a452b9cd9458de6898a6472608f090aab563d3d05da,Aggregate > Hash Join > Seq Scan > Hash > Index Scan,0.189,1.463,100,1000,218.71
measured,1,52,D1_QUALIFIERS,s050,5000,10,6df6c5b03bfcc4b3b1d9eb90b9d1ef233fa3be386d21e29d09c3ad1ec6784ffa,Aggregate > Index Scan,0.035,17.028,5000,50000,312.13
measured,1,53,D3_JOIN,s050,5000,100,d69555fbaf4077b67382f2b8e954e17ba3cd9080ecd5c22b922fe05ab9067acc,Aggregate > Hash Join > Seq Scan > Hash > Index Scan,0.138,3.24,500,5000,345.09
measured,1,54,D3_JOIN,s001,100,10000,dd70f043a43e3bde394ef71e473da209de421bf24af75711a31f15148c8e9801,Aggregate > Nested Loop > Index Scan > Bitmap Heap Scan > Bitmap Index Scan,0.115,0.266,10,100,340.94
measured,2,1,D3_JOIN,s001,100,10,dd70f043a43e3bde394ef71e473da209de421bf24af75711a31f15148c8e9801,Aggregate > Nested Loop > Index Scan > Bitmap Heap Scan > Bitmap Index Scan,0.091,0.226,10,100,91.19
measured,2,2,D3_JOIN,s001,100,1,dd70f043a43e3bde394ef71e473da209de421bf24af75711a31f15148c8e9801,Aggregate > Nested Loop > Index Scan > Bitmap Heap Scan > Bitmap Index Scan,0.089,0.227,10,100,90.97
measured,2,3,D2_INDEXED,s050,5000,1,6df6c5b03bfcc4b3b1d9eb90b9d1ef233fa3be386d21e29d09c3ad1ec6784ffa,Aggregate > Index Scan,0.06,17.22,5000,50000,199.63
measured,2,4,D3_JOIN,s010,1000,1000,2415c762dd309bd55a638a452b9cd9458de6898a6472608f090aab563d3d05da,Aggregate > Hash Join > Seq Scan > Hash > Index Scan,0.15,1.524,100,1000,443.71
measured,2,5,D1_QUALIFIERS,s050,5000,100,6df6c5b03bfcc4b3b1d9eb90b9d1ef233fa3be386d21e29d09c3ad1ec6784ffa,Aggregate > Index Scan,0.042,17.813,5000,50000,1437.13
measured,2,6,D3_JOIN,s050,5000,100,d69555fbaf4077b67382f2b8e954e17ba3cd9080ecd5c22b922fe05ab9067acc,Aggregate > Hash Join > Seq Scan > Hash > Index Scan,0.145,3.331,500,5000,345.09
measured,2,7,D1_QUALIFIERS,s001,100,10000,3887a2aa29fb05ca98481ab242a7fa733c85f158ee7671b540fe47878681398d,Aggregate > Index Scan,0.04,0.508,100,1000,2510.21
measured,2,8,D3_JOIN,s050,5000,1000,d69555fbaf4077b67382f2b8e954e17ba3cd9080ecd5c22b922fe05ab9067acc,Aggregate > Hash Join > Seq Scan > Hash > Index Scan,0.119,3.233,500,5000,1470.09
measured,2,9,D2_INDEXED,s010,1000,10000,9a9cf227cd47fb5f513c0d189264be7478acdac0edbcee6eb2bd40aa801b6456,Aggregate > Index Scan,0.047,3.517,1000,10000,25040.46
measured,2,10,D3_JOIN,s010,1000,1,2415c762dd309bd55a638a452b9cd9458de6898a6472608f090aab563d3d05da,Aggregate > Hash Join > Seq Scan > Hash > Index Scan,0.124,1.472,100,1000,193.96
measured,2,11,D2_INDEXED,s010,1000,1,9a9cf227cd47fb5f513c0d189264be7478acdac0edbcee6eb2bd40aa801b6456,Aggregate > Index Scan,0.036,3.739,1000,10000,42.96
measured,2,12,D2_INDEXED,s001,100,10000,3887a2aa29fb05ca98481ab242a7fa733c85f158ee7671b540fe47878681398d,Aggregate > Index Scan,0.039,0.49,100,1000,2510.21
measured,2,13,D1_QUALIFIERS,s010,1000,100000,9a9cf227cd47fb5f513c0d189264be7478acdac0edbcee6eb2bd40aa801b6456,Aggregate > Index Scan,0.029,3.466,1000,10000,250040.46
measured,2,14,D1_QUALIFIERS,s001,100,1,3887a2aa29fb05ca98481ab242a7fa733c85f158ee7671b540fe47878681398d,Aggregate > Index Scan,0.033,0.475,100,1000,10.46
measured,2,15,D3_JOIN,s010,1000,100000,7422b0c2d9dffee31d92a20d9fe89ba955f30b7dbb503a58fd9d0429642fed07,Aggregate > Nested Loop > Index Scan > Index Scan,0.122,0.885,100,1000,25305.23
measured,2,16,D1_QUALIFIERS,s050,5000,10,6df6c5b03bfcc4b3b1d9eb90b9d1ef233fa3be386d21e29d09c3ad1ec6784ffa,Aggregate > Index Scan,0.026,16.99,5000,50000,312.13
measured,2,17,D1_QUALIFIERS,s010,1000,1,9a9cf227cd47fb5f513c0d189264be7478acdac0edbcee6eb2bd40aa801b6456,Aggregate > Index Scan,0.05,3.513,1000,10000,42.96
measured,2,18,D1_QUALIFIERS,s010,1000,100,9a9cf227cd47fb5f513c0d189264be7478acdac0edbcee6eb2bd40aa801b6456,Aggregate > Index Scan,0.041,3.493,1000,10000,290.46
measured,2,19,D1_QUALIFIERS,s050,5000,1,6df6c5b03bfcc4b3b1d9eb90b9d1ef233fa3be386d21e29d09c3ad1ec6784ffa,Aggregate > Index Scan,0.025,16.935,5000,50000,199.63
measured,2,20,D2_INDEXED,s050,5000,100000,6df6c5b03bfcc4b3b1d9eb90b9d1ef233fa3be386d21e29d09c3ad1ec6784ffa,Aggregate > Index Scan,0.051,17.882,5000,50000,1250187.13
measured,2,21,D3_JOIN,s050,5000,10000,ed166cfdb26b3989341e6a58679b6a230fc26bf116dab7dc3829500ac014b9d0,Aggregate > Hash Join > Index Scan > Hash > Seq Scan,0.158,4.073,500,5000,12835.84
measured,2,22,D1_QUALIFIERS,s001,100,100,3887a2aa29fb05ca98481ab242a7fa733c85f158ee7671b540fe47878681398d,Aggregate > Index Scan,0.055,0.538,100,1000,35.21
measured,2,23,D1_QUALIFIERS,s001,100,100000,3887a2aa29fb05ca98481ab242a7fa733c85f158ee7671b540fe47878681398d,Aggregate > Index Scan,0.054,0.525,100,1000,25010.21
measured,2,24,D3_JOIN,s010,1000,100,2415c762dd309bd55a638a452b9cd9458de6898a6472608f090aab563d3d05da,Aggregate > Hash Join > Seq Scan > Hash > Index Scan,0.113,1.43,100,1000,218.71
measured,2,25,D1_QUALIFIERS,s050,5000,1000,6df6c5b03bfcc4b3b1d9eb90b9d1ef233fa3be386d21e29d09c3ad1ec6784ffa,Aggregate > Index Scan,0.057,17.161,5000,50000,12687.13
measured,2,26,D1_QUALIFIERS,s010,1000,1000,9a9cf227cd47fb5f513c0d189264be7478acdac0edbcee6eb2bd40aa801b6456,Aggregate > Index Scan,0.053,3.733,1000,10000,2540.46
measured,2,27,D3_JOIN,s050,5000,1,88865a6c1c74ba62b283c9f27899ab579b8725bd0bf9a1deb1fd73c1af5f86ce,Aggregate > Hash Join > Seq Scan > Hash > Seq Scan,0.138,3.163,500,5000,214.31
measured,2,28,D2_INDEXED,s001,100,1000,3887a2aa29fb05ca98481ab242a7fa733c85f158ee7671b540fe47878681398d,Aggregate > Index Scan,0.07,0.621,100,1000,260.21
measured,2,29,D3_JOIN,s050,5000,100000,3bd3755d9ab7f9ea31679ce89309498b6d841c3a7f42494c6fd1e4a06484c748,Aggregate > Nested Loop > Index Scan > Index Scan,0.139,3.899,500,5000,125406.16
measured,2,30,D2_INDEXED,s010,1000,100000,9a9cf227cd47fb5f513c0d189264be7478acdac0edbcee6eb2bd40aa801b6456,Aggregate > Index Scan,0.041,3.489,1000,10000,250040.46
measured,2,31,D3_JOIN,s001,100,1000,dd70f043a43e3bde394ef71e473da209de421bf24af75711a31f15148c8e9801,Aggregate > Nested Loop > Index Scan > Bitmap Heap Scan > Bitmap Index Scan,0.146,0.279,10,100,115.94
measured,2,32,D3_JOIN,s001,100,10000,dd70f043a43e3bde394ef71e473da209de421bf24af75711a31f15148c8e9801,Aggregate > Nested Loop > Index Scan > Bitmap Heap Scan > Bitmap Index Scan,0.108,0.258,10,100,340.94
measured,2,33,D1_QUALIFIERS,s010,1000,10,9a9cf227cd47fb5f513c0d189264be7478acdac0edbcee6eb2bd40aa801b6456,Aggregate > Index Scan,0.025,3.456,1000,10000,65.46
measured,2,34,D2_INDEXED,s010,1000,1000,9a9cf227cd47fb5f513c0d189264be7478acdac0edbcee6eb2bd40aa801b6456,Aggregate > Index Scan,0.041,3.536,1000,10000,2540.46
measured,2,35,D3_JOIN,s001,100,100000,dd70f043a43e3bde394ef71e473da209de421bf24af75711a31f15148c8e9801,Aggregate > Nested Loop > Index Scan > Bitmap Heap Scan > Bitmap Index Scan,0.162,0.338,10,100,2590.94
measured,2,36,D2_INDEXED,s050,5000,100,6df6c5b03bfcc4b3b1d9eb90b9d1ef233fa3be386d21e29d09c3ad1ec6784ffa,Aggregate > Index Scan,0.026,16.945,5000,50000,1437.13
measured,2,37,D2_INDEXED,s001,100,1,3887a2aa29fb05ca98481ab242a7fa733c85f158ee7671b540fe47878681398d,Aggregate > Index Scan,0.045,0.522,100,1000,10.46
measured,2,38,D2_INDEXED,s001,100,100,3887a2aa29fb05ca98481ab242a7fa733c85f158ee7671b540fe47878681398d,Aggregate > Index Scan,0.061,0.547,100,1000,35.21
measured,2,39,D2_INDEXED,s010,1000,10,9a9cf227cd47fb5f513c0d189264be7478acdac0edbcee6eb2bd40aa801b6456,Aggregate > Index Scan,0.025,3.635,1000,10000,65.46
measured,2,40,D3_JOIN,s050,5000,10,d69555fbaf4077b67382f2b8e954e17ba3cd9080ecd5c22b922fe05ab9067acc,Aggregate > Hash Join > Seq Scan > Hash > Index Scan,0.115,3.382,500,5000,232.59
measured,2,41,D2_INDEXED,s050,5000,1000,6df6c5b03bfcc4b3b1d9eb90b9d1ef233fa3be386d21e29d09c3ad1ec6784ffa,Aggregate > Index Scan,0.047,17.081,5000,50000,12687.13
measured,2,42,D2_INDEXED,s010,1000,100,9a9cf227cd47fb5f513c0d189264be7478acdac0edbcee6eb2bd40aa801b6456,Aggregate > Index Scan,0.049,3.587,1000,10000,290.46
measured,2,43,D1_QUALIFIERS,s001,100,1000,3887a2aa29fb05ca98481ab242a7fa733c85f158ee7671b540fe47878681398d,Aggregate > Index Scan,0.048,0.532,100,1000,260.21
measured,2,44,D1_QUALIFIERS,s010,1000,10000,9a9cf227cd47fb5f513c0d189264be7478acdac0edbcee6eb2bd40aa801b6456,Aggregate > Index Scan,0.037,3.481,1000,10000,25040.46
measured,2,45,D1_QUALIFIERS,s050,5000,10000,6df6c5b03bfcc4b3b1d9eb90b9d1ef233fa3be386d21e29d09c3ad1ec6784ffa,Aggregate > Index Scan,0.025,16.984,5000,50000,125187.13
measured,2,46,D3_JOIN,s010,1000,10000,2415c762dd309bd55a638a452b9cd9458de6898a6472608f090aab563d3d05da,Aggregate > Hash Join > Seq Scan > Hash > Index Scan,0.15,1.512,100,1000,2693.71
measured,2,47,D3_JOIN,s010,1000,10,2415c762dd309bd55a638a452b9cd9458de6898a6472608f090aab563d3d05da,Aggregate > Hash Join > Seq Scan > Hash > Index Scan,0.115,1.491,100,1000,196.21
measured,2,48,D2_INDEXED,s050,5000,10000,6df6c5b03bfcc4b3b1d9eb90b9d1ef233fa3be386d21e29d09c3ad1ec6784ffa,Aggregate > Index Scan,0.04,16.925,5000,50000,125187.13
measured,2,49,D2_INDEXED,s001,100,100000,3887a2aa29fb05ca98481ab242a7fa733c85f158ee7671b540fe47878681398d,Aggregate > Index Scan,0.053,0.516,100,1000,25010.21
measured,2,50,D3_JOIN,s001,100,100,dd70f043a43e3bde394ef71e473da209de421bf24af75711a31f15148c8e9801,Aggregate > Nested Loop > Index Scan > Bitmap Heap Scan > Bitmap Index Scan,0.144,0.338,10,100,93.44
measured,2,51,D2_INDEXED,s050,5000,10,6df6c5b03bfcc4b3b1d9eb90b9d1ef233fa3be386d21e29d09c3ad1ec6784ffa,Aggregate > Index Scan,0.025,17.307,5000,50000,312.13
measured,2,52,D2_INDEXED,s001,100,10,3887a2aa29fb05ca98481ab242a7fa733c85f158ee7671b540fe47878681398d,Aggregate > Index Scan,0.055,0.574,100,1000,12.71
measured,2,53,D1_QUALIFIERS,s050,5000,100000,6df6c5b03bfcc4b3b1d9eb90b9d1ef233fa3be386d21e29d09c3ad1ec6784ffa,Aggregate > Index Scan,0.026,17.309,5000,50000,1250187.13
measured,2,54,D1_QUALIFIERS,s001,100,10,3887a2aa29fb05ca98481ab242a7fa733c85f158ee7671b540fe47878681398d,Aggregate > Index Scan,0.048,0.501,100,1000,12.71
measured,3,1,D3_JOIN,s050,5000,10,d69555fbaf4077b67382f2b8e954e17ba3cd9080ecd5c22b922fe05ab9067acc,Aggregate > Hash Join > Seq Scan > Hash > Index Scan,0.159,3.221,500,5000,232.59
measured,3,2,D3_JOIN,s010,1000,1000,2415c762dd309bd55a638a452b9cd9458de6898a6472608f090aab563d3d05da,Aggregate > Hash Join > Seq Scan > Hash > Index Scan,0.147,1.5,100,1000,443.71
measured,3,3,D2_INDEXED,s050,5000,10000,6df6c5b03bfcc4b3b1d9eb90b9d1ef233fa3be386d21e29d09c3ad1ec6784ffa,Aggregate > Index Scan,0.043,17.388,5000,50000,125187.13
measured,3,4,D3_JOIN,s001,100,100000,dd70f043a43e3bde394ef71e473da209de421bf24af75711a31f15148c8e9801,Aggregate > Nested Loop > Index Scan > Bitmap Heap Scan > Bitmap Index Scan,0.141,0.295,10,100,2590.94
measured,3,5,D3_JOIN,s010,1000,100000,7422b0c2d9dffee31d92a20d9fe89ba955f30b7dbb503a58fd9d0429642fed07,Aggregate > Nested Loop > Index Scan > Index Scan,0.108,0.91,100,1000,25305.23
measured,3,6,D2_INDEXED,s010,1000,1,9a9cf227cd47fb5f513c0d189264be7478acdac0edbcee6eb2bd40aa801b6456,Aggregate > Index Scan,0.034,3.53,1000,10000,42.96
measured,3,7,D3_JOIN,s010,1000,10,2415c762dd309bd55a638a452b9cd9458de6898a6472608f090aab563d3d05da,Aggregate > Hash Join > Seq Scan > Hash > Index Scan,0.144,1.508,100,1000,196.21
measured,3,8,D1_QUALIFIERS,s050,5000,10000,6df6c5b03bfcc4b3b1d9eb90b9d1ef233fa3be386d21e29d09c3ad1ec6784ffa,Aggregate > Index Scan,0.033,17.142,5000,50000,125187.13
measured,3,9,D1_QUALIFIERS,s001,100,100,3887a2aa29fb05ca98481ab242a7fa733c85f158ee7671b540fe47878681398d,Aggregate > Index Scan,0.049,0.51,100,1000,35.21
measured,3,10,D2_INDEXED,s001,100,1,3887a2aa29fb05ca98481ab242a7fa733c85f158ee7671b540fe47878681398d,Aggregate > Index Scan,0.036,0.476,100,1000,10.46
measured,3,11,D3_JOIN,s050,5000,10000,ed166cfdb26b3989341e6a58679b6a230fc26bf116dab7dc3829500ac014b9d0,Aggregate > Hash Join > Index Scan > Hash > Seq Scan,0.141,3.923,500,5000,12835.84
measured,3,12,D3_JOIN,s050,5000,1,88865a6c1c74ba62b283c9f27899ab579b8725bd0bf9a1deb1fd73c1af5f86ce,Aggregate > Hash Join > Seq Scan > Hash > Seq Scan,0.128,3.111,500,5000,214.31
measured,3,13,D3_JOIN,s050,5000,100000,3bd3755d9ab7f9ea31679ce89309498b6d841c3a7f42494c6fd1e4a06484c748,Aggregate > Nested Loop > Index Scan > Index Scan,0.091,4.031,500,5000,125406.16
measured,3,14,D3_JOIN,s010,1000,100,2415c762dd309bd55a638a452b9cd9458de6898a6472608f090aab563d3d05da,Aggregate > Hash Join > Seq Scan > Hash > Index Scan,0.13,1.443,100,1000,218.71
measured,3,15,D1_QUALIFIERS,s050,5000,100,6df6c5b03bfcc4b3b1d9eb90b9d1ef233fa3be386d21e29d09c3ad1ec6784ffa,Aggregate > Index Scan,0.093,17.757,5000,50000,1437.13
measured,3,16,D1_QUALIFIERS,s050,5000,100000,6df6c5b03bfcc4b3b1d9eb90b9d1ef233fa3be386d21e29d09c3ad1ec6784ffa,Aggregate > Index Scan,0.064,17.362,5000,50000,1250187.13
measured,3,17,D2_INDEXED,s010,1000,10000,9a9cf227cd47fb5f513c0d189264be7478acdac0edbcee6eb2bd40aa801b6456,Aggregate > Index Scan,0.051,3.554,1000,10000,25040.46
measured,3,18,D2_INDEXED,s001,100,100,3887a2aa29fb05ca98481ab242a7fa733c85f158ee7671b540fe47878681398d,Aggregate > Index Scan,0.036,0.479,100,1000,35.21
measured,3,19,D1_QUALIFIERS,s050,5000,1,6df6c5b03bfcc4b3b1d9eb90b9d1ef233fa3be386d21e29d09c3ad1ec6784ffa,Aggregate > Index Scan,0.024,17.049,5000,50000,199.63
measured,3,20,D2_INDEXED,s001,100,1000,3887a2aa29fb05ca98481ab242a7fa733c85f158ee7671b540fe47878681398d,Aggregate > Index Scan,0.067,0.556,100,1000,260.21
measured,3,21,D1_QUALIFIERS,s001,100,10,3887a2aa29fb05ca98481ab242a7fa733c85f158ee7671b540fe47878681398d,Aggregate > Index Scan,0.031,0.469,100,1000,12.71
measured,3,22,D3_JOIN,s001,100,100,dd70f043a43e3bde394ef71e473da209de421bf24af75711a31f15148c8e9801,Aggregate > Nested Loop > Index Scan > Bitmap Heap Scan > Bitmap Index Scan,0.118,0.24,10,100,93.44
measured,3,23,D2_INDEXED,s050,5000,100,6df6c5b03bfcc4b3b1d9eb90b9d1ef233fa3be386d21e29d09c3ad1ec6784ffa,Aggregate > Index Scan,0.037,17.078,5000,50000,1437.13
measured,3,24,D2_INDEXED,s010,1000,1000,9a9cf227cd47fb5f513c0d189264be7478acdac0edbcee6eb2bd40aa801b6456,Aggregate > Index Scan,0.049,3.525,1000,10000,2540.46
measured,3,25,D2_INDEXED,s010,1000,100000,9a9cf227cd47fb5f513c0d189264be7478acdac0edbcee6eb2bd40aa801b6456,Aggregate > Index Scan,0.055,3.545,1000,10000,250040.46
measured,3,26,D3_JOIN,s010,1000,1,2415c762dd309bd55a638a452b9cd9458de6898a6472608f090aab563d3d05da,Aggregate > Hash Join > Seq Scan > Hash > Index Scan,0.111,1.597,100,1000,193.96
measured,3,27,D3_JOIN,s050,5000,1000,d69555fbaf4077b67382f2b8e954e17ba3cd9080ecd5c22b922fe05ab9067acc,Aggregate > Hash Join > Seq Scan > Hash > Index Scan,0.12,3.193,500,5000,1470.09
measured,3,28,D1_QUALIFIERS,s001,100,10000,3887a2aa29fb05ca98481ab242a7fa733c85f158ee7671b540fe47878681398d,Aggregate > Index Scan,0.046,0.509,100,1000,2510.21
measured,3,29,D2_INDEXED,s010,1000,10,9a9cf227cd47fb5f513c0d189264be7478acdac0edbcee6eb2bd40aa801b6456,Aggregate > Index Scan,0.027,3.458,1000,10000,65.46
measured,3,30,D3_JOIN,s001,100,1,dd70f043a43e3bde394ef71e473da209de421bf24af75711a31f15148c8e9801,Aggregate > Nested Loop > Index Scan > Bitmap Heap Scan > Bitmap Index Scan,0.118,0.267,10,100,90.97
measured,3,31,D2_INDEXED,s050,5000,100000,6df6c5b03bfcc4b3b1d9eb90b9d1ef233fa3be386d21e29d09c3ad1ec6784ffa,Aggregate > Index Scan,0.025,17.019,5000,50000,1250187.13
measured,3,32,D1_QUALIFIERS,s010,1000,1,9a9cf227cd47fb5f513c0d189264be7478acdac0edbcee6eb2bd40aa801b6456,Aggregate > Index Scan,0.051,3.667,1000,10000,42.96
measured,3,33,D3_JOIN,s001,100,10,dd70f043a43e3bde394ef71e473da209de421bf24af75711a31f15148c8e9801,Aggregate > Nested Loop > Index Scan > Bitmap Heap Scan > Bitmap Index Scan,0.129,0.271,10,100,91.19
measured,3,34,D2_INDEXED,s010,1000,100,9a9cf227cd47fb5f513c0d189264be7478acdac0edbcee6eb2bd40aa801b6456,Aggregate > Index Scan,0.024,3.489,1000,10000,290.46
measured,3,35,D3_JOIN,s001,100,10000,dd70f043a43e3bde394ef71e473da209de421bf24af75711a31f15148c8e9801,Aggregate > Nested Loop > Index Scan > Bitmap Heap Scan > Bitmap Index Scan,0.115,0.276,10,100,340.94
measured,3,36,D1_QUALIFIERS,s001,100,100000,3887a2aa29fb05ca98481ab242a7fa733c85f158ee7671b540fe47878681398d,Aggregate > Index Scan,0.067,0.586,100,1000,25010.21
measured,3,37,D3_JOIN,s010,1000,10000,2415c762dd309bd55a638a452b9cd9458de6898a6472608f090aab563d3d05da,Aggregate > Hash Join > Seq Scan > Hash > Index Scan,0.136,1.487,100,1000,2693.71
measured,3,38,D2_INDEXED,s001,100,10000,3887a2aa29fb05ca98481ab242a7fa733c85f158ee7671b540fe47878681398d,Aggregate > Index Scan,0.03,0.476,100,1000,2510.21
measured,3,39,D1_QUALIFIERS,s010,1000,10000,9a9cf227cd47fb5f513c0d189264be7478acdac0edbcee6eb2bd40aa801b6456,Aggregate > Index Scan,0.025,3.5,1000,10000,25040.46
measured,3,40,D2_INDEXED,s050,5000,10,6df6c5b03bfcc4b3b1d9eb90b9d1ef233fa3be386d21e29d09c3ad1ec6784ffa,Aggregate > Index Scan,0.04,18.614,5000,50000,312.13
measured,3,41,D1_QUALIFIERS,s010,1000,100,9a9cf227cd47fb5f513c0d189264be7478acdac0edbcee6eb2bd40aa801b6456,Aggregate > Index Scan,0.057,3.592,1000,10000,290.46
measured,3,42,D2_INDEXED,s050,5000,1,6df6c5b03bfcc4b3b1d9eb90b9d1ef233fa3be386d21e29d09c3ad1ec6784ffa,Aggregate > Index Scan,0.026,16.933,5000,50000,199.63
measured,3,43,D3_JOIN,s001,100,1000,dd70f043a43e3bde394ef71e473da209de421bf24af75711a31f15148c8e9801,Aggregate > Nested Loop > Index Scan > Bitmap Heap Scan > Bitmap Index Scan,0.143,0.297,10,100,115.94
measured,3,44,D2_INDEXED,s050,5000,1000,6df6c5b03bfcc4b3b1d9eb90b9d1ef233fa3be386d21e29d09c3ad1ec6784ffa,Aggregate > Index Scan,0.024,17.654,5000,50000,12687.13
measured,3,45,D3_JOIN,s050,5000,100,d69555fbaf4077b67382f2b8e954e17ba3cd9080ecd5c22b922fe05ab9067acc,Aggregate > Hash Join > Seq Scan > Hash > Index Scan,0.15,3.261,500,5000,345.09
measured,3,46,D1_QUALIFIERS,s001,100,1000,3887a2aa29fb05ca98481ab242a7fa733c85f158ee7671b540fe47878681398d,Aggregate > Index Scan,0.055,0.6,100,1000,260.21
measured,3,47,D2_INDEXED,s001,100,100000,3887a2aa29fb05ca98481ab242a7fa733c85f158ee7671b540fe47878681398d,Aggregate > Index Scan,0.031,0.46,100,1000,25010.21
measured,3,48,D2_INDEXED,s001,100,10,3887a2aa29fb05ca98481ab242a7fa733c85f158ee7671b540fe47878681398d,Aggregate > Index Scan,0.064,0.475,100,1000,12.71
measured,3,49,D1_QUALIFIERS,s050,5000,10,6df6c5b03bfcc4b3b1d9eb90b9d1ef233fa3be386d21e29d09c3ad1ec6784ffa,Aggregate > Index Scan,0.037,17.132,5000,50000,312.13
measured,3,50,D1_QUALIFIERS,s010,1000,10,9a9cf227cd47fb5f513c0d189264be7478acdac0edbcee6eb2bd40aa801b6456,Aggregate > Index Scan,0.048,3.646,1000,10000,65.46
measured,3,51,D1_QUALIFIERS,s010,1000,1000,9a9cf227cd47fb5f513c0d189264be7478acdac0edbcee6eb2bd40aa801b6456,Aggregate > Index Scan,0.051,3.64,1000,10000,2540.46
measured,3,52,D1_QUALIFIERS,s050,5000,1000,6df6c5b03bfcc4b3b1d9eb90b9d1ef233fa3be386d21e29d09c3ad1ec6784ffa,Aggregate > Index Scan,0.034,17.939,5000,50000,12687.13
measured,3,53,D1_QUALIFIERS,s010,1000,100000,9a9cf227cd47fb5f513c0d189264be7478acdac0edbcee6eb2bd40aa801b6456,Aggregate > Index Scan,0.049,3.556,1000,10000,250040.46
measured,3,54,D1_QUALIFIERS,s001,100,1,3887a2aa29fb05ca98481ab242a7fa733c85f158ee7671b540fe47878681398d,Aggregate > Index Scan,0.037,0.482,100,1000,10.46
measured,4,1,D2_INDEXED,s010,1000,10000,9a9cf227cd47fb5f513c0d189264be7478acdac0edbcee6eb2bd40aa801b6456,Aggregate > Index Scan,0.024,3.507,1000,10000,25040.46
measured,4,2,D2_INDEXED,s001,100,100,3887a2aa29fb05ca98481ab242a7fa733c85f158ee7671b540fe47878681398d,Aggregate > Index Scan,0.058,0.566,100,1000,35.21
measured,4,3,D3_JOIN,s010,1000,100,2415c762dd309bd55a638a452b9cd9458de6898a6472608f090aab563d3d05da,Aggregate > Hash Join > Seq Scan > Hash > Index Scan,0.11,1.441,100,1000,218.71
measured,4,4,D2_INDEXED,s050,5000,10,6df6c5b03bfcc4b3b1d9eb90b9d1ef233fa3be386d21e29d09c3ad1ec6784ffa,Aggregate > Index Scan,0.057,17.263,5000,50000,312.13
measured,4,5,D2_INDEXED,s001,100,1000,3887a2aa29fb05ca98481ab242a7fa733c85f158ee7671b540fe47878681398d,Aggregate > Index Scan,0.046,0.496,100,1000,260.21
measured,4,6,D3_JOIN,s001,100,10000,dd70f043a43e3bde394ef71e473da209de421bf24af75711a31f15148c8e9801,Aggregate > Nested Loop > Index Scan > Bitmap Heap Scan > Bitmap Index Scan,0.143,0.316,10,100,340.94
measured,4,7,D1_QUALIFIERS,s001,100,100,3887a2aa29fb05ca98481ab242a7fa733c85f158ee7671b540fe47878681398d,Aggregate > Index Scan,0.026,0.47,100,1000,35.21
measured,4,8,D1_QUALIFIERS,s050,5000,1000,6df6c5b03bfcc4b3b1d9eb90b9d1ef233fa3be386d21e29d09c3ad1ec6784ffa,Aggregate > Index Scan,0.025,17.214,5000,50000,12687.13
measured,4,9,D3_JOIN,s010,1000,1000,2415c762dd309bd55a638a452b9cd9458de6898a6472608f090aab563d3d05da,Aggregate > Hash Join > Seq Scan > Hash > Index Scan,0.168,1.456,100,1000,443.71
measured,4,10,D3_JOIN,s050,5000,10,d69555fbaf4077b67382f2b8e954e17ba3cd9080ecd5c22b922fe05ab9067acc,Aggregate > Hash Join > Seq Scan > Hash > Index Scan,0.089,3.35,500,5000,232.59
measured,4,11,D3_JOIN,s010,1000,1,2415c762dd309bd55a638a452b9cd9458de6898a6472608f090aab563d3d05da,Aggregate > Hash Join > Seq Scan > Hash > Index Scan,0.12,1.457,100,1000,193.96
measured,4,12,D1_QUALIFIERS,s010,1000,100000,9a9cf227cd47fb5f513c0d189264be7478acdac0edbcee6eb2bd40aa801b6456,Aggregate > Index Scan,0.035,3.516,1000,10000,250040.46
measured,4,13,D2_INDEXED,s010,1000,1,9a9cf227cd47fb5f513c0d189264be7478acdac0edbcee6eb2bd40aa801b6456,Aggregate > Index Scan,0.026,3.705,1000,10000,42.96
measured,4,14,D1_QUALIFIERS,s050,5000,10,6df6c5b03bfcc4b3b1d9eb90b9d1ef233fa3be386d21e29d09c3ad1ec6784ffa,Aggregate > Index Scan,0.037,17.279,5000,50000,312.13
measured,4,15,D2_INDEXED,s001,100,10,3887a2aa29fb05ca98481ab242a7fa733c85f158ee7671b540fe47878681398d,Aggregate > Index Scan,0.043,0.519,100,1000,12.71
measured,4,16,D1_QUALIFIERS,s010,1000,10,9a9cf227cd47fb5f513c0d189264be7478acdac0edbcee6eb2bd40aa801b6456,Aggregate > Index Scan,0.037,3.728,1000,10000,65.46
measured,4,17,D1_QUALIFIERS,s001,100,10000,3887a2aa29fb05ca98481ab242a7fa733c85f158ee7671b540fe47878681398d,Aggregate > Index Scan,0.06,0.564,100,1000,2510.21
measured,4,18,D3_JOIN,s001,100,1000,dd70f043a43e3bde394ef71e473da209de421bf24af75711a31f15148c8e9801,Aggregate > Nested Loop > Index Scan > Bitmap Heap Scan > Bitmap Index Scan,0.146,0.294,10,100,115.94
measured,4,19,D3_JOIN,s001,100,10,dd70f043a43e3bde394ef71e473da209de421bf24af75711a31f15148c8e9801,Aggregate > Nested Loop > Index Scan > Bitmap Heap Scan > Bitmap Index Scan,0.09,0.227,10,100,91.19
measured,4,20,D1_QUALIFIERS,s010,1000,1,9a9cf227cd47fb5f513c0d189264be7478acdac0edbcee6eb2bd40aa801b6456,Aggregate > Index Scan,0.033,3.594,1000,10000,42.96
measured,4,21,D1_QUALIFIERS,s001,100,1000,3887a2aa29fb05ca98481ab242a7fa733c85f158ee7671b540fe47878681398d,Aggregate > Index Scan,0.043,0.522,100,1000,260.21
measured,4,22,D1_QUALIFIERS,s050,5000,100,6df6c5b03bfcc4b3b1d9eb90b9d1ef233fa3be386d21e29d09c3ad1ec6784ffa,Aggregate > Index Scan,0.025,17.031,5000,50000,1437.13
measured,4,23,D2_INDEXED,s010,1000,100,9a9cf227cd47fb5f513c0d189264be7478acdac0edbcee6eb2bd40aa801b6456,Aggregate > Index Scan,0.087,3.666,1000,10000,290.46
measured,4,24,D1_QUALIFIERS,s050,5000,100000,6df6c5b03bfcc4b3b1d9eb90b9d1ef233fa3be386d21e29d09c3ad1ec6784ffa,Aggregate > Index Scan,0.055,17.293,5000,50000,1250187.13
measured,4,25,D2_INDEXED,s050,5000,1,6df6c5b03bfcc4b3b1d9eb90b9d1ef233fa3be386d21e29d09c3ad1ec6784ffa,Aggregate > Index Scan,0.053,17.413,5000,50000,199.63
measured,4,26,D1_QUALIFIERS,s050,5000,1,6df6c5b03bfcc4b3b1d9eb90b9d1ef233fa3be386d21e29d09c3ad1ec6784ffa,Aggregate > Index Scan,0.049,17.935,5000,50000,199.63
measured,4,27,D3_JOIN,s050,5000,100,d69555fbaf4077b67382f2b8e954e17ba3cd9080ecd5c22b922fe05ab9067acc,Aggregate > Hash Join > Seq Scan > Hash > Index Scan,0.167,3.302,500,5000,345.09
measured,4,28,D2_INDEXED,s001,100,100000,3887a2aa29fb05ca98481ab242a7fa733c85f158ee7671b540fe47878681398d,Aggregate > Index Scan,0.059,0.598,100,1000,25010.21
measured,4,29,D1_QUALIFIERS,s001,100,100000,3887a2aa29fb05ca98481ab242a7fa733c85f158ee7671b540fe47878681398d,Aggregate > Index Scan,0.028,0.463,100,1000,25010.21
measured,4,30,D3_JOIN,s001,100,100000,dd70f043a43e3bde394ef71e473da209de421bf24af75711a31f15148c8e9801,Aggregate > Nested Loop > Index Scan > Bitmap Heap Scan > Bitmap Index Scan,0.131,0.295,10,100,2590.94
measured,4,31,D2_INDEXED,s050,5000,100,6df6c5b03bfcc4b3b1d9eb90b9d1ef233fa3be386d21e29d09c3ad1ec6784ffa,Aggregate > Index Scan,0.025,17.12,5000,50000,1437.13
measured,4,32,D1_QUALIFIERS,s010,1000,10000,9a9cf227cd47fb5f513c0d189264be7478acdac0edbcee6eb2bd40aa801b6456,Aggregate > Index Scan,0.047,3.551,1000,10000,25040.46
measured,4,33,D1_QUALIFIERS,s001,100,10,3887a2aa29fb05ca98481ab242a7fa733c85f158ee7671b540fe47878681398d,Aggregate > Index Scan,0.05,0.502,100,1000,12.71
measured,4,34,D2_INDEXED,s001,100,10000,3887a2aa29fb05ca98481ab242a7fa733c85f158ee7671b540fe47878681398d,Aggregate > Index Scan,0.043,0.536,100,1000,2510.21
measured,4,35,D3_JOIN,s001,100,1,dd70f043a43e3bde394ef71e473da209de421bf24af75711a31f15148c8e9801,Aggregate > Nested Loop > Index Scan > Bitmap Heap Scan > Bitmap Index Scan,0.148,0.239,10,100,90.97
measured,4,36,D3_JOIN,s050,5000,1,88865a6c1c74ba62b283c9f27899ab579b8725bd0bf9a1deb1fd73c1af5f86ce,Aggregate > Hash Join > Seq Scan > Hash > Seq Scan,0.084,3.309,500,5000,214.31
measured,4,37,D3_JOIN,s010,1000,10000,2415c762dd309bd55a638a452b9cd9458de6898a6472608f090aab563d3d05da,Aggregate > Hash Join > Seq Scan > Hash > Index Scan,0.109,1.416,100,1000,2693.71
measured,4,38,D3_JOIN,s010,1000,10,2415c762dd309bd55a638a452b9cd9458de6898a6472608f090aab563d3d05da,Aggregate > Hash Join > Seq Scan > Hash > Index Scan,0.112,1.399,100,1000,196.21
measured,4,39,D2_INDEXED,s010,1000,100000,9a9cf227cd47fb5f513c0d189264be7478acdac0edbcee6eb2bd40aa801b6456,Aggregate > Index Scan,0.025,3.649,1000,10000,250040.46
measured,4,40,D2_INDEXED,s010,1000,1000,9a9cf227cd47fb5f513c0d189264be7478acdac0edbcee6eb2bd40aa801b6456,Aggregate > Index Scan,0.036,3.751,1000,10000,2540.46
measured,4,41,D2_INDEXED,s050,5000,100000,6df6c5b03bfcc4b3b1d9eb90b9d1ef233fa3be386d21e29d09c3ad1ec6784ffa,Aggregate > Index Scan,0.039,17.232,5000,50000,1250187.13
measured,4,42,D3_JOIN,s050,5000,100000,3bd3755d9ab7f9ea31679ce89309498b6d841c3a7f42494c6fd1e4a06484c748,Aggregate > Nested Loop > Index Scan > Index Scan,0.134,4.196,500,5000,125406.16
measured,4,43,D3_JOIN,s001,100,100,dd70f043a43e3bde394ef71e473da209de421bf24af75711a31f15148c8e9801,Aggregate > Nested Loop > Index Scan > Bitmap Heap Scan > Bitmap Index Scan,0.116,0.265,10,100,93.44
measured,4,44,D3_JOIN,s010,1000,100000,7422b0c2d9dffee31d92a20d9fe89ba955f30b7dbb503a58fd9d0429642fed07,Aggregate > Nested Loop > Index Scan > Index Scan,0.13,0.924,100,1000,25305.23
measured,4,45,D3_JOIN,s050,5000,10000,ed166cfdb26b3989341e6a58679b6a230fc26bf116dab7dc3829500ac014b9d0,Aggregate > Hash Join > Index Scan > Hash > Seq Scan,0.087,4.332,500,5000,12835.84
measured,4,46,D2_INDEXED,s010,1000,10,9a9cf227cd47fb5f513c0d189264be7478acdac0edbcee6eb2bd40aa801b6456,Aggregate > Index Scan,0.044,3.648,1000,10000,65.46
measured,4,47,D3_JOIN,s050,5000,1000,d69555fbaf4077b67382f2b8e954e17ba3cd9080ecd5c22b922fe05ab9067acc,Aggregate > Hash Join > Seq Scan > Hash > Index Scan,0.131,3.27,500,5000,1470.09
measured,4,48,D2_INDEXED,s001,100,1,3887a2aa29fb05ca98481ab242a7fa733c85f158ee7671b540fe47878681398d,Aggregate > Index Scan,0.045,0.509,100,1000,10.46
measured,4,49,D1_QUALIFIERS,s010,1000,1000,9a9cf227cd47fb5f513c0d189264be7478acdac0edbcee6eb2bd40aa801b6456,Aggregate > Index Scan,0.024,3.586,1000,10000,2540.46
measured,4,50,D2_INDEXED,s050,5000,10000,6df6c5b03bfcc4b3b1d9eb90b9d1ef233fa3be386d21e29d09c3ad1ec6784ffa,Aggregate > Index Scan,0.031,17.232,5000,50000,125187.13
measured,4,51,D1_QUALIFIERS,s050,5000,10000,6df6c5b03bfcc4b3b1d9eb90b9d1ef233fa3be386d21e29d09c3ad1ec6784ffa,Aggregate > Index Scan,0.064,17.518,5000,50000,125187.13
measured,4,52,D1_QUALIFIERS,s001,100,1,3887a2aa29fb05ca98481ab242a7fa733c85f158ee7671b540fe47878681398d,Aggregate > Index Scan,0.055,0.529,100,1000,10.46
measured,4,53,D1_QUALIFIERS,s010,1000,100,9a9cf227cd47fb5f513c0d189264be7478acdac0edbcee6eb2bd40aa801b6456,Aggregate > Index Scan,0.048,3.928,1000,10000,290.46
measured,4,54,D2_INDEXED,s050,5000,1000,6df6c5b03bfcc4b3b1d9eb90b9d1ef233fa3be386d21e29d09c3ad1ec6784ffa,Aggregate > Index Scan,0.057,17.634,5000,50000,12687.13
measured,5,1,D3_JOIN,s010,1000,1000,2415c762dd309bd55a638a452b9cd9458de6898a6472608f090aab563d3d05da,Aggregate > Hash Join > Seq Scan > Hash > Index Scan,0.142,1.446,100,1000,443.71
measured,5,2,D3_JOIN,s050,5000,100,d69555fbaf4077b67382f2b8e954e17ba3cd9080ecd5c22b922fe05ab9067acc,Aggregate > Hash Join > Seq Scan > Hash > Index Scan,0.103,3.366,500,5000,345.09
measured,5,3,D3_JOIN,s001,100,1000,dd70f043a43e3bde394ef71e473da209de421bf24af75711a31f15148c8e9801,Aggregate > Nested Loop > Index Scan > Bitmap Heap Scan > Bitmap Index Scan,0.142,0.297,10,100,115.94
measured,5,4,D3_JOIN,s010,1000,100,2415c762dd309bd55a638a452b9cd9458de6898a6472608f090aab563d3d05da,Aggregate > Hash Join > Seq Scan > Hash > Index Scan,0.126,1.466,100,1000,218.71
measured,5,5,D3_JOIN,s001,100,1,dd70f043a43e3bde394ef71e473da209de421bf24af75711a31f15148c8e9801,Aggregate > Nested Loop > Index Scan > Bitmap Heap Scan > Bitmap Index Scan,0.115,0.307,10,100,90.97
measured,5,6,D3_JOIN,s050,5000,1,88865a6c1c74ba62b283c9f27899ab579b8725bd0bf9a1deb1fd73c1af5f86ce,Aggregate > Hash Join > Seq Scan > Hash > Seq Scan,0.092,3.211,500,5000,214.31
measured,5,7,D1_QUALIFIERS,s001,100,10,3887a2aa29fb05ca98481ab242a7fa733c85f158ee7671b540fe47878681398d,Aggregate > Index Scan,0.051,0.522,100,1000,12.71
measured,5,8,D1_QUALIFIERS,s001,100,1000,3887a2aa29fb05ca98481ab242a7fa733c85f158ee7671b540fe47878681398d,Aggregate > Index Scan,0.025,0.459,100,1000,260.21
measured,5,9,D1_QUALIFIERS,s001,100,10000,3887a2aa29fb05ca98481ab242a7fa733c85f158ee7671b540fe47878681398d,Aggregate > Index Scan,0.056,0.543,100,1000,2510.21
measured,5,10,D1_QUALIFIERS,s001,100,1,3887a2aa29fb05ca98481ab242a7fa733c85f158ee7671b540fe47878681398d,Aggregate > Index Scan,0.027,0.45,100,1000,10.46
measured,5,11,D3_JOIN,s050,5000,1000,d69555fbaf4077b67382f2b8e954e17ba3cd9080ecd5c22b922fe05ab9067acc,Aggregate > Hash Join > Seq Scan > Hash > Index Scan,0.117,3.405,500,5000,1470.09
measured,5,12,D1_QUALIFIERS,s010,1000,1000,9a9cf227cd47fb5f513c0d189264be7478acdac0edbcee6eb2bd40aa801b6456,Aggregate > Index Scan,0.059,3.587,1000,10000,2540.46
measured,5,13,D2_INDEXED,s001,100,10000,3887a2aa29fb05ca98481ab242a7fa733c85f158ee7671b540fe47878681398d,Aggregate > Index Scan,0.056,0.542,100,1000,2510.21
measured,5,14,D1_QUALIFIERS,s050,5000,10000,6df6c5b03bfcc4b3b1d9eb90b9d1ef233fa3be386d21e29d09c3ad1ec6784ffa,Aggregate > Index Scan,0.043,17.492,5000,50000,125187.13
measured,5,15,D1_QUALIFIERS,s010,1000,100,9a9cf227cd47fb5f513c0d189264be7478acdac0edbcee6eb2bd40aa801b6456,Aggregate > Index Scan,0.069,3.611,1000,10000,290.46
measured,5,16,D1_QUALIFIERS,s050,5000,10,6df6c5b03bfcc4b3b1d9eb90b9d1ef233fa3be386d21e29d09c3ad1ec6784ffa,Aggregate > Index Scan,0.051,17.692,5000,50000,312.13
measured,5,17,D1_QUALIFIERS,s010,1000,10000,9a9cf227cd47fb5f513c0d189264be7478acdac0edbcee6eb2bd40aa801b6456,Aggregate > Index Scan,0.052,3.707,1000,10000,25040.46
measured,5,18,D2_INDEXED,s050,5000,10,6df6c5b03bfcc4b3b1d9eb90b9d1ef233fa3be386d21e29d09c3ad1ec6784ffa,Aggregate > Index Scan,0.058,17.524,5000,50000,312.13
measured,5,19,D1_QUALIFIERS,s050,5000,1000,6df6c5b03bfcc4b3b1d9eb90b9d1ef233fa3be386d21e29d09c3ad1ec6784ffa,Aggregate > Index Scan,0.049,17.1,5000,50000,12687.13
measured,5,20,D1_QUALIFIERS,s010,1000,10,9a9cf227cd47fb5f513c0d189264be7478acdac0edbcee6eb2bd40aa801b6456,Aggregate > Index Scan,0.049,3.686,1000,10000,65.46
measured,5,21,D2_INDEXED,s050,5000,100000,6df6c5b03bfcc4b3b1d9eb90b9d1ef233fa3be386d21e29d09c3ad1ec6784ffa,Aggregate > Index Scan,0.04,17.007,5000,50000,1250187.13
measured,5,22,D2_INDEXED,s010,1000,1000,9a9cf227cd47fb5f513c0d189264be7478acdac0edbcee6eb2bd40aa801b6456,Aggregate > Index Scan,0.047,3.575,1000,10000,2540.46
measured,5,23,D2_INDEXED,s010,1000,1,9a9cf227cd47fb5f513c0d189264be7478acdac0edbcee6eb2bd40aa801b6456,Aggregate > Index Scan,0.036,3.466,1000,10000,42.96
measured,5,24,D1_QUALIFIERS,s001,100,100,3887a2aa29fb05ca98481ab242a7fa733c85f158ee7671b540fe47878681398d,Aggregate > Index Scan,0.051,0.531,100,1000,35.21
measured,5,25,D1_QUALIFIERS,s050,5000,1,6df6c5b03bfcc4b3b1d9eb90b9d1ef233fa3be386d21e29d09c3ad1ec6784ffa,Aggregate > Index Scan,0.038,17.698,5000,50000,199.63
measured,5,26,D3_JOIN,s010,1000,10,2415c762dd309bd55a638a452b9cd9458de6898a6472608f090aab563d3d05da,Aggregate > Hash Join > Seq Scan > Hash > Index Scan,0.152,1.523,100,1000,196.21
measured,5,27,D2_INDEXED,s010,1000,10000,9a9cf227cd47fb5f513c0d189264be7478acdac0edbcee6eb2bd40aa801b6456,Aggregate > Index Scan,0.025,3.623,1000,10000,25040.46
measured,5,28,D2_INDEXED,s001,100,100,3887a2aa29fb05ca98481ab242a7fa733c85f158ee7671b540fe47878681398d,Aggregate > Index Scan,0.035,0.474,100,1000,35.21
measured,5,29,D3_JOIN,s050,5000,10,d69555fbaf4077b67382f2b8e954e17ba3cd9080ecd5c22b922fe05ab9067acc,Aggregate > Hash Join > Seq Scan > Hash > Index Scan,0.106,3.27,500,5000,232.59
measured,5,30,D3_JOIN,s001,100,100,dd70f043a43e3bde394ef71e473da209de421bf24af75711a31f15148c8e9801,Aggregate > Nested Loop > Index Scan > Bitmap Heap Scan > Bitmap Index Scan,0.138,0.262,10,100,93.44
measured,5,31,D3_JOIN,s050,5000,10000,ed166cfdb26b3989341e6a58679b6a230fc26bf116dab7dc3829500ac014b9d0,Aggregate > Hash Join > Index Scan > Hash > Seq Scan,0.092,4.012,500,5000,12835.84
measured,5,32,D3_JOIN,s010,1000,1,2415c762dd309bd55a638a452b9cd9458de6898a6472608f090aab563d3d05da,Aggregate > Hash Join > Seq Scan > Hash > Index Scan,0.111,1.452,100,1000,193.96
measured,5,33,D2_INDEXED,s010,1000,10,9a9cf227cd47fb5f513c0d189264be7478acdac0edbcee6eb2bd40aa801b6456,Aggregate > Index Scan,0.038,3.744,1000,10000,65.46
measured,5,34,D3_JOIN,s001,100,100000,dd70f043a43e3bde394ef71e473da209de421bf24af75711a31f15148c8e9801,Aggregate > Nested Loop > Index Scan > Bitmap Heap Scan > Bitmap Index Scan,0.108,0.237,10,100,2590.94
measured,5,35,D1_QUALIFIERS,s050,5000,100000,6df6c5b03bfcc4b3b1d9eb90b9d1ef233fa3be386d21e29d09c3ad1ec6784ffa,Aggregate > Index Scan,0.027,17.003,5000,50000,1250187.13
measured,5,36,D3_JOIN,s001,100,10,dd70f043a43e3bde394ef71e473da209de421bf24af75711a31f15148c8e9801,Aggregate > Nested Loop > Index Scan > Bitmap Heap Scan > Bitmap Index Scan,0.148,0.275,10,100,91.19
measured,5,37,D2_INDEXED,s050,5000,10000,6df6c5b03bfcc4b3b1d9eb90b9d1ef233fa3be386d21e29d09c3ad1ec6784ffa,Aggregate > Index Scan,0.036,17.041,5000,50000,125187.13
measured,5,38,D1_QUALIFIERS,s001,100,100000,3887a2aa29fb05ca98481ab242a7fa733c85f158ee7671b540fe47878681398d,Aggregate > Index Scan,0.049,0.516,100,1000,25010.21
measured,5,39,D1_QUALIFIERS,s010,1000,1,9a9cf227cd47fb5f513c0d189264be7478acdac0edbcee6eb2bd40aa801b6456,Aggregate > Index Scan,0.025,3.592,1000,10000,42.96
measured,5,40,D3_JOIN,s050,5000,100000,3bd3755d9ab7f9ea31679ce89309498b6d841c3a7f42494c6fd1e4a06484c748,Aggregate > Nested Loop > Index Scan > Index Scan,0.168,4.219,500,5000,125406.16
measured,5,41,D3_JOIN,s010,1000,10000,2415c762dd309bd55a638a452b9cd9458de6898a6472608f090aab563d3d05da,Aggregate > Hash Join > Seq Scan > Hash > Index Scan,0.15,1.524,100,1000,2693.71
measured,5,42,D2_INDEXED,s050,5000,1000,6df6c5b03bfcc4b3b1d9eb90b9d1ef233fa3be386d21e29d09c3ad1ec6784ffa,Aggregate > Index Scan,0.048,17.114,5000,50000,12687.13
measured,5,43,D2_INDEXED,s010,1000,100000,9a9cf227cd47fb5f513c0d189264be7478acdac0edbcee6eb2bd40aa801b6456,Aggregate > Index Scan,0.06,3.635,1000,10000,250040.46
measured,5,44,D3_JOIN,s010,1000,100000,7422b0c2d9dffee31d92a20d9fe89ba955f30b7dbb503a58fd9d0429642fed07,Aggregate > Nested Loop > Index Scan > Index Scan,0.128,0.922,100,1000,25305.23
measured,5,45,D2_INDEXED,s001,100,100000,3887a2aa29fb05ca98481ab242a7fa733c85f158ee7671b540fe47878681398d,Aggregate > Index Scan,0.024,0.446,100,1000,25010.21
measured,5,46,D2_INDEXED,s010,1000,100,9a9cf227cd47fb5f513c0d189264be7478acdac0edbcee6eb2bd40aa801b6456,Aggregate > Index Scan,0.034,3.487,1000,10000,290.46
measured,5,47,D2_INDEXED,s001,100,1000,3887a2aa29fb05ca98481ab242a7fa733c85f158ee7671b540fe47878681398d,Aggregate > Index Scan,0.07,0.602,100,1000,260.21
measured,5,48,D3_JOIN,s001,100,10000,dd70f043a43e3bde394ef71e473da209de421bf24af75711a31f15148c8e9801,Aggregate > Nested Loop > Index Scan > Bitmap Heap Scan > Bitmap Index Scan,0.156,0.295,10,100,340.94
measured,5,49,D2_INDEXED,s050,5000,1,6df6c5b03bfcc4b3b1d9eb90b9d1ef233fa3be386d21e29d09c3ad1ec6784ffa,Aggregate > Index Scan,0.025,17.019,5000,50000,199.63
measured,5,50,D2_INDEXED,s050,5000,100,6df6c5b03bfcc4b3b1d9eb90b9d1ef233fa3be386d21e29d09c3ad1ec6784ffa,Aggregate > Index Scan,0.049,17.015,5000,50000,1437.13
measured,5,51,D2_INDEXED,s001,100,10,3887a2aa29fb05ca98481ab242a7fa733c85f158ee7671b540fe47878681398d,Aggregate > Index Scan,0.048,0.501,100,1000,12.71
measured,5,52,D2_INDEXED,s001,100,1,3887a2aa29fb05ca98481ab242a7fa733c85f158ee7671b540fe47878681398d,Aggregate > Index Scan,0.028,0.453,100,1000,10.46
measured,5,53,D1_QUALIFIERS,s010,1000,100000,9a9cf227cd47fb5f513c0d189264be7478acdac0edbcee6eb2bd40aa801b6456,Aggregate > Index Scan,0.043,3.576,1000,10000,250040.46
measured,5,54,D1_QUALIFIERS,s050,5000,100,6df6c5b03bfcc4b3b1d9eb90b9d1ef233fa3be386d21e29d09c3ad1ec6784ffa,Aggregate > Index Scan,0.082,17.146,5000,50000,1437.13
measured,6,1,D1_QUALIFIERS,s001,100,1000,3887a2aa29fb05ca98481ab242a7fa733c85f158ee7671b540fe47878681398d,Aggregate > Index Scan,0.055,0.561,100,1000,260.21
measured,6,2,D1_QUALIFIERS,s050,5000,10000,6df6c5b03bfcc4b3b1d9eb90b9d1ef233fa3be386d21e29d09c3ad1ec6784ffa,Aggregate > Index Scan,0.025,17.725,5000,50000,125187.13
measured,6,3,D3_JOIN,s050,5000,100000,3bd3755d9ab7f9ea31679ce89309498b6d841c3a7f42494c6fd1e4a06484c748,Aggregate > Nested Loop > Index Scan > Index Scan,0.151,4.332,500,5000,125406.16
measured,6,4,D3_JOIN,s050,5000,1000,d69555fbaf4077b67382f2b8e954e17ba3cd9080ecd5c22b922fe05ab9067acc,Aggregate > Hash Join > Seq Scan > Hash > Index Scan,0.146,3.323,500,5000,1470.09
measured,6,5,D3_JOIN,s010,1000,1000,2415c762dd309bd55a638a452b9cd9458de6898a6472608f090aab563d3d05da,Aggregate > Hash Join > Seq Scan > Hash > Index Scan,0.135,1.486,100,1000,443.71
measured,6,6,D1_QUALIFIERS,s001,100,100000,3887a2aa29fb05ca98481ab242a7fa733c85f158ee7671b540fe47878681398d,Aggregate > Index Scan,0.027,0.477,100,1000,25010.21
measured,6,7,D2_INDEXED,s001,100,100000,3887a2aa29fb05ca98481ab242a7fa733c85f158ee7671b540fe47878681398d,Aggregate > Index Scan,0.026,0.501,100,1000,25010.21
measured,6,8,D2_INDEXED,s010,1000,1000,9a9cf227cd47fb5f513c0d189264be7478acdac0edbcee6eb2bd40aa801b6456,Aggregate > Index Scan,0.047,3.586,1000,10000,2540.46
measured,6,9,D2_INDEXED,s010,1000,10000,9a9cf227cd47fb5f513c0d189264be7478acdac0edbcee6eb2bd40aa801b6456,Aggregate > Index Scan,0.048,3.637,1000,10000,25040.46
measured,6,10,D2_INDEXED,s001,100,10,3887a2aa29fb05ca98481ab242a7fa733c85f158ee7671b540fe47878681398d,Aggregate > Index Scan,0.061,0.735,100,1000,12.71
measured,6,11,D2_INDEXED,s050,5000,10000,6df6c5b03bfcc4b3b1d9eb90b9d1ef233fa3be386d21e29d09c3ad1ec6784ffa,Aggregate > Index Scan,0.047,18.013,5000,50000,125187.13
measured,6,12,D3_JOIN,s001,100,10000,dd70f043a43e3bde394ef71e473da209de421bf24af75711a31f15148c8e9801,Aggregate > Nested Loop > Index Scan > Bitmap Heap Scan > Bitmap Index Scan,0.194,0.369,10,100,340.94
measured,6,13,D2_INDEXED,s010,1000,1,9a9cf227cd47fb5f513c0d189264be7478acdac0edbcee6eb2bd40aa801b6456,Aggregate > Index Scan,0.057,4.248,1000,10000,42.96
measured,6,14,D3_JOIN,s050,5000,100,d69555fbaf4077b67382f2b8e954e17ba3cd9080ecd5c22b922fe05ab9067acc,Aggregate > Hash Join > Seq Scan > Hash > Index Scan,0.145,3.274,500,5000,345.09
measured,6,15,D2_INDEXED,s010,1000,100,9a9cf227cd47fb5f513c0d189264be7478acdac0edbcee6eb2bd40aa801b6456,Aggregate > Index Scan,0.056,3.695,1000,10000,290.46
measured,6,16,D2_INDEXED,s050,5000,100,6df6c5b03bfcc4b3b1d9eb90b9d1ef233fa3be386d21e29d09c3ad1ec6784ffa,Aggregate > Index Scan,0.056,17.428,5000,50000,1437.13
measured,6,17,D1_QUALIFIERS,s050,5000,100000,6df6c5b03bfcc4b3b1d9eb90b9d1ef233fa3be386d21e29d09c3ad1ec6784ffa,Aggregate > Index Scan,0.052,17.772,5000,50000,1250187.13
measured,6,18,D1_QUALIFIERS,s001,100,100,3887a2aa29fb05ca98481ab242a7fa733c85f158ee7671b540fe47878681398d,Aggregate > Index Scan,0.053,0.529,100,1000,35.21
measured,6,19,D1_QUALIFIERS,s001,100,10000,3887a2aa29fb05ca98481ab242a7fa733c85f158ee7671b540fe47878681398d,Aggregate > Index Scan,0.024,0.582,100,1000,2510.21
measured,6,20,D1_QUALIFIERS,s010,1000,10000,9a9cf227cd47fb5f513c0d189264be7478acdac0edbcee6eb2bd40aa801b6456,Aggregate > Index Scan,0.043,3.609,1000,10000,25040.46
measured,6,21,D3_JOIN,s050,5000,10000,ed166cfdb26b3989341e6a58679b6a230fc26bf116dab7dc3829500ac014b9d0,Aggregate > Hash Join > Index Scan > Hash > Seq Scan,0.168,4.128,500,5000,12835.84
measured,6,22,D2_INDEXED,s001,100,100,3887a2aa29fb05ca98481ab242a7fa733c85f158ee7671b540fe47878681398d,Aggregate > Index Scan,0.053,0.546,100,1000,35.21
measured,6,23,D1_QUALIFIERS,s050,5000,100,6df6c5b03bfcc4b3b1d9eb90b9d1ef233fa3be386d21e29d09c3ad1ec6784ffa,Aggregate > Index Scan,0.025,17.632,5000,50000,1437.13
measured,6,24,D1_QUALIFIERS,s050,5000,1000,6df6c5b03bfcc4b3b1d9eb90b9d1ef233fa3be386d21e29d09c3ad1ec6784ffa,Aggregate > Index Scan,0.057,17.37,5000,50000,12687.13
measured,6,25,D2_INDEXED,s010,1000,100000,9a9cf227cd47fb5f513c0d189264be7478acdac0edbcee6eb2bd40aa801b6456,Aggregate > Index Scan,0.052,3.654,1000,10000,250040.46
measured,6,26,D3_JOIN,s001,100,10,dd70f043a43e3bde394ef71e473da209de421bf24af75711a31f15148c8e9801,Aggregate > Nested Loop > Index Scan > Bitmap Heap Scan > Bitmap Index Scan,0.134,0.296,10,100,91.19
measured,6,27,D3_JOIN,s001,100,100000,dd70f043a43e3bde394ef71e473da209de421bf24af75711a31f15148c8e9801,Aggregate > Nested Loop > Index Scan > Bitmap Heap Scan > Bitmap Index Scan,0.138,0.305,10,100,2590.94
measured,6,28,D3_JOIN,s010,1000,1,2415c762dd309bd55a638a452b9cd9458de6898a6472608f090aab563d3d05da,Aggregate > Hash Join > Seq Scan > Hash > Index Scan,0.102,1.448,100,1000,193.96
measured,6,29,D1_QUALIFIERS,s050,5000,10,6df6c5b03bfcc4b3b1d9eb90b9d1ef233fa3be386d21e29d09c3ad1ec6784ffa,Aggregate > Index Scan,0.038,17.551,5000,50000,312.13
measured,6,30,D1_QUALIFIERS,s001,100,10,3887a2aa29fb05ca98481ab242a7fa733c85f158ee7671b540fe47878681398d,Aggregate > Index Scan,0.052,0.557,100,1000,12.71
measured,6,31,D2_INDEXED,s050,5000,100000,6df6c5b03bfcc4b3b1d9eb90b9d1ef233fa3be386d21e29d09c3ad1ec6784ffa,Aggregate > Index Scan,0.066,17.451,5000,50000,1250187.13
measured,6,32,D3_JOIN,s001,100,1,dd70f043a43e3bde394ef71e473da209de421bf24af75711a31f15148c8e9801,Aggregate > Nested Loop > Index Scan > Bitmap Heap Scan > Bitmap Index Scan,0.155,0.338,10,100,90.97
measured,6,33,D1_QUALIFIERS,s010,1000,100000,9a9cf227cd47fb5f513c0d189264be7478acdac0edbcee6eb2bd40aa801b6456,Aggregate > Index Scan,0.067,3.804,1000,10000,250040.46
measured,6,34,D3_JOIN,s050,5000,1,88865a6c1c74ba62b283c9f27899ab579b8725bd0bf9a1deb1fd73c1af5f86ce,Aggregate > Hash Join > Seq Scan > Hash > Seq Scan,0.149,3.313,500,5000,214.31
measured,6,35,D2_INDEXED,s001,100,1,3887a2aa29fb05ca98481ab242a7fa733c85f158ee7671b540fe47878681398d,Aggregate > Index Scan,0.149,0.683,100,1000,10.46
measured,6,36,D1_QUALIFIERS,s001,100,1,3887a2aa29fb05ca98481ab242a7fa733c85f158ee7671b540fe47878681398d,Aggregate > Index Scan,0.043,0.499,100,1000,10.46
measured,6,37,D2_INDEXED,s050,5000,1,6df6c5b03bfcc4b3b1d9eb90b9d1ef233fa3be386d21e29d09c3ad1ec6784ffa,Aggregate > Index Scan,0.026,17.544,5000,50000,199.63
measured,6,38,D3_JOIN,s010,1000,100,2415c762dd309bd55a638a452b9cd9458de6898a6472608f090aab563d3d05da,Aggregate > Hash Join > Seq Scan > Hash > Index Scan,0.141,1.451,100,1000,218.71
measured,6,39,D1_QUALIFIERS,s010,1000,10,9a9cf227cd47fb5f513c0d189264be7478acdac0edbcee6eb2bd40aa801b6456,Aggregate > Index Scan,0.053,3.669,1000,10000,65.46
measured,6,40,D3_JOIN,s010,1000,100000,7422b0c2d9dffee31d92a20d9fe89ba955f30b7dbb503a58fd9d0429642fed07,Aggregate > Nested Loop > Index Scan > Index Scan,0.136,0.989,100,1000,25305.23
measured,6,41,D3_JOIN,s010,1000,10,2415c762dd309bd55a638a452b9cd9458de6898a6472608f090aab563d3d05da,Aggregate > Hash Join > Seq Scan > Hash > Index Scan,0.115,1.522,100,1000,196.21
measured,6,42,D2_INDEXED,s010,1000,10,9a9cf227cd47fb5f513c0d189264be7478acdac0edbcee6eb2bd40aa801b6456,Aggregate > Index Scan,0.038,3.636,1000,10000,65.46
measured,6,43,D2_INDEXED,s050,5000,1000,6df6c5b03bfcc4b3b1d9eb90b9d1ef233fa3be386d21e29d09c3ad1ec6784ffa,Aggregate > Index Scan,0.045,17.884,5000,50000,12687.13
measured,6,44,D2_INDEXED,s001,100,10000,3887a2aa29fb05ca98481ab242a7fa733c85f158ee7671b540fe47878681398d,Aggregate > Index Scan,0.067,0.566,100,1000,2510.21
measured,6,45,D2_INDEXED,s001,100,1000,3887a2aa29fb05ca98481ab242a7fa733c85f158ee7671b540fe47878681398d,Aggregate > Index Scan,0.039,0.542,100,1000,260.21
measured,6,46,D1_QUALIFIERS,s010,1000,1,9a9cf227cd47fb5f513c0d189264be7478acdac0edbcee6eb2bd40aa801b6456,Aggregate > Index Scan,0.058,3.91,1000,10000,42.96
measured,6,47,D1_QUALIFIERS,s010,1000,1000,9a9cf227cd47fb5f513c0d189264be7478acdac0edbcee6eb2bd40aa801b6456,Aggregate > Index Scan,0.056,3.838,1000,10000,2540.46
measured,6,48,D3_JOIN,s010,1000,10000,2415c762dd309bd55a638a452b9cd9458de6898a6472608f090aab563d3d05da,Aggregate > Hash Join > Seq Scan > Hash > Index Scan,0.134,1.499,100,1000,2693.71
measured,6,49,D3_JOIN,s001,100,100,dd70f043a43e3bde394ef71e473da209de421bf24af75711a31f15148c8e9801,Aggregate > Nested Loop > Index Scan > Bitmap Heap Scan > Bitmap Index Scan,0.089,0.228,10,100,93.44
measured,6,50,D3_JOIN,s001,100,1000,dd70f043a43e3bde394ef71e473da209de421bf24af75711a31f15148c8e9801,Aggregate > Nested Loop > Index Scan > Bitmap Heap Scan > Bitmap Index Scan,0.133,0.302,10,100,115.94
measured,6,51,D3_JOIN,s050,5000,10,d69555fbaf4077b67382f2b8e954e17ba3cd9080ecd5c22b922fe05ab9067acc,Aggregate > Hash Join > Seq Scan > Hash > Index Scan,0.162,3.364,500,5000,232.59
measured,6,52,D2_INDEXED,s050,5000,10,6df6c5b03bfcc4b3b1d9eb90b9d1ef233fa3be386d21e29d09c3ad1ec6784ffa,Aggregate > Index Scan,0.062,17.588,5000,50000,312.13
measured,6,53,D1_QUALIFIERS,s050,5000,1,6df6c5b03bfcc4b3b1d9eb90b9d1ef233fa3be386d21e29d09c3ad1ec6784ffa,Aggregate > Index Scan,0.078,17.469,5000,50000,199.63
measured,6,54,D1_QUALIFIERS,s010,1000,100,9a9cf227cd47fb5f513c0d189264be7478acdac0edbcee6eb2bd40aa801b6456,Aggregate > Index Scan,0.055,3.643,1000,10000,290.46
measured,7,1,D3_JOIN,s010,1000,1000,2415c762dd309bd55a638a452b9cd9458de6898a6472608f090aab563d3d05da,Aggregate > Hash Join > Seq Scan > Hash > Index Scan,0.174,1.513,100,1000,443.71
measured,7,2,D2_INDEXED,s001,100,10,3887a2aa29fb05ca98481ab242a7fa733c85f158ee7671b540fe47878681398d,Aggregate > Index Scan,0.049,0.544,100,1000,12.71
measured,7,3,D2_INDEXED,s010,1000,10,9a9cf227cd47fb5f513c0d189264be7478acdac0edbcee6eb2bd40aa801b6456,Aggregate > Index Scan,0.054,4.354,1000,10000,65.46
measured,7,4,D3_JOIN,s050,5000,100000,3bd3755d9ab7f9ea31679ce89309498b6d841c3a7f42494c6fd1e4a06484c748,Aggregate > Nested Loop > Index Scan > Index Scan,0.174,4.54,500,5000,125406.16
measured,7,5,D3_JOIN,s050,5000,1000,d69555fbaf4077b67382f2b8e954e17ba3cd9080ecd5c22b922fe05ab9067acc,Aggregate > Hash Join > Seq Scan > Hash > Index Scan,0.209,6.275,500,5000,1470.09
measured,7,6,D3_JOIN,s001,100,10000,dd70f043a43e3bde394ef71e473da209de421bf24af75711a31f15148c8e9801,Aggregate > Nested Loop > Index Scan > Bitmap Heap Scan > Bitmap Index Scan,0.2,0.481,10,100,340.94
measured,7,7,D1_QUALIFIERS,s001,100,10000,3887a2aa29fb05ca98481ab242a7fa733c85f158ee7671b540fe47878681398d,Aggregate > Index Scan,0.09,0.769,100,1000,2510.21
measured,7,8,D2_INDEXED,s050,5000,100,6df6c5b03bfcc4b3b1d9eb90b9d1ef233fa3be386d21e29d09c3ad1ec6784ffa,Aggregate > Index Scan,0.071,24.262,5000,50000,1437.13
measured,7,9,D1_QUALIFIERS,s001,100,10,3887a2aa29fb05ca98481ab242a7fa733c85f158ee7671b540fe47878681398d,Aggregate > Index Scan,0.085,0.828,100,1000,12.71
measured,7,10,D1_QUALIFIERS,s001,100,1000,3887a2aa29fb05ca98481ab242a7fa733c85f158ee7671b540fe47878681398d,Aggregate > Index Scan,0.182,2.738,100,1000,260.21
measured,7,11,D2_INDEXED,s001,100,10000,3887a2aa29fb05ca98481ab242a7fa733c85f158ee7671b540fe47878681398d,Aggregate > Index Scan,0.083,0.801,100,1000,2510.21
measured,7,12,D1_QUALIFIERS,s010,1000,100000,9a9cf227cd47fb5f513c0d189264be7478acdac0edbcee6eb2bd40aa801b6456,Aggregate > Index Scan,0.095,5.539,1000,10000,250040.46
measured,7,13,D3_JOIN,s050,5000,100,d69555fbaf4077b67382f2b8e954e17ba3cd9080ecd5c22b922fe05ab9067acc,Aggregate > Hash Join > Seq Scan > Hash > Index Scan,0.284,5.135,500,5000,345.09
measured,7,14,D3_JOIN,s010,1000,1,2415c762dd309bd55a638a452b9cd9458de6898a6472608f090aab563d3d05da,Aggregate > Hash Join > Seq Scan > Hash > Index Scan,0.267,2.101,100,1000,193.96
measured,7,15,D1_QUALIFIERS,s050,5000,10,6df6c5b03bfcc4b3b1d9eb90b9d1ef233fa3be386d21e29d09c3ad1ec6784ffa,Aggregate > Index Scan,0.062,17.478,5000,50000,312.13
measured,7,16,D1_QUALIFIERS,s001,100,1,3887a2aa29fb05ca98481ab242a7fa733c85f158ee7671b540fe47878681398d,Aggregate > Index Scan,0.054,0.56,100,1000,10.46
measured,7,17,D2_INDEXED,s010,1000,10000,9a9cf227cd47fb5f513c0d189264be7478acdac0edbcee6eb2bd40aa801b6456,Aggregate > Index Scan,0.058,3.612,1000,10000,25040.46
measured,7,18,D1_QUALIFIERS,s010,1000,1,9a9cf227cd47fb5f513c0d189264be7478acdac0edbcee6eb2bd40aa801b6456,Aggregate > Index Scan,0.079,3.873,1000,10000,42.96
measured,7,19,D3_JOIN,s001,100,10,dd70f043a43e3bde394ef71e473da209de421bf24af75711a31f15148c8e9801,Aggregate > Nested Loop > Index Scan > Bitmap Heap Scan > Bitmap Index Scan,0.155,0.309,10,100,91.19
measured,7,20,D1_QUALIFIERS,s050,5000,100,6df6c5b03bfcc4b3b1d9eb90b9d1ef233fa3be386d21e29d09c3ad1ec6784ffa,Aggregate > Index Scan,0.046,17.774,5000,50000,1437.13
measured,7,21,D1_QUALIFIERS,s050,5000,10000,6df6c5b03bfcc4b3b1d9eb90b9d1ef233fa3be386d21e29d09c3ad1ec6784ffa,Aggregate > Index Scan,0.054,17.504,5000,50000,125187.13
measured,7,22,D3_JOIN,s001,100,1000,dd70f043a43e3bde394ef71e473da209de421bf24af75711a31f15148c8e9801,Aggregate > Nested Loop > Index Scan > Bitmap Heap Scan > Bitmap Index Scan,0.148,0.317,10,100,115.94
measured,7,23,D2_INDEXED,s050,5000,1,6df6c5b03bfcc4b3b1d9eb90b9d1ef233fa3be386d21e29d09c3ad1ec6784ffa,Aggregate > Index Scan,0.026,17.419,5000,50000,199.63
measured,7,24,D1_QUALIFIERS,s050,5000,100000,6df6c5b03bfcc4b3b1d9eb90b9d1ef233fa3be386d21e29d09c3ad1ec6784ffa,Aggregate > Index Scan,0.08,20.488,5000,50000,1250187.13
measured,7,25,D1_QUALIFIERS,s001,100,100,3887a2aa29fb05ca98481ab242a7fa733c85f158ee7671b540fe47878681398d,Aggregate > Index Scan,0.095,1.231,100,1000,35.21
measured,7,26,D3_JOIN,s050,5000,10,d69555fbaf4077b67382f2b8e954e17ba3cd9080ecd5c22b922fe05ab9067acc,Aggregate > Hash Join > Seq Scan > Hash > Index Scan,0.153,3.678,500,5000,232.59
measured,7,27,D2_INDEXED,s001,100,100,3887a2aa29fb05ca98481ab242a7fa733c85f158ee7671b540fe47878681398d,Aggregate > Index Scan,0.058,0.585,100,1000,35.21
measured,7,28,D3_JOIN,s010,1000,10000,2415c762dd309bd55a638a452b9cd9458de6898a6472608f090aab563d3d05da,Aggregate > Hash Join > Seq Scan > Hash > Index Scan,0.114,1.582,100,1000,2693.71
measured,7,29,D3_JOIN,s001,100,100000,dd70f043a43e3bde394ef71e473da209de421bf24af75711a31f15148c8e9801,Aggregate > Nested Loop > Index Scan > Bitmap Heap Scan > Bitmap Index Scan,0.146,0.359,10,100,2590.94
measured,7,30,D2_INDEXED,s050,5000,10,6df6c5b03bfcc4b3b1d9eb90b9d1ef233fa3be386d21e29d09c3ad1ec6784ffa,Aggregate > Index Scan,0.03,17.429,5000,50000,312.13
measured,7,31,D2_INDEXED,s050,5000,100000,6df6c5b03bfcc4b3b1d9eb90b9d1ef233fa3be386d21e29d09c3ad1ec6784ffa,Aggregate > Index Scan,0.059,17.784,5000,50000,1250187.13
measured,7,32,D2_INDEXED,s050,5000,1000,6df6c5b03bfcc4b3b1d9eb90b9d1ef233fa3be386d21e29d09c3ad1ec6784ffa,Aggregate > Index Scan,0.053,17.664,5000,50000,12687.13
measured,7,33,D3_JOIN,s050,5000,10000,ed166cfdb26b3989341e6a58679b6a230fc26bf116dab7dc3829500ac014b9d0,Aggregate > Hash Join > Index Scan > Hash > Seq Scan,0.142,4.028,500,5000,12835.84
measured,7,34,D2_INDEXED,s001,100,100000,3887a2aa29fb05ca98481ab242a7fa733c85f158ee7671b540fe47878681398d,Aggregate > Index Scan,0.048,0.53,100,1000,25010.21
measured,7,35,D3_JOIN,s050,5000,1,88865a6c1c74ba62b283c9f27899ab579b8725bd0bf9a1deb1fd73c1af5f86ce,Aggregate > Hash Join > Seq Scan > Hash > Seq Scan,0.104,3.471,500,5000,214.31
measured,7,36,D2_INDEXED,s010,1000,100,9a9cf227cd47fb5f513c0d189264be7478acdac0edbcee6eb2bd40aa801b6456,Aggregate > Index Scan,0.055,3.637,1000,10000,290.46
measured,7,37,D1_QUALIFIERS,s010,1000,10000,9a9cf227cd47fb5f513c0d189264be7478acdac0edbcee6eb2bd40aa801b6456,Aggregate > Index Scan,0.055,3.683,1000,10000,25040.46
measured,7,38,D1_QUALIFIERS,s010,1000,100,9a9cf227cd47fb5f513c0d189264be7478acdac0edbcee6eb2bd40aa801b6456,Aggregate > Index Scan,0.049,3.553,1000,10000,290.46
measured,7,39,D2_INDEXED,s001,100,1000,3887a2aa29fb05ca98481ab242a7fa733c85f158ee7671b540fe47878681398d,Aggregate > Index Scan,0.049,0.519,100,1000,260.21
measured,7,40,D1_QUALIFIERS,s001,100,100000,3887a2aa29fb05ca98481ab242a7fa733c85f158ee7671b540fe47878681398d,Aggregate > Index Scan,0.027,0.622,100,1000,25010.21
measured,7,41,D1_QUALIFIERS,s010,1000,1000,9a9cf227cd47fb5f513c0d189264be7478acdac0edbcee6eb2bd40aa801b6456,Aggregate > Index Scan,0.026,3.513,1000,10000,2540.46
measured,7,42,D1_QUALIFIERS,s050,5000,1000,6df6c5b03bfcc4b3b1d9eb90b9d1ef233fa3be386d21e29d09c3ad1ec6784ffa,Aggregate > Index Scan,0.034,17.849,5000,50000,12687.13
measured,7,43,D2_INDEXED,s010,1000,100000,9a9cf227cd47fb5f513c0d189264be7478acdac0edbcee6eb2bd40aa801b6456,Aggregate > Index Scan,0.061,3.619,1000,10000,250040.46
measured,7,44,D2_INDEXED,s001,100,1,3887a2aa29fb05ca98481ab242a7fa733c85f158ee7671b540fe47878681398d,Aggregate > Index Scan,0.059,0.579,100,1000,10.46
measured,7,45,D1_QUALIFIERS,s050,5000,1,6df6c5b03bfcc4b3b1d9eb90b9d1ef233fa3be386d21e29d09c3ad1ec6784ffa,Aggregate > Index Scan,0.032,17.341,5000,50000,199.63
measured,7,46,D3_JOIN,s010,1000,10,2415c762dd309bd55a638a452b9cd9458de6898a6472608f090aab563d3d05da,Aggregate > Hash Join > Seq Scan > Hash > Index Scan,0.138,1.841,100,1000,196.21
measured,7,47,D2_INDEXED,s050,5000,10000,6df6c5b03bfcc4b3b1d9eb90b9d1ef233fa3be386d21e29d09c3ad1ec6784ffa,Aggregate > Index Scan,0.076,17.433,5000,50000,125187.13
measured,7,48,D1_QUALIFIERS,s010,1000,10,9a9cf227cd47fb5f513c0d189264be7478acdac0edbcee6eb2bd40aa801b6456,Aggregate > Index Scan,0.17,4.099,1000,10000,65.46
measured,7,49,D3_JOIN,s001,100,1,dd70f043a43e3bde394ef71e473da209de421bf24af75711a31f15148c8e9801,Aggregate > Nested Loop > Index Scan > Bitmap Heap Scan > Bitmap Index Scan,0.154,0.3,10,100,90.97
measured,7,50,D3_JOIN,s001,100,100,dd70f043a43e3bde394ef71e473da209de421bf24af75711a31f15148c8e9801,Aggregate > Nested Loop > Index Scan > Bitmap Heap Scan > Bitmap Index Scan,0.13,0.286,10,100,93.44
measured,7,51,D3_JOIN,s010,1000,100,2415c762dd309bd55a638a452b9cd9458de6898a6472608f090aab563d3d05da,Aggregate > Hash Join > Seq Scan > Hash > Index Scan,0.087,1.439,100,1000,218.71
measured,7,52,D3_JOIN,s010,1000,100000,7422b0c2d9dffee31d92a20d9fe89ba955f30b7dbb503a58fd9d0429642fed07,Aggregate > Nested Loop > Index Scan > Index Scan,0.099,0.875,100,1000,25305.23
measured,7,53,D2_INDEXED,s010,1000,1,9a9cf227cd47fb5f513c0d189264be7478acdac0edbcee6eb2bd40aa801b6456,Aggregate > Index Scan,0.028,3.563,1000,10000,42.96
measured,7,54,D2_INDEXED,s010,1000,1000,9a9cf227cd47fb5f513c0d189264be7478acdac0edbcee6eb2bd40aa801b6456,Aggregate > Index Scan,0.042,3.783,1000,10000,2540.46
measured,8,1,D2_INDEXED,s010,1000,100,9a9cf227cd47fb5f513c0d189264be7478acdac0edbcee6eb2bd40aa801b6456,Aggregate > Index Scan,0.06,3.732,1000,10000,290.46
measured,8,2,D1_QUALIFIERS,s001,100,1,3887a2aa29fb05ca98481ab242a7fa733c85f158ee7671b540fe47878681398d,Aggregate > Index Scan,0.062,0.505,100,1000,10.46
measured,8,3,D1_QUALIFIERS,s050,5000,1000,6df6c5b03bfcc4b3b1d9eb90b9d1ef233fa3be386d21e29d09c3ad1ec6784ffa,Aggregate > Index Scan,0.033,17.074,5000,50000,12687.13
measured,8,4,D3_JOIN,s050,5000,100000,3bd3755d9ab7f9ea31679ce89309498b6d841c3a7f42494c6fd1e4a06484c748,Aggregate > Nested Loop > Index Scan > Index Scan,0.144,4.066,500,5000,125406.16
measured,8,5,D2_INDEXED,s001,100,100000,3887a2aa29fb05ca98481ab242a7fa733c85f158ee7671b540fe47878681398d,Aggregate > Index Scan,0.057,0.535,100,1000,25010.21
measured,8,6,D2_INDEXED,s001,100,1000,3887a2aa29fb05ca98481ab242a7fa733c85f158ee7671b540fe47878681398d,Aggregate > Index Scan,0.071,0.456,100,1000,260.21
measured,8,7,D3_JOIN,s050,5000,100,d69555fbaf4077b67382f2b8e954e17ba3cd9080ecd5c22b922fe05ab9067acc,Aggregate > Hash Join > Seq Scan > Hash > Index Scan,0.209,3.48,500,5000,345.09
measured,8,8,D1_QUALIFIERS,s050,5000,100000,6df6c5b03bfcc4b3b1d9eb90b9d1ef233fa3be386d21e29d09c3ad1ec6784ffa,Aggregate > Index Scan,0.062,17.439,5000,50000,1250187.13
measured,8,9,D1_QUALIFIERS,s001,100,100,3887a2aa29fb05ca98481ab242a7fa733c85f158ee7671b540fe47878681398d,Aggregate > Index Scan,0.052,0.538,100,1000,35.21
measured,8,10,D2_INDEXED,s001,100,1,3887a2aa29fb05ca98481ab242a7fa733c85f158ee7671b540fe47878681398d,Aggregate > Index Scan,0.042,0.597,100,1000,10.46
measured,8,11,D1_QUALIFIERS,s050,5000,10000,6df6c5b03bfcc4b3b1d9eb90b9d1ef233fa3be386d21e29d09c3ad1ec6784ffa,Aggregate > Index Scan,0.039,17.268,5000,50000,125187.13
measured,8,12,D3_JOIN,s001,100,100,dd70f043a43e3bde394ef71e473da209de421bf24af75711a31f15148c8e9801,Aggregate > Nested Loop > Index Scan > Bitmap Heap Scan > Bitmap Index Scan,0.164,0.343,10,100,93.44
measured,8,13,D3_JOIN,s001,100,10000,dd70f043a43e3bde394ef71e473da209de421bf24af75711a31f15148c8e9801,Aggregate > Nested Loop > Index Scan > Bitmap Heap Scan > Bitmap Index Scan,0.159,0.35,10,100,340.94
measured,8,14,D3_JOIN,s001,100,1,dd70f043a43e3bde394ef71e473da209de421bf24af75711a31f15148c8e9801,Aggregate > Nested Loop > Index Scan > Bitmap Heap Scan > Bitmap Index Scan,0.136,0.335,10,100,90.97
measured,8,15,D2_INDEXED,s050,5000,10000,6df6c5b03bfcc4b3b1d9eb90b9d1ef233fa3be386d21e29d09c3ad1ec6784ffa,Aggregate > Index Scan,0.031,17.048,5000,50000,125187.13
measured,8,16,D3_JOIN,s010,1000,100,2415c762dd309bd55a638a452b9cd9458de6898a6472608f090aab563d3d05da,Aggregate > Hash Join > Seq Scan > Hash > Index Scan,0.165,1.551,100,1000,218.71
measured,8,17,D1_QUALIFIERS,s010,1000,1000,9a9cf227cd47fb5f513c0d189264be7478acdac0edbcee6eb2bd40aa801b6456,Aggregate > Index Scan,0.051,3.57,1000,10000,2540.46
measured,8,18,D2_INDEXED,s050,5000,100,6df6c5b03bfcc4b3b1d9eb90b9d1ef233fa3be386d21e29d09c3ad1ec6784ffa,Aggregate > Index Scan,0.053,17.287,5000,50000,1437.13
measured,8,19,D2_INDEXED,s010,1000,10,9a9cf227cd47fb5f513c0d189264be7478acdac0edbcee6eb2bd40aa801b6456,Aggregate > Index Scan,0.068,3.972,1000,10000,65.46
measured,8,20,D3_JOIN,s001,100,1000,dd70f043a43e3bde394ef71e473da209de421bf24af75711a31f15148c8e9801,Aggregate > Nested Loop > Index Scan > Bitmap Heap Scan > Bitmap Index Scan,0.183,0.312,10,100,115.94
measured,8,21,D2_INDEXED,s010,1000,1000,9a9cf227cd47fb5f513c0d189264be7478acdac0edbcee6eb2bd40aa801b6456,Aggregate > Index Scan,0.035,3.459,1000,10000,2540.46
measured,8,22,D2_INDEXED,s001,100,100,3887a2aa29fb05ca98481ab242a7fa733c85f158ee7671b540fe47878681398d,Aggregate > Index Scan,0.046,0.509,100,1000,35.21
measured,8,23,D2_INDEXED,s050,5000,1000,6df6c5b03bfcc4b3b1d9eb90b9d1ef233fa3be386d21e29d09c3ad1ec6784ffa,Aggregate > Index Scan,0.024,16.817,5000,50000,12687.13
measured,8,24,D1_QUALIFIERS,s010,1000,100,9a9cf227cd47fb5f513c0d189264be7478acdac0edbcee6eb2bd40aa801b6456,Aggregate > Index Scan,0.061,3.655,1000,10000,290.46
measured,8,25,D1_QUALIFIERS,s050,5000,1,6df6c5b03bfcc4b3b1d9eb90b9d1ef233fa3be386d21e29d09c3ad1ec6784ffa,Aggregate > Index Scan,0.058,18.808,5000,50000,199.63
measured,8,26,D3_JOIN,s010,1000,10000,2415c762dd309bd55a638a452b9cd9458de6898a6472608f090aab563d3d05da,Aggregate > Hash Join > Seq Scan > Hash > Index Scan,0.144,1.509,100,1000,2693.71
measured,8,27,D1_QUALIFIERS,s001,100,100000,3887a2aa29fb05ca98481ab242a7fa733c85f158ee7671b540fe47878681398d,Aggregate > Index Scan,0.039,0.492,100,1000,25010.21
measured,8,28,D1_QUALIFIERS,s001,100,10,3887a2aa29fb05ca98481ab242a7fa733c85f158ee7671b540fe47878681398d,Aggregate > Index Scan,0.06,0.573,100,1000,12.71
measured,8,29,D1_QUALIFIERS,s010,1000,10000,9a9cf227cd47fb5f513c0d189264be7478acdac0edbcee6eb2bd40aa801b6456,Aggregate > Index Scan,0.043,3.547,1000,10000,25040.46
measured,8,30,D2_INDEXED,s010,1000,1,9a9cf227cd47fb5f513c0d189264be7478acdac0edbcee6eb2bd40aa801b6456,Aggregate > Index Scan,0.053,3.549,1000,10000,42.96
measured,8,31,D2_INDEXED,s001,100,10000,3887a2aa29fb05ca98481ab242a7fa733c85f158ee7671b540fe47878681398d,Aggregate > Index Scan,0.039,0.485,100,1000,2510.21
measured,8,32,D2_INDEXED,s010,1000,100000,9a9cf227cd47fb5f513c0d189264be7478acdac0edbcee6eb2bd40aa801b6456,Aggregate > Index Scan,0.045,3.682,1000,10000,250040.46
measured,8,33,D3_JOIN,s050,5000,10,d69555fbaf4077b67382f2b8e954e17ba3cd9080ecd5c22b922fe05ab9067acc,Aggregate > Hash Join > Seq Scan > Hash > Index Scan,0.143,3.21,500,5000,232.59
measured,8,34,D1_QUALIFIERS,s050,5000,10,6df6c5b03bfcc4b3b1d9eb90b9d1ef233fa3be386d21e29d09c3ad1ec6784ffa,Aggregate > Index Scan,0.026,17.908,5000,50000,312.13
measured,8,35,D2_INDEXED,s001,100,10,3887a2aa29fb05ca98481ab242a7fa733c85f158ee7671b540fe47878681398d,Aggregate > Index Scan,0.053,0.529,100,1000,12.71
measured,8,36,D2_INDEXED,s050,5000,1,6df6c5b03bfcc4b3b1d9eb90b9d1ef233fa3be386d21e29d09c3ad1ec6784ffa,Aggregate > Index Scan,0.053,17.179,5000,50000,199.63
measured,8,37,D3_JOIN,s050,5000,1,88865a6c1c74ba62b283c9f27899ab579b8725bd0bf9a1deb1fd73c1af5f86ce,Aggregate > Hash Join > Seq Scan > Hash > Seq Scan,0.145,3.174,500,5000,214.31
measured,8,38,D3_JOIN,s001,100,100000,dd70f043a43e3bde394ef71e473da209de421bf24af75711a31f15148c8e9801,Aggregate > Nested Loop > Index Scan > Bitmap Heap Scan > Bitmap Index Scan,0.246,0.289,10,100,2590.94
measured,8,39,D3_JOIN,s010,1000,1,2415c762dd309bd55a638a452b9cd9458de6898a6472608f090aab563d3d05da,Aggregate > Hash Join > Seq Scan > Hash > Index Scan,0.133,1.57,100,1000,193.96
measured,8,40,D3_JOIN,s010,1000,10,2415c762dd309bd55a638a452b9cd9458de6898a6472608f090aab563d3d05da,Aggregate > Hash Join > Seq Scan > Hash > Index Scan,0.122,1.47,100,1000,196.21
measured,8,41,D3_JOIN,s010,1000,100000,7422b0c2d9dffee31d92a20d9fe89ba955f30b7dbb503a58fd9d0429642fed07,Aggregate > Nested Loop > Index Scan > Index Scan,0.122,1.16,100,1000,25305.23
measured,8,42,D2_INDEXED,s050,5000,100000,6df6c5b03bfcc4b3b1d9eb90b9d1ef233fa3be386d21e29d09c3ad1ec6784ffa,Aggregate > Index Scan,0.046,16.895,5000,50000,1250187.13
measured,8,43,D1_QUALIFIERS,s050,5000,100,6df6c5b03bfcc4b3b1d9eb90b9d1ef233fa3be386d21e29d09c3ad1ec6784ffa,Aggregate > Index Scan,0.051,16.975,5000,50000,1437.13
measured,8,44,D3_JOIN,s050,5000,1000,d69555fbaf4077b67382f2b8e954e17ba3cd9080ecd5c22b922fe05ab9067acc,Aggregate > Hash Join > Seq Scan > Hash > Index Scan,0.179,3.273,500,5000,1470.09
measured,8,45,D2_INDEXED,s050,5000,10,6df6c5b03bfcc4b3b1d9eb90b9d1ef233fa3be386d21e29d09c3ad1ec6784ffa,Aggregate > Index Scan,0.053,17.024,5000,50000,312.13
measured,8,46,D1_QUALIFIERS,s001,100,10000,3887a2aa29fb05ca98481ab242a7fa733c85f158ee7671b540fe47878681398d,Aggregate > Index Scan,0.054,0.566,100,1000,2510.21
measured,8,47,D1_QUALIFIERS,s001,100,1000,3887a2aa29fb05ca98481ab242a7fa733c85f158ee7671b540fe47878681398d,Aggregate > Index Scan,0.024,0.46,100,1000,260.21
measured,8,48,D3_JOIN,s050,5000,10000,ed166cfdb26b3989341e6a58679b6a230fc26bf116dab7dc3829500ac014b9d0,Aggregate > Hash Join > Index Scan > Hash > Seq Scan,0.149,3.974,500,5000,12835.84
measured,8,49,D3_JOIN,s010,1000,1000,2415c762dd309bd55a638a452b9cd9458de6898a6472608f090aab563d3d05da,Aggregate > Hash Join > Seq Scan > Hash > Index Scan,0.11,1.449,100,1000,443.71
measured,8,50,D1_QUALIFIERS,s010,1000,1,9a9cf227cd47fb5f513c0d189264be7478acdac0edbcee6eb2bd40aa801b6456,Aggregate > Index Scan,0.072,3.517,1000,10000,42.96
measured,8,51,D1_QUALIFIERS,s010,1000,100000,9a9cf227cd47fb5f513c0d189264be7478acdac0edbcee6eb2bd40aa801b6456,Aggregate > Index Scan,0.037,3.54,1000,10000,250040.46
measured,8,52,D1_QUALIFIERS,s010,1000,10,9a9cf227cd47fb5f513c0d189264be7478acdac0edbcee6eb2bd40aa801b6456,Aggregate > Index Scan,0.077,3.711,1000,10000,65.46
measured,8,53,D2_INDEXED,s010,1000,10000,9a9cf227cd47fb5f513c0d189264be7478acdac0edbcee6eb2bd40aa801b6456,Aggregate > Index Scan,0.056,3.576,1000,10000,25040.46
measured,8,54,D3_JOIN,s001,100,10,dd70f043a43e3bde394ef71e473da209de421bf24af75711a31f15148c8e9801,Aggregate > Nested Loop > Index Scan > Bitmap Heap Scan > Bitmap Index Scan,0.136,0.343,10,100,91.19
measured,9,1,D1_QUALIFIERS,s050,5000,100000,6df6c5b03bfcc4b3b1d9eb90b9d1ef233fa3be386d21e29d09c3ad1ec6784ffa,Aggregate > Index Scan,0.039,16.945,5000,50000,1250187.13
measured,9,2,D1_QUALIFIERS,s001,100,100000,3887a2aa29fb05ca98481ab242a7fa733c85f158ee7671b540fe47878681398d,Aggregate > Index Scan,0.067,0.804,100,1000,25010.21
measured,9,3,D1_QUALIFIERS,s050,5000,10000,6df6c5b03bfcc4b3b1d9eb90b9d1ef233fa3be386d21e29d09c3ad1ec6784ffa,Aggregate > Index Scan,0.069,21.616,5000,50000,125187.13
measured,9,4,D1_QUALIFIERS,s050,5000,100,6df6c5b03bfcc4b3b1d9eb90b9d1ef233fa3be386d21e29d09c3ad1ec6784ffa,Aggregate > Index Scan,0.092,17.516,5000,50000,1437.13
measured,9,5,D3_JOIN,s010,1000,10000,2415c762dd309bd55a638a452b9cd9458de6898a6472608f090aab563d3d05da,Aggregate > Hash Join > Seq Scan > Hash > Index Scan,0.139,1.46,100,1000,2693.71
measured,9,6,D3_JOIN,s010,1000,100000,7422b0c2d9dffee31d92a20d9fe89ba955f30b7dbb503a58fd9d0429642fed07,Aggregate > Nested Loop > Index Scan > Index Scan,0.174,1.066,100,1000,25305.23
measured,9,7,D2_INDEXED,s001,100,100,3887a2aa29fb05ca98481ab242a7fa733c85f158ee7671b540fe47878681398d,Aggregate > Index Scan,0.052,0.544,100,1000,35.21
measured,9,8,D1_QUALIFIERS,s001,100,1000,3887a2aa29fb05ca98481ab242a7fa733c85f158ee7671b540fe47878681398d,Aggregate > Index Scan,0.024,0.475,100,1000,260.21
measured,9,9,D1_QUALIFIERS,s001,100,1,3887a2aa29fb05ca98481ab242a7fa733c85f158ee7671b540fe47878681398d,Aggregate > Index Scan,0.047,0.538,100,1000,10.46
measured,9,10,D1_QUALIFIERS,s010,1000,1,9a9cf227cd47fb5f513c0d189264be7478acdac0edbcee6eb2bd40aa801b6456,Aggregate > Index Scan,0.028,3.627,1000,10000,42.96
measured,9,11,D3_JOIN,s001,100,1,dd70f043a43e3bde394ef71e473da209de421bf24af75711a31f15148c8e9801,Aggregate > Nested Loop > Index Scan > Bitmap Heap Scan > Bitmap Index Scan,0.13,0.273,10,100,90.97
measured,9,12,D3_JOIN,s050,5000,1,88865a6c1c74ba62b283c9f27899ab579b8725bd0bf9a1deb1fd73c1af5f86ce,Aggregate > Hash Join > Seq Scan > Hash > Seq Scan,0.089,3.56,500,5000,214.31
measured,9,13,D3_JOIN,s001,100,10,dd70f043a43e3bde394ef71e473da209de421bf24af75711a31f15148c8e9801,Aggregate > Nested Loop > Index Scan > Bitmap Heap Scan > Bitmap Index Scan,0.149,0.314,10,100,91.19
measured,9,14,D2_INDEXED,s001,100,10000,3887a2aa29fb05ca98481ab242a7fa733c85f158ee7671b540fe47878681398d,Aggregate > Index Scan,0.04,0.517,100,1000,2510.21
measured,9,15,D3_JOIN,s001,100,100000,dd70f043a43e3bde394ef71e473da209de421bf24af75711a31f15148c8e9801,Aggregate > Nested Loop > Index Scan > Bitmap Heap Scan > Bitmap Index Scan,0.111,0.292,10,100,2590.94
measured,9,16,D2_INDEXED,s050,5000,10000,6df6c5b03bfcc4b3b1d9eb90b9d1ef233fa3be386d21e29d09c3ad1ec6784ffa,Aggregate > Index Scan,0.026,17.127,5000,50000,125187.13
measured,9,17,D2_INDEXED,s001,100,100000,3887a2aa29fb05ca98481ab242a7fa733c85f158ee7671b540fe47878681398d,Aggregate > Index Scan,0.055,0.567,100,1000,25010.21
measured,9,18,D3_JOIN,s001,100,100,dd70f043a43e3bde394ef71e473da209de421bf24af75711a31f15148c8e9801,Aggregate > Nested Loop > Index Scan > Bitmap Heap Scan > Bitmap Index Scan,0.116,0.245,10,100,93.44
measured,9,19,D3_JOIN,s001,100,10000,dd70f043a43e3bde394ef71e473da209de421bf24af75711a31f15148c8e9801,Aggregate > Nested Loop > Index Scan > Bitmap Heap Scan > Bitmap Index Scan,0.149,0.331,10,100,340.94
measured,9,20,D2_INDEXED,s001,100,10,3887a2aa29fb05ca98481ab242a7fa733c85f158ee7671b540fe47878681398d,Aggregate > Index Scan,0.038,0.465,100,1000,12.71
measured,9,21,D3_JOIN,s050,5000,10000,ed166cfdb26b3989341e6a58679b6a230fc26bf116dab7dc3829500ac014b9d0,Aggregate > Hash Join > Index Scan > Hash > Seq Scan,0.159,4.052,500,5000,12835.84
measured,9,22,D3_JOIN,s010,1000,10,2415c762dd309bd55a638a452b9cd9458de6898a6472608f090aab563d3d05da,Aggregate > Hash Join > Seq Scan > Hash > Index Scan,0.152,1.51,100,1000,196.21
measured,9,23,D2_INDEXED,s010,1000,1000,9a9cf227cd47fb5f513c0d189264be7478acdac0edbcee6eb2bd40aa801b6456,Aggregate > Index Scan,0.041,3.667,1000,10000,2540.46
measured,9,24,D1_QUALIFIERS,s050,5000,1000,6df6c5b03bfcc4b3b1d9eb90b9d1ef233fa3be386d21e29d09c3ad1ec6784ffa,Aggregate > Index Scan,0.055,17.288,5000,50000,12687.13
measured,9,25,D2_INDEXED,s050,5000,100,6df6c5b03bfcc4b3b1d9eb90b9d1ef233fa3be386d21e29d09c3ad1ec6784ffa,Aggregate > Index Scan,0.055,17.06,5000,50000,1437.13
measured,9,26,D1_QUALIFIERS,s050,5000,10,6df6c5b03bfcc4b3b1d9eb90b9d1ef233fa3be386d21e29d09c3ad1ec6784ffa,Aggregate > Index Scan,0.057,17.283,5000,50000,312.13
measured,9,27,D3_JOIN,s050,5000,1000,d69555fbaf4077b67382f2b8e954e17ba3cd9080ecd5c22b922fe05ab9067acc,Aggregate > Hash Join > Seq Scan > Hash > Index Scan,0.141,3.242,500,5000,1470.09
measured,9,28,D1_QUALIFIERS,s010,1000,10000,9a9cf227cd47fb5f513c0d189264be7478acdac0edbcee6eb2bd40aa801b6456,Aggregate > Index Scan,0.066,3.666,1000,10000,25040.46
measured,9,29,D2_INDEXED,s010,1000,1,9a9cf227cd47fb5f513c0d189264be7478acdac0edbcee6eb2bd40aa801b6456,Aggregate > Index Scan,0.048,3.524,1000,10000,42.96
measured,9,30,D2_INDEXED,s010,1000,10000,9a9cf227cd47fb5f513c0d189264be7478acdac0edbcee6eb2bd40aa801b6456,Aggregate > Index Scan,0.08,3.666,1000,10000,25040.46
measured,9,31,D2_INDEXED,s050,5000,1000,6df6c5b03bfcc4b3b1d9eb90b9d1ef233fa3be386d21e29d09c3ad1ec6784ffa,Aggregate > Index Scan,0.054,16.908,5000,50000,12687.13
measured,9,32,D3_JOIN,s010,1000,1,2415c762dd309bd55a638a452b9cd9458de6898a6472608f090aab563d3d05da,Aggregate > Hash Join > Seq Scan > Hash > Index Scan,0.152,1.512,100,1000,193.96
measured,9,33,D3_JOIN,s050,5000,100,d69555fbaf4077b67382f2b8e954e17ba3cd9080ecd5c22b922fe05ab9067acc,Aggregate > Hash Join > Seq Scan > Hash > Index Scan,0.093,3.189,500,5000,345.09
measured,9,34,D1_QUALIFIERS,s001,100,10,3887a2aa29fb05ca98481ab242a7fa733c85f158ee7671b540fe47878681398d,Aggregate > Index Scan,0.056,0.533,100,1000,12.71
measured,9,35,D2_INDEXED,s050,5000,1,6df6c5b03bfcc4b3b1d9eb90b9d1ef233fa3be386d21e29d09c3ad1ec6784ffa,Aggregate > Index Scan,0.05,17.202,5000,50000,199.63
measured,9,36,D2_INDEXED,s001,100,1,3887a2aa29fb05ca98481ab242a7fa733c85f158ee7671b540fe47878681398d,Aggregate > Index Scan,0.05,0.519,100,1000,10.46
measured,9,37,D3_JOIN,s001,100,1000,dd70f043a43e3bde394ef71e473da209de421bf24af75711a31f15148c8e9801,Aggregate > Nested Loop > Index Scan > Bitmap Heap Scan > Bitmap Index Scan,0.115,0.296,10,100,115.94
measured,9,38,D2_INDEXED,s050,5000,100000,6df6c5b03bfcc4b3b1d9eb90b9d1ef233fa3be386d21e29d09c3ad1ec6784ffa,Aggregate > Index Scan,0.059,18.49,5000,50000,1250187.13
measured,9,39,D1_QUALIFIERS,s001,100,10000,3887a2aa29fb05ca98481ab242a7fa733c85f158ee7671b540fe47878681398d,Aggregate > Index Scan,0.074,0.605,100,1000,2510.21
measured,9,40,D1_QUALIFIERS,s050,5000,1,6df6c5b03bfcc4b3b1d9eb90b9d1ef233fa3be386d21e29d09c3ad1ec6784ffa,Aggregate > Index Scan,0.058,17.545,5000,50000,199.63
measured,9,41,D2_INDEXED,s010,1000,100000,9a9cf227cd47fb5f513c0d189264be7478acdac0edbcee6eb2bd40aa801b6456,Aggregate > Index Scan,0.111,3.906,1000,10000,250040.46
measured,9,42,D1_QUALIFIERS,s010,1000,100,9a9cf227cd47fb5f513c0d189264be7478acdac0edbcee6eb2bd40aa801b6456,Aggregate > Index Scan,0.054,3.672,1000,10000,290.46
measured,9,43,D1_QUALIFIERS,s010,1000,10,9a9cf227cd47fb5f513c0d189264be7478acdac0edbcee6eb2bd40aa801b6456,Aggregate > Index Scan,0.072,3.71,1000,10000,65.46
measured,9,44,D1_QUALIFIERS,s010,1000,1000,9a9cf227cd47fb5f513c0d189264be7478acdac0edbcee6eb2bd40aa801b6456,Aggregate > Index Scan,0.053,3.752,1000,10000,2540.46
measured,9,45,D3_JOIN,s050,5000,100000,3bd3755d9ab7f9ea31679ce89309498b6d841c3a7f42494c6fd1e4a06484c748,Aggregate > Nested Loop > Index Scan > Index Scan,0.185,4.088,500,5000,125406.16
measured,9,46,D1_QUALIFIERS,s010,1000,100000,9a9cf227cd47fb5f513c0d189264be7478acdac0edbcee6eb2bd40aa801b6456,Aggregate > Index Scan,0.046,3.504,1000,10000,250040.46
measured,9,47,D2_INDEXED,s010,1000,10,9a9cf227cd47fb5f513c0d189264be7478acdac0edbcee6eb2bd40aa801b6456,Aggregate > Index Scan,0.037,3.701,1000,10000,65.46
measured,9,48,D3_JOIN,s010,1000,100,2415c762dd309bd55a638a452b9cd9458de6898a6472608f090aab563d3d05da,Aggregate > Hash Join > Seq Scan > Hash > Index Scan,0.164,1.519,100,1000,218.71
measured,9,49,D3_JOIN,s010,1000,1000,2415c762dd309bd55a638a452b9cd9458de6898a6472608f090aab563d3d05da,Aggregate > Hash Join > Seq Scan > Hash > Index Scan,0.105,1.447,100,1000,443.71
measured,9,50,D2_INDEXED,s010,1000,100,9a9cf227cd47fb5f513c0d189264be7478acdac0edbcee6eb2bd40aa801b6456,Aggregate > Index Scan,0.049,3.698,1000,10000,290.46
measured,9,51,D2_INDEXED,s001,100,1000,3887a2aa29fb05ca98481ab242a7fa733c85f158ee7671b540fe47878681398d,Aggregate > Index Scan,0.07,0.569,100,1000,260.21
measured,9,52,D2_INDEXED,s050,5000,10,6df6c5b03bfcc4b3b1d9eb90b9d1ef233fa3be386d21e29d09c3ad1ec6784ffa,Aggregate > Index Scan,0.053,17.024,5000,50000,312.13
measured,9,53,D1_QUALIFIERS,s001,100,100,3887a2aa29fb05ca98481ab242a7fa733c85f158ee7671b540fe47878681398d,Aggregate > Index Scan,0.058,0.536,100,1000,35.21
measured,9,54,D3_JOIN,s050,5000,10,d69555fbaf4077b67382f2b8e954e17ba3cd9080ecd5c22b922fe05ab9067acc,Aggregate > Hash Join > Seq Scan > Hash > Index Scan,0.132,3.228,500,5000,232.59
measured,10,1,D2_INDEXED,s001,100,100000,3887a2aa29fb05ca98481ab242a7fa733c85f158ee7671b540fe47878681398d,Aggregate > Index Scan,0.045,0.526,100,1000,25010.21
measured,10,2,D1_QUALIFIERS,s050,5000,1000,6df6c5b03bfcc4b3b1d9eb90b9d1ef233fa3be386d21e29d09c3ad1ec6784ffa,Aggregate > Index Scan,0.028,17.128,5000,50000,12687.13
measured,10,3,D1_QUALIFIERS,s001,100,100,3887a2aa29fb05ca98481ab242a7fa733c85f158ee7671b540fe47878681398d,Aggregate > Index Scan,0.073,0.543,100,1000,35.21
measured,10,4,D2_INDEXED,s050,5000,100,6df6c5b03bfcc4b3b1d9eb90b9d1ef233fa3be386d21e29d09c3ad1ec6784ffa,Aggregate > Index Scan,0.035,16.994,5000,50000,1437.13
measured,10,5,D2_INDEXED,s001,100,1000,3887a2aa29fb05ca98481ab242a7fa733c85f158ee7671b540fe47878681398d,Aggregate > Index Scan,0.052,0.559,100,1000,260.21
measured,10,6,D1_QUALIFIERS,s010,1000,100000,9a9cf227cd47fb5f513c0d189264be7478acdac0edbcee6eb2bd40aa801b6456,Aggregate > Index Scan,0.034,3.59,1000,10000,250040.46
measured,10,7,D2_INDEXED,s050,5000,10,6df6c5b03bfcc4b3b1d9eb90b9d1ef233fa3be386d21e29d09c3ad1ec6784ffa,Aggregate > Index Scan,0.037,17.502,5000,50000,312.13
measured,10,8,D1_QUALIFIERS,s050,5000,1,6df6c5b03bfcc4b3b1d9eb90b9d1ef233fa3be386d21e29d09c3ad1ec6784ffa,Aggregate > Index Scan,0.074,17.57,5000,50000,199.63
measured,10,9,D3_JOIN,s001,100,1000,dd70f043a43e3bde394ef71e473da209de421bf24af75711a31f15148c8e9801,Aggregate > Nested Loop > Index Scan > Bitmap Heap Scan > Bitmap Index Scan,0.144,0.307,10,100,115.94
measured,10,10,D1_QUALIFIERS,s001,100,10000,3887a2aa29fb05ca98481ab242a7fa733c85f158ee7671b540fe47878681398d,Aggregate > Index Scan,0.054,0.53,100,1000,2510.21
measured,10,11,D2_INDEXED,s001,100,1,3887a2aa29fb05ca98481ab242a7fa733c85f158ee7671b540fe47878681398d,Aggregate > Index Scan,0.027,0.458,100,1000,10.46
measured,10,12,D2_INDEXED,s050,5000,1000,6df6c5b03bfcc4b3b1d9eb90b9d1ef233fa3be386d21e29d09c3ad1ec6784ffa,Aggregate > Index Scan,0.056,17.916,5000,50000,12687.13
measured,10,13,D1_QUALIFIERS,s010,1000,100,9a9cf227cd47fb5f513c0d189264be7478acdac0edbcee6eb2bd40aa801b6456,Aggregate > Index Scan,0.053,3.609,1000,10000,290.46
measured,10,14,D1_QUALIFIERS,s010,1000,1000,9a9cf227cd47fb5f513c0d189264be7478acdac0edbcee6eb2bd40aa801b6456,Aggregate > Index Scan,0.052,3.73,1000,10000,2540.46
measured,10,15,D3_JOIN,s010,1000,10,2415c762dd309bd55a638a452b9cd9458de6898a6472608f090aab563d3d05da,Aggregate > Hash Join > Seq Scan > Hash > Index Scan,0.136,1.508,100,1000,196.21
measured,10,16,D1_QUALIFIERS,s001,100,100000,3887a2aa29fb05ca98481ab242a7fa733c85f158ee7671b540fe47878681398d,Aggregate > Index Scan,0.046,0.524,100,1000,25010.21
measured,10,17,D1_QUALIFIERS,s001,100,10,3887a2aa29fb05ca98481ab242a7fa733c85f158ee7671b540fe47878681398d,Aggregate > Index Scan,0.025,0.46,100,1000,12.71
measured,10,18,D3_JOIN,s010,1000,100,2415c762dd309bd55a638a452b9cd9458de6898a6472608f090aab563d3d05da,Aggregate > Hash Join > Seq Scan > Hash > Index Scan,0.225,1.537,100,1000,218.71
measured,10,19,D2_INDEXED,s050,5000,10000,6df6c5b03bfcc4b3b1d9eb90b9d1ef233fa3be386d21e29d09c3ad1ec6784ffa,Aggregate > Index Scan,0.041,17.228,5000,50000,125187.13
measured,10,20,D3_JOIN,s001,100,100,dd70f043a43e3bde394ef71e473da209de421bf24af75711a31f15148c8e9801,Aggregate > Nested Loop > Index Scan > Bitmap Heap Scan > Bitmap Index Scan,0.179,0.351,10,100,93.44
measured,10,21,D3_JOIN,s010,1000,1000,2415c762dd309bd55a638a452b9cd9458de6898a6472608f090aab563d3d05da,Aggregate > Hash Join > Seq Scan > Hash > Index Scan,0.149,1.514,100,1000,443.71
measured,10,22,D2_INDEXED,s050,5000,1,6df6c5b03bfcc4b3b1d9eb90b9d1ef233fa3be386d21e29d09c3ad1ec6784ffa,Aggregate > Index Scan,0.043,16.939,5000,50000,199.63
measured,10,23,D3_JOIN,s050,5000,100,d69555fbaf4077b67382f2b8e954e17ba3cd9080ecd5c22b922fe05ab9067acc,Aggregate > Hash Join > Seq Scan > Hash > Index Scan,0.136,3.603,500,5000,345.09
measured,10,24,D3_JOIN,s010,1000,100000,7422b0c2d9dffee31d92a20d9fe89ba955f30b7dbb503a58fd9d0429642fed07,Aggregate > Nested Loop > Index Scan > Index Scan,0.149,1.061,100,1000,25305.23
measured,10,25,D1_QUALIFIERS,s050,5000,100000,6df6c5b03bfcc4b3b1d9eb90b9d1ef233fa3be386d21e29d09c3ad1ec6784ffa,Aggregate > Index Scan,0.053,17.071,5000,50000,1250187.13
measured,10,26,D2_INDEXED,s010,1000,10,9a9cf227cd47fb5f513c0d189264be7478acdac0edbcee6eb2bd40aa801b6456,Aggregate > Index Scan,0.056,3.54,1000,10000,65.46
measured,10,27,D3_JOIN,s050,5000,1000,d69555fbaf4077b67382f2b8e954e17ba3cd9080ecd5c22b922fe05ab9067acc,Aggregate > Hash Join > Seq Scan > Hash > Index Scan,0.133,3.267,500,5000,1470.09
measured,10,28,D2_INDEXED,s010,1000,1000,9a9cf227cd47fb5f513c0d189264be7478acdac0edbcee6eb2bd40aa801b6456,Aggregate > Index Scan,0.093,5.128,1000,10000,2540.46
measured,10,29,D2_INDEXED,s010,1000,100,9a9cf227cd47fb5f513c0d189264be7478acdac0edbcee6eb2bd40aa801b6456,Aggregate > Index Scan,0.072,4.928,1000,10000,290.46
measured,10,30,D3_JOIN,s001,100,100000,dd70f043a43e3bde394ef71e473da209de421bf24af75711a31f15148c8e9801,Aggregate > Nested Loop > Index Scan > Bitmap Heap Scan > Bitmap Index Scan,0.191,0.449,10,100,2590.94
measured,10,31,D2_INDEXED,s010,1000,1,9a9cf227cd47fb5f513c0d189264be7478acdac0edbcee6eb2bd40aa801b6456,Aggregate > Index Scan,0.071,3.752,1000,10000,42.96
measured,10,32,D1_QUALIFIERS,s050,5000,10000,6df6c5b03bfcc4b3b1d9eb90b9d1ef233fa3be386d21e29d09c3ad1ec6784ffa,Aggregate > Index Scan,0.043,20.14,5000,50000,125187.13
measured,10,33,D2_INDEXED,s001,100,10000,3887a2aa29fb05ca98481ab242a7fa733c85f158ee7671b540fe47878681398d,Aggregate > Index Scan,0.056,0.536,100,1000,2510.21
measured,10,34,D3_JOIN,s050,5000,100000,3bd3755d9ab7f9ea31679ce89309498b6d841c3a7f42494c6fd1e4a06484c748,Aggregate > Nested Loop > Index Scan > Index Scan,0.164,3.91,500,5000,125406.16
measured,10,35,D1_QUALIFIERS,s010,1000,10,9a9cf227cd47fb5f513c0d189264be7478acdac0edbcee6eb2bd40aa801b6456,Aggregate > Index Scan,0.049,3.714,1000,10000,65.46
measured,10,36,D3_JOIN,s010,1000,1,2415c762dd309bd55a638a452b9cd9458de6898a6472608f090aab563d3d05da,Aggregate > Hash Join > Seq Scan > Hash > Index Scan,0.134,1.503,100,1000,193.96
measured,10,37,D3_JOIN,s050,5000,1,88865a6c1c74ba62b283c9f27899ab579b8725bd0bf9a1deb1fd73c1af5f86ce,Aggregate > Hash Join > Seq Scan > Hash > Seq Scan,0.089,3.29,500,5000,214.31
measured,10,38,D3_JOIN,s001,100,10000,dd70f043a43e3bde394ef71e473da209de421bf24af75711a31f15148c8e9801,Aggregate > Nested Loop > Index Scan > Bitmap Heap Scan > Bitmap Index Scan,0.127,0.258,10,100,340.94
measured,10,39,D1_QUALIFIERS,s050,5000,10,6df6c5b03bfcc4b3b1d9eb90b9d1ef233fa3be386d21e29d09c3ad1ec6784ffa,Aggregate > Index Scan,0.066,17.637,5000,50000,312.13
measured,10,40,D3_JOIN,s010,1000,10000,2415c762dd309bd55a638a452b9cd9458de6898a6472608f090aab563d3d05da,Aggregate > Hash Join > Seq Scan > Hash > Index Scan,0.154,1.539,100,1000,2693.71
measured,10,41,D1_QUALIFIERS,s010,1000,10000,9a9cf227cd47fb5f513c0d189264be7478acdac0edbcee6eb2bd40aa801b6456,Aggregate > Index Scan,0.028,3.532,1000,10000,25040.46
measured,10,42,D1_QUALIFIERS,s050,5000,100,6df6c5b03bfcc4b3b1d9eb90b9d1ef233fa3be386d21e29d09c3ad1ec6784ffa,Aggregate > Index Scan,0.039,17.243,5000,50000,1437.13
measured,10,43,D1_QUALIFIERS,s010,1000,1,9a9cf227cd47fb5f513c0d189264be7478acdac0edbcee6eb2bd40aa801b6456,Aggregate > Index Scan,0.065,3.669,1000,10000,42.96
measured,10,44,D3_JOIN,s050,5000,10,d69555fbaf4077b67382f2b8e954e17ba3cd9080ecd5c22b922fe05ab9067acc,Aggregate > Hash Join > Seq Scan > Hash > Index Scan,0.125,3.277,500,5000,232.59
measured,10,45,D1_QUALIFIERS,s001,100,1000,3887a2aa29fb05ca98481ab242a7fa733c85f158ee7671b540fe47878681398d,Aggregate > Index Scan,0.063,0.631,100,1000,260.21
measured,10,46,D3_JOIN,s001,100,10,dd70f043a43e3bde394ef71e473da209de421bf24af75711a31f15148c8e9801,Aggregate > Nested Loop > Index Scan > Bitmap Heap Scan > Bitmap Index Scan,0.124,0.279,10,100,91.19
measured,10,47,D2_INDEXED,s010,1000,100000,9a9cf227cd47fb5f513c0d189264be7478acdac0edbcee6eb2bd40aa801b6456,Aggregate > Index Scan,0.04,3.526,1000,10000,250040.46
measured,10,48,D3_JOIN,s050,5000,10000,ed166cfdb26b3989341e6a58679b6a230fc26bf116dab7dc3829500ac014b9d0,Aggregate > Hash Join > Index Scan > Hash > Seq Scan,0.105,4.109,500,5000,12835.84
measured,10,49,D1_QUALIFIERS,s001,100,1,3887a2aa29fb05ca98481ab242a7fa733c85f158ee7671b540fe47878681398d,Aggregate > Index Scan,0.046,0.533,100,1000,10.46
measured,10,50,D2_INDEXED,s010,1000,10000,9a9cf227cd47fb5f513c0d189264be7478acdac0edbcee6eb2bd40aa801b6456,Aggregate > Index Scan,0.036,3.756,1000,10000,25040.46
measured,10,51,D2_INDEXED,s001,100,100,3887a2aa29fb05ca98481ab242a7fa733c85f158ee7671b540fe47878681398d,Aggregate > Index Scan,0.026,0.459,100,1000,35.21
measured,10,52,D2_INDEXED,s050,5000,100000,6df6c5b03bfcc4b3b1d9eb90b9d1ef233fa3be386d21e29d09c3ad1ec6784ffa,Aggregate > Index Scan,0.042,17.444,5000,50000,1250187.13
measured,10,53,D3_JOIN,s001,100,1,dd70f043a43e3bde394ef71e473da209de421bf24af75711a31f15148c8e9801,Aggregate > Nested Loop > Index Scan > Bitmap Heap Scan > Bitmap Index Scan,0.147,0.321,10,100,90.97
measured,10,54,D2_INDEXED,s001,100,10,3887a2aa29fb05ca98481ab242a7fa733c85f158ee7671b540fe47878681398d,Aggregate > Index Scan,0.026,0.526,100,1000,12.71
