phase,block,order_position,K,query,representation,procedural_work,pg_per_tuple_cost,selected_plan,scan_type,index_name,plan_signature,plan_signature_json,planning_time_ms,execution_time_ms,statement_wall_ms,support_calls,support_elapsed_ns,actual_rows
warmup,1,1,200,LOW,M2,10,0.05,Index Scan:e3_population_expression_idx,Index Scan,e3_population_expression_idx,90dc592e72c2659e52d4c5b06c4c3f2e5facc96546a449b70a932878eeab1c5a,"{""filter"":null,""index_cond"":""((e3_data.population = 'LOW'::text) AND (e3_dynamic_loop(e3_data.value, e3_data.loop_count) >= 0))"",""index_name"":""e3_population_expression_idx"",""node_types"":[""Aggregate"",""Index Scan""],""scan_type"":""Index Scan""}",0.114,21.12,21.531317,2,70,5000
warmup,1,2,200,HIGH,M1,505,2.525,Index Scan:e3_population_expression_idx,Index Scan,e3_population_expression_idx,53cb1932e002e51fde0eb4d757f44c7f9ef68c4eac464ff6016c5168d8c3562a,"{""filter"":null,""index_cond"":""((e3_data.population = 'HIGH'::text) AND (e3_dynamic_loop(e3_data.value, e3_data.loop_count) >= 0))"",""index_name"":""e3_population_expression_idx"",""node_types"":[""Aggregate"",""Index Scan""],""scan_type"":""Index Scan""}",0.083,1012.526,1013.117983,2,51,5000
warmup,1,3,1600,LOW,M2,10,0.00625,Seq Scan,Seq Scan,,98b88408a58947ad980b8fd95e5b82dd04316fa70b49a8d0dbfffc3a63a68d6b,"{""filter"":""((e3_data.population = 'LOW'::text) AND (e3_dynamic_loop(e3_data.value, e3_data.loop_count) >= 0))"",""index_cond"":null,""index_name"":"""",""node_types"":[""Aggregate"",""Seq Scan""],""scan_type"":""Seq Scan""}",0.133,57.348,57.866081,2,89,5000
warmup,1,4,25,LOW,M1,505,20.2,Index Scan:e3_population_expression_idx,Index Scan,e3_population_expression_idx,90dc592e72c2659e52d4c5b06c4c3f2e5facc96546a449b70a932878eeab1c5a,"{""filter"":null,""index_cond"":""((e3_data.population = 'LOW'::text) AND (e3_dynamic_loop(e3_data.value, e3_data.loop_count) >= 0))"",""index_name"":""e3_population_expression_idx"",""node_types"":[""Aggregate"",""Index Scan""],""scan_type"":""Index Scan""}",0.12,21.156,21.595267,2,43,5000
warmup,1,5,50,HIGH,M1,505,10.1,Index Scan:e3_population_expression_idx,Index Scan,e3_population_expression_idx,53cb1932e002e51fde0eb4d757f44c7f9ef68c4eac464ff6016c5168d8c3562a,"{""filter"":null,""index_cond"":""((e3_data.population = 'HIGH'::text) AND (e3_dynamic_loop(e3_data.value, e3_data.loop_count) >= 0))"",""index_name"":""e3_population_expression_idx"",""node_types"":[""Aggregate"",""Index Scan""],""scan_type"":""Index Scan""}",0.104,1052.434,1052.993814,2,42,5000
warmup,1,6,100,LOW,M1,505,5.05,Index Scan:e3_population_expression_idx,Index Scan,e3_population_expression_idx,90dc592e72c2659e52d4c5b06c4c3f2e5facc96546a449b70a932878eeab1c5a,"{""filter"":null,""index_cond"":""((e3_data.population = 'LOW'::text) AND (e3_dynamic_loop(e3_data.value, e3_data.loop_count) >= 0))"",""index_name"":""e3_population_expression_idx"",""node_types"":[""Aggregate"",""Index Scan""],""scan_type"":""Index Scan""}",0.106,21.42,21.899482,2,131,5000
warmup,1,7,100,HIGH,M1,505,5.05,Index Scan:e3_population_expression_idx,Index Scan,e3_population_expression_idx,53cb1932e002e51fde0eb4d757f44c7f9ef68c4eac464ff6016c5168d8c3562a,"{""filter"":null,""index_cond"":""((e3_data.population = 'HIGH'::text) AND (e3_dynamic_loop(e3_data.value, e3_data.loop_count) >= 0))"",""index_name"":""e3_population_expression_idx"",""node_types"":[""Aggregate"",""Index Scan""],""scan_type"":""Index Scan""}",0.094,1064.151,1064.683275,2,39,5000
warmup,1,8,400,HIGH,M2,1000,2.5,Index Scan:e3_population_expression_idx,Index Scan,e3_population_expression_idx,53cb1932e002e51fde0eb4d757f44c7f9ef68c4eac464ff6016c5168d8c3562a,"{""filter"":null,""index_cond"":""((e3_data.population = 'HIGH'::text) AND (e3_dynamic_loop(e3_data.value, e3_data.loop_count) >= 0))"",""index_name"":""e3_population_expression_idx"",""node_types"":[""Aggregate"",""Index Scan""],""scan_type"":""Index Scan""}",0.106,997.154,997.731214,2,135,5000
warmup,1,9,1600,HIGH,M2,1000,0.625,Index Scan:e3_population_expression_idx,Index Scan,e3_population_expression_idx,53cb1932e002e51fde0eb4d757f44c7f9ef68c4eac464ff6016c5168d8c3562a,"{""filter"":null,""index_cond"":""((e3_data.population = 'HIGH'::text) AND (e3_dynamic_loop(e3_data.value, e3_data.loop_count) >= 0))"",""index_name"":""e3_population_expression_idx"",""node_types"":[""Aggregate"",""Index Scan""],""scan_type"":""Index Scan""}",0.116,1003.128,1003.61944,2,83,5000
warmup,1,10,800,LOW,M1,505,0.63125,Index Scan:e3_population_expression_idx,Index Scan,e3_population_expression_idx,90dc592e72c2659e52d4c5b06c4c3f2e5facc96546a449b70a932878eeab1c5a,"{""filter"":null,""index_cond"":""((e3_data.population = 'LOW'::text) AND (e3_dynamic_loop(e3_data.value, e3_data.loop_count) >= 0))"",""index_name"":""e3_population_expression_idx"",""node_types"":[""Aggregate"",""Index Scan""],""scan_type"":""Index Scan""}",0.1,21.361,21.757568,2,119,5000
warmup,1,11,25,HIGH,M2,1000,40.0,Index Scan:e3_population_expression_idx,Index Scan,e3_population_expression_idx,53cb1932e002e51fde0eb4d757f44c7f9ef68c4eac464ff6016c5168d8c3562a,"{""filter"":null,""index_cond"":""((e3_data.population = 'HIGH'::text) AND (e3_dynamic_loop(e3_data.value, e3_data.loop_count) >= 0))"",""index_name"":""e3_population_expression_idx"",""node_types"":[""Aggregate"",""Index Scan""],""scan_type"":""Index Scan""}",0.09,1008.794,1009.245557,2,85,5000
warmup,1,12,6400,LOW,M1,505,0.07890625,Index Scan:e3_population_expression_idx,Index Scan,e3_population_expression_idx,90dc592e72c2659e52d4c5b06c4c3f2e5facc96546a449b70a932878eeab1c5a,"{""filter"":null,""index_cond"":""((e3_data.population = 'LOW'::text) AND (e3_dynamic_loop(e3_data.value, e3_data.loop_count) >= 0))"",""index_name"":""e3_population_expression_idx"",""node_types"":[""Aggregate"",""Index Scan""],""scan_type"":""Index Scan""}",0.104,21.529,21.929159,2,51,5000
warmup,1,13,400,LOW,M1,505,1.2625,Index Scan:e3_population_expression_idx,Index Scan,e3_population_expression_idx,90dc592e72c2659e52d4c5b06c4c3f2e5facc96546a449b70a932878eeab1c5a,"{""filter"":null,""index_cond"":""((e3_data.population = 'LOW'::text) AND (e3_dynamic_loop(e3_data.value, e3_data.loop_count) >= 0))"",""index_name"":""e3_population_expression_idx"",""node_types"":[""Aggregate"",""Index Scan""],""scan_type"":""Index Scan""}",0.091,21.009,21.383613,2,124,5000
warmup,1,14,100,HIGH,M2,1000,10.0,Index Scan:e3_population_expression_idx,Index Scan,e3_population_expression_idx,53cb1932e002e51fde0eb4d757f44c7f9ef68c4eac464ff6016c5168d8c3562a,"{""filter"":null,""index_cond"":""((e3_data.population = 'HIGH'::text) AND (e3_dynamic_loop(e3_data.value, e3_data.loop_count) >= 0))"",""index_name"":""e3_population_expression_idx"",""node_types"":[""Aggregate"",""Index Scan""],""scan_type"":""Index Scan""}",0.099,997.157,997.61745,2,133,5000
warmup,1,15,400,LOW,M2,10,0.025,Bitmap Heap Scan:e3_population_expression_idx,Bitmap Heap Scan,e3_population_expression_idx,360968da2eeaa0506df7cf6ff7f05a2bce5169153021506237a138326d1ea27f,"{""filter"":null,""index_cond"":null,""index_name"":""e3_population_expression_idx"",""node_types"":[""Aggregate"",""Bitmap Heap Scan"",""Bitmap Index Scan""],""scan_type"":""Bitmap Heap Scan""}",0.108,19.638,20.028354,2,80,5000
warmup,1,16,800,LOW,M2,10,0.0125,Seq Scan,Seq Scan,,98b88408a58947ad980b8fd95e5b82dd04316fa70b49a8d0dbfffc3a63a68d6b,"{""filter"":""((e3_data.population = 'LOW'::text) AND (e3_dynamic_loop(e3_data.value, e3_data.loop_count) >= 0))"",""index_cond"":null,""index_name"":"""",""node_types"":[""Aggregate"",""Seq Scan""],""scan_type"":""Seq Scan""}",0.083,38.929,39.281987,2,58,5000
warmup,1,17,3200,HIGH,M2,1000,0.3125,Index Scan:e3_population_expression_idx,Index Scan,e3_population_expression_idx,53cb1932e002e51fde0eb4d757f44c7f9ef68c4eac464ff6016c5168d8c3562a,"{""filter"":null,""index_cond"":""((e3_data.population = 'HIGH'::text) AND (e3_dynamic_loop(e3_data.value, e3_data.loop_count) >= 0))"",""index_name"":""e3_population_expression_idx"",""node_types"":[""Aggregate"",""Index Scan""],""scan_type"":""Index Scan""}",0.084,996.747,997.283994,2,139,5000
warmup,1,18,50,HIGH,M2,1000,20.0,Index Scan:e3_population_expression_idx,Index Scan,e3_population_expression_idx,53cb1932e002e51fde0eb4d757f44c7f9ef68c4eac464ff6016c5168d8c3562a,"{""filter"":null,""index_cond"":""((e3_data.population = 'HIGH'::text) AND (e3_dynamic_loop(e3_data.value, e3_data.loop_count) >= 0))"",""index_name"":""e3_population_expression_idx"",""node_types"":[""Aggregate"",""Index Scan""],""scan_type"":""Index Scan""}",0.111,997.716,998.20857,2,59,5000
warmup,1,19,1600,HIGH,M1,505,0.315625,Index Scan:e3_population_expression_idx,Index Scan,e3_population_expression_idx,53cb1932e002e51fde0eb4d757f44c7f9ef68c4eac464ff6016c5168d8c3562a,"{""filter"":null,""index_cond"":""((e3_data.population = 'HIGH'::text) AND (e3_dynamic_loop(e3_data.value, e3_data.loop_count) >= 0))"",""index_name"":""e3_population_expression_idx"",""node_types"":[""Aggregate"",""Index Scan""],""scan_type"":""Index Scan""}",0.101,997.175,997.728138,2,120,5000
warmup,1,20,50,LOW,M1,505,10.1,Index Scan:e3_population_expression_idx,Index Scan,e3_population_expression_idx,90dc592e72c2659e52d4c5b06c4c3f2e5facc96546a449b70a932878eeab1c5a,"{""filter"":null,""index_cond"":""((e3_data.population = 'LOW'::text) AND (e3_dynamic_loop(e3_data.value, e3_data.loop_count) >= 0))"",""index_name"":""e3_population_expression_idx"",""node_types"":[""Aggregate"",""Index Scan""],""scan_type"":""Index Scan""}",0.103,21.232,21.737559,2,49,5000
warmup,1,21,400,HIGH,M1,505,1.2625,Index Scan:e3_population_expression_idx,Index Scan,e3_population_expression_idx,53cb1932e002e51fde0eb4d757f44c7f9ef68c4eac464ff6016c5168d8c3562a,"{""filter"":null,""index_cond"":""((e3_data.population = 'HIGH'::text) AND (e3_dynamic_loop(e3_data.value, e3_data.loop_count) >= 0))"",""index_name"":""e3_population_expression_idx"",""node_types"":[""Aggregate"",""Index Scan""],""scan_type"":""Index Scan""}",0.091,997.071,997.605905,2,121,5000
warmup,1,22,3200,HIGH,M1,505,0.1578125,Index Scan:e3_population_expression_idx,Index Scan,e3_population_expression_idx,53cb1932e002e51fde0eb4d757f44c7f9ef68c4eac464ff6016c5168d8c3562a,"{""filter"":null,""index_cond"":""((e3_data.population = 'HIGH'::text) AND (e3_dynamic_loop(e3_data.value, e3_data.loop_count) >= 0))"",""index_name"":""e3_population_expression_idx"",""node_types"":[""Aggregate"",""Index Scan""],""scan_type"":""Index Scan""}",0.104,1035.474,1036.109452,2,130,5000
warmup,1,23,50,LOW,M2,10,0.2,Index Scan:e3_population_expression_idx,Index Scan,e3_population_expression_idx,90dc592e72c2659e52d4c5b06c4c3f2e5facc96546a449b70a932878eeab1c5a,"{""filter"":null,""index_cond"":""((e3_data.population = 'LOW'::text) AND (e3_dynamic_loop(e3_data.value, e3_data.loop_count) >= 0))"",""index_name"":""e3_population_expression_idx"",""node_types"":[""Aggregate"",""Index Scan""],""scan_type"":""Index Scan""}",0.119,21.426,21.933341,2,69,5000
warmup,1,24,25,HIGH,M1,505,20.2,Index Scan:e3_population_expression_idx,Index Scan,e3_population_expression_idx,53cb1932e002e51fde0eb4d757f44c7f9ef68c4eac464ff6016c5168d8c3562a,"{""filter"":null,""index_cond"":""((e3_data.population = 'HIGH'::text) AND (e3_dynamic_loop(e3_data.value, e3_data.loop_count) >= 0))"",""index_name"":""e3_population_expression_idx"",""node_types"":[""Aggregate"",""Index Scan""],""scan_type"":""Index Scan""}",0.096,994.917,995.344294,2,38,5000
warmup,1,25,800,HIGH,M2,1000,1.25,Index Scan:e3_population_expression_idx,Index Scan,e3_population_expression_idx,53cb1932e002e51fde0eb4d757f44c7f9ef68c4eac464ff6016c5168d8c3562a,"{""filter"":null,""index_cond"":""((e3_data.population = 'HIGH'::text) AND (e3_dynamic_loop(e3_data.value, e3_data.loop_count) >= 0))"",""index_name"":""e3_population_expression_idx"",""node_types"":[""Aggregate"",""Index Scan""],""scan_type"":""Index Scan""}",0.104,994.922,995.446596,2,74,5000
warmup,1,26,100,LOW,M2,10,0.1,Index Scan:e3_population_expression_idx,Index Scan,e3_population_expression_idx,90dc592e72c2659e52d4c5b06c4c3f2e5facc96546a449b70a932878eeab1c5a,"{""filter"":null,""index_cond"":""((e3_data.population = 'LOW'::text) AND (e3_dynamic_loop(e3_data.value, e3_data.loop_count) >= 0))"",""index_name"":""e3_population_expression_idx"",""node_types"":[""Aggregate"",""Index Scan""],""scan_type"":""Index Scan""}",0.108,21.27,21.764755,2,128,5000
warmup,1,27,800,HIGH,M1,505,0.63125,Index Scan:e3_population_expression_idx,Index Scan,e3_population_expression_idx,53cb1932e002e51fde0eb4d757f44c7f9ef68c4eac464ff6016c5168d8c3562a,"{""filter"":null,""index_cond"":""((e3_data.population = 'HIGH'::text) AND (e3_dynamic_loop(e3_data.value, e3_data.loop_count) >= 0))"",""index_name"":""e3_population_expression_idx"",""node_types"":[""Aggregate"",""Index Scan""],""scan_type"":""Index Scan""}",0.091,994.831,995.31567,2,115,5000
warmup,1,28,3200,LOW,M2,10,0.003125,Seq Scan,Seq Scan,,98b88408a58947ad980b8fd95e5b82dd04316fa70b49a8d0dbfffc3a63a68d6b,"{""filter"":""((e3_data.population = 'LOW'::text) AND (e3_dynamic_loop(e3_data.value, e3_data.loop_count) >= 0))"",""index_cond"":null,""index_name"":"""",""node_types"":[""Aggregate"",""Seq Scan""],""scan_type"":""Seq Scan""}",0.11,38.698,39.137807,2,144,5000
warmup,1,29,3200,LOW,M1,505,0.1578125,Index Scan:e3_population_expression_idx,Index Scan,e3_population_expression_idx,90dc592e72c2659e52d4c5b06c4c3f2e5facc96546a449b70a932878eeab1c5a,"{""filter"":null,""index_cond"":""((e3_data.population = 'LOW'::text) AND (e3_dynamic_loop(e3_data.value, e3_data.loop_count) >= 0))"",""index_name"":""e3_population_expression_idx"",""node_types"":[""Aggregate"",""Index Scan""],""scan_type"":""Index Scan""}",0.097,21.199,21.613089,2,42,5000
warmup,1,30,1600,LOW,M1,505,0.315625,Index Scan:e3_population_expression_idx,Index Scan,e3_population_expression_idx,90dc592e72c2659e52d4c5b06c4c3f2e5facc96546a449b70a932878eeab1c5a,"{""filter"":null,""index_cond"":""((e3_data.population = 'LOW'::text) AND (e3_dynamic_loop(e3_data.value, e3_data.loop_count) >= 0))"",""index_name"":""e3_population_expression_idx"",""node_types"":[""Aggregate"",""Index Scan""],""scan_type"":""Index Scan""}",0.091,21.392,21.782247,2,50,5000
warmup,1,31,25,LOW,M2,10,0.4,Index Scan:e3_population_expression_idx,Index Scan,e3_population_expression_idx,90dc592e72c2659e52d4c5b06c4c3f2e5facc96546a449b70a932878eeab1c5a,"{""filter"":null,""index_cond"":""((e3_data.population = 'LOW'::text) AND (e3_dynamic_loop(e3_data.value, e3_data.loop_count) >= 0))"",""index_name"":""e3_population_expression_idx"",""node_types"":[""Aggregate"",""Index Scan""],""scan_type"":""Index Scan""}",0.09,21.142,21.561937,2,73,5000
warmup,1,32,6400,HIGH,M2,1000,0.15625,Index Scan:e3_population_expression_idx,Index Scan,e3_population_expression_idx,53cb1932e002e51fde0eb4d757f44c7f9ef68c4eac464ff6016c5168d8c3562a,"{""filter"":null,""index_cond"":""((e3_data.population = 'HIGH'::text) AND (e3_dynamic_loop(e3_data.value, e3_data.loop_count) >= 0))"",""index_name"":""e3_population_expression_idx"",""node_types"":[""Aggregate"",""Index Scan""],""scan_type"":""Index Scan""}",0.101,994.973,995.523568,2,77,5000
warmup,1,33,200,LOW,M1,505,2.525,Index Scan:e3_population_expression_idx,Index Scan,e3_population_expression_idx,90dc592e72c2659e52d4c5b06c4c3f2e5facc96546a449b70a932878eeab1c5a,"{""filter"":null,""index_cond"":""((e3_data.population = 'LOW'::text) AND (e3_dynamic_loop(e3_data.value, e3_data.loop_count) >= 0))"",""index_name"":""e3_population_expression_idx"",""node_types"":[""Aggregate"",""Index Scan""],""scan_type"":""Index Scan""}",0.105,21.083,21.623585,2,66,5000
warmup,1,34,6400,LOW,M2,10,0.0015625,Seq Scan,Seq Scan,,98b88408a58947ad980b8fd95e5b82dd04316fa70b49a8d0dbfffc3a63a68d6b,"{""filter"":""((e3_data.population = 'LOW'::text) AND (e3_dynamic_loop(e3_data.value, e3_data.loop_count) >= 0))"",""index_cond"":null,""index_name"":"""",""node_types"":[""Aggregate"",""Seq Scan""],""scan_type"":""Seq Scan""}",0.094,38.526,39.028871,2,67,5000
warmup,1,35,6400,HIGH,M1,505,0.07890625,Index Scan:e3_population_expression_idx,Index Scan,e3_population_expression_idx,53cb1932e002e51fde0eb4d757f44c7f9ef68c4eac464ff6016c5168d8c3562a,"{""filter"":null,""index_cond"":""((e3_data.population = 'HIGH'::text) AND (e3_dynamic_loop(e3_data.value, e3_data.loop_count) >= 0))"",""index_name"":""e3_population_expression_idx"",""node_types"":[""Aggregate"",""Index Scan""],""scan_type"":""Index Scan""}",0.094,994.874,995.419526,2,40,5000
warmup,1,36,200,HIGH,M2,1000,5.0,Index Scan:e3_population_expression_idx,Index Scan,e3_population_expression_idx,53cb1932e002e51fde0eb4d757f44c7f9ef68c4eac464ff6016c5168d8c3562a,"{""filter"":null,""index_cond"":""((e3_data.population = 'HIGH'::text) AND (e3_dynamic_loop(e3_data.value, e3_data.loop_count) >= 0))"",""index_name"":""e3_population_expression_idx"",""node_types"":[""Aggregate"",""Index Scan""],""scan_type"":""Index Scan""}",0.109,994.524,995.090662,2,89,5000
warmup,2,1,1600,LOW,M2,10,0.00625,Seq Scan,Seq Scan,,98b88408a58947ad980b8fd95e5b82dd04316fa70b49a8d0dbfffc3a63a68d6b,"{""filter"":""((e3_data.population = 'LOW'::text) AND (e3_dynamic_loop(e3_data.value, e3_data.loop_count) >= 0))"",""index_cond"":null,""index_name"":"""",""node_types"":[""Aggregate"",""Seq Scan""],""scan_type"":""Seq Scan""}",0.11,38.859,39.369065,2,71,5000
warmup,2,2,200,LOW,M1,505,2.525,Index Scan:e3_population_expression_idx,Index Scan,e3_population_expression_idx,90dc592e72c2659e52d4c5b06c4c3f2e5facc96546a449b70a932878eeab1c5a,"{""filter"":null,""index_cond"":""((e3_data.population = 'LOW'::text) AND (e3_dynamic_loop(e3_data.value, e3_data.loop_count) >= 0))"",""index_name"":""e3_population_expression_idx"",""node_types"":[""Aggregate"",""Index Scan""],""scan_type"":""Index Scan""}",0.099,20.898,21.358567,2,48,5000
warmup,2,3,25,LOW,M1,505,20.2,Index Scan:e3_population_expression_idx,Index Scan,e3_population_expression_idx,90dc592e72c2659e52d4c5b06c4c3f2e5facc96546a449b70a932878eeab1c5a,"{""filter"":null,""index_cond"":""((e3_data.population = 'LOW'::text) AND (e3_dynamic_loop(e3_data.value, e3_data.loop_count) >= 0))"",""index_name"":""e3_population_expression_idx"",""node_types"":[""Aggregate"",""Index Scan""],""scan_type"":""Index Scan""}",0.082,21.093,21.558673,2,50,5000
warmup,2,4,200,HIGH,M2,1000,5.0,Index Scan:e3_population_expression_idx,Index Scan,e3_population_expression_idx,53cb1932e002e51fde0eb4d757f44c7f9ef68c4eac464ff6016c5168d8c3562a,"{""filter"":null,""index_cond"":""((e3_data.population = 'HIGH'::text) AND (e3_dynamic_loop(e3_data.value, e3_data.loop_count) >= 0))"",""index_name"":""e3_population_expression_idx"",""node_types"":[""Aggregate"",""Index Scan""],""scan_type"":""Index Scan""}",0.083,995.446,995.913869,2,67,5000
warmup,2,5,400,LOW,M2,10,0.025,Bitmap Heap Scan:e3_population_expression_idx,Bitmap Heap Scan,e3_population_expression_idx,360968da2eeaa0506df7cf6ff7f05a2bce5169153021506237a138326d1ea27f,"{""filter"":null,""index_cond"":null,""index_name"":""e3_population_expression_idx"",""node_types"":[""Aggregate"",""Bitmap Heap Scan"",""Bitmap Index Scan""],""scan_type"":""Bitmap Heap Scan""}",0.111,19.534,20.125964,2,210,5000
warmup,2,6,200,LOW,M2,10,0.05,Index Scan:e3_population_expression_idx,Index Scan,e3_population_expression_idx,90dc592e72c2659e52d4c5b06c4c3f2e5facc96546a449b70a932878eeab1c5a,"{""filter"":null,""index_cond"":""((e3_data.population = 'LOW'::text) AND (e3_dynamic_loop(e3_data.value, e3_data.loop_count) >= 0))"",""index_name"":""e3_population_expression_idx"",""node_types"":[""Aggregate"",""Index Scan""],""scan_type"":""Index Scan""}",0.092,20.991,21.517353,2,69,5000
warmup,2,7,1600,HIGH,M1,505,0.315625,Index Scan:e3_population_expression_idx,Index Scan,e3_population_expression_idx,53cb1932e002e51fde0eb4d757f44c7f9ef68c4eac464ff6016c5168d8c3562a,"{""filter"":null,""index_cond"":""((e3_data.population = 'HIGH'::text) AND (e3_dynamic_loop(e3_data.value, e3_data.loop_count) >= 0))"",""index_name"":""e3_population_expression_idx"",""node_types"":[""Aggregate"",""Index Scan""],""scan_type"":""Index Scan""}",0.093,995.48,995.936479,2,60,5000
warmup,2,8,100,HIGH,M1,505,5.05,Index Scan:e3_population_expression_idx,Index Scan,e3_population_expression_idx,53cb1932e002e51fde0eb4d757f44c7f9ef68c4eac464ff6016c5168d8c3562a,"{""filter"":null,""index_cond"":""((e3_data.population = 'HIGH'::text) AND (e3_dynamic_loop(e3_data.value, e3_data.loop_count) >= 0))"",""index_name"":""e3_population_expression_idx"",""node_types"":[""Aggregate"",""Index Scan""],""scan_type"":""Index Scan""}",0.104,998.036,998.515034,2,132,5000
warmup,2,9,6400,HIGH,M1,505,0.07890625,Index Scan:e3_population_expression_idx,Index Scan,e3_population_expression_idx,53cb1932e002e51fde0eb4d757f44c7f9ef68c4eac464ff6016c5168d8c3562a,"{""filter"":null,""index_cond"":""((e3_data.population = 'HIGH'::text) AND (e3_dynamic_loop(e3_data.value, e3_data.loop_count) >= 0))"",""index_name"":""e3_population_expression_idx"",""node_types"":[""Aggregate"",""Index Scan""],""scan_type"":""Index Scan""}",0.101,996.72,997.217601,2,148,5000
warmup,2,10,50,HIGH,M1,505,10.1,Index Scan:e3_population_expression_idx,Index Scan,e3_population_expression_idx,53cb1932e002e51fde0eb4d757f44c7f9ef68c4eac464ff6016c5168d8c3562a,"{""filter"":null,""index_cond"":""((e3_data.population = 'HIGH'::text) AND (e3_dynamic_loop(e3_data.value, e3_data.loop_count) >= 0))"",""index_name"":""e3_population_expression_idx"",""node_types"":[""Aggregate"",""Index Scan""],""scan_type"":""Index Scan""}",0.118,995.905,996.482486,2,113,5000
warmup,2,11,25,LOW,M2,10,0.4,Index Scan:e3_population_expression_idx,Index Scan,e3_population_expression_idx,90dc592e72c2659e52d4c5b06c4c3f2e5facc96546a449b70a932878eeab1c5a,"{""filter"":null,""index_cond"":""((e3_data.population = 'LOW'::text) AND (e3_dynamic_loop(e3_data.value, e3_data.loop_count) >= 0))"",""index_name"":""e3_population_expression_idx"",""node_types"":[""Aggregate"",""Index Scan""],""scan_type"":""Index Scan""}",0.103,21.456,21.931436,2,469,5000
warmup,2,12,400,HIGH,M2,1000,2.5,Index Scan:e3_population_expression_idx,Index Scan,e3_population_expression_idx,53cb1932e002e51fde0eb4d757f44c7f9ef68c4eac464ff6016c5168d8c3562a,"{""filter"":null,""index_cond"":""((e3_data.population = 'HIGH'::text) AND (e3_dynamic_loop(e3_data.value, e3_data.loop_count) >= 0))"",""index_name"":""e3_population_expression_idx"",""node_types"":[""Aggregate"",""Index Scan""],""scan_type"":""Index Scan""}",0.091,995.067,995.616663,2,77,5000
warmup,2,13,6400,LOW,M1,505,0.07890625,Index Scan:e3_population_expression_idx,Index Scan,e3_population_expression_idx,90dc592e72c2659e52d4c5b06c4c3f2e5facc96546a449b70a932878eeab1c5a,"{""filter"":null,""index_cond"":""((e3_data.population = 'LOW'::text) AND (e3_dynamic_loop(e3_data.value, e3_data.loop_count) >= 0))"",""index_name"":""e3_population_expression_idx"",""node_types"":[""Aggregate"",""Index Scan""],""scan_type"":""Index Scan""}",0.106,21.457,21.955289,2,131,5000
warmup,2,14,50,LOW,M2,10,0.2,Index Scan:e3_population_expression_idx,Index Scan,e3_population_expression_idx,90dc592e72c2659e52d4c5b06c4c3f2e5facc96546a449b70a932878eeab1c5a,"{""filter"":null,""index_cond"":""((e3_data.population = 'LOW'::text) AND (e3_dynamic_loop(e3_data.value, e3_data.loop_count) >= 0))"",""index_name"":""e3_population_expression_idx"",""node_types"":[""Aggregate"",""Index Scan""],""scan_type"":""Index Scan""}",0.098,21.112,21.604488,2,80,5000
warmup,2,15,3200,LOW,M2,10,0.003125,Seq Scan,Seq Scan,,98b88408a58947ad980b8fd95e5b82dd04316fa70b49a8d0dbfffc3a63a68d6b,"{""filter"":""((e3_data.population = 'LOW'::text) AND (e3_dynamic_loop(e3_data.value, e3_data.loop_count) >= 0))"",""index_cond"":null,""index_name"":"""",""node_types"":[""Aggregate"",""Seq Scan""],""scan_type"":""Seq Scan""}",0.089,38.695,39.175965,2,58,5000
warmup,2,16,6400,LOW,M2,10,0.0015625,Seq Scan,Seq Scan,,98b88408a58947ad980b8fd95e5b82dd04316fa70b49a8d0dbfffc3a63a68d6b,"{""filter"":""((e3_data.population = 'LOW'::text) AND (e3_dynamic_loop(e3_data.value, e3_data.loop_count) >= 0))"",""index_cond"":null,""index_name"":"""",""node_types"":[""Aggregate"",""Seq Scan""],""scan_type"":""Seq Scan""}",0.085,38.608,39.088618,2,58,5000
warmup,2,17,50,LOW,M1,505,10.1,Index Scan:e3_population_expression_idx,Index Scan,e3_population_expression_idx,90dc592e72c2659e52d4c5b06c4c3f2e5facc96546a449b70a932878eeab1c5a,"{""filter"":null,""index_cond"":""((e3_data.population = 'LOW'::text) AND (e3_dynamic_loop(e3_data.value, e3_data.loop_count) >= 0))"",""index_name"":""e3_population_expression_idx"",""node_types"":[""Aggregate"",""Index Scan""],""scan_type"":""Index Scan""}",0.091,21.182,21.651599,2,131,5000
warmup,2,18,100,HIGH,M2,1000,10.0,Index Scan:e3_population_expression_idx,Index Scan,e3_population_expression_idx,53cb1932e002e51fde0eb4d757f44c7f9ef68c4eac464ff6016c5168d8c3562a,"{""filter"":null,""index_cond"":""((e3_data.population = 'HIGH'::text) AND (e3_dynamic_loop(e3_data.value, e3_data.loop_count) >= 0))"",""index_name"":""e3_population_expression_idx"",""node_types"":[""Aggregate"",""Index Scan""],""scan_type"":""Index Scan""}",0.087,996.388,996.948636,2,61,5000
warmup,2,19,3200,HIGH,M1,505,0.1578125,Index Scan:e3_population_expression_idx,Index Scan,e3_population_expression_idx,53cb1932e002e51fde0eb4d757f44c7f9ef68c4eac464ff6016c5168d8c3562a,"{""filter"":null,""index_cond"":""((e3_data.population = 'HIGH'::text) AND (e3_dynamic_loop(e3_data.value, e3_data.loop_count) >= 0))"",""index_name"":""e3_population_expression_idx"",""node_types"":[""Aggregate"",""Index Scan""],""scan_type"":""Index Scan""}",0.116,996.184,996.747665,2,133,5000
warmup,2,20,200,HIGH,M1,505,2.525,Index Scan:e3_population_expression_idx,Index Scan,e3_population_expression_idx,53cb1932e002e51fde0eb4d757f44c7f9ef68c4eac464ff6016c5168d8c3562a,"{""filter"":null,""index_cond"":""((e3_data.population = 'HIGH'::text) AND (e3_dynamic_loop(e3_data.value, e3_data.loop_count) >= 0))"",""index_name"":""e3_population_expression_idx"",""node_types"":[""Aggregate"",""Index Scan""],""scan_type"":""Index Scan""}",0.105,995.998,996.565914,2,70,5000
warmup,2,21,400,HIGH,M1,505,1.2625,Index Scan:e3_population_expression_idx,Index Scan,e3_population_expression_idx,53cb1932e002e51fde0eb4d757f44c7f9ef68c4eac464ff6016c5168d8c3562a,"{""filter"":null,""index_cond"":""((e3_data.population = 'HIGH'::text) AND (e3_dynamic_loop(e3_data.value, e3_data.loop_count) >= 0))"",""index_name"":""e3_population_expression_idx"",""node_types"":[""Aggregate"",""Index Scan""],""scan_type"":""Index Scan""}",0.107,995.296,995.770557,2,122,5000
warmup,2,22,3200,HIGH,M2,1000,0.3125,Index Scan:e3_population_expression_idx,Index Scan,e3_population_expression_idx,53cb1932e002e51fde0eb4d757f44c7f9ef68c4eac464ff6016c5168d8c3562a,"{""filter"":null,""index_cond"":""((e3_data.population = 'HIGH'::text) AND (e3_dynamic_loop(e3_data.value, e3_data.loop_count) >= 0))"",""index_name"":""e3_population_expression_idx"",""node_types"":[""Aggregate"",""Index Scan""],""scan_type"":""Index Scan""}",0.236,1014.309,1014.985254,2,254,5000
warmup,2,23,800,HIGH,M1,505,0.63125,Index Scan:e3_population_expression_idx,Index Scan,e3_population_expression_idx,53cb1932e002e51fde0eb4d757f44c7f9ef68c4eac464ff6016c5168d8c3562a,"{""filter"":null,""index_cond"":""((e3_data.population = 'HIGH'::text) AND (e3_dynamic_loop(e3_data.value, e3_data.loop_count) >= 0))"",""index_name"":""e3_population_expression_idx"",""node_types"":[""Aggregate"",""Index Scan""],""scan_type"":""Index Scan""}",0.11,1016.01,1016.495593,2,42,5000
warmup,2,24,800,HIGH,M2,1000,1.25,Index Scan:e3_population_expression_idx,Index Scan,e3_population_expression_idx,53cb1932e002e51fde0eb4d757f44c7f9ef68c4eac464ff6016c5168d8c3562a,"{""filter"":null,""index_cond"":""((e3_data.population = 'HIGH'::text) AND (e3_dynamic_loop(e3_data.value, e3_data.loop_count) >= 0))"",""index_name"":""e3_population_expression_idx"",""node_types"":[""Aggregate"",""Index Scan""],""scan_type"":""Index Scan""}",0.109,997.9,998.457855,2,75,5000
warmup,2,25,25,HIGH,M2,1000,40.0,Index Scan:e3_population_expression_idx,Index Scan,e3_population_expression_idx,53cb1932e002e51fde0eb4d757f44c7f9ef68c4eac464ff6016c5168d8c3562a,"{""filter"":null,""index_cond"":""((e3_data.population = 'HIGH'::text) AND (e3_dynamic_loop(e3_data.value, e3_data.loop_count) >= 0))"",""index_name"":""e3_population_expression_idx"",""node_types"":[""Aggregate"",""Index Scan""],""scan_type"":""Index Scan""}",0.107,1001.087,1001.594255,2,127,5000
warmup,2,26,800,LOW,M1,505,0.63125,Index Scan:e3_population_expression_idx,Index Scan,e3_population_expression_idx,90dc592e72c2659e52d4c5b06c4c3f2e5facc96546a449b70a932878eeab1c5a,"{""filter"":null,""index_cond"":""((e3_data.population = 'LOW'::text) AND (e3_dynamic_loop(e3_data.value, e3_data.loop_count) >= 0))"",""index_name"":""e3_population_expression_idx"",""node_types"":[""Aggregate"",""Index Scan""],""scan_type"":""Index Scan""}",0.108,21.635,22.157292,2,40,5000
warmup,2,27,1600,LOW,M1,505,0.315625,Index Scan:e3_population_expression_idx,Index Scan,e3_population_expression_idx,90dc592e72c2659e52d4c5b06c4c3f2e5facc96546a449b70a932878eeab1c5a,"{""filter"":null,""index_cond"":""((e3_data.population = 'LOW'::text) AND (e3_dynamic_loop(e3_data.value, e3_data.loop_count) >= 0))"",""index_name"":""e3_population_expression_idx"",""node_types"":[""Aggregate"",""Index Scan""],""scan_type"":""Index Scan""}",0.111,21.427,21.887093,2,39,5000
warmup,2,28,100,LOW,M2,10,0.1,Index Scan:e3_population_expression_idx,Index Scan,e3_population_expression_idx,90dc592e72c2659e52d4c5b06c4c3f2e5facc96546a449b70a932878eeab1c5a,"{""filter"":null,""index_cond"":""((e3_data.population = 'LOW'::text) AND (e3_dynamic_loop(e3_data.value, e3_data.loop_count) >= 0))"",""index_name"":""e3_population_expression_idx"",""node_types"":[""Aggregate"",""Index Scan""],""scan_type"":""Index Scan""}",0.108,21.273,21.778675,2,77,5000
warmup,2,29,3200,LOW,M1,505,0.1578125,Index Scan:e3_population_expression_idx,Index Scan,e3_population_expression_idx,90dc592e72c2659e52d4c5b06c4c3f2e5facc96546a449b70a932878eeab1c5a,"{""filter"":null,""index_cond"":""((e3_data.population = 'LOW'::text) AND (e3_dynamic_loop(e3_data.value, e3_data.loop_count) >= 0))"",""index_name"":""e3_population_expression_idx"",""node_types"":[""Aggregate"",""Index Scan""],""scan_type"":""Index Scan""}",0.09,21.072,21.554617,2,133,5000
warmup,2,30,25,HIGH,M1,505,20.2,Index Scan:e3_population_expression_idx,Index Scan,e3_population_expression_idx,53cb1932e002e51fde0eb4d757f44c7f9ef68c4eac464ff6016c5168d8c3562a,"{""filter"":null,""index_cond"":""((e3_data.population = 'HIGH'::text) AND (e3_dynamic_loop(e3_data.value, e3_data.loop_count) >= 0))"",""index_name"":""e3_population_expression_idx"",""node_types"":[""Aggregate"",""Index Scan""],""scan_type"":""Index Scan""}",0.087,1002.15,1002.598979,2,41,5000
warmup,2,31,800,LOW,M2,10,0.0125,Seq Scan,Seq Scan,,98b88408a58947ad980b8fd95e5b82dd04316fa70b49a8d0dbfffc3a63a68d6b,"{""filter"":""((e3_data.population = 'LOW'::text) AND (e3_dynamic_loop(e3_data.value, e3_data.loop_count) >= 0))"",""index_cond"":null,""index_name"":"""",""node_types"":[""Aggregate"",""Seq Scan""],""scan_type"":""Seq Scan""}",0.099,38.934,39.444804,2,80,5000
warmup,2,32,400,LOW,M1,505,1.2625,Index Scan:e3_population_expression_idx,Index Scan,e3_population_expression_idx,90dc592e72c2659e52d4c5b06c4c3f2e5facc96546a449b70a932878eeab1c5a,"{""filter"":null,""index_cond"":""((e3_data.population = 'LOW'::text) AND (e3_dynamic_loop(e3_data.value, e3_data.loop_count) >= 0))"",""index_name"":""e3_population_expression_idx"",""node_types"":[""Aggregate"",""Index Scan""],""scan_type"":""Index Scan""}",0.114,21.117,21.614026,2,49,5000
warmup,2,33,6400,HIGH,M2,1000,0.15625,Index Scan:e3_population_expression_idx,Index Scan,e3_population_expression_idx,53cb1932e002e51fde0eb4d757f44c7f9ef68c4eac464ff6016c5168d8c3562a,"{""filter"":null,""index_cond"":""((e3_data.population = 'HIGH'::text) AND (e3_dynamic_loop(e3_data.value, e3_data.loop_count) >= 0))"",""index_name"":""e3_population_expression_idx"",""node_types"":[""Aggregate"",""Index Scan""],""scan_type"":""Index Scan""}",0.097,1000.626,1001.198486,2,65,5000
warmup,2,34,100,LOW,M1,505,5.05,Index Scan:e3_population_expression_idx,Index Scan,e3_population_expression_idx,90dc592e72c2659e52d4c5b06c4c3f2e5facc96546a449b70a932878eeab1c5a,"{""filter"":null,""index_cond"":""((e3_data.population = 'LOW'::text) AND (e3_dynamic_loop(e3_data.value, e3_data.loop_count) >= 0))"",""index_name"":""e3_population_expression_idx"",""node_types"":[""Aggregate"",""Index Scan""],""scan_type"":""Index Scan""}",0.107,21.235,21.738346,2,136,5000
warmup,2,35,1600,HIGH,M2,1000,0.625,Index Scan:e3_population_expression_idx,Index Scan,e3_population_expression_idx,53cb1932e002e51fde0eb4d757f44c7f9ef68c4eac464ff6016c5168d8c3562a,"{""filter"":null,""index_cond"":""((e3_data.population = 'HIGH'::text) AND (e3_dynamic_loop(e3_data.value, e3_data.loop_count) >= 0))"",""index_name"":""e3_population_expression_idx"",""node_types"":[""Aggregate"",""Index Scan""],""scan_type"":""Index Scan""}",0.095,998.218,998.723822,2,65,5000
warmup,2,36,50,HIGH,M2,1000,20.0,Index Scan:e3_population_expression_idx,Index Scan,e3_population_expression_idx,53cb1932e002e51fde0eb4d757f44c7f9ef68c4eac464ff6016c5168d8c3562a,"{""filter"":null,""index_cond"":""((e3_data.population = 'HIGH'::text) AND (e3_dynamic_loop(e3_data.value, e3_data.loop_count) >= 0))"",""index_name"":""e3_population_expression_idx"",""node_types"":[""Aggregate"",""Index Scan""],""scan_type"":""Index Scan""}",0.111,1016.604,1017.191167,2,72,5000
warmup,3,1,100,HIGH,M2,1000,10.0,Index Scan:e3_population_expression_idx,Index Scan,e3_population_expression_idx,53cb1932e002e51fde0eb4d757f44c7f9ef68c4eac464ff6016c5168d8c3562a,"{""filter"":null,""index_cond"":""((e3_data.population = 'HIGH'::text) AND (e3_dynamic_loop(e3_data.value, e3_data.loop_count) >= 0))"",""index_name"":""e3_population_expression_idx"",""node_types"":[""Aggregate"",""Index Scan""],""scan_type"":""Index Scan""}",0.112,998.471,999.035064,2,77,5000
warmup,3,2,25,HIGH,M1,505,20.2,Index Scan:e3_population_expression_idx,Index Scan,e3_population_expression_idx,53cb1932e002e51fde0eb4d757f44c7f9ef68c4eac464ff6016c5168d8c3562a,"{""filter"":null,""index_cond"":""((e3_data.population = 'HIGH'::text) AND (e3_dynamic_loop(e3_data.value, e3_data.loop_count) >= 0))"",""index_name"":""e3_population_expression_idx"",""node_types"":[""Aggregate"",""Index Scan""],""scan_type"":""Index Scan""}",0.107,999.259,999.826786,2,51,5000
warmup,3,3,50,HIGH,M2,1000,20.0,Index Scan:e3_population_expression_idx,Index Scan,e3_population_expression_idx,53cb1932e002e51fde0eb4d757f44c7f9ef68c4eac464ff6016c5168d8c3562a,"{""filter"":null,""index_cond"":""((e3_data.population = 'HIGH'::text) AND (e3_dynamic_loop(e3_data.value, e3_data.loop_count) >= 0))"",""index_name"":""e3_population_expression_idx"",""node_types"":[""Aggregate"",""Index Scan""],""scan_type"":""Index Scan""}",0.103,999.546,1000.107612,2,83,5000
warmup,3,4,400,HIGH,M2,1000,2.5,Index Scan:e3_population_expression_idx,Index Scan,e3_population_expression_idx,53cb1932e002e51fde0eb4d757f44c7f9ef68c4eac464ff6016c5168d8c3562a,"{""filter"":null,""index_cond"":""((e3_data.population = 'HIGH'::text) AND (e3_dynamic_loop(e3_data.value, e3_data.loop_count) >= 0))"",""index_name"":""e3_population_expression_idx"",""node_types"":[""Aggregate"",""Index Scan""],""scan_type"":""Index Scan""}",0.119,1015.596,1016.221083,2,54,5000
warmup,3,5,200,HIGH,M1,505,2.525,Index Scan:e3_population_expression_idx,Index Scan,e3_population_expression_idx,53cb1932e002e51fde0eb4d757f44c7f9ef68c4eac464ff6016c5168d8c3562a,"{""filter"":null,""index_cond"":""((e3_data.population = 'HIGH'::text) AND (e3_dynamic_loop(e3_data.value, e3_data.loop_count) >= 0))"",""index_name"":""e3_population_expression_idx"",""node_types"":[""Aggregate"",""Index Scan""],""scan_type"":""Index Scan""}",0.142,1016.576,1017.223625,2,48,5000
warmup,3,6,800,HIGH,M2,1000,1.25,Index Scan:e3_population_expression_idx,Index Scan,e3_population_expression_idx,53cb1932e002e51fde0eb4d757f44c7f9ef68c4eac464ff6016c5168d8c3562a,"{""filter"":null,""index_cond"":""((e3_data.population = 'HIGH'::text) AND (e3_dynamic_loop(e3_data.value, e3_data.loop_count) >= 0))"",""index_name"":""e3_population_expression_idx"",""node_types"":[""Aggregate"",""Index Scan""],""scan_type"":""Index Scan""}",0.133,1081.953,1082.483714,2,85,5000
warmup,3,7,1600,LOW,M2,10,0.00625,Seq Scan,Seq Scan,,98b88408a58947ad980b8fd95e5b82dd04316fa70b49a8d0dbfffc3a63a68d6b,"{""filter"":""((e3_data.population = 'LOW'::text) AND (e3_dynamic_loop(e3_data.value, e3_data.loop_count) >= 0))"",""index_cond"":null,""index_name"":"""",""node_types"":[""Aggregate"",""Seq Scan""],""scan_type"":""Seq Scan""}",0.104,38.875,39.315981,2,93,5000
warmup,3,8,6400,LOW,M1,505,0.07890625,Index Scan:e3_population_expression_idx,Index Scan,e3_population_expression_idx,90dc592e72c2659e52d4c5b06c4c3f2e5facc96546a449b70a932878eeab1c5a,"{""filter"":null,""index_cond"":""((e3_data.population = 'LOW'::text) AND (e3_dynamic_loop(e3_data.value, e3_data.loop_count) >= 0))"",""index_name"":""e3_population_expression_idx"",""node_types"":[""Aggregate"",""Index Scan""],""scan_type"":""Index Scan""}",0.092,21.027,21.414362,2,119,5000
warmup,3,9,100,LOW,M1,505,5.05,Index Scan:e3_population_expression_idx,Index Scan,e3_population_expression_idx,90dc592e72c2659e52d4c5b06c4c3f2e5facc96546a449b70a932878eeab1c5a,"{""filter"":null,""index_cond"":""((e3_data.population = 'LOW'::text) AND (e3_dynamic_loop(e3_data.value, e3_data.loop_count) >= 0))"",""index_name"":""e3_population_expression_idx"",""node_types"":[""Aggregate"",""Index Scan""],""scan_type"":""Index Scan""}",0.089,21.11,21.493731,2,59,5000
warmup,3,10,200,LOW,M2,10,0.05,Index Scan:e3_population_expression_idx,Index Scan,e3_population_expression_idx,90dc592e72c2659e52d4c5b06c4c3f2e5facc96546a449b70a932878eeab1c5a,"{""filter"":null,""index_cond"":""((e3_data.population = 'LOW'::text) AND (e3_dynamic_loop(e3_data.value, e3_data.loop_count) >= 0))"",""index_name"":""e3_population_expression_idx"",""node_types"":[""Aggregate"",""Index Scan""],""scan_type"":""Index Scan""}",0.094,20.913,21.297969,2,58,5000
warmup,3,11,25,LOW,M1,505,20.2,Index Scan:e3_population_expression_idx,Index Scan,e3_population_expression_idx,90dc592e72c2659e52d4c5b06c4c3f2e5facc96546a449b70a932878eeab1c5a,"{""filter"":null,""index_cond"":""((e3_data.population = 'LOW'::text) AND (e3_dynamic_loop(e3_data.value, e3_data.loop_count) >= 0))"",""index_name"":""e3_population_expression_idx"",""node_types"":[""Aggregate"",""Index Scan""],""scan_type"":""Index Scan""}",0.086,21.082,21.499854,2,41,5000
warmup,3,12,800,LOW,M1,505,0.63125,Index Scan:e3_population_expression_idx,Index Scan,e3_population_expression_idx,90dc592e72c2659e52d4c5b06c4c3f2e5facc96546a449b70a932878eeab1c5a,"{""filter"":null,""index_cond"":""((e3_data.population = 'LOW'::text) AND (e3_dynamic_loop(e3_data.value, e3_data.loop_count) >= 0))"",""index_name"":""e3_population_expression_idx"",""node_types"":[""Aggregate"",""Index Scan""],""scan_type"":""Index Scan""}",0.198,34.834,35.449091,2,141,5000
warmup,3,13,1600,HIGH,M2,1000,0.625,Index Scan:e3_population_expression_idx,Index Scan,e3_population_expression_idx,53cb1932e002e51fde0eb4d757f44c7f9ef68c4eac464ff6016c5168d8c3562a,"{""filter"":null,""index_cond"":""((e3_data.population = 'HIGH'::text) AND (e3_dynamic_loop(e3_data.value, e3_data.loop_count) >= 0))"",""index_name"":""e3_population_expression_idx"",""node_types"":[""Aggregate"",""Index Scan""],""scan_type"":""Index Scan""}",0.095,996.273,996.763139,2,67,5000
warmup,3,14,25,HIGH,M2,1000,40.0,Index Scan:e3_population_expression_idx,Index Scan,e3_population_expression_idx,53cb1932e002e51fde0eb4d757f44c7f9ef68c4eac464ff6016c5168d8c3562a,"{""filter"":null,""index_cond"":""((e3_data.population = 'HIGH'::text) AND (e3_dynamic_loop(e3_data.value, e3_data.loop_count) >= 0))"",""index_name"":""e3_population_expression_idx"",""node_types"":[""Aggregate"",""Index Scan""],""scan_type"":""Index Scan""}",0.104,1033.125,1033.670263,2,70,5000
warmup,3,15,100,HIGH,M1,505,5.05,Index Scan:e3_population_expression_idx,Index Scan,e3_population_expression_idx,53cb1932e002e51fde0eb4d757f44c7f9ef68c4eac464ff6016c5168d8c3562a,"{""filter"":null,""index_cond"":""((e3_data.population = 'HIGH'::text) AND (e3_dynamic_loop(e3_data.value, e3_data.loop_count) >= 0))"",""index_name"":""e3_population_expression_idx"",""node_types"":[""Aggregate"",""Index Scan""],""scan_type"":""Index Scan""}",0.133,1098.32,1098.898992,2,49,5000
warmup,3,16,50,HIGH,M1,505,10.1,Index Scan:e3_population_expression_idx,Index Scan,e3_population_expression_idx,53cb1932e002e51fde0eb4d757f44c7f9ef68c4eac464ff6016c5168d8c3562a,"{""filter"":null,""index_cond"":""((e3_data.population = 'HIGH'::text) AND (e3_dynamic_loop(e3_data.value, e3_data.loop_count) >= 0))"",""index_name"":""e3_population_expression_idx"",""node_types"":[""Aggregate"",""Index Scan""],""scan_type"":""Index Scan""}",0.114,996.757,997.312102,2,211,5000
warmup,3,17,200,LOW,M1,505,2.525,Index Scan:e3_population_expression_idx,Index Scan,e3_population_expression_idx,90dc592e72c2659e52d4c5b06c4c3f2e5facc96546a449b70a932878eeab1c5a,"{""filter"":null,""index_cond"":""((e3_data.population = 'LOW'::text) AND (e3_dynamic_loop(e3_data.value, e3_data.loop_count) >= 0))"",""index_name"":""e3_population_expression_idx"",""node_types"":[""Aggregate"",""Index Scan""],""scan_type"":""Index Scan""}",0.107,21.295,21.796309,2,40,5000
warmup,3,18,6400,HIGH,M2,1000,0.15625,Index Scan:e3_population_expression_idx,Index Scan,e3_population_expression_idx,53cb1932e002e51fde0eb4d757f44c7f9ef68c4eac464ff6016c5168d8c3562a,"{""filter"":null,""index_cond"":""((e3_data.population = 'HIGH'::text) AND (e3_dynamic_loop(e3_data.value, e3_data.loop_count) >= 0))"",""index_name"":""e3_population_expression_idx"",""node_types"":[""Aggregate"",""Index Scan""],""scan_type"":""Index Scan""}",0.098,997.087,997.644324,2,72,5000
warmup,3,19,50,LOW,M2,10,0.2,Index Scan:e3_population_expression_idx,Index Scan,e3_population_expression_idx,90dc592e72c2659e52d4c5b06c4c3f2e5facc96546a449b70a932878eeab1c5a,"{""filter"":null,""index_cond"":""((e3_data.population = 'LOW'::text) AND (e3_dynamic_loop(e3_data.value, e3_data.loop_count) >= 0))"",""index_name"":""e3_population_expression_idx"",""node_types"":[""Aggregate"",""Index Scan""],""scan_type"":""Index Scan""}",0.121,21.145,21.590363,2,180,5000
warmup,3,20,25,LOW,M2,10,0.4,Index Scan:e3_population_expression_idx,Index Scan,e3_population_expression_idx,90dc592e72c2659e52d4c5b06c4c3f2e5facc96546a449b70a932878eeab1c5a,"{""filter"":null,""index_cond"":""((e3_data.population = 'LOW'::text) AND (e3_dynamic_loop(e3_data.value, e3_data.loop_count) >= 0))"",""index_name"":""e3_population_expression_idx"",""node_types"":[""Aggregate"",""Index Scan""],""scan_type"":""Index Scan""}",0.092,21.074,21.453486,2,47,5000
warmup,3,21,1600,LOW,M1,505,0.315625,Index Scan:e3_population_expression_idx,Index Scan,e3_population_expression_idx,90dc592e72c2659e52d4c5b06c4c3f2e5facc96546a449b70a932878eeab1c5a,"{""filter"":null,""index_cond"":""((e3_data.population = 'LOW'::text) AND (e3_dynamic_loop(e3_data.value, e3_data.loop_count) >= 0))"",""index_name"":""e3_population_expression_idx"",""node_types"":[""Aggregate"",""Index Scan""],""scan_type"":""Index Scan""}",0.088,21.413,21.802826,2,57,5000
warmup,3,22,6400,LOW,M2,10,0.0015625,Seq Scan,Seq Scan,,98b88408a58947ad980b8fd95e5b82dd04316fa70b49a8d0dbfffc3a63a68d6b,"{""filter"":""((e3_data.population = 'LOW'::text) AND (e3_dynamic_loop(e3_data.value, e3_data.loop_count) >= 0))"",""index_cond"":null,""index_name"":"""",""node_types"":[""Aggregate"",""Seq Scan""],""scan_type"":""Seq Scan""}",0.169,51.434,52.056977,2,242,5000
warmup,3,23,800,HIGH,M1,505,0.63125,Index Scan:e3_population_expression_idx,Index Scan,e3_population_expression_idx,53cb1932e002e51fde0eb4d757f44c7f9ef68c4eac464ff6016c5168d8c3562a,"{""filter"":null,""index_cond"":""((e3_data.population = 'HIGH'::text) AND (e3_dynamic_loop(e3_data.value, e3_data.loop_count) >= 0))"",""index_name"":""e3_population_expression_idx"",""node_types"":[""Aggregate"",""Index Scan""],""scan_type"":""Index Scan""}",0.094,994.161,994.714637,2,50,5000
warmup,3,24,200,HIGH,M2,1000,5.0,Index Scan:e3_population_expression_idx,Index Scan,e3_population_expression_idx,53cb1932e002e51fde0eb4d757f44c7f9ef68c4eac464ff6016c5168d8c3562a,"{""filter"":null,""index_cond"":""((e3_data.population = 'HIGH'::text) AND (e3_dynamic_loop(e3_data.value, e3_data.loop_count) >= 0))"",""index_name"":""e3_population_expression_idx"",""node_types"":[""Aggregate"",""Index Scan""],""scan_type"":""Index Scan""}",0.114,994.503,995.07197,2,96,5000
warmup,3,25,6400,HIGH,M1,505,0.07890625,Index Scan:e3_population_expression_idx,Index Scan,e3_population_expression_idx,53cb1932e002e51fde0eb4d757f44c7f9ef68c4eac464ff6016c5168d8c3562a,"{""filter"":null,""index_cond"":""((e3_data.population = 'HIGH'::text) AND (e3_dynamic_loop(e3_data.value, e3_data.loop_count) >= 0))"",""index_name"":""e3_population_expression_idx"",""node_types"":[""Aggregate"",""Index Scan""],""scan_type"":""Index Scan""}",0.101,995.107,995.607172,2,55,5000
warmup,3,26,3200,LOW,M2,10,0.003125,Seq Scan,Seq Scan,,98b88408a58947ad980b8fd95e5b82dd04316fa70b49a8d0dbfffc3a63a68d6b,"{""filter"":""((e3_data.population = 'LOW'::text) AND (e3_dynamic_loop(e3_data.value, e3_data.loop_count) >= 0))"",""index_cond"":null,""index_name"":"""",""node_types"":[""Aggregate"",""Seq Scan""],""scan_type"":""Seq Scan""}",0.099,38.819,39.271774,2,60,5000
warmup,3,27,100,LOW,M2,10,0.1,Index Scan:e3_population_expression_idx,Index Scan,e3_population_expression_idx,90dc592e72c2659e52d4c5b06c4c3f2e5facc96546a449b70a932878eeab1c5a,"{""filter"":null,""index_cond"":""((e3_data.population = 'LOW'::text) AND (e3_dynamic_loop(e3_data.value, e3_data.loop_count) >= 0))"",""index_name"":""e3_population_expression_idx"",""node_types"":[""Aggregate"",""Index Scan""],""scan_type"":""Index Scan""}",0.087,20.986,21.405887,2,58,5000
warmup,3,28,800,LOW,M2,10,0.0125,Seq Scan,Seq Scan,,98b88408a58947ad980b8fd95e5b82dd04316fa70b49a8d0dbfffc3a63a68d6b,"{""filter"":""((e3_data.population = 'LOW'::text) AND (e3_dynamic_loop(e3_data.value, e3_data.loop_count) >= 0))"",""index_cond"":null,""index_name"":"""",""node_types"":[""Aggregate"",""Seq Scan""],""scan_type"":""Seq Scan""}",0.092,38.633,39.107774,2,49,5000
warmup,3,29,400,HIGH,M1,505,1.2625,Index Scan:e3_population_expression_idx,Index Scan,e3_population_expression_idx,53cb1932e002e51fde0eb4d757f44c7f9ef68c4eac464ff6016c5168d8c3562a,"{""filter"":null,""index_cond"":""((e3_data.population = 'HIGH'::text) AND (e3_dynamic_loop(e3_data.value, e3_data.loop_count) >= 0))"",""index_name"":""e3_population_expression_idx"",""node_types"":[""Aggregate"",""Index Scan""],""scan_type"":""Index Scan""}",0.085,995.136,995.672708,2,47,5000
warmup,3,30,3200,HIGH,M1,505,0.1578125,Index Scan:e3_population_expression_idx,Index Scan,e3_population_expression_idx,53cb1932e002e51fde0eb4d757f44c7f9ef68c4eac464ff6016c5168d8c3562a,"{""filter"":null,""index_cond"":""((e3_data.population = 'HIGH'::text) AND (e3_dynamic_loop(e3_data.value, e3_data.loop_count) >= 0))"",""index_name"":""e3_population_expression_idx"",""node_types"":[""Aggregate"",""Index Scan""],""scan_type"":""Index Scan""}",0.105,994.941,995.508293,2,121,5000
warmup,3,31,50,LOW,M1,505,10.1,Index Scan:e3_population_expression_idx,Index Scan,e3_population_expression_idx,90dc592e72c2659e52d4c5b06c4c3f2e5facc96546a449b70a932878eeab1c5a,"{""filter"":null,""index_cond"":""((e3_data.population = 'LOW'::text) AND (e3_dynamic_loop(e3_data.value, e3_data.loop_count) >= 0))"",""index_name"":""e3_population_expression_idx"",""node_types"":[""Aggregate"",""Index Scan""],""scan_type"":""Index Scan""}",0.103,21.349,21.834698,2,40,5000
warmup,3,32,3200,LOW,M1,505,0.1578125,Index Scan:e3_population_expression_idx,Index Scan,e3_population_expression_idx,90dc592e72c2659e52d4c5b06c4c3f2e5facc96546a449b70a932878eeab1c5a,"{""filter"":null,""index_cond"":""((e3_data.population = 'LOW'::text) AND (e3_dynamic_loop(e3_data.value, e3_data.loop_count) >= 0))"",""index_name"":""e3_population_expression_idx"",""node_types"":[""Aggregate"",""Index Scan""],""scan_type"":""Index Scan""}",0.083,21.139,21.590339,2,41,5000
warmup,3,33,400,LOW,M2,10,0.025,Bitmap Heap Scan:e3_population_expression_idx,Bitmap Heap Scan,e3_population_expression_idx,360968da2eeaa0506df7cf6ff7f05a2bce5169153021506237a138326d1ea27f,"{""filter"":null,""index_cond"":null,""index_name"":""e3_population_expression_idx"",""node_types"":[""Aggregate"",""Bitmap Heap Scan"",""Bitmap Index Scan""],""scan_type"":""Bitmap Heap Scan""}",0.089,19.613,20.090763,2,59,5000
warmup,3,34,1600,HIGH,M1,505,0.315625,Index Scan:e3_population_expression_idx,Index Scan,e3_population_expression_idx,53cb1932e002e51fde0eb4d757f44c7f9ef68c4eac464ff6016c5168d8c3562a,"{""filter"":null,""index_cond"":""((e3_data.population = 'HIGH'::text) AND (e3_dynamic_loop(e3_data.value, e3_data.loop_count) >= 0))"",""index_name"":""e3_population_expression_idx"",""node_types"":[""Aggregate"",""Index Scan""],""scan_type"":""Index Scan""}",0.081,994.939,995.393227,2,40,5000
warmup,3,35,3200,HIGH,M2,1000,0.3125,Index Scan:e3_population_expression_idx,Index Scan,e3_population_expression_idx,53cb1932e002e51fde0eb4d757f44c7f9ef68c4eac464ff6016c5168d8c3562a,"{""filter"":null,""index_cond"":""((e3_data.population = 'HIGH'::text) AND (e3_dynamic_loop(e3_data.value, e3_data.loop_count) >= 0))"",""index_name"":""e3_population_expression_idx"",""node_types"":[""Aggregate"",""Index Scan""],""scan_type"":""Index Scan""}",0.1,995.118,995.6326,2,97,5000
warmup,3,36,400,LOW,M1,505,1.2625,Index Scan:e3_population_expression_idx,Index Scan,e3_population_expression_idx,90dc592e72c2659e52d4c5b06c4c3f2e5facc96546a449b70a932878eeab1c5a,"{""filter"":null,""index_cond"":""((e3_data.population = 'LOW'::text) AND (e3_dynamic_loop(e3_data.value, e3_data.loop_count) >= 0))"",""index_name"":""e3_population_expression_idx"",""node_types"":[""Aggregate"",""Index Scan""],""scan_type"":""Index Scan""}",0.102,21.349,21.838419,2,40,5000
measured,1,1,3200,LOW,M2,10,0.003125,Seq Scan,Seq Scan,,98b88408a58947ad980b8fd95e5b82dd04316fa70b49a8d0dbfffc3a63a68d6b,"{""filter"":""((e3_data.population = 'LOW'::text) AND (e3_dynamic_loop(e3_data.value, e3_data.loop_count) >= 0))"",""index_cond"":null,""index_name"":"""",""node_types"":[""Aggregate"",""Seq Scan""],""scan_type"":""Seq Scan""}",0.096,38.73,39.12245,2,66,5000
measured,1,2,200,HIGH,M2,1000,5.0,Index Scan:e3_population_expression_idx,Index Scan,e3_population_expression_idx,53cb1932e002e51fde0eb4d757f44c7f9ef68c4eac464ff6016c5168d8c3562a,"{""filter"":null,""index_cond"":""((e3_data.population = 'HIGH'::text) AND (e3_dynamic_loop(e3_data.value, e3_data.loop_count) >= 0))"",""index_name"":""e3_population_expression_idx"",""node_types"":[""Aggregate"",""Index Scan""],""scan_type"":""Index Scan""}",0.089,996.196,996.741724,2,60,5000
measured,1,3,3200,HIGH,M2,1000,0.3125,Index Scan:e3_population_expression_idx,Index Scan,e3_population_expression_idx,53cb1932e002e51fde0eb4d757f44c7f9ef68c4eac464ff6016c5168d8c3562a,"{""filter"":null,""index_cond"":""((e3_data.population = 'HIGH'::text) AND (e3_dynamic_loop(e3_data.value, e3_data.loop_count) >= 0))"",""index_name"":""e3_population_expression_idx"",""node_types"":[""Aggregate"",""Index Scan""],""scan_type"":""Index Scan""}",0.107,994.804,995.280156,2,152,5000
measured,1,4,25,HIGH,M2,1000,40.0,Index Scan:e3_population_expression_idx,Index Scan,e3_population_expression_idx,53cb1932e002e51fde0eb4d757f44c7f9ef68c4eac464ff6016c5168d8c3562a,"{""filter"":null,""index_cond"":""((e3_data.population = 'HIGH'::text) AND (e3_dynamic_loop(e3_data.value, e3_data.loop_count) >= 0))"",""index_name"":""e3_population_expression_idx"",""node_types"":[""Aggregate"",""Index Scan""],""scan_type"":""Index Scan""}",0.1,994.541,995.099787,2,58,5000
measured,1,5,6400,LOW,M2,10,0.0015625,Seq Scan,Seq Scan,,98b88408a58947ad980b8fd95e5b82dd04316fa70b49a8d0dbfffc3a63a68d6b,"{""filter"":""((e3_data.population = 'LOW'::text) AND (e3_dynamic_loop(e3_data.value, e3_data.loop_count) >= 0))"",""index_cond"":null,""index_name"":"""",""node_types"":[""Aggregate"",""Seq Scan""],""scan_type"":""Seq Scan""}",0.105,38.867,39.373235,2,71,5000
measured,1,6,1600,LOW,M1,505,0.315625,Index Scan:e3_population_expression_idx,Index Scan,e3_population_expression_idx,90dc592e72c2659e52d4c5b06c4c3f2e5facc96546a449b70a932878eeab1c5a,"{""filter"":null,""index_cond"":""((e3_data.population = 'LOW'::text) AND (e3_dynamic_loop(e3_data.value, e3_data.loop_count) >= 0))"",""index_name"":""e3_population_expression_idx"",""node_types"":[""Aggregate"",""Index Scan""],""scan_type"":""Index Scan""}",0.108,20.839,21.35021,2,155,5000
measured,1,7,400,LOW,M2,10,0.025,Bitmap Heap Scan:e3_population_expression_idx,Bitmap Heap Scan,e3_population_expression_idx,360968da2eeaa0506df7cf6ff7f05a2bce5169153021506237a138326d1ea27f,"{""filter"":null,""index_cond"":null,""index_name"":""e3_population_expression_idx"",""node_types"":[""Aggregate"",""Bitmap Heap Scan"",""Bitmap Index Scan""],""scan_type"":""Bitmap Heap Scan""}",0.097,19.711,20.232232,2,57,5000
measured,1,8,50,LOW,M1,505,10.1,Index Scan:e3_population_expression_idx,Index Scan,e3_population_expression_idx,90dc592e72c2659e52d4c5b06c4c3f2e5facc96546a449b70a932878eeab1c5a,"{""filter"":null,""index_cond"":""((e3_data.population = 'LOW'::text) AND (e3_dynamic_loop(e3_data.value, e3_data.loop_count) >= 0))"",""index_name"":""e3_population_expression_idx"",""node_types"":[""Aggregate"",""Index Scan""],""scan_type"":""Index Scan""}",0.093,21.117,21.594552,2,126,5000
measured,1,9,25,HIGH,M1,505,20.2,Index Scan:e3_population_expression_idx,Index Scan,e3_population_expression_idx,53cb1932e002e51fde0eb4d757f44c7f9ef68c4eac464ff6016c5168d8c3562a,"{""filter"":null,""index_cond"":""((e3_data.population = 'HIGH'::text) AND (e3_dynamic_loop(e3_data.value, e3_data.loop_count) >= 0))"",""index_name"":""e3_population_expression_idx"",""node_types"":[""Aggregate"",""Index Scan""],""scan_type"":""Index Scan""}",0.088,994.683,995.141212,2,46,5000
measured,1,10,1600,LOW,M2,10,0.00625,Seq Scan,Seq Scan,,98b88408a58947ad980b8fd95e5b82dd04316fa70b49a8d0dbfffc3a63a68d6b,"{""filter"":""((e3_data.population = 'LOW'::text) AND (e3_dynamic_loop(e3_data.value, e3_data.loop_count) >= 0))"",""index_cond"":null,""index_name"":"""",""node_types"":[""Aggregate"",""Seq Scan""],""scan_type"":""Seq Scan""}",0.107,38.886,39.301387,2,56,5000
measured,1,11,50,LOW,M2,10,0.2,Index Scan:e3_population_expression_idx,Index Scan,e3_population_expression_idx,90dc592e72c2659e52d4c5b06c4c3f2e5facc96546a449b70a932878eeab1c5a,"{""filter"":null,""index_cond"":""((e3_data.population = 'LOW'::text) AND (e3_dynamic_loop(e3_data.value, e3_data.loop_count) >= 0))"",""index_name"":""e3_population_expression_idx"",""node_types"":[""Aggregate"",""Index Scan""],""scan_type"":""Index Scan""}",0.095,20.918,21.293224,2,145,5000
measured,1,12,100,HIGH,M2,1000,10.0,Index Scan:e3_population_expression_idx,Index Scan,e3_population_expression_idx,53cb1932e002e51fde0eb4d757f44c7f9ef68c4eac464ff6016c5168d8c3562a,"{""filter"":null,""index_cond"":""((e3_data.population = 'HIGH'::text) AND (e3_dynamic_loop(e3_data.value, e3_data.loop_count) >= 0))"",""index_name"":""e3_population_expression_idx"",""node_types"":[""Aggregate"",""Index Scan""],""scan_type"":""Index Scan""}",0.085,1059.402,1059.829805,2,145,5000
measured,1,13,400,HIGH,M1,505,1.2625,Index Scan:e3_population_expression_idx,Index Scan,e3_population_expression_idx,53cb1932e002e51fde0eb4d757f44c7f9ef68c4eac464ff6016c5168d8c3562a,"{""filter"":null,""index_cond"":""((e3_data.population = 'HIGH'::text) AND (e3_dynamic_loop(e3_data.value, e3_data.loop_count) >= 0))"",""index_name"":""e3_population_expression_idx"",""node_types"":[""Aggregate"",""Index Scan""],""scan_type"":""Index Scan""}",0.099,1301.797,1302.42212,2,56,5000
measured,1,14,200,HIGH,M1,505,2.525,Index Scan:e3_population_expression_idx,Index Scan,e3_population_expression_idx,53cb1932e002e51fde0eb4d757f44c7f9ef68c4eac464ff6016c5168d8c3562a,"{""filter"":null,""index_cond"":""((e3_data.population = 'HIGH'::text) AND (e3_dynamic_loop(e3_data.value, e3_data.loop_count) >= 0))"",""index_name"":""e3_population_expression_idx"",""node_types"":[""Aggregate"",""Index Scan""],""scan_type"":""Index Scan""}",0.142,1199.997,1200.549377,2,179,5000
measured,1,15,400,HIGH,M2,1000,2.5,Index Scan:e3_population_expression_idx,Index Scan,e3_population_expression_idx,53cb1932e002e51fde0eb4d757f44c7f9ef68c4eac464ff6016c5168d8c3562a,"{""filter"":null,""index_cond"":""((e3_data.population = 'HIGH'::text) AND (e3_dynamic_loop(e3_data.value, e3_data.loop_count) >= 0))"",""index_name"":""e3_population_expression_idx"",""node_types"":[""Aggregate"",""Index Scan""],""scan_type"":""Index Scan""}",0.138,1167.885,1168.402867,2,77,5000
measured,1,16,800,LOW,M2,10,0.0125,Seq Scan,Seq Scan,,98b88408a58947ad980b8fd95e5b82dd04316fa70b49a8d0dbfffc3a63a68d6b,"{""filter"":""((e3_data.population = 'LOW'::text) AND (e3_dynamic_loop(e3_data.value, e3_data.loop_count) >= 0))"",""index_cond"":null,""index_name"":"""",""node_types"":[""Aggregate"",""Seq Scan""],""scan_type"":""Seq Scan""}",0.137,47.736,48.256448,2,102,5000
measured,1,17,800,LOW,M1,505,0.63125,Index Scan:e3_population_expression_idx,Index Scan,e3_population_expression_idx,90dc592e72c2659e52d4c5b06c4c3f2e5facc96546a449b70a932878eeab1c5a,"{""filter"":null,""index_cond"":""((e3_data.population = 'LOW'::text) AND (e3_dynamic_loop(e3_data.value, e3_data.loop_count) >= 0))"",""index_name"":""e3_population_expression_idx"",""node_types"":[""Aggregate"",""Index Scan""],""scan_type"":""Index Scan""}",0.102,25.849,26.33861,2,67,5000
measured,1,18,800,HIGH,M1,505,0.63125,Index Scan:e3_population_expression_idx,Index Scan,e3_population_expression_idx,53cb1932e002e51fde0eb4d757f44c7f9ef68c4eac464ff6016c5168d8c3562a,"{""filter"":null,""index_cond"":""((e3_data.population = 'HIGH'::text) AND (e3_dynamic_loop(e3_data.value, e3_data.loop_count) >= 0))"",""index_name"":""e3_population_expression_idx"",""node_types"":[""Aggregate"",""Index Scan""],""scan_type"":""Index Scan""}",0.097,1157.222,1157.708201,2,42,5000
measured,1,19,50,HIGH,M1,505,10.1,Index Scan:e3_population_expression_idx,Index Scan,e3_population_expression_idx,53cb1932e002e51fde0eb4d757f44c7f9ef68c4eac464ff6016c5168d8c3562a,"{""filter"":null,""index_cond"":""((e3_data.population = 'HIGH'::text) AND (e3_dynamic_loop(e3_data.value, e3_data.loop_count) >= 0))"",""index_name"":""e3_population_expression_idx"",""node_types"":[""Aggregate"",""Index Scan""],""scan_type"":""Index Scan""}",0.123,1068.361,1068.899335,2,40,5000
measured,1,20,6400,LOW,M1,505,0.07890625,Index Scan:e3_population_expression_idx,Index Scan,e3_population_expression_idx,90dc592e72c2659e52d4c5b06c4c3f2e5facc96546a449b70a932878eeab1c5a,"{""filter"":null,""index_cond"":""((e3_data.population = 'LOW'::text) AND (e3_dynamic_loop(e3_data.value, e3_data.loop_count) >= 0))"",""index_name"":""e3_population_expression_idx"",""node_types"":[""Aggregate"",""Index Scan""],""scan_type"":""Index Scan""}",0.142,38.366,38.910743,2,132,5000
measured,1,21,3200,HIGH,M1,505,0.1578125,Index Scan:e3_population_expression_idx,Index Scan,e3_population_expression_idx,53cb1932e002e51fde0eb4d757f44c7f9ef68c4eac464ff6016c5168d8c3562a,"{""filter"":null,""index_cond"":""((e3_data.population = 'HIGH'::text) AND (e3_dynamic_loop(e3_data.value, e3_data.loop_count) >= 0))"",""index_name"":""e3_population_expression_idx"",""node_types"":[""Aggregate"",""Index Scan""],""scan_type"":""Index Scan""}",0.146,1184.077,1184.655756,2,189,5000
measured,1,22,6400,HIGH,M1,505,0.07890625,Index Scan:e3_population_expression_idx,Index Scan,e3_population_expression_idx,53cb1932e002e51fde0eb4d757f44c7f9ef68c4eac464ff6016c5168d8c3562a,"{""filter"":null,""index_cond"":""((e3_data.population = 'HIGH'::text) AND (e3_dynamic_loop(e3_data.value, e3_data.loop_count) >= 0))"",""index_name"":""e3_population_expression_idx"",""node_types"":[""Aggregate"",""Index Scan""],""scan_type"":""Index Scan""}",0.112,1128.334,1128.865401,2,40,5000
measured,1,23,200,LOW,M1,505,2.525,Index Scan:e3_population_expression_idx,Index Scan,e3_population_expression_idx,90dc592e72c2659e52d4c5b06c4c3f2e5facc96546a449b70a932878eeab1c5a,"{""filter"":null,""index_cond"":""((e3_data.population = 'LOW'::text) AND (e3_dynamic_loop(e3_data.value, e3_data.loop_count) >= 0))"",""index_name"":""e3_population_expression_idx"",""node_types"":[""Aggregate"",""Index Scan""],""scan_type"":""Index Scan""}",0.14,21.261,21.798123,2,129,5000
measured,1,24,1600,HIGH,M2,1000,0.625,Index Scan:e3_population_expression_idx,Index Scan,e3_population_expression_idx,53cb1932e002e51fde0eb4d757f44c7f9ef68c4eac464ff6016c5168d8c3562a,"{""filter"":null,""index_cond"":""((e3_data.population = 'HIGH'::text) AND (e3_dynamic_loop(e3_data.value, e3_data.loop_count) >= 0))"",""index_name"":""e3_population_expression_idx"",""node_types"":[""Aggregate"",""Index Scan""],""scan_type"":""Index Scan""}",0.106,1094.328,1094.806895,2,78,5000
measured,1,25,100,LOW,M1,505,5.05,Index Scan:e3_population_expression_idx,Index Scan,e3_population_expression_idx,90dc592e72c2659e52d4c5b06c4c3f2e5facc96546a449b70a932878eeab1c5a,"{""filter"":null,""index_cond"":""((e3_data.population = 'LOW'::text) AND (e3_dynamic_loop(e3_data.value, e3_data.loop_count) >= 0))"",""index_name"":""e3_population_expression_idx"",""node_types"":[""Aggregate"",""Index Scan""],""scan_type"":""Index Scan""}",0.11,21.306,21.739319,2,50,5000
measured,1,26,1600,HIGH,M1,505,0.315625,Index Scan:e3_population_expression_idx,Index Scan,e3_population_expression_idx,53cb1932e002e51fde0eb4d757f44c7f9ef68c4eac464ff6016c5168d8c3562a,"{""filter"":null,""index_cond"":""((e3_data.population = 'HIGH'::text) AND (e3_dynamic_loop(e3_data.value, e3_data.loop_count) >= 0))"",""index_name"":""e3_population_expression_idx"",""node_types"":[""Aggregate"",""Index Scan""],""scan_type"":""Index Scan""}",0.105,1047.768,1048.340673,2,44,5000
measured,1,27,25,LOW,M1,505,20.2,Index Scan:e3_population_expression_idx,Index Scan,e3_population_expression_idx,90dc592e72c2659e52d4c5b06c4c3f2e5facc96546a449b70a932878eeab1c5a,"{""filter"":null,""index_cond"":""((e3_data.population = 'LOW'::text) AND (e3_dynamic_loop(e3_data.value, e3_data.loop_count) >= 0))"",""index_name"":""e3_population_expression_idx"",""node_types"":[""Aggregate"",""Index Scan""],""scan_type"":""Index Scan""}",0.116,21.09,21.601421,2,41,5000
measured,1,28,800,HIGH,M2,1000,1.25,Index Scan:e3_population_expression_idx,Index Scan,e3_population_expression_idx,53cb1932e002e51fde0eb4d757f44c7f9ef68c4eac464ff6016c5168d8c3562a,"{""filter"":null,""index_cond"":""((e3_data.population = 'HIGH'::text) AND (e3_dynamic_loop(e3_data.value, e3_data.loop_count) >= 0))"",""index_name"":""e3_population_expression_idx"",""node_types"":[""Aggregate"",""Index Scan""],""scan_type"":""Index Scan""}",0.099,1163.28,1163.840034,2,128,5000
measured,1,29,400,LOW,M1,505,1.2625,Index Scan:e3_population_expression_idx,Index Scan,e3_population_expression_idx,90dc592e72c2659e52d4c5b06c4c3f2e5facc96546a449b70a932878eeab1c5a,"{""filter"":null,""index_cond"":""((e3_data.population = 'LOW'::text) AND (e3_dynamic_loop(e3_data.value, e3_data.loop_count) >= 0))"",""index_name"":""e3_population_expression_idx"",""node_types"":[""Aggregate"",""Index Scan""],""scan_type"":""Index Scan""}",0.122,21.177,21.713075,2,46,5000
measured,1,30,3200,LOW,M1,505,0.1578125,Index Scan:e3_population_expression_idx,Index Scan,e3_population_expression_idx,90dc592e72c2659e52d4c5b06c4c3f2e5facc96546a449b70a932878eeab1c5a,"{""filter"":null,""index_cond"":""((e3_data.population = 'LOW'::text) AND (e3_dynamic_loop(e3_data.value, e3_data.loop_count) >= 0))"",""index_name"":""e3_population_expression_idx"",""node_types"":[""Aggregate"",""Index Scan""],""scan_type"":""Index Scan""}",0.101,21.092,21.590718,2,64,5000
measured,1,31,50,HIGH,M2,1000,20.0,Index Scan:e3_population_expression_idx,Index Scan,e3_population_expression_idx,53cb1932e002e51fde0eb4d757f44c7f9ef68c4eac464ff6016c5168d8c3562a,"{""filter"":null,""index_cond"":""((e3_data.population = 'HIGH'::text) AND (e3_dynamic_loop(e3_data.value, e3_data.loop_count) >= 0))"",""index_name"":""e3_population_expression_idx"",""node_types"":[""Aggregate"",""Index Scan""],""scan_type"":""Index Scan""}",0.095,1106.687,1107.179389,2,92,5000
measured,1,32,100,LOW,M2,10,0.1,Index Scan:e3_population_expression_idx,Index Scan,e3_population_expression_idx,90dc592e72c2659e52d4c5b06c4c3f2e5facc96546a449b70a932878eeab1c5a,"{""filter"":null,""index_cond"":""((e3_data.population = 'LOW'::text) AND (e3_dynamic_loop(e3_data.value, e3_data.loop_count) >= 0))"",""index_name"":""e3_population_expression_idx"",""node_types"":[""Aggregate"",""Index Scan""],""scan_type"":""Index Scan""}",0.112,39.162,39.624441,2,72,5000
measured,1,33,25,LOW,M2,10,0.4,Index Scan:e3_population_expression_idx,Index Scan,e3_population_expression_idx,90dc592e72c2659e52d4c5b06c4c3f2e5facc96546a449b70a932878eeab1c5a,"{""filter"":null,""index_cond"":""((e3_data.population = 'LOW'::text) AND (e3_dynamic_loop(e3_data.value, e3_data.loop_count) >= 0))"",""index_name"":""e3_population_expression_idx"",""node_types"":[""Aggregate"",""Index Scan""],""scan_type"":""Index Scan""}",0.146,39.906,40.380733,2,96,5000
measured,1,34,6400,HIGH,M2,1000,0.15625,Index Scan:e3_population_expression_idx,Index Scan,e3_population_expression_idx,53cb1932e002e51fde0eb4d757f44c7f9ef68c4eac464ff6016c5168d8c3562a,"{""filter"":null,""index_cond"":""((e3_data.population = 'HIGH'::text) AND (e3_dynamic_loop(e3_data.value, e3_data.loop_count) >= 0))"",""index_name"":""e3_population_expression_idx"",""node_types"":[""Aggregate"",""Index Scan""],""scan_type"":""Index Scan""}",0.129,1188.768,1189.368785,2,160,5000
measured,1,35,200,LOW,M2,10,0.05,Index Scan:e3_population_expression_idx,Index Scan,e3_population_expression_idx,90dc592e72c2659e52d4c5b06c4c3f2e5facc96546a449b70a932878eeab1c5a,"{""filter"":null,""index_cond"":""((e3_data.population = 'LOW'::text) AND (e3_dynamic_loop(e3_data.value, e3_data.loop_count) >= 0))"",""index_name"":""e3_population_expression_idx"",""node_types"":[""Aggregate"",""Index Scan""],""scan_type"":""Index Scan""}",0.124,21.107,21.520488,2,250,5000
measured,1,36,100,HIGH,M1,505,5.05,Index Scan:e3_population_expression_idx,Index Scan,e3_population_expression_idx,53cb1932e002e51fde0eb4d757f44c7f9ef68c4eac464ff6016c5168d8c3562a,"{""filter"":null,""index_cond"":""((e3_data.population = 'HIGH'::text) AND (e3_dynamic_loop(e3_data.value, e3_data.loop_count) >= 0))"",""index_name"":""e3_population_expression_idx"",""node_types"":[""Aggregate"",""Index Scan""],""scan_type"":""Index Scan""}",0.094,1101.06,1101.63508,2,53,5000
measured,2,1,1600,LOW,M1,505,0.315625,Index Scan:e3_population_expression_idx,Index Scan,e3_population_expression_idx,90dc592e72c2659e52d4c5b06c4c3f2e5facc96546a449b70a932878eeab1c5a,"{""filter"":null,""index_cond"":""((e3_data.population = 'LOW'::text) AND (e3_dynamic_loop(e3_data.value, e3_data.loop_count) >= 0))"",""index_name"":""e3_population_expression_idx"",""node_types"":[""Aggregate"",""Index Scan""],""scan_type"":""Index Scan""}",0.107,21.229,21.745452,2,107,5000
measured,2,2,1600,LOW,M2,10,0.00625,Seq Scan,Seq Scan,,98b88408a58947ad980b8fd95e5b82dd04316fa70b49a8d0dbfffc3a63a68d6b,"{""filter"":""((e3_data.population = 'LOW'::text) AND (e3_dynamic_loop(e3_data.value, e3_data.loop_count) >= 0))"",""index_cond"":null,""index_name"":"""",""node_types"":[""Aggregate"",""Seq Scan""],""scan_type"":""Seq Scan""}",0.11,38.609,39.124114,2,80,5000
measured,2,3,6400,HIGH,M1,505,0.07890625,Index Scan:e3_population_expression_idx,Index Scan,e3_population_expression_idx,53cb1932e002e51fde0eb4d757f44c7f9ef68c4eac464ff6016c5168d8c3562a,"{""filter"":null,""index_cond"":""((e3_data.population = 'HIGH'::text) AND (e3_dynamic_loop(e3_data.value, e3_data.loop_count) >= 0))"",""index_name"":""e3_population_expression_idx"",""node_types"":[""Aggregate"",""Index Scan""],""scan_type"":""Index Scan""}",0.097,1127.213,1127.754466,2,42,5000
measured,2,4,200,LOW,M2,10,0.05,Index Scan:e3_population_expression_idx,Index Scan,e3_population_expression_idx,90dc592e72c2659e52d4c5b06c4c3f2e5facc96546a449b70a932878eeab1c5a,"{""filter"":null,""index_cond"":""((e3_data.population = 'LOW'::text) AND (e3_dynamic_loop(e3_data.value, e3_data.loop_count) >= 0))"",""index_name"":""e3_population_expression_idx"",""node_types"":[""Aggregate"",""Index Scan""],""scan_type"":""Index Scan""}",0.113,21.133,21.657663,2,144,5000
measured,2,5,6400,HIGH,M2,1000,0.15625,Index Scan:e3_population_expression_idx,Index Scan,e3_population_expression_idx,53cb1932e002e51fde0eb4d757f44c7f9ef68c4eac464ff6016c5168d8c3562a,"{""filter"":null,""index_cond"":""((e3_data.population = 'HIGH'::text) AND (e3_dynamic_loop(e3_data.value, e3_data.loop_count) >= 0))"",""index_name"":""e3_population_expression_idx"",""node_types"":[""Aggregate"",""Index Scan""],""scan_type"":""Index Scan""}",0.096,1237.645,1238.09626,2,80,5000
measured,2,6,25,LOW,M2,10,0.4,Index Scan:e3_population_expression_idx,Index Scan,e3_population_expression_idx,90dc592e72c2659e52d4c5b06c4c3f2e5facc96546a449b70a932878eeab1c5a,"{""filter"":null,""index_cond"":""((e3_data.population = 'LOW'::text) AND (e3_dynamic_loop(e3_data.value, e3_data.loop_count) >= 0))"",""index_name"":""e3_population_expression_idx"",""node_types"":[""Aggregate"",""Index Scan""],""scan_type"":""Index Scan""}",0.116,21.123,21.631111,2,86,5000
measured,2,7,100,HIGH,M2,1000,10.0,Index Scan:e3_population_expression_idx,Index Scan,e3_population_expression_idx,53cb1932e002e51fde0eb4d757f44c7f9ef68c4eac464ff6016c5168d8c3562a,"{""filter"":null,""index_cond"":""((e3_data.population = 'HIGH'::text) AND (e3_dynamic_loop(e3_data.value, e3_data.loop_count) >= 0))"",""index_name"":""e3_population_expression_idx"",""node_types"":[""Aggregate"",""Index Scan""],""scan_type"":""Index Scan""}",0.099,1110.105,1110.672748,2,84,5000
measured,2,8,200,HIGH,M2,1000,5.0,Index Scan:e3_population_expression_idx,Index Scan,e3_population_expression_idx,53cb1932e002e51fde0eb4d757f44c7f9ef68c4eac464ff6016c5168d8c3562a,"{""filter"":null,""index_cond"":""((e3_data.population = 'HIGH'::text) AND (e3_dynamic_loop(e3_data.value, e3_data.loop_count) >= 0))"",""index_name"":""e3_population_expression_idx"",""node_types"":[""Aggregate"",""Index Scan""],""scan_type"":""Index Scan""}",0.107,1222.585,1223.153372,2,61,5000
measured,2,9,3200,LOW,M2,10,0.003125,Seq Scan,Seq Scan,,98b88408a58947ad980b8fd95e5b82dd04316fa70b49a8d0dbfffc3a63a68d6b,"{""filter"":""((e3_data.population = 'LOW'::text) AND (e3_dynamic_loop(e3_data.value, e3_data.loop_count) >= 0))"",""index_cond"":null,""index_name"":"""",""node_types"":[""Aggregate"",""Seq Scan""],""scan_type"":""Seq Scan""}",0.107,38.774,39.307876,2,57,5000
measured,2,10,400,LOW,M2,10,0.025,Bitmap Heap Scan:e3_population_expression_idx,Bitmap Heap Scan,e3_population_expression_idx,360968da2eeaa0506df7cf6ff7f05a2bce5169153021506237a138326d1ea27f,"{""filter"":null,""index_cond"":null,""index_name"":""e3_population_expression_idx"",""node_types"":[""Aggregate"",""Bitmap Heap Scan"",""Bitmap Index Scan""],""scan_type"":""Bitmap Heap Scan""}",0.1,19.451,19.98439,2,68,5000
measured,2,11,1600,HIGH,M1,505,0.315625,Index Scan:e3_population_expression_idx,Index Scan,e3_population_expression_idx,53cb1932e002e51fde0eb4d757f44c7f9ef68c4eac464ff6016c5168d8c3562a,"{""filter"":null,""index_cond"":""((e3_data.population = 'HIGH'::text) AND (e3_dynamic_loop(e3_data.value, e3_data.loop_count) >= 0))"",""index_name"":""e3_population_expression_idx"",""node_types"":[""Aggregate"",""Index Scan""],""scan_type"":""Index Scan""}",0.105,1109.79,1110.342966,2,54,5000
measured,2,12,50,LOW,M1,505,10.1,Index Scan:e3_population_expression_idx,Index Scan,e3_population_expression_idx,90dc592e72c2659e52d4c5b06c4c3f2e5facc96546a449b70a932878eeab1c5a,"{""filter"":null,""index_cond"":""((e3_data.population = 'LOW'::text) AND (e3_dynamic_loop(e3_data.value, e3_data.loop_count) >= 0))"",""index_name"":""e3_population_expression_idx"",""node_types"":[""Aggregate"",""Index Scan""],""scan_type"":""Index Scan""}",0.105,21.082,21.570048,2,40,5000
measured,2,13,3200,HIGH,M1,505,0.1578125,Index Scan:e3_population_expression_idx,Index Scan,e3_population_expression_idx,53cb1932e002e51fde0eb4d757f44c7f9ef68c4eac464ff6016c5168d8c3562a,"{""filter"":null,""index_cond"":""((e3_data.population = 'HIGH'::text) AND (e3_dynamic_loop(e3_data.value, e3_data.loop_count) >= 0))"",""index_name"":""e3_population_expression_idx"",""node_types"":[""Aggregate"",""Index Scan""],""scan_type"":""Index Scan""}",0.089,1101.721,1102.190914,2,41,5000
measured,2,14,400,HIGH,M2,1000,2.5,Index Scan:e3_population_expression_idx,Index Scan,e3_population_expression_idx,53cb1932e002e51fde0eb4d757f44c7f9ef68c4eac464ff6016c5168d8c3562a,"{""filter"":null,""index_cond"":""((e3_data.population = 'HIGH'::text) AND (e3_dynamic_loop(e3_data.value, e3_data.loop_count) >= 0))"",""index_name"":""e3_population_expression_idx"",""node_types"":[""Aggregate"",""Index Scan""],""scan_type"":""Index Scan""}",0.114,1048.165,1048.748457,2,128,5000
measured,2,15,800,LOW,M2,10,0.0125,Seq Scan,Seq Scan,,98b88408a58947ad980b8fd95e5b82dd04316fa70b49a8d0dbfffc3a63a68d6b,"{""filter"":""((e3_data.population = 'LOW'::text) AND (e3_dynamic_loop(e3_data.value, e3_data.loop_count) >= 0))"",""index_cond"":null,""index_name"":"""",""node_types"":[""Aggregate"",""Seq Scan""],""scan_type"":""Seq Scan""}",0.123,59.715,60.174835,2,65,5000
measured,2,16,800,HIGH,M1,505,0.63125,Index Scan:e3_population_expression_idx,Index Scan,e3_population_expression_idx,53cb1932e002e51fde0eb4d757f44c7f9ef68c4eac464ff6016c5168d8c3562a,"{""filter"":null,""index_cond"":""((e3_data.population = 'HIGH'::text) AND (e3_dynamic_loop(e3_data.value, e3_data.loop_count) >= 0))"",""index_name"":""e3_population_expression_idx"",""node_types"":[""Aggregate"",""Index Scan""],""scan_type"":""Index Scan""}",0.133,1127.311,1127.845457,2,78,5000
measured,2,17,25,LOW,M1,505,20.2,Index Scan:e3_population_expression_idx,Index Scan,e3_population_expression_idx,90dc592e72c2659e52d4c5b06c4c3f2e5facc96546a449b70a932878eeab1c5a,"{""filter"":null,""index_cond"":""((e3_data.population = 'LOW'::text) AND (e3_dynamic_loop(e3_data.value, e3_data.loop_count) >= 0))"",""index_name"":""e3_population_expression_idx"",""node_types"":[""Aggregate"",""Index Scan""],""scan_type"":""Index Scan""}",0.103,21.125,21.603605,2,40,5000
measured,2,18,25,HIGH,M2,1000,40.0,Index Scan:e3_population_expression_idx,Index Scan,e3_population_expression_idx,53cb1932e002e51fde0eb4d757f44c7f9ef68c4eac464ff6016c5168d8c3562a,"{""filter"":null,""index_cond"":""((e3_data.population = 'HIGH'::text) AND (e3_dynamic_loop(e3_data.value, e3_data.loop_count) >= 0))"",""index_name"":""e3_population_expression_idx"",""node_types"":[""Aggregate"",""Index Scan""],""scan_type"":""Index Scan""}",0.091,1247.377,1248.488749,2,80,5000
measured,2,19,800,HIGH,M2,1000,1.25,Index Scan:e3_population_expression_idx,Index Scan,e3_population_expression_idx,53cb1932e002e51fde0eb4d757f44c7f9ef68c4eac464ff6016c5168d8c3562a,"{""filter"":null,""index_cond"":""((e3_data.population = 'HIGH'::text) AND (e3_dynamic_loop(e3_data.value, e3_data.loop_count) >= 0))"",""index_name"":""e3_population_expression_idx"",""node_types"":[""Aggregate"",""Index Scan""],""scan_type"":""Index Scan""}",0.136,1063.902,1064.411474,2,182,5000
measured,2,20,100,HIGH,M1,505,5.05,Index Scan:e3_population_expression_idx,Index Scan,e3_population_expression_idx,53cb1932e002e51fde0eb4d757f44c7f9ef68c4eac464ff6016c5168d8c3562a,"{""filter"":null,""index_cond"":""((e3_data.population = 'HIGH'::text) AND (e3_dynamic_loop(e3_data.value, e3_data.loop_count) >= 0))"",""index_name"":""e3_population_expression_idx"",""node_types"":[""Aggregate"",""Index Scan""],""scan_type"":""Index Scan""}",0.115,1050.063,1050.50123,2,122,5000
measured,2,21,400,LOW,M1,505,1.2625,Index Scan:e3_population_expression_idx,Index Scan,e3_population_expression_idx,90dc592e72c2659e52d4c5b06c4c3f2e5facc96546a449b70a932878eeab1c5a,"{""filter"":null,""index_cond"":""((e3_data.population = 'LOW'::text) AND (e3_dynamic_loop(e3_data.value, e3_data.loop_count) >= 0))"",""index_name"":""e3_population_expression_idx"",""node_types"":[""Aggregate"",""Index Scan""],""scan_type"":""Index Scan""}",0.102,21.445,21.81378,2,41,5000
measured,2,22,3200,HIGH,M2,1000,0.3125,Index Scan:e3_population_expression_idx,Index Scan,e3_population_expression_idx,53cb1932e002e51fde0eb4d757f44c7f9ef68c4eac464ff6016c5168d8c3562a,"{""filter"":null,""index_cond"":""((e3_data.population = 'HIGH'::text) AND (e3_dynamic_loop(e3_data.value, e3_data.loop_count) >= 0))"",""index_name"":""e3_population_expression_idx"",""node_types"":[""Aggregate"",""Index Scan""],""scan_type"":""Index Scan""}",0.087,1119.501,1119.983508,2,67,5000
measured,2,23,25,HIGH,M1,505,20.2,Index Scan:e3_population_expression_idx,Index Scan,e3_population_expression_idx,53cb1932e002e51fde0eb4d757f44c7f9ef68c4eac464ff6016c5168d8c3562a,"{""filter"":null,""index_cond"":""((e3_data.population = 'HIGH'::text) AND (e3_dynamic_loop(e3_data.value, e3_data.loop_count) >= 0))"",""index_name"":""e3_population_expression_idx"",""node_types"":[""Aggregate"",""Index Scan""],""scan_type"":""Index Scan""}",0.149,1077.249,1077.875816,2,267,5000
measured,2,24,200,HIGH,M1,505,2.525,Index Scan:e3_population_expression_idx,Index Scan,e3_population_expression_idx,53cb1932e002e51fde0eb4d757f44c7f9ef68c4eac464ff6016c5168d8c3562a,"{""filter"":null,""index_cond"":""((e3_data.population = 'HIGH'::text) AND (e3_dynamic_loop(e3_data.value, e3_data.loop_count) >= 0))"",""index_name"":""e3_population_expression_idx"",""node_types"":[""Aggregate"",""Index Scan""],""scan_type"":""Index Scan""}",0.111,1002.14,1002.668456,2,39,5000
measured,2,25,800,LOW,M1,505,0.63125,Index Scan:e3_population_expression_idx,Index Scan,e3_population_expression_idx,90dc592e72c2659e52d4c5b06c4c3f2e5facc96546a449b70a932878eeab1c5a,"{""filter"":null,""index_cond"":""((e3_data.population = 'LOW'::text) AND (e3_dynamic_loop(e3_data.value, e3_data.loop_count) >= 0))"",""index_name"":""e3_population_expression_idx"",""node_types"":[""Aggregate"",""Index Scan""],""scan_type"":""Index Scan""}",0.099,21.568,22.01304,2,119,5000
measured,2,26,6400,LOW,M2,10,0.0015625,Seq Scan,Seq Scan,,98b88408a58947ad980b8fd95e5b82dd04316fa70b49a8d0dbfffc3a63a68d6b,"{""filter"":""((e3_data.population = 'LOW'::text) AND (e3_dynamic_loop(e3_data.value, e3_data.loop_count) >= 0))"",""index_cond"":null,""index_name"":"""",""node_types"":[""Aggregate"",""Seq Scan""],""scan_type"":""Seq Scan""}",0.083,38.61,39.108876,2,70,5000
measured,2,27,3200,LOW,M1,505,0.1578125,Index Scan:e3_population_expression_idx,Index Scan,e3_population_expression_idx,90dc592e72c2659e52d4c5b06c4c3f2e5facc96546a449b70a932878eeab1c5a,"{""filter"":null,""index_cond"":""((e3_data.population = 'LOW'::text) AND (e3_dynamic_loop(e3_data.value, e3_data.loop_count) >= 0))"",""index_name"":""e3_population_expression_idx"",""node_types"":[""Aggregate"",""Index Scan""],""scan_type"":""Index Scan""}",0.083,20.811,21.254827,2,285,5000
measured,2,28,400,HIGH,M1,505,1.2625,Index Scan:e3_population_expression_idx,Index Scan,e3_population_expression_idx,53cb1932e002e51fde0eb4d757f44c7f9ef68c4eac464ff6016c5168d8c3562a,"{""filter"":null,""index_cond"":""((e3_data.population = 'HIGH'::text) AND (e3_dynamic_loop(e3_data.value, e3_data.loop_count) >= 0))"",""index_name"":""e3_population_expression_idx"",""node_types"":[""Aggregate"",""Index Scan""],""scan_type"":""Index Scan""}",0.079,1053.568,1054.103895,2,42,5000
measured,2,29,200,LOW,M1,505,2.525,Index Scan:e3_population_expression_idx,Index Scan,e3_population_expression_idx,90dc592e72c2659e52d4c5b06c4c3f2e5facc96546a449b70a932878eeab1c5a,"{""filter"":null,""index_cond"":""((e3_data.population = 'LOW'::text) AND (e3_dynamic_loop(e3_data.value, e3_data.loop_count) >= 0))"",""index_name"":""e3_population_expression_idx"",""node_types"":[""Aggregate"",""Index Scan""],""scan_type"":""Index Scan""}",0.107,21.105,21.5634,2,41,5000
measured,2,30,6400,LOW,M1,505,0.07890625,Index Scan:e3_population_expression_idx,Index Scan,e3_population_expression_idx,90dc592e72c2659e52d4c5b06c4c3f2e5facc96546a449b70a932878eeab1c5a,"{""filter"":null,""index_cond"":""((e3_data.population = 'LOW'::text) AND (e3_dynamic_loop(e3_data.value, e3_data.loop_count) >= 0))"",""index_name"":""e3_population_expression_idx"",""node_types"":[""Aggregate"",""Index Scan""],""scan_type"":""Index Scan""}",0.092,21.321,21.706303,2,40,5000
measured,2,31,50,HIGH,M2,1000,20.0,Index Scan:e3_population_expression_idx,Index Scan,e3_population_expression_idx,53cb1932e002e51fde0eb4d757f44c7f9ef68c4eac464ff6016c5168d8c3562a,"{""filter"":null,""index_cond"":""((e3_data.population = 'HIGH'::text) AND (e3_dynamic_loop(e3_data.value, e3_data.loop_count) >= 0))"",""index_name"":""e3_population_expression_idx"",""node_types"":[""Aggregate"",""Index Scan""],""scan_type"":""Index Scan""}",0.147,1126.252,1126.872867,2,382,5000
measured,2,32,100,LOW,M2,10,0.1,Index Scan:e3_population_expression_idx,Index Scan,e3_population_expression_idx,90dc592e72c2659e52d4c5b06c4c3f2e5facc96546a449b70a932878eeab1c5a,"{""filter"":null,""index_cond"":""((e3_data.population = 'LOW'::text) AND (e3_dynamic_loop(e3_data.value, e3_data.loop_count) >= 0))"",""index_name"":""e3_population_expression_idx"",""node_types"":[""Aggregate"",""Index Scan""],""scan_type"":""Index Scan""}",0.109,21.168,21.701577,2,83,5000
measured,2,33,50,LOW,M2,10,0.2,Index Scan:e3_population_expression_idx,Index Scan,e3_population_expression_idx,90dc592e72c2659e52d4c5b06c4c3f2e5facc96546a449b70a932878eeab1c5a,"{""filter"":null,""index_cond"":""((e3_data.population = 'LOW'::text) AND (e3_dynamic_loop(e3_data.value, e3_data.loop_count) >= 0))"",""index_name"":""e3_population_expression_idx"",""node_types"":[""Aggregate"",""Index Scan""],""scan_type"":""Index Scan""}",0.099,21.094,21.569527,2,56,5000
measured,2,34,50,HIGH,M1,505,10.1,Index Scan:e3_population_expression_idx,Index Scan,e3_population_expression_idx,53cb1932e002e51fde0eb4d757f44c7f9ef68c4eac464ff6016c5168d8c3562a,"{""filter"":null,""index_cond"":""((e3_data.population = 'HIGH'::text) AND (e3_dynamic_loop(e3_data.value, e3_data.loop_count) >= 0))"",""index_name"":""e3_population_expression_idx"",""node_types"":[""Aggregate"",""Index Scan""],""scan_type"":""Index Scan""}",0.084,1150.641,1151.092155,2,61,5000
measured,2,35,1600,HIGH,M2,1000,0.625,Index Scan:e3_population_expression_idx,Index Scan,e3_population_expression_idx,53cb1932e002e51fde0eb4d757f44c7f9ef68c4eac464ff6016c5168d8c3562a,"{""filter"":null,""index_cond"":""((e3_data.population = 'HIGH'::text) AND (e3_dynamic_loop(e3_data.value, e3_data.loop_count) >= 0))"",""index_name"":""e3_population_expression_idx"",""node_types"":[""Aggregate"",""Index Scan""],""scan_type"":""Index Scan""}",0.108,1100.476,1100.971875,2,89,5000
measured,2,36,100,LOW,M1,505,5.05,Index Scan:e3_population_expression_idx,Index Scan,e3_population_expression_idx,90dc592e72c2659e52d4c5b06c4c3f2e5facc96546a449b70a932878eeab1c5a,"{""filter"":null,""index_cond"":""((e3_data.population = 'LOW'::text) AND (e3_dynamic_loop(e3_data.value, e3_data.loop_count) >= 0))"",""index_name"":""e3_population_expression_idx"",""node_types"":[""Aggregate"",""Index Scan""],""scan_type"":""Index Scan""}",0.105,21.56,22.031593,2,49,5000
measured,3,1,6400,LOW,M2,10,0.0015625,Seq Scan,Seq Scan,,98b88408a58947ad980b8fd95e5b82dd04316fa70b49a8d0dbfffc3a63a68d6b,"{""filter"":""((e3_data.population = 'LOW'::text) AND (e3_dynamic_loop(e3_data.value, e3_data.loop_count) >= 0))"",""index_cond"":null,""index_name"":"""",""node_types"":[""Aggregate"",""Seq Scan""],""scan_type"":""Seq Scan""}",0.092,38.908,39.349758,2,70,5000
measured,3,2,25,LOW,M1,505,20.2,Index Scan:e3_population_expression_idx,Index Scan,e3_population_expression_idx,90dc592e72c2659e52d4c5b06c4c3f2e5facc96546a449b70a932878eeab1c5a,"{""filter"":null,""index_cond"":""((e3_data.population = 'LOW'::text) AND (e3_dynamic_loop(e3_data.value, e3_data.loop_count) >= 0))"",""index_name"":""e3_population_expression_idx"",""node_types"":[""Aggregate"",""Index Scan""],""scan_type"":""Index Scan""}",0.108,21.181,21.631367,2,125,5000
measured,3,3,50,HIGH,M1,505,10.1,Index Scan:e3_population_expression_idx,Index Scan,e3_population_expression_idx,53cb1932e002e51fde0eb4d757f44c7f9ef68c4eac464ff6016c5168d8c3562a,"{""filter"":null,""index_cond"":""((e3_data.population = 'HIGH'::text) AND (e3_dynamic_loop(e3_data.value, e3_data.loop_count) >= 0))"",""index_name"":""e3_population_expression_idx"",""node_types"":[""Aggregate"",""Index Scan""],""scan_type"":""Index Scan""}",0.095,995.205,995.70572,2,41,5000
measured,3,4,800,LOW,M1,505,0.63125,Index Scan:e3_population_expression_idx,Index Scan,e3_population_expression_idx,90dc592e72c2659e52d4c5b06c4c3f2e5facc96546a449b70a932878eeab1c5a,"{""filter"":null,""index_cond"":""((e3_data.population = 'LOW'::text) AND (e3_dynamic_loop(e3_data.value, e3_data.loop_count) >= 0))"",""index_name"":""e3_population_expression_idx"",""node_types"":[""Aggregate"",""Index Scan""],""scan_type"":""Index Scan""}",0.102,21.267,21.732343,2,57,5000
measured,3,5,6400,HIGH,M1,505,0.07890625,Index Scan:e3_population_expression_idx,Index Scan,e3_population_expression_idx,53cb1932e002e51fde0eb4d757f44c7f9ef68c4eac464ff6016c5168d8c3562a,"{""filter"":null,""index_cond"":""((e3_data.population = 'HIGH'::text) AND (e3_dynamic_loop(e3_data.value, e3_data.loop_count) >= 0))"",""index_name"":""e3_population_expression_idx"",""node_types"":[""Aggregate"",""Index Scan""],""scan_type"":""Index Scan""}",0.094,995.36,995.909353,2,40,5000
measured,3,6,50,LOW,M2,10,0.2,Index Scan:e3_population_expression_idx,Index Scan,e3_population_expression_idx,90dc592e72c2659e52d4c5b06c4c3f2e5facc96546a449b70a932878eeab1c5a,"{""filter"":null,""index_cond"":""((e3_data.population = 'LOW'::text) AND (e3_dynamic_loop(e3_data.value, e3_data.loop_count) >= 0))"",""index_name"":""e3_population_expression_idx"",""node_types"":[""Aggregate"",""Index Scan""],""scan_type"":""Index Scan""}",0.108,21.439,21.948915,2,83,5000
measured,3,7,400,HIGH,M2,1000,2.5,Index Scan:e3_population_expression_idx,Index Scan,e3_population_expression_idx,53cb1932e002e51fde0eb4d757f44c7f9ef68c4eac464ff6016c5168d8c3562a,"{""filter"":null,""index_cond"":""((e3_data.population = 'HIGH'::text) AND (e3_dynamic_loop(e3_data.value, e3_data.loop_count) >= 0))"",""index_name"":""e3_population_expression_idx"",""node_types"":[""Aggregate"",""Index Scan""],""scan_type"":""Index Scan""}",0.1,994.974,995.531589,2,77,5000
measured,3,8,800,LOW,M2,10,0.0125,Seq Scan,Seq Scan,,98b88408a58947ad980b8fd95e5b82dd04316fa70b49a8d0dbfffc3a63a68d6b,"{""filter"":""((e3_data.population = 'LOW'::text) AND (e3_dynamic_loop(e3_data.value, e3_data.loop_count) >= 0))"",""index_cond"":null,""index_name"":"""",""node_types"":[""Aggregate"",""Seq Scan""],""scan_type"":""Seq Scan""}",0.103,38.714,39.21565,2,77,5000
measured,3,9,800,HIGH,M1,505,0.63125,Index Scan:e3_population_expression_idx,Index Scan,e3_population_expression_idx,53cb1932e002e51fde0eb4d757f44c7f9ef68c4eac464ff6016c5168d8c3562a,"{""filter"":null,""index_cond"":""((e3_data.population = 'HIGH'::text) AND (e3_dynamic_loop(e3_data.value, e3_data.loop_count) >= 0))"",""index_name"":""e3_population_expression_idx"",""node_types"":[""Aggregate"",""Index Scan""],""scan_type"":""Index Scan""}",0.091,1004.604,1005.165367,2,41,5000
measured,3,10,200,HIGH,M1,505,2.525,Index Scan:e3_population_expression_idx,Index Scan,e3_population_expression_idx,53cb1932e002e51fde0eb4d757f44c7f9ef68c4eac464ff6016c5168d8c3562a,"{""filter"":null,""index_cond"":""((e3_data.population = 'HIGH'::text) AND (e3_dynamic_loop(e3_data.value, e3_data.loop_count) >= 0))"",""index_name"":""e3_population_expression_idx"",""node_types"":[""Aggregate"",""Index Scan""],""scan_type"":""Index Scan""}",0.125,1087.042,1087.635791,2,60,5000
measured,3,11,6400,HIGH,M2,1000,0.15625,Index Scan:e3_population_expression_idx,Index Scan,e3_population_expression_idx,53cb1932e002e51fde0eb4d757f44c7f9ef68c4eac464ff6016c5168d8c3562a,"{""filter"":null,""index_cond"":""((e3_data.population = 'HIGH'::text) AND (e3_dynamic_loop(e3_data.value, e3_data.loop_count) >= 0))"",""index_name"":""e3_population_expression_idx"",""node_types"":[""Aggregate"",""Index Scan""],""scan_type"":""Index Scan""}",0.12,1052.03,1052.60928,2,147,5000
measured,3,12,3200,HIGH,M1,505,0.1578125,Index Scan:e3_population_expression_idx,Index Scan,e3_population_expression_idx,53cb1932e002e51fde0eb4d757f44c7f9ef68c4eac464ff6016c5168d8c3562a,"{""filter"":null,""index_cond"":""((e3_data.population = 'HIGH'::text) AND (e3_dynamic_loop(e3_data.value, e3_data.loop_count) >= 0))"",""index_name"":""e3_population_expression_idx"",""node_types"":[""Aggregate"",""Index Scan""],""scan_type"":""Index Scan""}",0.11,1032.41,1032.962682,2,41,5000
measured,3,13,1600,LOW,M2,10,0.00625,Seq Scan,Seq Scan,,98b88408a58947ad980b8fd95e5b82dd04316fa70b49a8d0dbfffc3a63a68d6b,"{""filter"":""((e3_data.population = 'LOW'::text) AND (e3_dynamic_loop(e3_data.value, e3_data.loop_count) >= 0))"",""index_cond"":null,""index_name"":"""",""node_types"":[""Aggregate"",""Seq Scan""],""scan_type"":""Seq Scan""}",0.105,38.442,38.93035,2,97,5000
measured,3,14,25,HIGH,M1,505,20.2,Index Scan:e3_population_expression_idx,Index Scan,e3_population_expression_idx,53cb1932e002e51fde0eb4d757f44c7f9ef68c4eac464ff6016c5168d8c3562a,"{""filter"":null,""index_cond"":""((e3_data.population = 'HIGH'::text) AND (e3_dynamic_loop(e3_data.value, e3_data.loop_count) >= 0))"",""index_name"":""e3_population_expression_idx"",""node_types"":[""Aggregate"",""Index Scan""],""scan_type"":""Index Scan""}",0.095,1001.146,1001.622396,2,579,5000
measured,3,15,25,LOW,M2,10,0.4,Index Scan:e3_population_expression_idx,Index Scan,e3_population_expression_idx,90dc592e72c2659e52d4c5b06c4c3f2e5facc96546a449b70a932878eeab1c5a,"{""filter"":null,""index_cond"":""((e3_data.population = 'LOW'::text) AND (e3_dynamic_loop(e3_data.value, e3_data.loop_count) >= 0))"",""index_name"":""e3_population_expression_idx"",""node_types"":[""Aggregate"",""Index Scan""],""scan_type"":""Index Scan""}",0.109,21.386,21.840516,2,173,5000
measured,3,16,6400,LOW,M1,505,0.07890625,Index Scan:e3_population_expression_idx,Index Scan,e3_population_expression_idx,90dc592e72c2659e52d4c5b06c4c3f2e5facc96546a449b70a932878eeab1c5a,"{""filter"":null,""index_cond"":""((e3_data.population = 'LOW'::text) AND (e3_dynamic_loop(e3_data.value, e3_data.loop_count) >= 0))"",""index_name"":""e3_population_expression_idx"",""node_types"":[""Aggregate"",""Index Scan""],""scan_type"":""Index Scan""}",0.104,21.416,21.841013,2,49,5000
measured,3,17,100,HIGH,M1,505,5.05,Index Scan:e3_population_expression_idx,Index Scan,e3_population_expression_idx,53cb1932e002e51fde0eb4d757f44c7f9ef68c4eac464ff6016c5168d8c3562a,"{""filter"":null,""index_cond"":""((e3_data.population = 'HIGH'::text) AND (e3_dynamic_loop(e3_data.value, e3_data.loop_count) >= 0))"",""index_name"":""e3_population_expression_idx"",""node_types"":[""Aggregate"",""Index Scan""],""scan_type"":""Index Scan""}",0.093,1003.067,1003.593742,2,50,5000
measured,3,18,1600,HIGH,M2,1000,0.625,Index Scan:e3_population_expression_idx,Index Scan,e3_population_expression_idx,53cb1932e002e51fde0eb4d757f44c7f9ef68c4eac464ff6016c5168d8c3562a,"{""filter"":null,""index_cond"":""((e3_data.population = 'HIGH'::text) AND (e3_dynamic_loop(e3_data.value, e3_data.loop_count) >= 0))"",""index_name"":""e3_population_expression_idx"",""node_types"":[""Aggregate"",""Index Scan""],""scan_type"":""Index Scan""}",0.106,1005.247,1005.828656,2,58,5000
measured,3,19,50,HIGH,M2,1000,20.0,Index Scan:e3_population_expression_idx,Index Scan,e3_population_expression_idx,53cb1932e002e51fde0eb4d757f44c7f9ef68c4eac464ff6016c5168d8c3562a,"{""filter"":null,""index_cond"":""((e3_data.population = 'HIGH'::text) AND (e3_dynamic_loop(e3_data.value, e3_data.loop_count) >= 0))"",""index_name"":""e3_population_expression_idx"",""node_types"":[""Aggregate"",""Index Scan""],""scan_type"":""Index Scan""}",0.108,1001.536,1002.129797,2,55,5000
measured,3,20,100,LOW,M1,505,5.05,Index Scan:e3_population_expression_idx,Index Scan,e3_population_expression_idx,90dc592e72c2659e52d4c5b06c4c3f2e5facc96546a449b70a932878eeab1c5a,"{""filter"":null,""index_cond"":""((e3_data.population = 'LOW'::text) AND (e3_dynamic_loop(e3_data.value, e3_data.loop_count) >= 0))"",""index_name"":""e3_population_expression_idx"",""node_types"":[""Aggregate"",""Index Scan""],""scan_type"":""Index Scan""}",0.117,21.286,21.732026,2,138,5000
measured,3,21,800,HIGH,M2,1000,1.25,Index Scan:e3_population_expression_idx,Index Scan,e3_population_expression_idx,53cb1932e002e51fde0eb4d757f44c7f9ef68c4eac464ff6016c5168d8c3562a,"{""filter"":null,""index_cond"":""((e3_data.population = 'HIGH'::text) AND (e3_dynamic_loop(e3_data.value, e3_data.loop_count) >= 0))"",""index_name"":""e3_population_expression_idx"",""node_types"":[""Aggregate"",""Index Scan""],""scan_type"":""Index Scan""}",0.093,1005.962,1006.435411,2,76,5000
measured,3,22,200,LOW,M2,10,0.05,Index Scan:e3_population_expression_idx,Index Scan,e3_population_expression_idx,90dc592e72c2659e52d4c5b06c4c3f2e5facc96546a449b70a932878eeab1c5a,"{""filter"":null,""index_cond"":""((e3_data.population = 'LOW'::text) AND (e3_dynamic_loop(e3_data.value, e3_data.loop_count) >= 0))"",""index_name"":""e3_population_expression_idx"",""node_types"":[""Aggregate"",""Index Scan""],""scan_type"":""Index Scan""}",0.105,22.901,23.333632,2,83,5000
measured,3,23,1600,LOW,M1,505,0.315625,Index Scan:e3_population_expression_idx,Index Scan,e3_population_expression_idx,90dc592e72c2659e52d4c5b06c4c3f2e5facc96546a449b70a932878eeab1c5a,"{""filter"":null,""index_cond"":""((e3_data.population = 'LOW'::text) AND (e3_dynamic_loop(e3_data.value, e3_data.loop_count) >= 0))"",""index_name"":""e3_population_expression_idx"",""node_types"":[""Aggregate"",""Index Scan""],""scan_type"":""Index Scan""}",0.121,23.486,23.931605,2,76,5000
measured,3,24,3200,LOW,M2,10,0.003125,Seq Scan,Seq Scan,,98b88408a58947ad980b8fd95e5b82dd04316fa70b49a8d0dbfffc3a63a68d6b,"{""filter"":""((e3_data.population = 'LOW'::text) AND (e3_dynamic_loop(e3_data.value, e3_data.loop_count) >= 0))"",""index_cond"":null,""index_name"":"""",""node_types"":[""Aggregate"",""Seq Scan""],""scan_type"":""Seq Scan""}",0.094,38.81,39.215241,2,52,5000
measured,3,25,200,LOW,M1,505,2.525,Index Scan:e3_population_expression_idx,Index Scan,e3_population_expression_idx,90dc592e72c2659e52d4c5b06c4c3f2e5facc96546a449b70a932878eeab1c5a,"{""filter"":null,""index_cond"":""((e3_data.population = 'LOW'::text) AND (e3_dynamic_loop(e3_data.value, e3_data.loop_count) >= 0))"",""index_name"":""e3_population_expression_idx"",""node_types"":[""Aggregate"",""Index Scan""],""scan_type"":""Index Scan""}",0.102,20.976,21.352205,2,48,5000
measured,3,26,200,HIGH,M2,1000,5.0,Index Scan:e3_population_expression_idx,Index Scan,e3_population_expression_idx,53cb1932e002e51fde0eb4d757f44c7f9ef68c4eac464ff6016c5168d8c3562a,"{""filter"":null,""index_cond"":""((e3_data.population = 'HIGH'::text) AND (e3_dynamic_loop(e3_data.value, e3_data.loop_count) >= 0))"",""index_name"":""e3_population_expression_idx"",""node_types"":[""Aggregate"",""Index Scan""],""scan_type"":""Index Scan""}",0.086,999.914,1000.348371,2,78,5000
measured,3,27,1600,HIGH,M1,505,0.315625,Index Scan:e3_population_expression_idx,Index Scan,e3_population_expression_idx,53cb1932e002e51fde0eb4d757f44c7f9ef68c4eac464ff6016c5168d8c3562a,"{""filter"":null,""index_cond"":""((e3_data.population = 'HIGH'::text) AND (e3_dynamic_loop(e3_data.value, e3_data.loop_count) >= 0))"",""index_name"":""e3_population_expression_idx"",""node_types"":[""Aggregate"",""Index Scan""],""scan_type"":""Index Scan""}",0.102,1049.103,1049.572664,2,133,5000
measured,3,28,400,HIGH,M1,505,1.2625,Index Scan:e3_population_expression_idx,Index Scan,e3_population_expression_idx,53cb1932e002e51fde0eb4d757f44c7f9ef68c4eac464ff6016c5168d8c3562a,"{""filter"":null,""index_cond"":""((e3_data.population = 'HIGH'::text) AND (e3_dynamic_loop(e3_data.value, e3_data.loop_count) >= 0))"",""index_name"":""e3_population_expression_idx"",""node_types"":[""Aggregate"",""Index Scan""],""scan_type"":""Index Scan""}",0.104,994.654,995.122746,2,40,5000
measured,3,29,3200,HIGH,M2,1000,0.3125,Index Scan:e3_population_expression_idx,Index Scan,e3_population_expression_idx,53cb1932e002e51fde0eb4d757f44c7f9ef68c4eac464ff6016c5168d8c3562a,"{""filter"":null,""index_cond"":""((e3_data.population = 'HIGH'::text) AND (e3_dynamic_loop(e3_data.value, e3_data.loop_count) >= 0))"",""index_name"":""e3_population_expression_idx"",""node_types"":[""Aggregate"",""Index Scan""],""scan_type"":""Index Scan""}",0.112,994.443,994.91509,2,76,5000
measured,3,30,100,LOW,M2,10,0.1,Index Scan:e3_population_expression_idx,Index Scan,e3_population_expression_idx,90dc592e72c2659e52d4c5b06c4c3f2e5facc96546a449b70a932878eeab1c5a,"{""filter"":null,""index_cond"":""((e3_data.population = 'LOW'::text) AND (e3_dynamic_loop(e3_data.value, e3_data.loop_count) >= 0))"",""index_name"":""e3_population_expression_idx"",""node_types"":[""Aggregate"",""Index Scan""],""scan_type"":""Index Scan""}",0.1,21.406,21.812463,2,67,5000
measured,3,31,100,HIGH,M2,1000,10.0,Index Scan:e3_population_expression_idx,Index Scan,e3_population_expression_idx,53cb1932e002e51fde0eb4d757f44c7f9ef68c4eac464ff6016c5168d8c3562a,"{""filter"":null,""index_cond"":""((e3_data.population = 'HIGH'::text) AND (e3_dynamic_loop(e3_data.value, e3_data.loop_count) >= 0))"",""index_name"":""e3_population_expression_idx"",""node_types"":[""Aggregate"",""Index Scan""],""scan_type"":""Index Scan""}",0.09,994.577,995.044105,2,65,5000
measured,3,32,25,HIGH,M2,1000,40.0,Index Scan:e3_population_expression_idx,Index Scan,e3_population_expression_idx,53cb1932e002e51fde0eb4d757f44c7f9ef68c4eac464ff6016c5168d8c3562a,"{""filter"":null,""index_cond"":""((e3_data.population = 'HIGH'::text) AND (e3_dynamic_loop(e3_data.value, e3_data.loop_count) >= 0))"",""index_name"":""e3_population_expression_idx"",""node_types"":[""Aggregate"",""Index Scan""],""scan_type"":""Index Scan""}",0.1,995.208,995.670015,2,138,5000
measured,3,33,50,LOW,M1,505,10.1,Index Scan:e3_population_expression_idx,Index Scan,e3_population_expression_idx,90dc592e72c2659e52d4c5b06c4c3f2e5facc96546a449b70a932878eeab1c5a,"{""filter"":null,""index_cond"":""((e3_data.population = 'LOW'::text) AND (e3_dynamic_loop(e3_data.value, e3_data.loop_count) >= 0))"",""index_name"":""e3_population_expression_idx"",""node_types"":[""Aggregate"",""Index Scan""],""scan_type"":""Index Scan""}",0.106,21.257,21.687928,2,128,5000
measured,3,34,400,LOW,M1,505,1.2625,Index Scan:e3_population_expression_idx,Index Scan,e3_population_expression_idx,90dc592e72c2659e52d4c5b06c4c3f2e5facc96546a449b70a932878eeab1c5a,"{""filter"":null,""index_cond"":""((e3_data.population = 'LOW'::text) AND (e3_dynamic_loop(e3_data.value, e3_data.loop_count) >= 0))"",""index_name"":""e3_population_expression_idx"",""node_types"":[""Aggregate"",""Index Scan""],""scan_type"":""Index Scan""}",0.1,21.171,21.592538,2,57,5000
measured,3,35,3200,LOW,M1,505,0.1578125,Index Scan:e3_population_expression_idx,Index Scan,e3_population_expression_idx,90dc592e72c2659e52d4c5b06c4c3f2e5facc96546a449b70a932878eeab1c5a,"{""filter"":null,""index_cond"":""((e3_data.population = 'LOW'::text) AND (e3_dynamic_loop(e3_data.value, e3_data.loop_count) >= 0))"",""index_name"":""e3_population_expression_idx"",""node_types"":[""Aggregate"",""Index Scan""],""scan_type"":""Index Scan""}",0.09,21.151,21.546285,2,41,5000
measured,3,36,400,LOW,M2,10,0.025,Bitmap Heap Scan:e3_population_expression_idx,Bitmap Heap Scan,e3_population_expression_idx,360968da2eeaa0506df7cf6ff7f05a2bce5169153021506237a138326d1ea27f,"{""filter"":null,""index_cond"":null,""index_name"":""e3_population_expression_idx"",""node_types"":[""Aggregate"",""Bitmap Heap Scan"",""Bitmap Index Scan""],""scan_type"":""Bitmap Heap Scan""}",0.092,19.534,19.937158,2,66,5000
measured,4,1,50,HIGH,M2,1000,20.0,Index Scan:e3_population_expression_idx,Index Scan,e3_population_expression_idx,53cb1932e002e51fde0eb4d757f44c7f9ef68c4eac464ff6016c5168d8c3562a,"{""filter"":null,""index_cond"":""((e3_data.population = 'HIGH'::text) AND (e3_dynamic_loop(e3_data.value, e3_data.loop_count) >= 0))"",""index_name"":""e3_population_expression_idx"",""node_types"":[""Aggregate"",""Index Scan""],""scan_type"":""Index Scan""}",0.088,994.649,995.091548,2,71,5000
measured,4,2,800,HIGH,M1,505,0.63125,Index Scan:e3_population_expression_idx,Index Scan,e3_population_expression_idx,53cb1932e002e51fde0eb4d757f44c7f9ef68c4eac464ff6016c5168d8c3562a,"{""filter"":null,""index_cond"":""((e3_data.population = 'HIGH'::text) AND (e3_dynamic_loop(e3_data.value, e3_data.loop_count) >= 0))"",""index_name"":""e3_population_expression_idx"",""node_types"":[""Aggregate"",""Index Scan""],""scan_type"":""Index Scan""}",0.113,995.283,995.859821,2,90,5000
measured,4,3,25,HIGH,M2,1000,40.0,Index Scan:e3_population_expression_idx,Index Scan,e3_population_expression_idx,53cb1932e002e51fde0eb4d757f44c7f9ef68c4eac464ff6016c5168d8c3562a,"{""filter"":null,""index_cond"":""((e3_data.population = 'HIGH'::text) AND (e3_dynamic_loop(e3_data.value, e3_data.loop_count) >= 0))"",""index_name"":""e3_population_expression_idx"",""node_types"":[""Aggregate"",""Index Scan""],""scan_type"":""Index Scan""}",0.109,995.063,995.548605,2,70,5000
measured,4,4,25,LOW,M1,505,20.2,Index Scan:e3_population_expression_idx,Index Scan,e3_population_expression_idx,90dc592e72c2659e52d4c5b06c4c3f2e5facc96546a449b70a932878eeab1c5a,"{""filter"":null,""index_cond"":""((e3_data.population = 'LOW'::text) AND (e3_dynamic_loop(e3_data.value, e3_data.loop_count) >= 0))"",""index_name"":""e3_population_expression_idx"",""node_types"":[""Aggregate"",""Index Scan""],""scan_type"":""Index Scan""}",0.109,21.088,21.453705,2,95,5000
measured,4,5,6400,LOW,M1,505,0.07890625,Index Scan:e3_population_expression_idx,Index Scan,e3_population_expression_idx,90dc592e72c2659e52d4c5b06c4c3f2e5facc96546a449b70a932878eeab1c5a,"{""filter"":null,""index_cond"":""((e3_data.population = 'LOW'::text) AND (e3_dynamic_loop(e3_data.value, e3_data.loop_count) >= 0))"",""index_name"":""e3_population_expression_idx"",""node_types"":[""Aggregate"",""Index Scan""],""scan_type"":""Index Scan""}",0.081,20.933,21.248805,2,53,5000
measured,4,6,6400,HIGH,M1,505,0.07890625,Index Scan:e3_population_expression_idx,Index Scan,e3_population_expression_idx,53cb1932e002e51fde0eb4d757f44c7f9ef68c4eac464ff6016c5168d8c3562a,"{""filter"":null,""index_cond"":""((e3_data.population = 'HIGH'::text) AND (e3_dynamic_loop(e3_data.value, e3_data.loop_count) >= 0))"",""index_name"":""e3_population_expression_idx"",""node_types"":[""Aggregate"",""Index Scan""],""scan_type"":""Index Scan""}",0.076,995.286,995.797687,2,42,5000
measured,4,7,50,LOW,M2,10,0.2,Index Scan:e3_population_expression_idx,Index Scan,e3_population_expression_idx,90dc592e72c2659e52d4c5b06c4c3f2e5facc96546a449b70a932878eeab1c5a,"{""filter"":null,""index_cond"":""((e3_data.population = 'LOW'::text) AND (e3_dynamic_loop(e3_data.value, e3_data.loop_count) >= 0))"",""index_name"":""e3_population_expression_idx"",""node_types"":[""Aggregate"",""Index Scan""],""scan_type"":""Index Scan""}",0.115,21.234,21.74012,2,92,5000
measured,4,8,3200,HIGH,M2,1000,0.3125,Index Scan:e3_population_expression_idx,Index Scan,e3_population_expression_idx,53cb1932e002e51fde0eb4d757f44c7f9ef68c4eac464ff6016c5168d8c3562a,"{""filter"":null,""index_cond"":""((e3_data.population = 'HIGH'::text) AND (e3_dynamic_loop(e3_data.value, e3_data.loop_count) >= 0))"",""index_name"":""e3_population_expression_idx"",""node_types"":[""Aggregate"",""Index Scan""],""scan_type"":""Index Scan""}",0.093,996.125,996.669658,2,70,5000
measured,4,9,6400,HIGH,M2,1000,0.15625,Index Scan:e3_population_expression_idx,Index Scan,e3_population_expression_idx,53cb1932e002e51fde0eb4d757f44c7f9ef68c4eac464ff6016c5168d8c3562a,"{""filter"":null,""index_cond"":""((e3_data.population = 'HIGH'::text) AND (e3_dynamic_loop(e3_data.value, e3_data.loop_count) >= 0))"",""index_name"":""e3_population_expression_idx"",""node_types"":[""Aggregate"",""Index Scan""],""scan_type"":""Index Scan""}",0.102,995.162,995.629685,2,126,5000
measured,4,10,400,HIGH,M2,1000,2.5,Index Scan:e3_population_expression_idx,Index Scan,e3_population_expression_idx,53cb1932e002e51fde0eb4d757f44c7f9ef68c4eac464ff6016c5168d8c3562a,"{""filter"":null,""index_cond"":""((e3_data.population = 'HIGH'::text) AND (e3_dynamic_loop(e3_data.value, e3_data.loop_count) >= 0))"",""index_name"":""e3_population_expression_idx"",""node_types"":[""Aggregate"",""Index Scan""],""scan_type"":""Index Scan""}",0.102,1000.165,1000.718223,2,79,5000
measured,4,11,6400,LOW,M2,10,0.0015625,Seq Scan,Seq Scan,,98b88408a58947ad980b8fd95e5b82dd04316fa70b49a8d0dbfffc3a63a68d6b,"{""filter"":""((e3_data.population = 'LOW'::text) AND (e3_dynamic_loop(e3_data.value, e3_data.loop_count) >= 0))"",""index_cond"":null,""index_name"":"""",""node_types"":[""Aggregate"",""Seq Scan""],""scan_type"":""Seq Scan""}",0.113,48.658,49.204549,2,78,5000
measured,4,12,400,LOW,M1,505,1.2625,Index Scan:e3_population_expression_idx,Index Scan,e3_population_expression_idx,90dc592e72c2659e52d4c5b06c4c3f2e5facc96546a449b70a932878eeab1c5a,"{""filter"":null,""index_cond"":""((e3_data.population = 'LOW'::text) AND (e3_dynamic_loop(e3_data.value, e3_data.loop_count) >= 0))"",""index_name"":""e3_population_expression_idx"",""node_types"":[""Aggregate"",""Index Scan""],""scan_type"":""Index Scan""}",0.134,34.673,35.23254,2,59,5000
measured,4,13,200,HIGH,M2,1000,5.0,Index Scan:e3_population_expression_idx,Index Scan,e3_population_expression_idx,53cb1932e002e51fde0eb4d757f44c7f9ef68c4eac464ff6016c5168d8c3562a,"{""filter"":null,""index_cond"":""((e3_data.population = 'HIGH'::text) AND (e3_dynamic_loop(e3_data.value, e3_data.loop_count) >= 0))"",""index_name"":""e3_population_expression_idx"",""node_types"":[""Aggregate"",""Index Scan""],""scan_type"":""Index Scan""}",0.14,1067.06,1067.613765,2,163,5000
measured,4,14,200,LOW,M2,10,0.05,Index Scan:e3_population_expression_idx,Index Scan,e3_population_expression_idx,90dc592e72c2659e52d4c5b06c4c3f2e5facc96546a449b70a932878eeab1c5a,"{""filter"":null,""index_cond"":""((e3_data.population = 'LOW'::text) AND (e3_dynamic_loop(e3_data.value, e3_data.loop_count) >= 0))"",""index_name"":""e3_population_expression_idx"",""node_types"":[""Aggregate"",""Index Scan""],""scan_type"":""Index Scan""}",0.111,21.403,21.829628,2,96,5000
measured,4,15,100,HIGH,M1,505,5.05,Index Scan:e3_population_expression_idx,Index Scan,e3_population_expression_idx,53cb1932e002e51fde0eb4d757f44c7f9ef68c4eac464ff6016c5168d8c3562a,"{""filter"":null,""index_cond"":""((e3_data.population = 'HIGH'::text) AND (e3_dynamic_loop(e3_data.value, e3_data.loop_count) >= 0))"",""index_name"":""e3_population_expression_idx"",""node_types"":[""Aggregate"",""Index Scan""],""scan_type"":""Index Scan""}",0.09,1021.15,1021.726507,2,50,5000
measured,4,16,100,HIGH,M2,1000,10.0,Index Scan:e3_population_expression_idx,Index Scan,e3_population_expression_idx,53cb1932e002e51fde0eb4d757f44c7f9ef68c4eac464ff6016c5168d8c3562a,"{""filter"":null,""index_cond"":""((e3_data.population = 'HIGH'::text) AND (e3_dynamic_loop(e3_data.value, e3_data.loop_count) >= 0))"",""index_name"":""e3_population_expression_idx"",""node_types"":[""Aggregate"",""Index Scan""],""scan_type"":""Index Scan""}",0.122,1172.475,1172.989461,2,57,5000
measured,4,17,25,HIGH,M1,505,20.2,Index Scan:e3_population_expression_idx,Index Scan,e3_population_expression_idx,53cb1932e002e51fde0eb4d757f44c7f9ef68c4eac464ff6016c5168d8c3562a,"{""filter"":null,""index_cond"":""((e3_data.population = 'HIGH'::text) AND (e3_dynamic_loop(e3_data.value, e3_data.loop_count) >= 0))"",""index_name"":""e3_population_expression_idx"",""node_types"":[""Aggregate"",""Index Scan""],""scan_type"":""Index Scan""}",0.11,995.326,995.889295,2,52,5000
measured,4,18,3200,LOW,M1,505,0.1578125,Index Scan:e3_population_expression_idx,Index Scan,e3_population_expression_idx,90dc592e72c2659e52d4c5b06c4c3f2e5facc96546a449b70a932878eeab1c5a,"{""filter"":null,""index_cond"":""((e3_data.population = 'LOW'::text) AND (e3_dynamic_loop(e3_data.value, e3_data.loop_count) >= 0))"",""index_name"":""e3_population_expression_idx"",""node_types"":[""Aggregate"",""Index Scan""],""scan_type"":""Index Scan""}",0.108,21.435,21.943504,2,50,5000
measured,4,19,25,LOW,M2,10,0.4,Index Scan:e3_population_expression_idx,Index Scan,e3_population_expression_idx,90dc592e72c2659e52d4c5b06c4c3f2e5facc96546a449b70a932878eeab1c5a,"{""filter"":null,""index_cond"":""((e3_data.population = 'LOW'::text) AND (e3_dynamic_loop(e3_data.value, e3_data.loop_count) >= 0))"",""index_name"":""e3_population_expression_idx"",""node_types"":[""Aggregate"",""Index Scan""],""scan_type"":""Index Scan""}",0.097,21.276,21.760031,2,143,5000
measured,4,20,200,HIGH,M1,505,2.525,Index Scan:e3_population_expression_idx,Index Scan,e3_population_expression_idx,53cb1932e002e51fde0eb4d757f44c7f9ef68c4eac464ff6016c5168d8c3562a,"{""filter"":null,""index_cond"":""((e3_data.population = 'HIGH'::text) AND (e3_dynamic_loop(e3_data.value, e3_data.loop_count) >= 0))"",""index_name"":""e3_population_expression_idx"",""node_types"":[""Aggregate"",""Index Scan""],""scan_type"":""Index Scan""}",0.098,995.408,995.956953,2,48,5000
measured,4,21,100,LOW,M1,505,5.05,Index Scan:e3_population_expression_idx,Index Scan,e3_population_expression_idx,90dc592e72c2659e52d4c5b06c4c3f2e5facc96546a449b70a932878eeab1c5a,"{""filter"":null,""index_cond"":""((e3_data.population = 'LOW'::text) AND (e3_dynamic_loop(e3_data.value, e3_data.loop_count) >= 0))"",""index_name"":""e3_population_expression_idx"",""node_types"":[""Aggregate"",""Index Scan""],""scan_type"":""Index Scan""}",0.112,21.077,21.557147,2,55,5000
measured,4,22,1600,HIGH,M2,1000,0.625,Index Scan:e3_population_expression_idx,Index Scan,e3_population_expression_idx,53cb1932e002e51fde0eb4d757f44c7f9ef68c4eac464ff6016c5168d8c3562a,"{""filter"":null,""index_cond"":""((e3_data.population = 'HIGH'::text) AND (e3_dynamic_loop(e3_data.value, e3_data.loop_count) >= 0))"",""index_name"":""e3_population_expression_idx"",""node_types"":[""Aggregate"",""Index Scan""],""scan_type"":""Index Scan""}",0.087,994.55,995.035053,2,72,5000
measured,4,23,3200,HIGH,M1,505,0.1578125,Index Scan:e3_population_expression_idx,Index Scan,e3_population_expression_idx,53cb1932e002e51fde0eb4d757f44c7f9ef68c4eac464ff6016c5168d8c3562a,"{""filter"":null,""index_cond"":""((e3_data.population = 'HIGH'::text) AND (e3_dynamic_loop(e3_data.value, e3_data.loop_count) >= 0))"",""index_name"":""e3_population_expression_idx"",""node_types"":[""Aggregate"",""Index Scan""],""scan_type"":""Index Scan""}",0.105,1027.602,1028.166165,2,39,5000
measured,4,24,50,HIGH,M1,505,10.1,Index Scan:e3_population_expression_idx,Index Scan,e3_population_expression_idx,53cb1932e002e51fde0eb4d757f44c7f9ef68c4eac464ff6016c5168d8c3562a,"{""filter"":null,""index_cond"":""((e3_data.population = 'HIGH'::text) AND (e3_dynamic_loop(e3_data.value, e3_data.loop_count) >= 0))"",""index_name"":""e3_population_expression_idx"",""node_types"":[""Aggregate"",""Index Scan""],""scan_type"":""Index Scan""}",0.407,994.505,995.361312,2,128,5000
measured,4,25,1600,HIGH,M1,505,0.315625,Index Scan:e3_population_expression_idx,Index Scan,e3_population_expression_idx,53cb1932e002e51fde0eb4d757f44c7f9ef68c4eac464ff6016c5168d8c3562a,"{""filter"":null,""index_cond"":""((e3_data.population = 'HIGH'::text) AND (e3_dynamic_loop(e3_data.value, e3_data.loop_count) >= 0))"",""index_name"":""e3_population_expression_idx"",""node_types"":[""Aggregate"",""Index Scan""],""scan_type"":""Index Scan""}",0.124,994.593,995.115528,2,154,5000
measured,4,26,800,LOW,M2,10,0.0125,Seq Scan,Seq Scan,,98b88408a58947ad980b8fd95e5b82dd04316fa70b49a8d0dbfffc3a63a68d6b,"{""filter"":""((e3_data.population = 'LOW'::text) AND (e3_dynamic_loop(e3_data.value, e3_data.loop_count) >= 0))"",""index_cond"":null,""index_name"":"""",""node_types"":[""Aggregate"",""Seq Scan""],""scan_type"":""Seq Scan""}",0.107,38.685,39.164959,2,233,5000
measured,4,27,100,LOW,M2,10,0.1,Index Scan:e3_population_expression_idx,Index Scan,e3_population_expression_idx,90dc592e72c2659e52d4c5b06c4c3f2e5facc96546a449b70a932878eeab1c5a,"{""filter"":null,""index_cond"":""((e3_data.population = 'LOW'::text) AND (e3_dynamic_loop(e3_data.value, e3_data.loop_count) >= 0))"",""index_name"":""e3_population_expression_idx"",""node_types"":[""Aggregate"",""Index Scan""],""scan_type"":""Index Scan""}",0.088,21.03,21.500454,2,62,5000
measured,4,28,200,LOW,M1,505,2.525,Index Scan:e3_population_expression_idx,Index Scan,e3_population_expression_idx,90dc592e72c2659e52d4c5b06c4c3f2e5facc96546a449b70a932878eeab1c5a,"{""filter"":null,""index_cond"":""((e3_data.population = 'LOW'::text) AND (e3_dynamic_loop(e3_data.value, e3_data.loop_count) >= 0))"",""index_name"":""e3_population_expression_idx"",""node_types"":[""Aggregate"",""Index Scan""],""scan_type"":""Index Scan""}",0.087,21.097,21.533157,2,48,5000
measured,4,29,3200,LOW,M2,10,0.003125,Seq Scan,Seq Scan,,98b88408a58947ad980b8fd95e5b82dd04316fa70b49a8d0dbfffc3a63a68d6b,"{""filter"":""((e3_data.population = 'LOW'::text) AND (e3_dynamic_loop(e3_data.value, e3_data.loop_count) >= 0))"",""index_cond"":null,""index_name"":"""",""node_types"":[""Aggregate"",""Seq Scan""],""scan_type"":""Seq Scan""}",0.079,38.731,39.181488,2,58,5000
measured,4,30,400,LOW,M2,10,0.025,Bitmap Heap Scan:e3_population_expression_idx,Bitmap Heap Scan,e3_population_expression_idx,360968da2eeaa0506df7cf6ff7f05a2bce5169153021506237a138326d1ea27f,"{""filter"":null,""index_cond"":null,""index_name"":""e3_population_expression_idx"",""node_types"":[""Aggregate"",""Bitmap Heap Scan"",""Bitmap Index Scan""],""scan_type"":""Bitmap Heap Scan""}",0.09,19.496,20.001894,2,47,5000
measured,4,31,50,LOW,M1,505,10.1,Index Scan:e3_population_expression_idx,Index Scan,e3_population_expression_idx,90dc592e72c2659e52d4c5b06c4c3f2e5facc96546a449b70a932878eeab1c5a,"{""filter"":null,""index_cond"":""((e3_data.population = 'LOW'::text) AND (e3_dynamic_loop(e3_data.value, e3_data.loop_count) >= 0))"",""index_name"":""e3_population_expression_idx"",""node_types"":[""Aggregate"",""Index Scan""],""scan_type"":""Index Scan""}",0.084,21.045,21.445125,2,57,5000
measured,4,32,1600,LOW,M2,10,0.00625,Seq Scan,Seq Scan,,98b88408a58947ad980b8fd95e5b82dd04316fa70b49a8d0dbfffc3a63a68d6b,"{""filter"":""((e3_data.population = 'LOW'::text) AND (e3_dynamic_loop(e3_data.value, e3_data.loop_count) >= 0))"",""index_cond"":null,""index_name"":"""",""node_types"":[""Aggregate"",""Seq Scan""],""scan_type"":""Seq Scan""}",0.084,38.7,39.181502,2,61,5000
measured,4,33,800,LOW,M1,505,0.63125,Index Scan:e3_population_expression_idx,Index Scan,e3_population_expression_idx,90dc592e72c2659e52d4c5b06c4c3f2e5facc96546a449b70a932878eeab1c5a,"{""filter"":null,""index_cond"":""((e3_data.population = 'LOW'::text) AND (e3_dynamic_loop(e3_data.value, e3_data.loop_count) >= 0))"",""index_name"":""e3_population_expression_idx"",""node_types"":[""Aggregate"",""Index Scan""],""scan_type"":""Index Scan""}",0.083,21.0,21.476823,2,40,5000
measured,4,34,1600,LOW,M1,505,0.315625,Index Scan:e3_population_expression_idx,Index Scan,e3_population_expression_idx,90dc592e72c2659e52d4c5b06c4c3f2e5facc96546a449b70a932878eeab1c5a,"{""filter"":null,""index_cond"":""((e3_data.population = 'LOW'::text) AND (e3_dynamic_loop(e3_data.value, e3_data.loop_count) >= 0))"",""index_name"":""e3_population_expression_idx"",""node_types"":[""Aggregate"",""Index Scan""],""scan_type"":""Index Scan""}",0.098,20.883,21.349575,2,38,5000
measured,4,35,400,HIGH,M1,505,1.2625,Index Scan:e3_population_expression_idx,Index Scan,e3_population_expression_idx,53cb1932e002e51fde0eb4d757f44c7f9ef68c4eac464ff6016c5168d8c3562a,"{""filter"":null,""index_cond"":""((e3_data.population = 'HIGH'::text) AND (e3_dynamic_loop(e3_data.value, e3_data.loop_count) >= 0))"",""index_name"":""e3_population_expression_idx"",""node_types"":[""Aggregate"",""Index Scan""],""scan_type"":""Index Scan""}",0.084,995.227,995.669239,2,216,5000
measured,4,36,800,HIGH,M2,1000,1.25,Index Scan:e3_population_expression_idx,Index Scan,e3_population_expression_idx,53cb1932e002e51fde0eb4d757f44c7f9ef68c4eac464ff6016c5168d8c3562a,"{""filter"":null,""index_cond"":""((e3_data.population = 'HIGH'::text) AND (e3_dynamic_loop(e3_data.value, e3_data.loop_count) >= 0))"",""index_name"":""e3_population_expression_idx"",""node_types"":[""Aggregate"",""Index Scan""],""scan_type"":""Index Scan""}",0.104,994.557,995.023591,2,172,5000
measured,5,1,1600,HIGH,M1,505,0.315625,Index Scan:e3_population_expression_idx,Index Scan,e3_population_expression_idx,53cb1932e002e51fde0eb4d757f44c7f9ef68c4eac464ff6016c5168d8c3562a,"{""filter"":null,""index_cond"":""((e3_data.population = 'HIGH'::text) AND (e3_dynamic_loop(e3_data.value, e3_data.loop_count) >= 0))"",""index_name"":""e3_population_expression_idx"",""node_types"":[""Aggregate"",""Index Scan""],""scan_type"":""Index Scan""}",0.1,995.0,995.458058,2,56,5000
measured,5,2,25,LOW,M1,505,20.2,Index Scan:e3_population_expression_idx,Index Scan,e3_population_expression_idx,90dc592e72c2659e52d4c5b06c4c3f2e5facc96546a449b70a932878eeab1c5a,"{""filter"":null,""index_cond"":""((e3_data.population = 'LOW'::text) AND (e3_dynamic_loop(e3_data.value, e3_data.loop_count) >= 0))"",""index_name"":""e3_population_expression_idx"",""node_types"":[""Aggregate"",""Index Scan""],""scan_type"":""Index Scan""}",0.109,21.435,21.817014,2,126,5000
measured,5,3,400,LOW,M1,505,1.2625,Index Scan:e3_population_expression_idx,Index Scan,e3_population_expression_idx,90dc592e72c2659e52d4c5b06c4c3f2e5facc96546a449b70a932878eeab1c5a,"{""filter"":null,""index_cond"":""((e3_data.population = 'LOW'::text) AND (e3_dynamic_loop(e3_data.value, e3_data.loop_count) >= 0))"",""index_name"":""e3_population_expression_idx"",""node_types"":[""Aggregate"",""Index Scan""],""scan_type"":""Index Scan""}",0.091,20.778,21.105879,2,40,5000
measured,5,4,100,HIGH,M1,505,5.05,Index Scan:e3_population_expression_idx,Index Scan,e3_population_expression_idx,53cb1932e002e51fde0eb4d757f44c7f9ef68c4eac464ff6016c5168d8c3562a,"{""filter"":null,""index_cond"":""((e3_data.population = 'HIGH'::text) AND (e3_dynamic_loop(e3_data.value, e3_data.loop_count) >= 0))"",""index_name"":""e3_population_expression_idx"",""node_types"":[""Aggregate"",""Index Scan""],""scan_type"":""Index Scan""}",0.083,995.008,995.524329,2,40,5000
measured,5,5,1600,LOW,M1,505,0.315625,Index Scan:e3_population_expression_idx,Index Scan,e3_population_expression_idx,90dc592e72c2659e52d4c5b06c4c3f2e5facc96546a449b70a932878eeab1c5a,"{""filter"":null,""index_cond"":""((e3_data.population = 'LOW'::text) AND (e3_dynamic_loop(e3_data.value, e3_data.loop_count) >= 0))"",""index_name"":""e3_population_expression_idx"",""node_types"":[""Aggregate"",""Index Scan""],""scan_type"":""Index Scan""}",0.106,21.034,21.490519,2,122,5000
measured,5,6,1600,LOW,M2,10,0.00625,Seq Scan,Seq Scan,,98b88408a58947ad980b8fd95e5b82dd04316fa70b49a8d0dbfffc3a63a68d6b,"{""filter"":""((e3_data.population = 'LOW'::text) AND (e3_dynamic_loop(e3_data.value, e3_data.loop_count) >= 0))"",""index_cond"":null,""index_name"":"""",""node_types"":[""Aggregate"",""Seq Scan""],""scan_type"":""Seq Scan""}",0.095,38.799,39.293994,2,86,5000
measured,5,7,200,HIGH,M1,505,2.525,Index Scan:e3_population_expression_idx,Index Scan,e3_population_expression_idx,53cb1932e002e51fde0eb4d757f44c7f9ef68c4eac464ff6016c5168d8c3562a,"{""filter"":null,""index_cond"":""((e3_data.population = 'HIGH'::text) AND (e3_dynamic_loop(e3_data.value, e3_data.loop_count) >= 0))"",""index_name"":""e3_population_expression_idx"",""node_types"":[""Aggregate"",""Index Scan""],""scan_type"":""Index Scan""}",0.104,995.193,995.762186,2,48,5000
measured,5,8,3200,LOW,M1,505,0.1578125,Index Scan:e3_population_expression_idx,Index Scan,e3_population_expression_idx,90dc592e72c2659e52d4c5b06c4c3f2e5facc96546a449b70a932878eeab1c5a,"{""filter"":null,""index_cond"":""((e3_data.population = 'LOW'::text) AND (e3_dynamic_loop(e3_data.value, e3_data.loop_count) >= 0))"",""index_name"":""e3_population_expression_idx"",""node_types"":[""Aggregate"",""Index Scan""],""scan_type"":""Index Scan""}",0.099,21.239,21.708074,2,55,5000
measured,5,9,3200,HIGH,M1,505,0.1578125,Index Scan:e3_population_expression_idx,Index Scan,e3_population_expression_idx,53cb1932e002e51fde0eb4d757f44c7f9ef68c4eac464ff6016c5168d8c3562a,"{""filter"":null,""index_cond"":""((e3_data.population = 'HIGH'::text) AND (e3_dynamic_loop(e3_data.value, e3_data.loop_count) >= 0))"",""index_name"":""e3_population_expression_idx"",""node_types"":[""Aggregate"",""Index Scan""],""scan_type"":""Index Scan""}",0.091,994.828,995.305755,2,41,5000
measured,5,10,6400,HIGH,M2,1000,0.15625,Index Scan:e3_population_expression_idx,Index Scan,e3_population_expression_idx,53cb1932e002e51fde0eb4d757f44c7f9ef68c4eac464ff6016c5168d8c3562a,"{""filter"":null,""index_cond"":""((e3_data.population = 'HIGH'::text) AND (e3_dynamic_loop(e3_data.value, e3_data.loop_count) >= 0))"",""index_name"":""e3_population_expression_idx"",""node_types"":[""Aggregate"",""Index Scan""],""scan_type"":""Index Scan""}",0.107,994.882,995.44015,2,144,5000
measured,5,11,50,HIGH,M2,1000,20.0,Index Scan:e3_population_expression_idx,Index Scan,e3_population_expression_idx,53cb1932e002e51fde0eb4d757f44c7f9ef68c4eac464ff6016c5168d8c3562a,"{""filter"":null,""index_cond"":""((e3_data.population = 'HIGH'::text) AND (e3_dynamic_loop(e3_data.value, e3_data.loop_count) >= 0))"",""index_name"":""e3_population_expression_idx"",""node_types"":[""Aggregate"",""Index Scan""],""scan_type"":""Index Scan""}",0.1,994.748,995.25018,2,92,5000
measured,5,12,800,LOW,M1,505,0.63125,Index Scan:e3_population_expression_idx,Index Scan,e3_population_expression_idx,90dc592e72c2659e52d4c5b06c4c3f2e5facc96546a449b70a932878eeab1c5a,"{""filter"":null,""index_cond"":""((e3_data.population = 'LOW'::text) AND (e3_dynamic_loop(e3_data.value, e3_data.loop_count) >= 0))"",""index_name"":""e3_population_expression_idx"",""node_types"":[""Aggregate"",""Index Scan""],""scan_type"":""Index Scan""}",0.11,21.049,21.491852,2,51,5000
measured,5,13,25,LOW,M2,10,0.4,Index Scan:e3_population_expression_idx,Index Scan,e3_population_expression_idx,90dc592e72c2659e52d4c5b06c4c3f2e5facc96546a449b70a932878eeab1c5a,"{""filter"":null,""index_cond"":""((e3_data.population = 'LOW'::text) AND (e3_dynamic_loop(e3_data.value, e3_data.loop_count) >= 0))"",""index_name"":""e3_population_expression_idx"",""node_types"":[""Aggregate"",""Index Scan""],""scan_type"":""Index Scan""}",0.098,21.034,21.516834,2,258,5000
measured,5,14,800,LOW,M2,10,0.0125,Seq Scan,Seq Scan,,98b88408a58947ad980b8fd95e5b82dd04316fa70b49a8d0dbfffc3a63a68d6b,"{""filter"":""((e3_data.population = 'LOW'::text) AND (e3_dynamic_loop(e3_data.value, e3_data.loop_count) >= 0))"",""index_cond"":null,""index_name"":"""",""node_types"":[""Aggregate"",""Seq Scan""],""scan_type"":""Seq Scan""}",0.082,38.741,39.200925,2,57,5000
measured,5,15,200,HIGH,M2,1000,5.0,Index Scan:e3_population_expression_idx,Index Scan,e3_population_expression_idx,53cb1932e002e51fde0eb4d757f44c7f9ef68c4eac464ff6016c5168d8c3562a,"{""filter"":null,""index_cond"":""((e3_data.population = 'HIGH'::text) AND (e3_dynamic_loop(e3_data.value, e3_data.loop_count) >= 0))"",""index_name"":""e3_population_expression_idx"",""node_types"":[""Aggregate"",""Index Scan""],""scan_type"":""Index Scan""}",0.083,995.171,995.628776,2,61,5000
measured,5,16,100,LOW,M2,10,0.1,Index Scan:e3_population_expression_idx,Index Scan,e3_population_expression_idx,90dc592e72c2659e52d4c5b06c4c3f2e5facc96546a449b70a932878eeab1c5a,"{""filter"":null,""index_cond"":""((e3_data.population = 'LOW'::text) AND (e3_dynamic_loop(e3_data.value, e3_data.loop_count) >= 0))"",""index_name"":""e3_population_expression_idx"",""node_types"":[""Aggregate"",""Index Scan""],""scan_type"":""Index Scan""}",0.116,21.318,21.843754,2,136,5000
measured,5,17,6400,LOW,M1,505,0.07890625,Index Scan:e3_population_expression_idx,Index Scan,e3_population_expression_idx,90dc592e72c2659e52d4c5b06c4c3f2e5facc96546a449b70a932878eeab1c5a,"{""filter"":null,""index_cond"":""((e3_data.population = 'LOW'::text) AND (e3_dynamic_loop(e3_data.value, e3_data.loop_count) >= 0))"",""index_name"":""e3_population_expression_idx"",""node_types"":[""Aggregate"",""Index Scan""],""scan_type"":""Index Scan""}",0.085,21.137,21.540396,2,48,5000
measured,5,18,100,HIGH,M2,1000,10.0,Index Scan:e3_population_expression_idx,Index Scan,e3_population_expression_idx,53cb1932e002e51fde0eb4d757f44c7f9ef68c4eac464ff6016c5168d8c3562a,"{""filter"":null,""index_cond"":""((e3_data.population = 'HIGH'::text) AND (e3_dynamic_loop(e3_data.value, e3_data.loop_count) >= 0))"",""index_name"":""e3_population_expression_idx"",""node_types"":[""Aggregate"",""Index Scan""],""scan_type"":""Index Scan""}",0.074,1017.791,1018.299169,2,81,5000
measured,5,19,6400,HIGH,M1,505,0.07890625,Index Scan:e3_population_expression_idx,Index Scan,e3_population_expression_idx,53cb1932e002e51fde0eb4d757f44c7f9ef68c4eac464ff6016c5168d8c3562a,"{""filter"":null,""index_cond"":""((e3_data.population = 'HIGH'::text) AND (e3_dynamic_loop(e3_data.value, e3_data.loop_count) >= 0))"",""index_name"":""e3_population_expression_idx"",""node_types"":[""Aggregate"",""Index Scan""],""scan_type"":""Index Scan""}",0.118,995.11,995.676406,2,50,5000
measured,5,20,25,HIGH,M2,1000,40.0,Index Scan:e3_population_expression_idx,Index Scan,e3_population_expression_idx,53cb1932e002e51fde0eb4d757f44c7f9ef68c4eac464ff6016c5168d8c3562a,"{""filter"":null,""index_cond"":""((e3_data.population = 'HIGH'::text) AND (e3_dynamic_loop(e3_data.value, e3_data.loop_count) >= 0))"",""index_name"":""e3_population_expression_idx"",""node_types"":[""Aggregate"",""Index Scan""],""scan_type"":""Index Scan""}",0.11,994.834,995.399335,2,172,5000
measured,5,21,3200,HIGH,M2,1000,0.3125,Index Scan:e3_population_expression_idx,Index Scan,e3_population_expression_idx,53cb1932e002e51fde0eb4d757f44c7f9ef68c4eac464ff6016c5168d8c3562a,"{""filter"":null,""index_cond"":""((e3_data.population = 'HIGH'::text) AND (e3_dynamic_loop(e3_data.value, e3_data.loop_count) >= 0))"",""index_name"":""e3_population_expression_idx"",""node_types"":[""Aggregate"",""Index Scan""],""scan_type"":""Index Scan""}",0.115,995.038,995.54083,2,54,5000
measured,5,22,800,HIGH,M1,505,0.63125,Index Scan:e3_population_expression_idx,Index Scan,e3_population_expression_idx,53cb1932e002e51fde0eb4d757f44c7f9ef68c4eac464ff6016c5168d8c3562a,"{""filter"":null,""index_cond"":""((e3_data.population = 'HIGH'::text) AND (e3_dynamic_loop(e3_data.value, e3_data.loop_count) >= 0))"",""index_name"":""e3_population_expression_idx"",""node_types"":[""Aggregate"",""Index Scan""],""scan_type"":""Index Scan""}",0.105,994.856,995.423095,2,57,5000
measured,5,23,6400,LOW,M2,10,0.0015625,Seq Scan,Seq Scan,,98b88408a58947ad980b8fd95e5b82dd04316fa70b49a8d0dbfffc3a63a68d6b,"{""filter"":""((e3_data.population = 'LOW'::text) AND (e3_dynamic_loop(e3_data.value, e3_data.loop_count) >= 0))"",""index_cond"":null,""index_name"":"""",""node_types"":[""Aggregate"",""Seq Scan""],""scan_type"":""Seq Scan""}",0.105,38.782,39.300615,2,88,5000
measured,5,24,400,LOW,M2,10,0.025,Bitmap Heap Scan:e3_population_expression_idx,Bitmap Heap Scan,e3_population_expression_idx,360968da2eeaa0506df7cf6ff7f05a2bce5169153021506237a138326d1ea27f,"{""filter"":null,""index_cond"":null,""index_name"":""e3_population_expression_idx"",""node_types"":[""Aggregate"",""Bitmap Heap Scan"",""Bitmap Index Scan""],""scan_type"":""Bitmap Heap Scan""}",0.099,19.499,20.051078,2,58,5000
measured,5,25,400,HIGH,M2,1000,2.5,Index Scan:e3_population_expression_idx,Index Scan,e3_population_expression_idx,53cb1932e002e51fde0eb4d757f44c7f9ef68c4eac464ff6016c5168d8c3562a,"{""filter"":null,""index_cond"":""((e3_data.population = 'HIGH'::text) AND (e3_dynamic_loop(e3_data.value, e3_data.loop_count) >= 0))"",""index_name"":""e3_population_expression_idx"",""node_types"":[""Aggregate"",""Index Scan""],""scan_type"":""Index Scan""}",0.1,994.898,995.3619,2,89,5000
measured,5,26,200,LOW,M2,10,0.05,Index Scan:e3_population_expression_idx,Index Scan,e3_population_expression_idx,90dc592e72c2659e52d4c5b06c4c3f2e5facc96546a449b70a932878eeab1c5a,"{""filter"":null,""index_cond"":""((e3_data.population = 'LOW'::text) AND (e3_dynamic_loop(e3_data.value, e3_data.loop_count) >= 0))"",""index_name"":""e3_population_expression_idx"",""node_types"":[""Aggregate"",""Index Scan""],""scan_type"":""Index Scan""}",0.099,21.429,21.791094,2,386,5000
measured,5,27,200,LOW,M1,505,2.525,Index Scan:e3_population_expression_idx,Index Scan,e3_population_expression_idx,90dc592e72c2659e52d4c5b06c4c3f2e5facc96546a449b70a932878eeab1c5a,"{""filter"":null,""index_cond"":""((e3_data.population = 'LOW'::text) AND (e3_dynamic_loop(e3_data.value, e3_data.loop_count) >= 0))"",""index_name"":""e3_population_expression_idx"",""node_types"":[""Aggregate"",""Index Scan""],""scan_type"":""Index Scan""}",0.087,21.118,21.440187,2,217,5000
measured,5,28,400,HIGH,M1,505,1.2625,Index Scan:e3_population_expression_idx,Index Scan,e3_population_expression_idx,53cb1932e002e51fde0eb4d757f44c7f9ef68c4eac464ff6016c5168d8c3562a,"{""filter"":null,""index_cond"":""((e3_data.population = 'HIGH'::text) AND (e3_dynamic_loop(e3_data.value, e3_data.loop_count) >= 0))"",""index_name"":""e3_population_expression_idx"",""node_types"":[""Aggregate"",""Index Scan""],""scan_type"":""Index Scan""}",0.073,996.672,997.107158,2,55,5000
measured,5,29,3200,LOW,M2,10,0.003125,Seq Scan,Seq Scan,,98b88408a58947ad980b8fd95e5b82dd04316fa70b49a8d0dbfffc3a63a68d6b,"{""filter"":""((e3_data.population = 'LOW'::text) AND (e3_dynamic_loop(e3_data.value, e3_data.loop_count) >= 0))"",""index_cond"":null,""index_name"":"""",""node_types"":[""Aggregate"",""Seq Scan""],""scan_type"":""Seq Scan""}",0.1,38.718,39.145202,2,89,5000
measured,5,30,100,LOW,M1,505,5.05,Index Scan:e3_population_expression_idx,Index Scan,e3_population_expression_idx,90dc592e72c2659e52d4c5b06c4c3f2e5facc96546a449b70a932878eeab1c5a,"{""filter"":null,""index_cond"":""((e3_data.population = 'LOW'::text) AND (e3_dynamic_loop(e3_data.value, e3_data.loop_count) >= 0))"",""index_name"":""e3_population_expression_idx"",""node_types"":[""Aggregate"",""Index Scan""],""scan_type"":""Index Scan""}",0.096,20.988,21.401076,2,58,5000
measured,5,31,50,LOW,M2,10,0.2,Index Scan:e3_population_expression_idx,Index Scan,e3_population_expression_idx,90dc592e72c2659e52d4c5b06c4c3f2e5facc96546a449b70a932878eeab1c5a,"{""filter"":null,""index_cond"":""((e3_data.population = 'LOW'::text) AND (e3_dynamic_loop(e3_data.value, e3_data.loop_count) >= 0))"",""index_name"":""e3_population_expression_idx"",""node_types"":[""Aggregate"",""Index Scan""],""scan_type"":""Index Scan""}",0.087,21.2,21.641153,2,197,5000
measured,5,32,800,HIGH,M2,1000,1.25,Index Scan:e3_population_expression_idx,Index Scan,e3_population_expression_idx,53cb1932e002e51fde0eb4d757f44c7f9ef68c4eac464ff6016c5168d8c3562a,"{""filter"":null,""index_cond"":""((e3_data.population = 'HIGH'::text) AND (e3_dynamic_loop(e3_data.value, e3_data.loop_count) >= 0))"",""index_name"":""e3_population_expression_idx"",""node_types"":[""Aggregate"",""Index Scan""],""scan_type"":""Index Scan""}",0.09,995.109,995.57878,2,134,5000
measured,5,33,50,LOW,M1,505,10.1,Index Scan:e3_population_expression_idx,Index Scan,e3_population_expression_idx,90dc592e72c2659e52d4c5b06c4c3f2e5facc96546a449b70a932878eeab1c5a,"{""filter"":null,""index_cond"":""((e3_data.population = 'LOW'::text) AND (e3_dynamic_loop(e3_data.value, e3_data.loop_count) >= 0))"",""index_name"":""e3_population_expression_idx"",""node_types"":[""Aggregate"",""Index Scan""],""scan_type"":""Index Scan""}",0.107,21.17,21.622547,2,132,5000
measured,5,34,25,HIGH,M1,505,20.2,Index Scan:e3_population_expression_idx,Index Scan,e3_population_expression_idx,53cb1932e002e51fde0eb4d757f44c7f9ef68c4eac464ff6016c5168d8c3562a,"{""filter"":null,""index_cond"":""((e3_data.population = 'HIGH'::text) AND (e3_dynamic_loop(e3_data.value, e3_data.loop_count) >= 0))"",""index_name"":""e3_population_expression_idx"",""node_types"":[""Aggregate"",""Index Scan""],""scan_type"":""Index Scan""}",0.108,994.693,995.256148,2,48,5000
measured,5,35,50,HIGH,M1,505,10.1,Index Scan:e3_population_expression_idx,Index Scan,e3_population_expression_idx,53cb1932e002e51fde0eb4d757f44c7f9ef68c4eac464ff6016c5168d8c3562a,"{""filter"":null,""index_cond"":""((e3_data.population = 'HIGH'::text) AND (e3_dynamic_loop(e3_data.value, e3_data.loop_count) >= 0))"",""index_name"":""e3_population_expression_idx"",""node_types"":[""Aggregate"",""Index Scan""],""scan_type"":""Index Scan""}",0.114,995.155,995.745297,2,58,5000
measured,5,36,1600,HIGH,M2,1000,0.625,Index Scan:e3_population_expression_idx,Index Scan,e3_population_expression_idx,53cb1932e002e51fde0eb4d757f44c7f9ef68c4eac464ff6016c5168d8c3562a,"{""filter"":null,""index_cond"":""((e3_data.population = 'HIGH'::text) AND (e3_dynamic_loop(e3_data.value, e3_data.loop_count) >= 0))"",""index_name"":""e3_population_expression_idx"",""node_types"":[""Aggregate"",""Index Scan""],""scan_type"":""Index Scan""}",0.114,994.573,995.13974,2,89,5000
measured,6,1,3200,HIGH,M1,505,0.1578125,Index Scan:e3_population_expression_idx,Index Scan,e3_population_expression_idx,53cb1932e002e51fde0eb4d757f44c7f9ef68c4eac464ff6016c5168d8c3562a,"{""filter"":null,""index_cond"":""((e3_data.population = 'HIGH'::text) AND (e3_dynamic_loop(e3_data.value, e3_data.loop_count) >= 0))"",""index_name"":""e3_population_expression_idx"",""node_types"":[""Aggregate"",""Index Scan""],""scan_type"":""Index Scan""}",0.105,996.281,996.84067,2,56,5000
measured,6,2,25,LOW,M2,10,0.4,Index Scan:e3_population_expression_idx,Index Scan,e3_population_expression_idx,90dc592e72c2659e52d4c5b06c4c3f2e5facc96546a449b70a932878eeab1c5a,"{""filter"":null,""index_cond"":""((e3_data.population = 'LOW'::text) AND (e3_dynamic_loop(e3_data.value, e3_data.loop_count) >= 0))"",""index_name"":""e3_population_expression_idx"",""node_types"":[""Aggregate"",""Index Scan""],""scan_type"":""Index Scan""}",0.106,21.393,21.896791,2,77,5000
measured,6,3,1600,HIGH,M2,1000,0.625,Index Scan:e3_population_expression_idx,Index Scan,e3_population_expression_idx,53cb1932e002e51fde0eb4d757f44c7f9ef68c4eac464ff6016c5168d8c3562a,"{""filter"":null,""index_cond"":""((e3_data.population = 'HIGH'::text) AND (e3_dynamic_loop(e3_data.value, e3_data.loop_count) >= 0))"",""index_name"":""e3_population_expression_idx"",""node_types"":[""Aggregate"",""Index Scan""],""scan_type"":""Index Scan""}",0.102,995.654,996.194231,2,71,5000
measured,6,4,800,LOW,M1,505,0.63125,Index Scan:e3_population_expression_idx,Index Scan,e3_population_expression_idx,90dc592e72c2659e52d4c5b06c4c3f2e5facc96546a449b70a932878eeab1c5a,"{""filter"":null,""index_cond"":""((e3_data.population = 'LOW'::text) AND (e3_dynamic_loop(e3_data.value, e3_data.loop_count) >= 0))"",""index_name"":""e3_population_expression_idx"",""node_types"":[""Aggregate"",""Index Scan""],""scan_type"":""Index Scan""}",0.101,21.276,21.783738,2,53,5000
measured,6,5,6400,HIGH,M2,1000,0.15625,Index Scan:e3_population_expression_idx,Index Scan,e3_population_expression_idx,53cb1932e002e51fde0eb4d757f44c7f9ef68c4eac464ff6016c5168d8c3562a,"{""filter"":null,""index_cond"":""((e3_data.population = 'HIGH'::text) AND (e3_dynamic_loop(e3_data.value, e3_data.loop_count) >= 0))"",""index_name"":""e3_population_expression_idx"",""node_types"":[""Aggregate"",""Index Scan""],""scan_type"":""Index Scan""}",0.089,995.418,995.946923,2,77,5000
measured,6,6,3200,HIGH,M2,1000,0.3125,Index Scan:e3_population_expression_idx,Index Scan,e3_population_expression_idx,53cb1932e002e51fde0eb4d757f44c7f9ef68c4eac464ff6016c5168d8c3562a,"{""filter"":null,""index_cond"":""((e3_data.population = 'HIGH'::text) AND (e3_dynamic_loop(e3_data.value, e3_data.loop_count) >= 0))"",""index_name"":""e3_population_expression_idx"",""node_types"":[""Aggregate"",""Index Scan""],""scan_type"":""Index Scan""}",0.167,995.07,995.678916,2,157,5000
measured,6,7,1600,LOW,M1,505,0.315625,Index Scan:e3_population_expression_idx,Index Scan,e3_population_expression_idx,90dc592e72c2659e52d4c5b06c4c3f2e5facc96546a449b70a932878eeab1c5a,"{""filter"":null,""index_cond"":""((e3_data.population = 'LOW'::text) AND (e3_dynamic_loop(e3_data.value, e3_data.loop_count) >= 0))"",""index_name"":""e3_population_expression_idx"",""node_types"":[""Aggregate"",""Index Scan""],""scan_type"":""Index Scan""}",0.112,21.478,21.996485,2,50,5000
measured,6,8,800,HIGH,M2,1000,1.25,Index Scan:e3_population_expression_idx,Index Scan,e3_population_expression_idx,53cb1932e002e51fde0eb4d757f44c7f9ef68c4eac464ff6016c5168d8c3562a,"{""filter"":null,""index_cond"":""((e3_data.population = 'HIGH'::text) AND (e3_dynamic_loop(e3_data.value, e3_data.loop_count) >= 0))"",""index_name"":""e3_population_expression_idx"",""node_types"":[""Aggregate"",""Index Scan""],""scan_type"":""Index Scan""}",0.096,995.049,995.511058,2,101,5000
measured,6,9,400,HIGH,M1,505,1.2625,Index Scan:e3_population_expression_idx,Index Scan,e3_population_expression_idx,53cb1932e002e51fde0eb4d757f44c7f9ef68c4eac464ff6016c5168d8c3562a,"{""filter"":null,""index_cond"":""((e3_data.population = 'HIGH'::text) AND (e3_dynamic_loop(e3_data.value, e3_data.loop_count) >= 0))"",""index_name"":""e3_population_expression_idx"",""node_types"":[""Aggregate"",""Index Scan""],""scan_type"":""Index Scan""}",0.099,995.447,995.954322,2,49,5000
measured,6,10,1600,HIGH,M1,505,0.315625,Index Scan:e3_population_expression_idx,Index Scan,e3_population_expression_idx,53cb1932e002e51fde0eb4d757f44c7f9ef68c4eac464ff6016c5168d8c3562a,"{""filter"":null,""index_cond"":""((e3_data.population = 'HIGH'::text) AND (e3_dynamic_loop(e3_data.value, e3_data.loop_count) >= 0))"",""index_name"":""e3_population_expression_idx"",""node_types"":[""Aggregate"",""Index Scan""],""scan_type"":""Index Scan""}",0.104,994.994,995.570548,2,50,5000
measured,6,11,50,LOW,M2,10,0.2,Index Scan:e3_population_expression_idx,Index Scan,e3_population_expression_idx,90dc592e72c2659e52d4c5b06c4c3f2e5facc96546a449b70a932878eeab1c5a,"{""filter"":null,""index_cond"":""((e3_data.population = 'LOW'::text) AND (e3_dynamic_loop(e3_data.value, e3_data.loop_count) >= 0))"",""index_name"":""e3_population_expression_idx"",""node_types"":[""Aggregate"",""Index Scan""],""scan_type"":""Index Scan""}",0.106,21.233,21.783701,2,126,5000
measured,6,12,100,LOW,M1,505,5.05,Index Scan:e3_population_expression_idx,Index Scan,e3_population_expression_idx,90dc592e72c2659e52d4c5b06c4c3f2e5facc96546a449b70a932878eeab1c5a,"{""filter"":null,""index_cond"":""((e3_data.population = 'LOW'::text) AND (e3_dynamic_loop(e3_data.value, e3_data.loop_count) >= 0))"",""index_name"":""e3_population_expression_idx"",""node_types"":[""Aggregate"",""Index Scan""],""scan_type"":""Index Scan""}",0.106,21.392,21.889495,2,123,5000
measured,6,13,6400,HIGH,M1,505,0.07890625,Index Scan:e3_population_expression_idx,Index Scan,e3_population_expression_idx,53cb1932e002e51fde0eb4d757f44c7f9ef68c4eac464ff6016c5168d8c3562a,"{""filter"":null,""index_cond"":""((e3_data.population = 'HIGH'::text) AND (e3_dynamic_loop(e3_data.value, e3_data.loop_count) >= 0))"",""index_name"":""e3_population_expression_idx"",""node_types"":[""Aggregate"",""Index Scan""],""scan_type"":""Index Scan""}",0.094,995.102,995.622482,2,40,5000
measured,6,14,50,HIGH,M2,1000,20.0,Index Scan:e3_population_expression_idx,Index Scan,e3_population_expression_idx,53cb1932e002e51fde0eb4d757f44c7f9ef68c4eac464ff6016c5168d8c3562a,"{""filter"":null,""index_cond"":""((e3_data.population = 'HIGH'::text) AND (e3_dynamic_loop(e3_data.value, e3_data.loop_count) >= 0))"",""index_name"":""e3_population_expression_idx"",""node_types"":[""Aggregate"",""Index Scan""],""scan_type"":""Index Scan""}",0.117,994.848,995.406918,2,235,5000
measured,6,15,50,LOW,M1,505,10.1,Index Scan:e3_population_expression_idx,Index Scan,e3_population_expression_idx,90dc592e72c2659e52d4c5b06c4c3f2e5facc96546a449b70a932878eeab1c5a,"{""filter"":null,""index_cond"":""((e3_data.population = 'LOW'::text) AND (e3_dynamic_loop(e3_data.value, e3_data.loop_count) >= 0))"",""index_name"":""e3_population_expression_idx"",""node_types"":[""Aggregate"",""Index Scan""],""scan_type"":""Index Scan""}",0.107,21.274,21.788006,2,130,5000
measured,6,16,200,HIGH,M1,505,2.525,Index Scan:e3_population_expression_idx,Index Scan,e3_population_expression_idx,53cb1932e002e51fde0eb4d757f44c7f9ef68c4eac464ff6016c5168d8c3562a,"{""filter"":null,""index_cond"":""((e3_data.population = 'HIGH'::text) AND (e3_dynamic_loop(e3_data.value, e3_data.loop_count) >= 0))"",""index_name"":""e3_population_expression_idx"",""node_types"":[""Aggregate"",""Index Scan""],""scan_type"":""Index Scan""}",0.094,994.88,995.331861,2,50,5000
measured,6,17,200,LOW,M1,505,2.525,Index Scan:e3_population_expression_idx,Index Scan,e3_population_expression_idx,90dc592e72c2659e52d4c5b06c4c3f2e5facc96546a449b70a932878eeab1c5a,"{""filter"":null,""index_cond"":""((e3_data.population = 'LOW'::text) AND (e3_dynamic_loop(e3_data.value, e3_data.loop_count) >= 0))"",""index_name"":""e3_population_expression_idx"",""node_types"":[""Aggregate"",""Index Scan""],""scan_type"":""Index Scan""}",0.109,21.031,21.431982,2,57,5000
measured,6,18,200,HIGH,M2,1000,5.0,Index Scan:e3_population_expression_idx,Index Scan,e3_population_expression_idx,53cb1932e002e51fde0eb4d757f44c7f9ef68c4eac464ff6016c5168d8c3562a,"{""filter"":null,""index_cond"":""((e3_data.population = 'HIGH'::text) AND (e3_dynamic_loop(e3_data.value, e3_data.loop_count) >= 0))"",""index_name"":""e3_population_expression_idx"",""node_types"":[""Aggregate"",""Index Scan""],""scan_type"":""Index Scan""}",0.088,1061.469,1062.004812,2,66,5000
measured,6,19,100,HIGH,M2,1000,10.0,Index Scan:e3_population_expression_idx,Index Scan,e3_population_expression_idx,53cb1932e002e51fde0eb4d757f44c7f9ef68c4eac464ff6016c5168d8c3562a,"{""filter"":null,""index_cond"":""((e3_data.population = 'HIGH'::text) AND (e3_dynamic_loop(e3_data.value, e3_data.loop_count) >= 0))"",""index_name"":""e3_population_expression_idx"",""node_types"":[""Aggregate"",""Index Scan""],""scan_type"":""Index Scan""}",0.106,1046.532,1047.077724,2,67,5000
measured,6,20,25,HIGH,M2,1000,40.0,Index Scan:e3_population_expression_idx,Index Scan,e3_population_expression_idx,53cb1932e002e51fde0eb4d757f44c7f9ef68c4eac464ff6016c5168d8c3562a,"{""filter"":null,""index_cond"":""((e3_data.population = 'HIGH'::text) AND (e3_dynamic_loop(e3_data.value, e3_data.loop_count) >= 0))"",""index_name"":""e3_population_expression_idx"",""node_types"":[""Aggregate"",""Index Scan""],""scan_type"":""Index Scan""}",0.107,1044.264,1044.831785,2,137,5000
measured,6,21,800,HIGH,M1,505,0.63125,Index Scan:e3_population_expression_idx,Index Scan,e3_population_expression_idx,53cb1932e002e51fde0eb4d757f44c7f9ef68c4eac464ff6016c5168d8c3562a,"{""filter"":null,""index_cond"":""((e3_data.population = 'HIGH'::text) AND (e3_dynamic_loop(e3_data.value, e3_data.loop_count) >= 0))"",""index_name"":""e3_population_expression_idx"",""node_types"":[""Aggregate"",""Index Scan""],""scan_type"":""Index Scan""}",0.118,994.276,994.848664,2,41,5000
measured,6,22,3200,LOW,M1,505,0.1578125,Index Scan:e3_population_expression_idx,Index Scan,e3_population_expression_idx,90dc592e72c2659e52d4c5b06c4c3f2e5facc96546a449b70a932878eeab1c5a,"{""filter"":null,""index_cond"":""((e3_data.population = 'LOW'::text) AND (e3_dynamic_loop(e3_data.value, e3_data.loop_count) >= 0))"",""index_name"":""e3_population_expression_idx"",""node_types"":[""Aggregate"",""Index Scan""],""scan_type"":""Index Scan""}",0.106,21.385,21.964332,2,125,5000
measured,6,23,100,LOW,M2,10,0.1,Index Scan:e3_population_expression_idx,Index Scan,e3_population_expression_idx,90dc592e72c2659e52d4c5b06c4c3f2e5facc96546a449b70a932878eeab1c5a,"{""filter"":null,""index_cond"":""((e3_data.population = 'LOW'::text) AND (e3_dynamic_loop(e3_data.value, e3_data.loop_count) >= 0))"",""index_name"":""e3_population_expression_idx"",""node_types"":[""Aggregate"",""Index Scan""],""scan_type"":""Index Scan""}",0.092,20.941,21.396931,2,77,5000
measured,6,24,100,HIGH,M1,505,5.05,Index Scan:e3_population_expression_idx,Index Scan,e3_population_expression_idx,53cb1932e002e51fde0eb4d757f44c7f9ef68c4eac464ff6016c5168d8c3562a,"{""filter"":null,""index_cond"":""((e3_data.population = 'HIGH'::text) AND (e3_dynamic_loop(e3_data.value, e3_data.loop_count) >= 0))"",""index_name"":""e3_population_expression_idx"",""node_types"":[""Aggregate"",""Index Scan""],""scan_type"":""Index Scan""}",0.079,993.877,994.312687,2,117,5000
measured,6,25,25,LOW,M1,505,20.2,Index Scan:e3_population_expression_idx,Index Scan,e3_population_expression_idx,90dc592e72c2659e52d4c5b06c4c3f2e5facc96546a449b70a932878eeab1c5a,"{""filter"":null,""index_cond"":""((e3_data.population = 'LOW'::text) AND (e3_dynamic_loop(e3_data.value, e3_data.loop_count) >= 0))"",""index_name"":""e3_population_expression_idx"",""node_types"":[""Aggregate"",""Index Scan""],""scan_type"":""Index Scan""}",0.104,21.228,21.60869,2,40,5000
measured,6,26,800,LOW,M2,10,0.0125,Seq Scan,Seq Scan,,98b88408a58947ad980b8fd95e5b82dd04316fa70b49a8d0dbfffc3a63a68d6b,"{""filter"":""((e3_data.population = 'LOW'::text) AND (e3_dynamic_loop(e3_data.value, e3_data.loop_count) >= 0))"",""index_cond"":null,""index_name"":"""",""node_types"":[""Aggregate"",""Seq Scan""],""scan_type"":""Seq Scan""}",0.093,38.857,39.22192,2,67,5000
measured,6,27,400,LOW,M1,505,1.2625,Index Scan:e3_population_expression_idx,Index Scan,e3_population_expression_idx,90dc592e72c2659e52d4c5b06c4c3f2e5facc96546a449b70a932878eeab1c5a,"{""filter"":null,""index_cond"":""((e3_data.population = 'LOW'::text) AND (e3_dynamic_loop(e3_data.value, e3_data.loop_count) >= 0))"",""index_name"":""e3_population_expression_idx"",""node_types"":[""Aggregate"",""Index Scan""],""scan_type"":""Index Scan""}",0.084,21.022,21.375595,2,49,5000
measured,6,28,50,HIGH,M1,505,10.1,Index Scan:e3_population_expression_idx,Index Scan,e3_population_expression_idx,53cb1932e002e51fde0eb4d757f44c7f9ef68c4eac464ff6016c5168d8c3562a,"{""filter"":null,""index_cond"":""((e3_data.population = 'HIGH'::text) AND (e3_dynamic_loop(e3_data.value, e3_data.loop_count) >= 0))"",""index_name"":""e3_population_expression_idx"",""node_types"":[""Aggregate"",""Index Scan""],""scan_type"":""Index Scan""}",0.083,994.63,995.078385,2,48,5000
measured,6,29,3200,LOW,M2,10,0.003125,Seq Scan,Seq Scan,,98b88408a58947ad980b8fd95e5b82dd04316fa70b49a8d0dbfffc3a63a68d6b,"{""filter"":""((e3_data.population = 'LOW'::text) AND (e3_dynamic_loop(e3_data.value, e3_data.loop_count) >= 0))"",""index_cond"":null,""index_name"":"""",""node_types"":[""Aggregate"",""Seq Scan""],""scan_type"":""Seq Scan""}",0.102,38.657,39.091258,2,69,5000
measured,6,30,6400,LOW,M2,10,0.0015625,Seq Scan,Seq Scan,,98b88408a58947ad980b8fd95e5b82dd04316fa70b49a8d0dbfffc3a63a68d6b,"{""filter"":""((e3_data.population = 'LOW'::text) AND (e3_dynamic_loop(e3_data.value, e3_data.loop_count) >= 0))"",""index_cond"":null,""index_name"":"""",""node_types"":[""Aggregate"",""Seq Scan""],""scan_type"":""Seq Scan""}",0.106,38.616,39.133075,2,70,5000
measured,6,31,400,HIGH,M2,1000,2.5,Index Scan:e3_population_expression_idx,Index Scan,e3_population_expression_idx,53cb1932e002e51fde0eb4d757f44c7f9ef68c4eac464ff6016c5168d8c3562a,"{""filter"":null,""index_cond"":""((e3_data.population = 'HIGH'::text) AND (e3_dynamic_loop(e3_data.value, e3_data.loop_count) >= 0))"",""index_name"":""e3_population_expression_idx"",""node_types"":[""Aggregate"",""Index Scan""],""scan_type"":""Index Scan""}",0.09,995.024,995.57516,2,83,5000
measured,6,32,400,LOW,M2,10,0.025,Bitmap Heap Scan:e3_population_expression_idx,Bitmap Heap Scan,e3_population_expression_idx,360968da2eeaa0506df7cf6ff7f05a2bce5169153021506237a138326d1ea27f,"{""filter"":null,""index_cond"":null,""index_name"":""e3_population_expression_idx"",""node_types"":[""Aggregate"",""Bitmap Heap Scan"",""Bitmap Index Scan""],""scan_type"":""Bitmap Heap Scan""}",0.107,19.57,20.031301,2,71,5000
measured,6,33,25,HIGH,M1,505,20.2,Index Scan:e3_population_expression_idx,Index Scan,e3_population_expression_idx,53cb1932e002e51fde0eb4d757f44c7f9ef68c4eac464ff6016c5168d8c3562a,"{""filter"":null,""index_cond"":""((e3_data.population = 'HIGH'::text) AND (e3_dynamic_loop(e3_data.value, e3_data.loop_count) >= 0))"",""index_name"":""e3_population_expression_idx"",""node_types"":[""Aggregate"",""Index Scan""],""scan_type"":""Index Scan""}",0.072,994.127,994.606617,2,48,5000
measured,6,34,6400,LOW,M1,505,0.07890625,Index Scan:e3_population_expression_idx,Index Scan,e3_population_expression_idx,90dc592e72c2659e52d4c5b06c4c3f2e5facc96546a449b70a932878eeab1c5a,"{""filter"":null,""index_cond"":""((e3_data.population = 'LOW'::text) AND (e3_dynamic_loop(e3_data.value, e3_data.loop_count) >= 0))"",""index_name"":""e3_population_expression_idx"",""node_types"":[""Aggregate"",""Index Scan""],""scan_type"":""Index Scan""}",0.1,21.214,21.684066,2,131,5000
measured,6,35,1600,LOW,M2,10,0.00625,Seq Scan,Seq Scan,,98b88408a58947ad980b8fd95e5b82dd04316fa70b49a8d0dbfffc3a63a68d6b,"{""filter"":""((e3_data.population = 'LOW'::text) AND (e3_dynamic_loop(e3_data.value, e3_data.loop_count) >= 0))"",""index_cond"":null,""index_name"":"""",""node_types"":[""Aggregate"",""Seq Scan""],""scan_type"":""Seq Scan""}",0.095,38.638,39.159206,2,73,5000
measured,6,36,200,LOW,M2,10,0.05,Index Scan:e3_population_expression_idx,Index Scan,e3_population_expression_idx,90dc592e72c2659e52d4c5b06c4c3f2e5facc96546a449b70a932878eeab1c5a,"{""filter"":null,""index_cond"":""((e3_data.population = 'LOW'::text) AND (e3_dynamic_loop(e3_data.value, e3_data.loop_count) >= 0))"",""index_name"":""e3_population_expression_idx"",""node_types"":[""Aggregate"",""Index Scan""],""scan_type"":""Index Scan""}",0.088,20.862,21.30008,2,57,5000
measured,7,1,100,LOW,M1,505,5.05,Index Scan:e3_population_expression_idx,Index Scan,e3_population_expression_idx,90dc592e72c2659e52d4c5b06c4c3f2e5facc96546a449b70a932878eeab1c5a,"{""filter"":null,""index_cond"":""((e3_data.population = 'LOW'::text) AND (e3_dynamic_loop(e3_data.value, e3_data.loop_count) >= 0))"",""index_name"":""e3_population_expression_idx"",""node_types"":[""Aggregate"",""Index Scan""],""scan_type"":""Index Scan""}",0.081,21.051,21.410471,2,123,5000
measured,7,2,50,LOW,M2,10,0.2,Index Scan:e3_population_expression_idx,Index Scan,e3_population_expression_idx,90dc592e72c2659e52d4c5b06c4c3f2e5facc96546a449b70a932878eeab1c5a,"{""filter"":null,""index_cond"":""((e3_data.population = 'LOW'::text) AND (e3_dynamic_loop(e3_data.value, e3_data.loop_count) >= 0))"",""index_name"":""e3_population_expression_idx"",""node_types"":[""Aggregate"",""Index Scan""],""scan_type"":""Index Scan""}",0.082,20.892,21.296006,2,174,5000
measured,7,3,6400,HIGH,M1,505,0.07890625,Index Scan:e3_population_expression_idx,Index Scan,e3_population_expression_idx,53cb1932e002e51fde0eb4d757f44c7f9ef68c4eac464ff6016c5168d8c3562a,"{""filter"":null,""index_cond"":""((e3_data.population = 'HIGH'::text) AND (e3_dynamic_loop(e3_data.value, e3_data.loop_count) >= 0))"",""index_name"":""e3_population_expression_idx"",""node_types"":[""Aggregate"",""Index Scan""],""scan_type"":""Index Scan""}",0.088,994.198,994.630666,2,40,5000
measured,7,4,3200,HIGH,M2,1000,0.3125,Index Scan:e3_population_expression_idx,Index Scan,e3_population_expression_idx,53cb1932e002e51fde0eb4d757f44c7f9ef68c4eac464ff6016c5168d8c3562a,"{""filter"":null,""index_cond"":""((e3_data.population = 'HIGH'::text) AND (e3_dynamic_loop(e3_data.value, e3_data.loop_count) >= 0))"",""index_name"":""e3_population_expression_idx"",""node_types"":[""Aggregate"",""Index Scan""],""scan_type"":""Index Scan""}",0.101,994.525,994.982301,2,142,5000
measured,7,5,1600,HIGH,M1,505,0.315625,Index Scan:e3_population_expression_idx,Index Scan,e3_population_expression_idx,53cb1932e002e51fde0eb4d757f44c7f9ef68c4eac464ff6016c5168d8c3562a,"{""filter"":null,""index_cond"":""((e3_data.population = 'HIGH'::text) AND (e3_dynamic_loop(e3_data.value, e3_data.loop_count) >= 0))"",""index_name"":""e3_population_expression_idx"",""node_types"":[""Aggregate"",""Index Scan""],""scan_type"":""Index Scan""}",0.102,994.636,995.112352,2,65,5000
measured,7,6,25,LOW,M2,10,0.4,Index Scan:e3_population_expression_idx,Index Scan,e3_population_expression_idx,90dc592e72c2659e52d4c5b06c4c3f2e5facc96546a449b70a932878eeab1c5a,"{""filter"":null,""index_cond"":""((e3_data.population = 'LOW'::text) AND (e3_dynamic_loop(e3_data.value, e3_data.loop_count) >= 0))"",""index_name"":""e3_population_expression_idx"",""node_types"":[""Aggregate"",""Index Scan""],""scan_type"":""Index Scan""}",0.1,21.158,21.521711,2,45,5000
measured,7,7,200,HIGH,M1,505,2.525,Index Scan:e3_population_expression_idx,Index Scan,e3_population_expression_idx,53cb1932e002e51fde0eb4d757f44c7f9ef68c4eac464ff6016c5168d8c3562a,"{""filter"":null,""index_cond"":""((e3_data.population = 'HIGH'::text) AND (e3_dynamic_loop(e3_data.value, e3_data.loop_count) >= 0))"",""index_name"":""e3_population_expression_idx"",""node_types"":[""Aggregate"",""Index Scan""],""scan_type"":""Index Scan""}",0.082,994.456,994.890961,2,49,5000
measured,7,8,800,HIGH,M2,1000,1.25,Index Scan:e3_population_expression_idx,Index Scan,e3_population_expression_idx,53cb1932e002e51fde0eb4d757f44c7f9ef68c4eac464ff6016c5168d8c3562a,"{""filter"":null,""index_cond"":""((e3_data.population = 'HIGH'::text) AND (e3_dynamic_loop(e3_data.value, e3_data.loop_count) >= 0))"",""index_name"":""e3_population_expression_idx"",""node_types"":[""Aggregate"",""Index Scan""],""scan_type"":""Index Scan""}",0.112,994.498,994.966512,2,65,5000
measured,7,9,1600,LOW,M2,10,0.00625,Seq Scan,Seq Scan,,98b88408a58947ad980b8fd95e5b82dd04316fa70b49a8d0dbfffc3a63a68d6b,"{""filter"":""((e3_data.population = 'LOW'::text) AND (e3_dynamic_loop(e3_data.value, e3_data.loop_count) >= 0))"",""index_cond"":null,""index_name"":"""",""node_types"":[""Aggregate"",""Seq Scan""],""scan_type"":""Seq Scan""}",0.103,38.651,39.046265,2,133,5000
measured,7,10,400,HIGH,M1,505,1.2625,Index Scan:e3_population_expression_idx,Index Scan,e3_population_expression_idx,53cb1932e002e51fde0eb4d757f44c7f9ef68c4eac464ff6016c5168d8c3562a,"{""filter"":null,""index_cond"":""((e3_data.population = 'HIGH'::text) AND (e3_dynamic_loop(e3_data.value, e3_data.loop_count) >= 0))"",""index_name"":""e3_population_expression_idx"",""node_types"":[""Aggregate"",""Index Scan""],""scan_type"":""Index Scan""}",0.085,994.348,994.784409,2,53,5000
measured,7,11,200,HIGH,M2,1000,5.0,Index Scan:e3_population_expression_idx,Index Scan,e3_population_expression_idx,53cb1932e002e51fde0eb4d757f44c7f9ef68c4eac464ff6016c5168d8c3562a,"{""filter"":null,""index_cond"":""((e3_data.population = 'HIGH'::text) AND (e3_dynamic_loop(e3_data.value, e3_data.loop_count) >= 0))"",""index_name"":""e3_population_expression_idx"",""node_types"":[""Aggregate"",""Index Scan""],""scan_type"":""Index Scan""}",0.1,994.595,995.05187,2,100,5000
measured,7,12,6400,LOW,M1,505,0.07890625,Index Scan:e3_population_expression_idx,Index Scan,e3_population_expression_idx,90dc592e72c2659e52d4c5b06c4c3f2e5facc96546a449b70a932878eeab1c5a,"{""filter"":null,""index_cond"":""((e3_data.population = 'LOW'::text) AND (e3_dynamic_loop(e3_data.value, e3_data.loop_count) >= 0))"",""index_name"":""e3_population_expression_idx"",""node_types"":[""Aggregate"",""Index Scan""],""scan_type"":""Index Scan""}",0.109,21.315,21.693772,2,49,5000
measured,7,13,25,HIGH,M2,1000,40.0,Index Scan:e3_population_expression_idx,Index Scan,e3_population_expression_idx,53cb1932e002e51fde0eb4d757f44c7f9ef68c4eac464ff6016c5168d8c3562a,"{""filter"":null,""index_cond"":""((e3_data.population = 'HIGH'::text) AND (e3_dynamic_loop(e3_data.value, e3_data.loop_count) >= 0))"",""index_name"":""e3_population_expression_idx"",""node_types"":[""Aggregate"",""Index Scan""],""scan_type"":""Index Scan""}",0.088,994.674,995.197266,2,118,5000
measured,7,14,50,HIGH,M2,1000,20.0,Index Scan:e3_population_expression_idx,Index Scan,e3_population_expression_idx,53cb1932e002e51fde0eb4d757f44c7f9ef68c4eac464ff6016c5168d8c3562a,"{""filter"":null,""index_cond"":""((e3_data.population = 'HIGH'::text) AND (e3_dynamic_loop(e3_data.value, e3_data.loop_count) >= 0))"",""index_name"":""e3_population_expression_idx"",""node_types"":[""Aggregate"",""Index Scan""],""scan_type"":""Index Scan""}",0.108,994.489,995.040628,2,136,5000
measured,7,15,50,HIGH,M1,505,10.1,Index Scan:e3_population_expression_idx,Index Scan,e3_population_expression_idx,53cb1932e002e51fde0eb4d757f44c7f9ef68c4eac464ff6016c5168d8c3562a,"{""filter"":null,""index_cond"":""((e3_data.population = 'HIGH'::text) AND (e3_dynamic_loop(e3_data.value, e3_data.loop_count) >= 0))"",""index_name"":""e3_population_expression_idx"",""node_types"":[""Aggregate"",""Index Scan""],""scan_type"":""Index Scan""}",0.107,994.568,995.141799,2,71,5000
measured,7,16,800,LOW,M1,505,0.63125,Index Scan:e3_population_expression_idx,Index Scan,e3_population_expression_idx,90dc592e72c2659e52d4c5b06c4c3f2e5facc96546a449b70a932878eeab1c5a,"{""filter"":null,""index_cond"":""((e3_data.population = 'LOW'::text) AND (e3_dynamic_loop(e3_data.value, e3_data.loop_count) >= 0))"",""index_name"":""e3_population_expression_idx"",""node_types"":[""Aggregate"",""Index Scan""],""scan_type"":""Index Scan""}",0.111,21.104,21.560209,2,43,5000
measured,7,17,400,LOW,M1,505,1.2625,Index Scan:e3_population_expression_idx,Index Scan,e3_population_expression_idx,90dc592e72c2659e52d4c5b06c4c3f2e5facc96546a449b70a932878eeab1c5a,"{""filter"":null,""index_cond"":""((e3_data.population = 'LOW'::text) AND (e3_dynamic_loop(e3_data.value, e3_data.loop_count) >= 0))"",""index_name"":""e3_population_expression_idx"",""node_types"":[""Aggregate"",""Index Scan""],""scan_type"":""Index Scan""}",0.101,21.327,21.807382,2,53,5000
measured,7,18,3200,HIGH,M1,505,0.1578125,Index Scan:e3_population_expression_idx,Index Scan,e3_population_expression_idx,53cb1932e002e51fde0eb4d757f44c7f9ef68c4eac464ff6016c5168d8c3562a,"{""filter"":null,""index_cond"":""((e3_data.population = 'HIGH'::text) AND (e3_dynamic_loop(e3_data.value, e3_data.loop_count) >= 0))"",""index_name"":""e3_population_expression_idx"",""node_types"":[""Aggregate"",""Index Scan""],""scan_type"":""Index Scan""}",0.085,994.759,995.293058,2,52,5000
measured,7,19,100,HIGH,M2,1000,10.0,Index Scan:e3_population_expression_idx,Index Scan,e3_population_expression_idx,53cb1932e002e51fde0eb4d757f44c7f9ef68c4eac464ff6016c5168d8c3562a,"{""filter"":null,""index_cond"":""((e3_data.population = 'HIGH'::text) AND (e3_dynamic_loop(e3_data.value, e3_data.loop_count) >= 0))"",""index_name"":""e3_population_expression_idx"",""node_types"":[""Aggregate"",""Index Scan""],""scan_type"":""Index Scan""}",0.102,994.49,995.064452,2,69,5000
measured,7,20,25,LOW,M1,505,20.2,Index Scan:e3_population_expression_idx,Index Scan,e3_population_expression_idx,90dc592e72c2659e52d4c5b06c4c3f2e5facc96546a449b70a932878eeab1c5a,"{""filter"":null,""index_cond"":""((e3_data.population = 'LOW'::text) AND (e3_dynamic_loop(e3_data.value, e3_data.loop_count) >= 0))"",""index_name"":""e3_population_expression_idx"",""node_types"":[""Aggregate"",""Index Scan""],""scan_type"":""Index Scan""}",0.098,21.081,21.563551,2,39,5000
measured,7,21,800,HIGH,M1,505,0.63125,Index Scan:e3_population_expression_idx,Index Scan,e3_population_expression_idx,53cb1932e002e51fde0eb4d757f44c7f9ef68c4eac464ff6016c5168d8c3562a,"{""filter"":null,""index_cond"":""((e3_data.population = 'HIGH'::text) AND (e3_dynamic_loop(e3_data.value, e3_data.loop_count) >= 0))"",""index_name"":""e3_population_expression_idx"",""node_types"":[""Aggregate"",""Index Scan""],""scan_type"":""Index Scan""}",0.094,994.017,994.53237,2,40,5000
measured,7,22,800,LOW,M2,10,0.0125,Seq Scan,Seq Scan,,98b88408a58947ad980b8fd95e5b82dd04316fa70b49a8d0dbfffc3a63a68d6b,"{""filter"":""((e3_data.population = 'LOW'::text) AND (e3_dynamic_loop(e3_data.value, e3_data.loop_count) >= 0))"",""index_cond"":null,""index_name"":"""",""node_types"":[""Aggregate"",""Seq Scan""],""scan_type"":""Seq Scan""}",0.101,38.616,39.116573,2,85,5000
measured,7,23,400,HIGH,M2,1000,2.5,Index Scan:e3_population_expression_idx,Index Scan,e3_population_expression_idx,53cb1932e002e51fde0eb4d757f44c7f9ef68c4eac464ff6016c5168d8c3562a,"{""filter"":null,""index_cond"":""((e3_data.population = 'HIGH'::text) AND (e3_dynamic_loop(e3_data.value, e3_data.loop_count) >= 0))"",""index_name"":""e3_population_expression_idx"",""node_types"":[""Aggregate"",""Index Scan""],""scan_type"":""Index Scan""}",0.095,993.933,994.505864,2,77,5000
measured,7,24,25,HIGH,M1,505,20.2,Index Scan:e3_population_expression_idx,Index Scan,e3_population_expression_idx,53cb1932e002e51fde0eb4d757f44c7f9ef68c4eac464ff6016c5168d8c3562a,"{""filter"":null,""index_cond"":""((e3_data.population = 'HIGH'::text) AND (e3_dynamic_loop(e3_data.value, e3_data.loop_count) >= 0))"",""index_name"":""e3_population_expression_idx"",""node_types"":[""Aggregate"",""Index Scan""],""scan_type"":""Index Scan""}",0.105,994.511,995.065399,2,47,5000
measured,7,25,100,LOW,M2,10,0.1,Index Scan:e3_population_expression_idx,Index Scan,e3_population_expression_idx,90dc592e72c2659e52d4c5b06c4c3f2e5facc96546a449b70a932878eeab1c5a,"{""filter"":null,""index_cond"":""((e3_data.population = 'LOW'::text) AND (e3_dynamic_loop(e3_data.value, e3_data.loop_count) >= 0))"",""index_name"":""e3_population_expression_idx"",""node_types"":[""Aggregate"",""Index Scan""],""scan_type"":""Index Scan""}",0.107,21.234,21.72096,2,81,5000
measured,7,26,200,LOW,M1,505,2.525,Index Scan:e3_population_expression_idx,Index Scan,e3_population_expression_idx,90dc592e72c2659e52d4c5b06c4c3f2e5facc96546a449b70a932878eeab1c5a,"{""filter"":null,""index_cond"":""((e3_data.population = 'LOW'::text) AND (e3_dynamic_loop(e3_data.value, e3_data.loop_count) >= 0))"",""index_name"":""e3_population_expression_idx"",""node_types"":[""Aggregate"",""Index Scan""],""scan_type"":""Index Scan""}",0.094,21.096,21.583455,2,42,5000
measured,7,27,6400,LOW,M2,10,0.0015625,Seq Scan,Seq Scan,,98b88408a58947ad980b8fd95e5b82dd04316fa70b49a8d0dbfffc3a63a68d6b,"{""filter"":""((e3_data.population = 'LOW'::text) AND (e3_dynamic_loop(e3_data.value, e3_data.loop_count) >= 0))"",""index_cond"":null,""index_name"":"""",""node_types"":[""Aggregate"",""Seq Scan""],""scan_type"":""Seq Scan""}",0.088,38.779,39.285763,2,159,5000
measured,7,28,50,LOW,M1,505,10.1,Index Scan:e3_population_expression_idx,Index Scan,e3_population_expression_idx,90dc592e72c2659e52d4c5b06c4c3f2e5facc96546a449b70a932878eeab1c5a,"{""filter"":null,""index_cond"":""((e3_data.population = 'LOW'::text) AND (e3_dynamic_loop(e3_data.value, e3_data.loop_count) >= 0))"",""index_name"":""e3_population_expression_idx"",""node_types"":[""Aggregate"",""Index Scan""],""scan_type"":""Index Scan""}",0.102,21.136,21.63188,2,56,5000
measured,7,29,200,LOW,M2,10,0.05,Index Scan:e3_population_expression_idx,Index Scan,e3_population_expression_idx,90dc592e72c2659e52d4c5b06c4c3f2e5facc96546a449b70a932878eeab1c5a,"{""filter"":null,""index_cond"":""((e3_data.population = 'LOW'::text) AND (e3_dynamic_loop(e3_data.value, e3_data.loop_count) >= 0))"",""index_name"":""e3_population_expression_idx"",""node_types"":[""Aggregate"",""Index Scan""],""scan_type"":""Index Scan""}",0.091,21.125,21.596578,2,58,5000
measured,7,30,3200,LOW,M2,10,0.003125,Seq Scan,Seq Scan,,98b88408a58947ad980b8fd95e5b82dd04316fa70b49a8d0dbfffc3a63a68d6b,"{""filter"":""((e3_data.population = 'LOW'::text) AND (e3_dynamic_loop(e3_data.value, e3_data.loop_count) >= 0))"",""index_cond"":null,""index_name"":"""",""node_types"":[""Aggregate"",""Seq Scan""],""scan_type"":""Seq Scan""}",0.079,38.506,38.957719,2,114,5000
measured,7,31,3200,LOW,M1,505,0.1578125,Index Scan:e3_population_expression_idx,Index Scan,e3_population_expression_idx,90dc592e72c2659e52d4c5b06c4c3f2e5facc96546a449b70a932878eeab1c5a,"{""filter"":null,""index_cond"":""((e3_data.population = 'LOW'::text) AND (e3_dynamic_loop(e3_data.value, e3_data.loop_count) >= 0))"",""index_name"":""e3_population_expression_idx"",""node_types"":[""Aggregate"",""Index Scan""],""scan_type"":""Index Scan""}",0.089,20.915,21.326652,2,48,5000
measured,7,32,1600,LOW,M1,505,0.315625,Index Scan:e3_population_expression_idx,Index Scan,e3_population_expression_idx,90dc592e72c2659e52d4c5b06c4c3f2e5facc96546a449b70a932878eeab1c5a,"{""filter"":null,""index_cond"":""((e3_data.population = 'LOW'::text) AND (e3_dynamic_loop(e3_data.value, e3_data.loop_count) >= 0))"",""index_name"":""e3_population_expression_idx"",""node_types"":[""Aggregate"",""Index Scan""],""scan_type"":""Index Scan""}",0.082,20.982,21.417657,2,125,5000
measured,7,33,1600,HIGH,M2,1000,0.625,Index Scan:e3_population_expression_idx,Index Scan,e3_population_expression_idx,53cb1932e002e51fde0eb4d757f44c7f9ef68c4eac464ff6016c5168d8c3562a,"{""filter"":null,""index_cond"":""((e3_data.population = 'HIGH'::text) AND (e3_dynamic_loop(e3_data.value, e3_data.loop_count) >= 0))"",""index_name"":""e3_population_expression_idx"",""node_types"":[""Aggregate"",""Index Scan""],""scan_type"":""Index Scan""}",0.083,995.054,995.612854,2,166,5000
measured,7,34,6400,HIGH,M2,1000,0.15625,Index Scan:e3_population_expression_idx,Index Scan,e3_population_expression_idx,53cb1932e002e51fde0eb4d757f44c7f9ef68c4eac464ff6016c5168d8c3562a,"{""filter"":null,""index_cond"":""((e3_data.population = 'HIGH'::text) AND (e3_dynamic_loop(e3_data.value, e3_data.loop_count) >= 0))"",""index_name"":""e3_population_expression_idx"",""node_types"":[""Aggregate"",""Index Scan""],""scan_type"":""Index Scan""}",0.108,995.809,996.318285,2,145,5000
measured,7,35,100,HIGH,M1,505,5.05,Index Scan:e3_population_expression_idx,Index Scan,e3_population_expression_idx,53cb1932e002e51fde0eb4d757f44c7f9ef68c4eac464ff6016c5168d8c3562a,"{""filter"":null,""index_cond"":""((e3_data.population = 'HIGH'::text) AND (e3_dynamic_loop(e3_data.value, e3_data.loop_count) >= 0))"",""index_name"":""e3_population_expression_idx"",""node_types"":[""Aggregate"",""Index Scan""],""scan_type"":""Index Scan""}",0.122,994.988,995.492736,2,56,5000
measured,7,36,400,LOW,M2,10,0.025,Bitmap Heap Scan:e3_population_expression_idx,Bitmap Heap Scan,e3_population_expression_idx,360968da2eeaa0506df7cf6ff7f05a2bce5169153021506237a138326d1ea27f,"{""filter"":null,""index_cond"":null,""index_name"":""e3_population_expression_idx"",""node_types"":[""Aggregate"",""Bitmap Heap Scan"",""Bitmap Index Scan""],""scan_type"":""Bitmap Heap Scan""}",0.106,19.441,19.957787,2,98,5000
measured,8,1,100,LOW,M2,10,0.1,Index Scan:e3_population_expression_idx,Index Scan,e3_population_expression_idx,90dc592e72c2659e52d4c5b06c4c3f2e5facc96546a449b70a932878eeab1c5a,"{""filter"":null,""index_cond"":""((e3_data.population = 'LOW'::text) AND (e3_dynamic_loop(e3_data.value, e3_data.loop_count) >= 0))"",""index_name"":""e3_population_expression_idx"",""node_types"":[""Aggregate"",""Index Scan""],""scan_type"":""Index Scan""}",0.093,21.255,21.715286,2,62,5000
measured,8,2,25,HIGH,M2,1000,40.0,Index Scan:e3_population_expression_idx,Index Scan,e3_population_expression_idx,53cb1932e002e51fde0eb4d757f44c7f9ef68c4eac464ff6016c5168d8c3562a,"{""filter"":null,""index_cond"":""((e3_data.population = 'HIGH'::text) AND (e3_dynamic_loop(e3_data.value, e3_data.loop_count) >= 0))"",""index_name"":""e3_population_expression_idx"",""node_types"":[""Aggregate"",""Index Scan""],""scan_type"":""Index Scan""}",0.085,994.791,995.312533,2,83,5000
measured,8,3,25,LOW,M2,10,0.4,Index Scan:e3_population_expression_idx,Index Scan,e3_population_expression_idx,90dc592e72c2659e52d4c5b06c4c3f2e5facc96546a449b70a932878eeab1c5a,"{""filter"":null,""index_cond"":""((e3_data.population = 'LOW'::text) AND (e3_dynamic_loop(e3_data.value, e3_data.loop_count) >= 0))"",""index_name"":""e3_population_expression_idx"",""node_types"":[""Aggregate"",""Index Scan""],""scan_type"":""Index Scan""}",0.105,21.393,21.864015,2,213,5000
measured,8,4,1600,LOW,M2,10,0.00625,Seq Scan,Seq Scan,,98b88408a58947ad980b8fd95e5b82dd04316fa70b49a8d0dbfffc3a63a68d6b,"{""filter"":""((e3_data.population = 'LOW'::text) AND (e3_dynamic_loop(e3_data.value, e3_data.loop_count) >= 0))"",""index_cond"":null,""index_name"":"""",""node_types"":[""Aggregate"",""Seq Scan""],""scan_type"":""Seq Scan""}",0.091,38.727,39.196688,2,47,5000
measured,8,5,6400,HIGH,M2,1000,0.15625,Index Scan:e3_population_expression_idx,Index Scan,e3_population_expression_idx,53cb1932e002e51fde0eb4d757f44c7f9ef68c4eac464ff6016c5168d8c3562a,"{""filter"":null,""index_cond"":""((e3_data.population = 'HIGH'::text) AND (e3_dynamic_loop(e3_data.value, e3_data.loop_count) >= 0))"",""index_name"":""e3_population_expression_idx"",""node_types"":[""Aggregate"",""Index Scan""],""scan_type"":""Index Scan""}",0.087,1010.813,1011.267172,2,134,5000
measured,8,6,6400,LOW,M2,10,0.0015625,Seq Scan,Seq Scan,,98b88408a58947ad980b8fd95e5b82dd04316fa70b49a8d0dbfffc3a63a68d6b,"{""filter"":""((e3_data.population = 'LOW'::text) AND (e3_dynamic_loop(e3_data.value, e3_data.loop_count) >= 0))"",""index_cond"":null,""index_name"":"""",""node_types"":[""Aggregate"",""Seq Scan""],""scan_type"":""Seq Scan""}",0.108,38.71,39.147888,2,80,5000
measured,8,7,25,LOW,M1,505,20.2,Index Scan:e3_population_expression_idx,Index Scan,e3_population_expression_idx,90dc592e72c2659e52d4c5b06c4c3f2e5facc96546a449b70a932878eeab1c5a,"{""filter"":null,""index_cond"":""((e3_data.population = 'LOW'::text) AND (e3_dynamic_loop(e3_data.value, e3_data.loop_count) >= 0))"",""index_name"":""e3_population_expression_idx"",""node_types"":[""Aggregate"",""Index Scan""],""scan_type"":""Index Scan""}",0.091,21.05,21.410133,2,50,5000
measured,8,8,6400,LOW,M1,505,0.07890625,Index Scan:e3_population_expression_idx,Index Scan,e3_population_expression_idx,90dc592e72c2659e52d4c5b06c4c3f2e5facc96546a449b70a932878eeab1c5a,"{""filter"":null,""index_cond"":""((e3_data.population = 'LOW'::text) AND (e3_dynamic_loop(e3_data.value, e3_data.loop_count) >= 0))"",""index_name"":""e3_population_expression_idx"",""node_types"":[""Aggregate"",""Index Scan""],""scan_type"":""Index Scan""}",0.093,20.817,21.179491,2,39,5000
measured,8,9,400,HIGH,M2,1000,2.5,Index Scan:e3_population_expression_idx,Index Scan,e3_population_expression_idx,53cb1932e002e51fde0eb4d757f44c7f9ef68c4eac464ff6016c5168d8c3562a,"{""filter"":null,""index_cond"":""((e3_data.population = 'HIGH'::text) AND (e3_dynamic_loop(e3_data.value, e3_data.loop_count) >= 0))"",""index_name"":""e3_population_expression_idx"",""node_types"":[""Aggregate"",""Index Scan""],""scan_type"":""Index Scan""}",0.089,1073.368,1073.889317,2,77,5000
measured,8,10,400,LOW,M2,10,0.025,Bitmap Heap Scan:e3_population_expression_idx,Bitmap Heap Scan,e3_population_expression_idx,360968da2eeaa0506df7cf6ff7f05a2bce5169153021506237a138326d1ea27f,"{""filter"":null,""index_cond"":null,""index_name"":""e3_population_expression_idx"",""node_types"":[""Aggregate"",""Bitmap Heap Scan"",""Bitmap Index Scan""],""scan_type"":""Bitmap Heap Scan""}",0.16,38.723,39.281857,2,115,5000
measured,8,11,50,HIGH,M1,505,10.1,Index Scan:e3_population_expression_idx,Index Scan,e3_population_expression_idx,53cb1932e002e51fde0eb4d757f44c7f9ef68c4eac464ff6016c5168d8c3562a,"{""filter"":null,""index_cond"":""((e3_data.population = 'HIGH'::text) AND (e3_dynamic_loop(e3_data.value, e3_data.loop_count) >= 0))"",""index_name"":""e3_population_expression_idx"",""node_types"":[""Aggregate"",""Index Scan""],""scan_type"":""Index Scan""}",0.17,1029.416,1030.097203,2,106,5000
measured,8,12,50,LOW,M2,10,0.2,Index Scan:e3_population_expression_idx,Index Scan,e3_population_expression_idx,90dc592e72c2659e52d4c5b06c4c3f2e5facc96546a449b70a932878eeab1c5a,"{""filter"":null,""index_cond"":""((e3_data.population = 'LOW'::text) AND (e3_dynamic_loop(e3_data.value, e3_data.loop_count) >= 0))"",""index_name"":""e3_population_expression_idx"",""node_types"":[""Aggregate"",""Index Scan""],""scan_type"":""Index Scan""}",0.111,21.086,21.584253,2,90,5000
measured,8,13,25,HIGH,M1,505,20.2,Index Scan:e3_population_expression_idx,Index Scan,e3_population_expression_idx,53cb1932e002e51fde0eb4d757f44c7f9ef68c4eac464ff6016c5168d8c3562a,"{""filter"":null,""index_cond"":""((e3_data.population = 'HIGH'::text) AND (e3_dynamic_loop(e3_data.value, e3_data.loop_count) >= 0))"",""index_name"":""e3_population_expression_idx"",""node_types"":[""Aggregate"",""Index Scan""],""scan_type"":""Index Scan""}",0.102,995.187,995.655191,2,217,5000
measured,8,14,800,LOW,M1,505,0.63125,Index Scan:e3_population_expression_idx,Index Scan,e3_population_expression_idx,90dc592e72c2659e52d4c5b06c4c3f2e5facc96546a449b70a932878eeab1c5a,"{""filter"":null,""index_cond"":""((e3_data.population = 'LOW'::text) AND (e3_dynamic_loop(e3_data.value, e3_data.loop_count) >= 0))"",""index_name"":""e3_population_expression_idx"",""node_types"":[""Aggregate"",""Index Scan""],""scan_type"":""Index Scan""}",0.103,21.225,21.608079,2,53,5000
measured,8,15,1600,LOW,M1,505,0.315625,Index Scan:e3_population_expression_idx,Index Scan,e3_population_expression_idx,90dc592e72c2659e52d4c5b06c4c3f2e5facc96546a449b70a932878eeab1c5a,"{""filter"":null,""index_cond"":""((e3_data.population = 'LOW'::text) AND (e3_dynamic_loop(e3_data.value, e3_data.loop_count) >= 0))"",""index_name"":""e3_population_expression_idx"",""node_types"":[""Aggregate"",""Index Scan""],""scan_type"":""Index Scan""}",0.085,21.129,21.477616,2,48,5000
measured,8,16,200,LOW,M2,10,0.05,Index Scan:e3_population_expression_idx,Index Scan,e3_population_expression_idx,90dc592e72c2659e52d4c5b06c4c3f2e5facc96546a449b70a932878eeab1c5a,"{""filter"":null,""index_cond"":""((e3_data.population = 'LOW'::text) AND (e3_dynamic_loop(e3_data.value, e3_data.loop_count) >= 0))"",""index_name"":""e3_population_expression_idx"",""node_types"":[""Aggregate"",""Index Scan""],""scan_type"":""Index Scan""}",0.085,20.892,21.269474,2,130,5000
measured,8,17,3200,LOW,M2,10,0.003125,Seq Scan,Seq Scan,,98b88408a58947ad980b8fd95e5b82dd04316fa70b49a8d0dbfffc3a63a68d6b,"{""filter"":""((e3_data.population = 'LOW'::text) AND (e3_dynamic_loop(e3_data.value, e3_data.loop_count) >= 0))"",""index_cond"":null,""index_name"":"""",""node_types"":[""Aggregate"",""Seq Scan""],""scan_type"":""Seq Scan""}",0.095,38.662,39.049708,2,58,5000
measured,8,18,1600,HIGH,M1,505,0.315625,Index Scan:e3_population_expression_idx,Index Scan,e3_population_expression_idx,53cb1932e002e51fde0eb4d757f44c7f9ef68c4eac464ff6016c5168d8c3562a,"{""filter"":null,""index_cond"":""((e3_data.population = 'HIGH'::text) AND (e3_dynamic_loop(e3_data.value, e3_data.loop_count) >= 0))"",""index_name"":""e3_population_expression_idx"",""node_types"":[""Aggregate"",""Index Scan""],""scan_type"":""Index Scan""}",0.089,1050.847,1051.301281,2,240,5000
measured,8,19,200,LOW,M1,505,2.525,Index Scan:e3_population_expression_idx,Index Scan,e3_population_expression_idx,90dc592e72c2659e52d4c5b06c4c3f2e5facc96546a449b70a932878eeab1c5a,"{""filter"":null,""index_cond"":""((e3_data.population = 'LOW'::text) AND (e3_dynamic_loop(e3_data.value, e3_data.loop_count) >= 0))"",""index_name"":""e3_population_expression_idx"",""node_types"":[""Aggregate"",""Index Scan""],""scan_type"":""Index Scan""}",0.104,21.283,21.696407,2,40,5000
measured,8,20,800,HIGH,M1,505,0.63125,Index Scan:e3_population_expression_idx,Index Scan,e3_population_expression_idx,53cb1932e002e51fde0eb4d757f44c7f9ef68c4eac464ff6016c5168d8c3562a,"{""filter"":null,""index_cond"":""((e3_data.population = 'HIGH'::text) AND (e3_dynamic_loop(e3_data.value, e3_data.loop_count) >= 0))"",""index_name"":""e3_population_expression_idx"",""node_types"":[""Aggregate"",""Index Scan""],""scan_type"":""Index Scan""}",0.09,995.049,995.596719,2,52,5000
measured,8,21,6400,HIGH,M1,505,0.07890625,Index Scan:e3_population_expression_idx,Index Scan,e3_population_expression_idx,53cb1932e002e51fde0eb4d757f44c7f9ef68c4eac464ff6016c5168d8c3562a,"{""filter"":null,""index_cond"":""((e3_data.population = 'HIGH'::text) AND (e3_dynamic_loop(e3_data.value, e3_data.loop_count) >= 0))"",""index_name"":""e3_population_expression_idx"",""node_types"":[""Aggregate"",""Index Scan""],""scan_type"":""Index Scan""}",0.108,1053.116,1053.681258,2,40,5000
measured,8,22,1600,HIGH,M2,1000,0.625,Index Scan:e3_population_expression_idx,Index Scan,e3_population_expression_idx,53cb1932e002e51fde0eb4d757f44c7f9ef68c4eac464ff6016c5168d8c3562a,"{""filter"":null,""index_cond"":""((e3_data.population = 'HIGH'::text) AND (e3_dynamic_loop(e3_data.value, e3_data.loop_count) >= 0))"",""index_name"":""e3_population_expression_idx"",""node_types"":[""Aggregate"",""Index Scan""],""scan_type"":""Index Scan""}",0.118,995.539,996.118267,2,78,5000
measured,8,23,100,HIGH,M2,1000,10.0,Index Scan:e3_population_expression_idx,Index Scan,e3_population_expression_idx,53cb1932e002e51fde0eb4d757f44c7f9ef68c4eac464ff6016c5168d8c3562a,"{""filter"":null,""index_cond"":""((e3_data.population = 'HIGH'::text) AND (e3_dynamic_loop(e3_data.value, e3_data.loop_count) >= 0))"",""index_name"":""e3_population_expression_idx"",""node_types"":[""Aggregate"",""Index Scan""],""scan_type"":""Index Scan""}",0.114,994.346,994.912715,2,252,5000
measured,8,24,3200,HIGH,M2,1000,0.3125,Index Scan:e3_population_expression_idx,Index Scan,e3_population_expression_idx,53cb1932e002e51fde0eb4d757f44c7f9ef68c4eac464ff6016c5168d8c3562a,"{""filter"":null,""index_cond"":""((e3_data.population = 'HIGH'::text) AND (e3_dynamic_loop(e3_data.value, e3_data.loop_count) >= 0))"",""index_name"":""e3_population_expression_idx"",""node_types"":[""Aggregate"",""Index Scan""],""scan_type"":""Index Scan""}",0.111,994.457,994.937531,2,136,5000
measured,8,25,800,LOW,M2,10,0.0125,Seq Scan,Seq Scan,,98b88408a58947ad980b8fd95e5b82dd04316fa70b49a8d0dbfffc3a63a68d6b,"{""filter"":""((e3_data.population = 'LOW'::text) AND (e3_dynamic_loop(e3_data.value, e3_data.loop_count) >= 0))"",""index_cond"":null,""index_name"":"""",""node_types"":[""Aggregate"",""Seq Scan""],""scan_type"":""Seq Scan""}",0.099,38.639,39.041689,2,124,5000
measured,8,26,800,HIGH,M2,1000,1.25,Index Scan:e3_population_expression_idx,Index Scan,e3_population_expression_idx,53cb1932e002e51fde0eb4d757f44c7f9ef68c4eac464ff6016c5168d8c3562a,"{""filter"":null,""index_cond"":""((e3_data.population = 'HIGH'::text) AND (e3_dynamic_loop(e3_data.value, e3_data.loop_count) >= 0))"",""index_name"":""e3_population_expression_idx"",""node_types"":[""Aggregate"",""Index Scan""],""scan_type"":""Index Scan""}",0.095,994.885,995.35004,2,67,5000
measured,8,27,400,LOW,M1,505,1.2625,Index Scan:e3_population_expression_idx,Index Scan,e3_population_expression_idx,90dc592e72c2659e52d4c5b06c4c3f2e5facc96546a449b70a932878eeab1c5a,"{""filter"":null,""index_cond"":""((e3_data.population = 'LOW'::text) AND (e3_dynamic_loop(e3_data.value, e3_data.loop_count) >= 0))"",""index_name"":""e3_population_expression_idx"",""node_types"":[""Aggregate"",""Index Scan""],""scan_type"":""Index Scan""}",0.18,21.276,21.799886,2,140,5000
measured,8,28,100,LOW,M1,505,5.05,Index Scan:e3_population_expression_idx,Index Scan,e3_population_expression_idx,90dc592e72c2659e52d4c5b06c4c3f2e5facc96546a449b70a932878eeab1c5a,"{""filter"":null,""index_cond"":""((e3_data.population = 'LOW'::text) AND (e3_dynamic_loop(e3_data.value, e3_data.loop_count) >= 0))"",""index_name"":""e3_population_expression_idx"",""node_types"":[""Aggregate"",""Index Scan""],""scan_type"":""Index Scan""}",0.088,21.168,21.635031,2,51,5000
measured,8,29,200,HIGH,M2,1000,5.0,Index Scan:e3_population_expression_idx,Index Scan,e3_population_expression_idx,53cb1932e002e51fde0eb4d757f44c7f9ef68c4eac464ff6016c5168d8c3562a,"{""filter"":null,""index_cond"":""((e3_data.population = 'HIGH'::text) AND (e3_dynamic_loop(e3_data.value, e3_data.loop_count) >= 0))"",""index_name"":""e3_population_expression_idx"",""node_types"":[""Aggregate"",""Index Scan""],""scan_type"":""Index Scan""}",0.091,992.119,992.570801,2,101,5000
measured,8,30,3200,LOW,M1,505,0.1578125,Index Scan:e3_population_expression_idx,Index Scan,e3_population_expression_idx,90dc592e72c2659e52d4c5b06c4c3f2e5facc96546a449b70a932878eeab1c5a,"{""filter"":null,""index_cond"":""((e3_data.population = 'LOW'::text) AND (e3_dynamic_loop(e3_data.value, e3_data.loop_count) >= 0))"",""index_name"":""e3_population_expression_idx"",""node_types"":[""Aggregate"",""Index Scan""],""scan_type"":""Index Scan""}",0.099,21.345,21.719068,2,135,5000
measured,8,31,3200,HIGH,M1,505,0.1578125,Index Scan:e3_population_expression_idx,Index Scan,e3_population_expression_idx,53cb1932e002e51fde0eb4d757f44c7f9ef68c4eac464ff6016c5168d8c3562a,"{""filter"":null,""index_cond"":""((e3_data.population = 'HIGH'::text) AND (e3_dynamic_loop(e3_data.value, e3_data.loop_count) >= 0))"",""index_name"":""e3_population_expression_idx"",""node_types"":[""Aggregate"",""Index Scan""],""scan_type"":""Index Scan""}",0.096,992.019,992.461679,2,41,5000
measured,8,32,50,HIGH,M2,1000,20.0,Index Scan:e3_population_expression_idx,Index Scan,e3_population_expression_idx,53cb1932e002e51fde0eb4d757f44c7f9ef68c4eac464ff6016c5168d8c3562a,"{""filter"":null,""index_cond"":""((e3_data.population = 'HIGH'::text) AND (e3_dynamic_loop(e3_data.value, e3_data.loop_count) >= 0))"",""index_name"":""e3_population_expression_idx"",""node_types"":[""Aggregate"",""Index Scan""],""scan_type"":""Index Scan""}",0.101,992.423,992.886618,2,126,5000
measured,8,33,50,LOW,M1,505,10.1,Index Scan:e3_population_expression_idx,Index Scan,e3_population_expression_idx,90dc592e72c2659e52d4c5b06c4c3f2e5facc96546a449b70a932878eeab1c5a,"{""filter"":null,""index_cond"":""((e3_data.population = 'LOW'::text) AND (e3_dynamic_loop(e3_data.value, e3_data.loop_count) >= 0))"",""index_name"":""e3_population_expression_idx"",""node_types"":[""Aggregate"",""Index Scan""],""scan_type"":""Index Scan""}",0.106,21.263,21.672625,2,212,5000
measured,8,34,100,HIGH,M1,505,5.05,Index Scan:e3_population_expression_idx,Index Scan,e3_population_expression_idx,53cb1932e002e51fde0eb4d757f44c7f9ef68c4eac464ff6016c5168d8c3562a,"{""filter"":null,""index_cond"":""((e3_data.population = 'HIGH'::text) AND (e3_dynamic_loop(e3_data.value, e3_data.loop_count) >= 0))"",""index_name"":""e3_population_expression_idx"",""node_types"":[""Aggregate"",""Index Scan""],""scan_type"":""Index Scan""}",0.093,993.103,993.576158,2,40,5000
measured,8,35,400,HIGH,M1,505,1.2625,Index Scan:e3_population_expression_idx,Index Scan,e3_population_expression_idx,53cb1932e002e51fde0eb4d757f44c7f9ef68c4eac464ff6016c5168d8c3562a,"{""filter"":null,""index_cond"":""((e3_data.population = 'HIGH'::text) AND (e3_dynamic_loop(e3_data.value, e3_data.loop_count) >= 0))"",""index_name"":""e3_population_expression_idx"",""node_types"":[""Aggregate"",""Index Scan""],""scan_type"":""Index Scan""}",0.11,992.365,992.910033,2,52,5000
measured,8,36,200,HIGH,M1,505,2.525,Index Scan:e3_population_expression_idx,Index Scan,e3_population_expression_idx,53cb1932e002e51fde0eb4d757f44c7f9ef68c4eac464ff6016c5168d8c3562a,"{""filter"":null,""index_cond"":""((e3_data.population = 'HIGH'::text) AND (e3_dynamic_loop(e3_data.value, e3_data.loop_count) >= 0))"",""index_name"":""e3_population_expression_idx"",""node_types"":[""Aggregate"",""Index Scan""],""scan_type"":""Index Scan""}",0.1,992.528,993.009531,2,132,5000
measured,9,1,1600,LOW,M2,10,0.00625,Seq Scan,Seq Scan,,98b88408a58947ad980b8fd95e5b82dd04316fa70b49a8d0dbfffc3a63a68d6b,"{""filter"":""((e3_data.population = 'LOW'::text) AND (e3_dynamic_loop(e3_data.value, e3_data.loop_count) >= 0))"",""index_cond"":null,""index_name"":"""",""node_types"":[""Aggregate"",""Seq Scan""],""scan_type"":""Seq Scan""}",0.1,38.58,38.993221,2,124,5000
measured,9,2,200,HIGH,M2,1000,5.0,Index Scan:e3_population_expression_idx,Index Scan,e3_population_expression_idx,53cb1932e002e51fde0eb4d757f44c7f9ef68c4eac464ff6016c5168d8c3562a,"{""filter"":null,""index_cond"":""((e3_data.population = 'HIGH'::text) AND (e3_dynamic_loop(e3_data.value, e3_data.loop_count) >= 0))"",""index_name"":""e3_population_expression_idx"",""node_types"":[""Aggregate"",""Index Scan""],""scan_type"":""Index Scan""}",0.095,992.373,992.91585,2,65,5000
measured,9,3,3200,LOW,M2,10,0.003125,Seq Scan,Seq Scan,,98b88408a58947ad980b8fd95e5b82dd04316fa70b49a8d0dbfffc3a63a68d6b,"{""filter"":""((e3_data.population = 'LOW'::text) AND (e3_dynamic_loop(e3_data.value, e3_data.loop_count) >= 0))"",""index_cond"":null,""index_name"":"""",""node_types"":[""Aggregate"",""Seq Scan""],""scan_type"":""Seq Scan""}",0.103,38.378,38.87805,2,80,5000
measured,9,4,3200,HIGH,M1,505,0.1578125,Index Scan:e3_population_expression_idx,Index Scan,e3_population_expression_idx,53cb1932e002e51fde0eb4d757f44c7f9ef68c4eac464ff6016c5168d8c3562a,"{""filter"":null,""index_cond"":""((e3_data.population = 'HIGH'::text) AND (e3_dynamic_loop(e3_data.value, e3_data.loop_count) >= 0))"",""index_name"":""e3_population_expression_idx"",""node_types"":[""Aggregate"",""Index Scan""],""scan_type"":""Index Scan""}",0.102,993.313,993.83204,2,53,5000
measured,9,5,200,LOW,M1,505,2.525,Index Scan:e3_population_expression_idx,Index Scan,e3_population_expression_idx,90dc592e72c2659e52d4c5b06c4c3f2e5facc96546a449b70a932878eeab1c5a,"{""filter"":null,""index_cond"":""((e3_data.population = 'LOW'::text) AND (e3_dynamic_loop(e3_data.value, e3_data.loop_count) >= 0))"",""index_name"":""e3_population_expression_idx"",""node_types"":[""Aggregate"",""Index Scan""],""scan_type"":""Index Scan""}",0.1,21.291,21.747626,2,39,5000
measured,9,6,3200,LOW,M1,505,0.1578125,Index Scan:e3_population_expression_idx,Index Scan,e3_population_expression_idx,90dc592e72c2659e52d4c5b06c4c3f2e5facc96546a449b70a932878eeab1c5a,"{""filter"":null,""index_cond"":""((e3_data.population = 'LOW'::text) AND (e3_dynamic_loop(e3_data.value, e3_data.loop_count) >= 0))"",""index_name"":""e3_population_expression_idx"",""node_types"":[""Aggregate"",""Index Scan""],""scan_type"":""Index Scan""}",0.099,21.022,21.438161,2,54,5000
measured,9,7,25,LOW,M1,505,20.2,Index Scan:e3_population_expression_idx,Index Scan,e3_population_expression_idx,90dc592e72c2659e52d4c5b06c4c3f2e5facc96546a449b70a932878eeab1c5a,"{""filter"":null,""index_cond"":""((e3_data.population = 'LOW'::text) AND (e3_dynamic_loop(e3_data.value, e3_data.loop_count) >= 0))"",""index_name"":""e3_population_expression_idx"",""node_types"":[""Aggregate"",""Index Scan""],""scan_type"":""Index Scan""}",0.081,20.955,21.326691,2,42,5000
measured,9,8,25,HIGH,M1,505,20.2,Index Scan:e3_population_expression_idx,Index Scan,e3_population_expression_idx,53cb1932e002e51fde0eb4d757f44c7f9ef68c4eac464ff6016c5168d8c3562a,"{""filter"":null,""index_cond"":""((e3_data.population = 'HIGH'::text) AND (e3_dynamic_loop(e3_data.value, e3_data.loop_count) >= 0))"",""index_name"":""e3_population_expression_idx"",""node_types"":[""Aggregate"",""Index Scan""],""scan_type"":""Index Scan""}",0.081,991.399,991.884044,2,40,5000
measured,9,9,50,HIGH,M2,1000,20.0,Index Scan:e3_population_expression_idx,Index Scan,e3_population_expression_idx,53cb1932e002e51fde0eb4d757f44c7f9ef68c4eac464ff6016c5168d8c3562a,"{""filter"":null,""index_cond"":""((e3_data.population = 'HIGH'::text) AND (e3_dynamic_loop(e3_data.value, e3_data.loop_count) >= 0))"",""index_name"":""e3_population_expression_idx"",""node_types"":[""Aggregate"",""Index Scan""],""scan_type"":""Index Scan""}",0.112,991.881,992.437912,2,66,5000
measured,9,10,1600,LOW,M1,505,0.315625,Index Scan:e3_population_expression_idx,Index Scan,e3_population_expression_idx,90dc592e72c2659e52d4c5b06c4c3f2e5facc96546a449b70a932878eeab1c5a,"{""filter"":null,""index_cond"":""((e3_data.population = 'LOW'::text) AND (e3_dynamic_loop(e3_data.value, e3_data.loop_count) >= 0))"",""index_name"":""e3_population_expression_idx"",""node_types"":[""Aggregate"",""Index Scan""],""scan_type"":""Index Scan""}",0.109,21.297,21.791758,2,236,5000
measured,9,11,100,HIGH,M1,505,5.05,Index Scan:e3_population_expression_idx,Index Scan,e3_population_expression_idx,53cb1932e002e51fde0eb4d757f44c7f9ef68c4eac464ff6016c5168d8c3562a,"{""filter"":null,""index_cond"":""((e3_data.population = 'HIGH'::text) AND (e3_dynamic_loop(e3_data.value, e3_data.loop_count) >= 0))"",""index_name"":""e3_population_expression_idx"",""node_types"":[""Aggregate"",""Index Scan""],""scan_type"":""Index Scan""}",0.091,992.864,993.351646,2,53,5000
measured,9,12,50,LOW,M2,10,0.2,Index Scan:e3_population_expression_idx,Index Scan,e3_population_expression_idx,90dc592e72c2659e52d4c5b06c4c3f2e5facc96546a449b70a932878eeab1c5a,"{""filter"":null,""index_cond"":""((e3_data.population = 'LOW'::text) AND (e3_dynamic_loop(e3_data.value, e3_data.loop_count) >= 0))"",""index_name"":""e3_population_expression_idx"",""node_types"":[""Aggregate"",""Index Scan""],""scan_type"":""Index Scan""}",0.106,21.154,21.528286,2,69,5000
measured,9,13,400,LOW,M2,10,0.025,Bitmap Heap Scan:e3_population_expression_idx,Bitmap Heap Scan,e3_population_expression_idx,360968da2eeaa0506df7cf6ff7f05a2bce5169153021506237a138326d1ea27f,"{""filter"":null,""index_cond"":null,""index_name"":""e3_population_expression_idx"",""node_types"":[""Aggregate"",""Bitmap Heap Scan"",""Bitmap Index Scan""],""scan_type"":""Bitmap Heap Scan""}",0.101,19.697,20.063149,2,60,5000
measured,9,14,800,LOW,M2,10,0.0125,Seq Scan,Seq Scan,,98b88408a58947ad980b8fd95e5b82dd04316fa70b49a8d0dbfffc3a63a68d6b,"{""filter"":""((e3_data.population = 'LOW'::text) AND (e3_dynamic_loop(e3_data.value, e3_data.loop_count) >= 0))"",""index_cond"":null,""index_name"":"""",""node_types"":[""Aggregate"",""Seq Scan""],""scan_type"":""Seq Scan""}",0.088,39.137,39.614818,2,151,5000
measured,9,15,50,LOW,M1,505,10.1,Index Scan:e3_population_expression_idx,Index Scan,e3_population_expression_idx,90dc592e72c2659e52d4c5b06c4c3f2e5facc96546a449b70a932878eeab1c5a,"{""filter"":null,""index_cond"":""((e3_data.population = 'LOW'::text) AND (e3_dynamic_loop(e3_data.value, e3_data.loop_count) >= 0))"",""index_name"":""e3_population_expression_idx"",""node_types"":[""Aggregate"",""Index Scan""],""scan_type"":""Index Scan""}",0.084,20.973,21.40707,2,59,5000
measured,9,16,25,HIGH,M2,1000,40.0,Index Scan:e3_population_expression_idx,Index Scan,e3_population_expression_idx,53cb1932e002e51fde0eb4d757f44c7f9ef68c4eac464ff6016c5168d8c3562a,"{""filter"":null,""index_cond"":""((e3_data.population = 'HIGH'::text) AND (e3_dynamic_loop(e3_data.value, e3_data.loop_count) >= 0))"",""index_name"":""e3_population_expression_idx"",""node_types"":[""Aggregate"",""Index Scan""],""scan_type"":""Index Scan""}",0.076,992.257,992.757422,2,90,5000
measured,9,17,200,HIGH,M1,505,2.525,Index Scan:e3_population_expression_idx,Index Scan,e3_population_expression_idx,53cb1932e002e51fde0eb4d757f44c7f9ef68c4eac464ff6016c5168d8c3562a,"{""filter"":null,""index_cond"":""((e3_data.population = 'HIGH'::text) AND (e3_dynamic_loop(e3_data.value, e3_data.loop_count) >= 0))"",""index_name"":""e3_population_expression_idx"",""node_types"":[""Aggregate"",""Index Scan""],""scan_type"":""Index Scan""}",0.11,992.928,993.491621,2,51,5000
measured,9,18,6400,HIGH,M1,505,0.07890625,Index Scan:e3_population_expression_idx,Index Scan,e3_population_expression_idx,53cb1932e002e51fde0eb4d757f44c7f9ef68c4eac464ff6016c5168d8c3562a,"{""filter"":null,""index_cond"":""((e3_data.population = 'HIGH'::text) AND (e3_dynamic_loop(e3_data.value, e3_data.loop_count) >= 0))"",""index_name"":""e3_population_expression_idx"",""node_types"":[""Aggregate"",""Index Scan""],""scan_type"":""Index Scan""}",0.123,992.22,992.723618,2,42,5000
measured,9,19,6400,HIGH,M2,1000,0.15625,Index Scan:e3_population_expression_idx,Index Scan,e3_population_expression_idx,53cb1932e002e51fde0eb4d757f44c7f9ef68c4eac464ff6016c5168d8c3562a,"{""filter"":null,""index_cond"":""((e3_data.population = 'HIGH'::text) AND (e3_dynamic_loop(e3_data.value, e3_data.loop_count) >= 0))"",""index_name"":""e3_population_expression_idx"",""node_types"":[""Aggregate"",""Index Scan""],""scan_type"":""Index Scan""}",0.101,992.08,992.65806,2,139,5000
measured,9,20,100,LOW,M1,505,5.05,Index Scan:e3_population_expression_idx,Index Scan,e3_population_expression_idx,90dc592e72c2659e52d4c5b06c4c3f2e5facc96546a449b70a932878eeab1c5a,"{""filter"":null,""index_cond"":""((e3_data.population = 'LOW'::text) AND (e3_dynamic_loop(e3_data.value, e3_data.loop_count) >= 0))"",""index_name"":""e3_population_expression_idx"",""node_types"":[""Aggregate"",""Index Scan""],""scan_type"":""Index Scan""}",0.104,21.376,21.883551,2,57,5000
measured,9,21,6400,LOW,M1,505,0.07890625,Index Scan:e3_population_expression_idx,Index Scan,e3_population_expression_idx,90dc592e72c2659e52d4c5b06c4c3f2e5facc96546a449b70a932878eeab1c5a,"{""filter"":null,""index_cond"":""((e3_data.population = 'LOW'::text) AND (e3_dynamic_loop(e3_data.value, e3_data.loop_count) >= 0))"",""index_name"":""e3_population_expression_idx"",""node_types"":[""Aggregate"",""Index Scan""],""scan_type"":""Index Scan""}",0.098,21.263,21.771509,2,41,5000
measured,9,22,800,HIGH,M2,1000,1.25,Index Scan:e3_population_expression_idx,Index Scan,e3_population_expression_idx,53cb1932e002e51fde0eb4d757f44c7f9ef68c4eac464ff6016c5168d8c3562a,"{""filter"":null,""index_cond"":""((e3_data.population = 'HIGH'::text) AND (e3_dynamic_loop(e3_data.value, e3_data.loop_count) >= 0))"",""index_name"":""e3_population_expression_idx"",""node_types"":[""Aggregate"",""Index Scan""],""scan_type"":""Index Scan""}",0.109,991.928,992.471464,2,231,5000
measured,9,23,100,HIGH,M2,1000,10.0,Index Scan:e3_population_expression_idx,Index Scan,e3_population_expression_idx,53cb1932e002e51fde0eb4d757f44c7f9ef68c4eac464ff6016c5168d8c3562a,"{""filter"":null,""index_cond"":""((e3_data.population = 'HIGH'::text) AND (e3_dynamic_loop(e3_data.value, e3_data.loop_count) >= 0))"",""index_name"":""e3_population_expression_idx"",""node_types"":[""Aggregate"",""Index Scan""],""scan_type"":""Index Scan""}",0.105,991.732,992.206634,2,65,5000
measured,9,24,25,LOW,M2,10,0.4,Index Scan:e3_population_expression_idx,Index Scan,e3_population_expression_idx,90dc592e72c2659e52d4c5b06c4c3f2e5facc96546a449b70a932878eeab1c5a,"{""filter"":null,""index_cond"":""((e3_data.population = 'LOW'::text) AND (e3_dynamic_loop(e3_data.value, e3_data.loop_count) >= 0))"",""index_name"":""e3_population_expression_idx"",""node_types"":[""Aggregate"",""Index Scan""],""scan_type"":""Index Scan""}",0.104,21.131,21.52931,2,226,5000
measured,9,25,100,LOW,M2,10,0.1,Index Scan:e3_population_expression_idx,Index Scan,e3_population_expression_idx,90dc592e72c2659e52d4c5b06c4c3f2e5facc96546a449b70a932878eeab1c5a,"{""filter"":null,""index_cond"":""((e3_data.population = 'LOW'::text) AND (e3_dynamic_loop(e3_data.value, e3_data.loop_count) >= 0))"",""index_name"":""e3_population_expression_idx"",""node_types"":[""Aggregate"",""Index Scan""],""scan_type"":""Index Scan""}",0.09,21.108,21.468875,2,46,5000
measured,9,26,400,HIGH,M2,1000,2.5,Index Scan:e3_population_expression_idx,Index Scan,e3_population_expression_idx,53cb1932e002e51fde0eb4d757f44c7f9ef68c4eac464ff6016c5168d8c3562a,"{""filter"":null,""index_cond"":""((e3_data.population = 'HIGH'::text) AND (e3_dynamic_loop(e3_data.value, e3_data.loop_count) >= 0))"",""index_name"":""e3_population_expression_idx"",""node_types"":[""Aggregate"",""Index Scan""],""scan_type"":""Index Scan""}",0.084,992.172,992.600002,2,73,5000
measured,9,27,400,HIGH,M1,505,1.2625,Index Scan:e3_population_expression_idx,Index Scan,e3_population_expression_idx,53cb1932e002e51fde0eb4d757f44c7f9ef68c4eac464ff6016c5168d8c3562a,"{""filter"":null,""index_cond"":""((e3_data.population = 'HIGH'::text) AND (e3_dynamic_loop(e3_data.value, e3_data.loop_count) >= 0))"",""index_name"":""e3_population_expression_idx"",""node_types"":[""Aggregate"",""Index Scan""],""scan_type"":""Index Scan""}",0.112,992.166,992.61019,2,51,5000
measured,9,28,800,LOW,M1,505,0.63125,Index Scan:e3_population_expression_idx,Index Scan,e3_population_expression_idx,90dc592e72c2659e52d4c5b06c4c3f2e5facc96546a449b70a932878eeab1c5a,"{""filter"":null,""index_cond"":""((e3_data.population = 'LOW'::text) AND (e3_dynamic_loop(e3_data.value, e3_data.loop_count) >= 0))"",""index_name"":""e3_population_expression_idx"",""node_types"":[""Aggregate"",""Index Scan""],""scan_type"":""Index Scan""}",0.103,21.456,21.869449,2,119,5000
measured,9,29,200,LOW,M2,10,0.05,Index Scan:e3_population_expression_idx,Index Scan,e3_population_expression_idx,90dc592e72c2659e52d4c5b06c4c3f2e5facc96546a449b70a932878eeab1c5a,"{""filter"":null,""index_cond"":""((e3_data.population = 'LOW'::text) AND (e3_dynamic_loop(e3_data.value, e3_data.loop_count) >= 0))"",""index_name"":""e3_population_expression_idx"",""node_types"":[""Aggregate"",""Index Scan""],""scan_type"":""Index Scan""}",0.087,21.148,21.554833,2,69,5000
measured,9,30,6400,LOW,M2,10,0.0015625,Seq Scan,Seq Scan,,98b88408a58947ad980b8fd95e5b82dd04316fa70b49a8d0dbfffc3a63a68d6b,"{""filter"":""((e3_data.population = 'LOW'::text) AND (e3_dynamic_loop(e3_data.value, e3_data.loop_count) >= 0))"",""index_cond"":null,""index_name"":"""",""node_types"":[""Aggregate"",""Seq Scan""],""scan_type"":""Seq Scan""}",0.088,38.742,39.155524,2,141,5000
measured,9,31,3200,HIGH,M2,1000,0.3125,Index Scan:e3_population_expression_idx,Index Scan,e3_population_expression_idx,53cb1932e002e51fde0eb4d757f44c7f9ef68c4eac464ff6016c5168d8c3562a,"{""filter"":null,""index_cond"":""((e3_data.population = 'HIGH'::text) AND (e3_dynamic_loop(e3_data.value, e3_data.loop_count) >= 0))"",""index_name"":""e3_population_expression_idx"",""node_types"":[""Aggregate"",""Index Scan""],""scan_type"":""Index Scan""}",0.107,991.983,992.529944,2,220,5000
measured,9,32,1600,HIGH,M2,1000,0.625,Index Scan:e3_population_expression_idx,Index Scan,e3_population_expression_idx,53cb1932e002e51fde0eb4d757f44c7f9ef68c4eac464ff6016c5168d8c3562a,"{""filter"":null,""index_cond"":""((e3_data.population = 'HIGH'::text) AND (e3_dynamic_loop(e3_data.value, e3_data.loop_count) >= 0))"",""index_name"":""e3_population_expression_idx"",""node_types"":[""Aggregate"",""Index Scan""],""scan_type"":""Index Scan""}",0.112,991.781,992.282478,2,143,5000
measured,9,33,400,LOW,M1,505,1.2625,Index Scan:e3_population_expression_idx,Index Scan,e3_population_expression_idx,90dc592e72c2659e52d4c5b06c4c3f2e5facc96546a449b70a932878eeab1c5a,"{""filter"":null,""index_cond"":""((e3_data.population = 'LOW'::text) AND (e3_dynamic_loop(e3_data.value, e3_data.loop_count) >= 0))"",""index_name"":""e3_population_expression_idx"",""node_types"":[""Aggregate"",""Index Scan""],""scan_type"":""Index Scan""}",0.105,21.346,21.823836,2,131,5000
measured,9,34,1600,HIGH,M1,505,0.315625,Index Scan:e3_population_expression_idx,Index Scan,e3_population_expression_idx,53cb1932e002e51fde0eb4d757f44c7f9ef68c4eac464ff6016c5168d8c3562a,"{""filter"":null,""index_cond"":""((e3_data.population = 'HIGH'::text) AND (e3_dynamic_loop(e3_data.value, e3_data.loop_count) >= 0))"",""index_name"":""e3_population_expression_idx"",""node_types"":[""Aggregate"",""Index Scan""],""scan_type"":""Index Scan""}",0.08,991.501,992.042995,2,53,5000
measured,9,35,50,HIGH,M1,505,10.1,Index Scan:e3_population_expression_idx,Index Scan,e3_population_expression_idx,53cb1932e002e51fde0eb4d757f44c7f9ef68c4eac464ff6016c5168d8c3562a,"{""filter"":null,""index_cond"":""((e3_data.population = 'HIGH'::text) AND (e3_dynamic_loop(e3_data.value, e3_data.loop_count) >= 0))"",""index_name"":""e3_population_expression_idx"",""node_types"":[""Aggregate"",""Index Scan""],""scan_type"":""Index Scan""}",0.104,992.822,993.278548,2,55,5000
measured,9,36,800,HIGH,M1,505,0.63125,Index Scan:e3_population_expression_idx,Index Scan,e3_population_expression_idx,53cb1932e002e51fde0eb4d757f44c7f9ef68c4eac464ff6016c5168d8c3562a,"{""filter"":null,""index_cond"":""((e3_data.population = 'HIGH'::text) AND (e3_dynamic_loop(e3_data.value, e3_data.loop_count) >= 0))"",""index_name"":""e3_population_expression_idx"",""node_types"":[""Aggregate"",""Index Scan""],""scan_type"":""Index Scan""}",0.109,992.075,992.559233,2,41,5000
measured,10,1,6400,LOW,M1,505,0.07890625,Index Scan:e3_population_expression_idx,Index Scan,e3_population_expression_idx,90dc592e72c2659e52d4c5b06c4c3f2e5facc96546a449b70a932878eeab1c5a,"{""filter"":null,""index_cond"":""((e3_data.population = 'LOW'::text) AND (e3_dynamic_loop(e3_data.value, e3_data.loop_count) >= 0))"",""index_name"":""e3_population_expression_idx"",""node_types"":[""Aggregate"",""Index Scan""],""scan_type"":""Index Scan""}",0.099,21.258,21.696127,2,119,5000
measured,10,2,3200,LOW,M1,505,0.1578125,Index Scan:e3_population_expression_idx,Index Scan,e3_population_expression_idx,90dc592e72c2659e52d4c5b06c4c3f2e5facc96546a449b70a932878eeab1c5a,"{""filter"":null,""index_cond"":""((e3_data.population = 'LOW'::text) AND (e3_dynamic_loop(e3_data.value, e3_data.loop_count) >= 0))"",""index_name"":""e3_population_expression_idx"",""node_types"":[""Aggregate"",""Index Scan""],""scan_type"":""Index Scan""}",0.085,20.799,21.134757,2,39,5000
measured,10,3,400,LOW,M1,505,1.2625,Index Scan:e3_population_expression_idx,Index Scan,e3_population_expression_idx,90dc592e72c2659e52d4c5b06c4c3f2e5facc96546a449b70a932878eeab1c5a,"{""filter"":null,""index_cond"":""((e3_data.population = 'LOW'::text) AND (e3_dynamic_loop(e3_data.value, e3_data.loop_count) >= 0))"",""index_name"":""e3_population_expression_idx"",""node_types"":[""Aggregate"",""Index Scan""],""scan_type"":""Index Scan""}",0.081,20.9,21.259743,2,40,5000
measured,10,4,50,LOW,M2,10,0.2,Index Scan:e3_population_expression_idx,Index Scan,e3_population_expression_idx,90dc592e72c2659e52d4c5b06c4c3f2e5facc96546a449b70a932878eeab1c5a,"{""filter"":null,""index_cond"":""((e3_data.population = 'LOW'::text) AND (e3_dynamic_loop(e3_data.value, e3_data.loop_count) >= 0))"",""index_name"":""e3_population_expression_idx"",""node_types"":[""Aggregate"",""Index Scan""],""scan_type"":""Index Scan""}",0.092,20.967,21.295932,2,152,5000
measured,10,5,25,HIGH,M2,1000,40.0,Index Scan:e3_population_expression_idx,Index Scan,e3_population_expression_idx,53cb1932e002e51fde0eb4d757f44c7f9ef68c4eac464ff6016c5168d8c3562a,"{""filter"":null,""index_cond"":""((e3_data.population = 'HIGH'::text) AND (e3_dynamic_loop(e3_data.value, e3_data.loop_count) >= 0))"",""index_name"":""e3_population_expression_idx"",""node_types"":[""Aggregate"",""Index Scan""],""scan_type"":""Index Scan""}",0.076,992.276,992.776177,2,71,5000
measured,10,6,100,LOW,M2,10,0.1,Index Scan:e3_population_expression_idx,Index Scan,e3_population_expression_idx,90dc592e72c2659e52d4c5b06c4c3f2e5facc96546a449b70a932878eeab1c5a,"{""filter"":null,""index_cond"":""((e3_data.population = 'LOW'::text) AND (e3_dynamic_loop(e3_data.value, e3_data.loop_count) >= 0))"",""index_name"":""e3_population_expression_idx"",""node_types"":[""Aggregate"",""Index Scan""],""scan_type"":""Index Scan""}",0.104,20.986,21.483446,2,141,5000
measured,10,7,25,HIGH,M1,505,20.2,Index Scan:e3_population_expression_idx,Index Scan,e3_population_expression_idx,53cb1932e002e51fde0eb4d757f44c7f9ef68c4eac464ff6016c5168d8c3562a,"{""filter"":null,""index_cond"":""((e3_data.population = 'HIGH'::text) AND (e3_dynamic_loop(e3_data.value, e3_data.loop_count) >= 0))"",""index_name"":""e3_population_expression_idx"",""node_types"":[""Aggregate"",""Index Scan""],""scan_type"":""Index Scan""}",0.094,1011.976,1012.515845,2,40,5000
measured,10,8,3200,LOW,M2,10,0.003125,Seq Scan,Seq Scan,,98b88408a58947ad980b8fd95e5b82dd04316fa70b49a8d0dbfffc3a63a68d6b,"{""filter"":""((e3_data.population = 'LOW'::text) AND (e3_dynamic_loop(e3_data.value, e3_data.loop_count) >= 0))"",""index_cond"":null,""index_name"":"""",""node_types"":[""Aggregate"",""Seq Scan""],""scan_type"":""Seq Scan""}",0.111,38.496,39.031327,2,82,5000
measured,10,9,400,HIGH,M2,1000,2.5,Index Scan:e3_population_expression_idx,Index Scan,e3_population_expression_idx,53cb1932e002e51fde0eb4d757f44c7f9ef68c4eac464ff6016c5168d8c3562a,"{""filter"":null,""index_cond"":""((e3_data.population = 'HIGH'::text) AND (e3_dynamic_loop(e3_data.value, e3_data.loop_count) >= 0))"",""index_name"":""e3_population_expression_idx"",""node_types"":[""Aggregate"",""Index Scan""],""scan_type"":""Index Scan""}",0.107,993.715,994.232156,2,127,5000
measured,10,10,200,LOW,M2,10,0.05,Index Scan:e3_population_expression_idx,Index Scan,e3_population_expression_idx,90dc592e72c2659e52d4c5b06c4c3f2e5facc96546a449b70a932878eeab1c5a,"{""filter"":null,""index_cond"":""((e3_data.population = 'LOW'::text) AND (e3_dynamic_loop(e3_data.value, e3_data.loop_count) >= 0))"",""index_name"":""e3_population_expression_idx"",""node_types"":[""Aggregate"",""Index Scan""],""scan_type"":""Index Scan""}",0.098,21.165,21.623653,2,112,5000
measured,10,11,100,LOW,M1,505,5.05,Index Scan:e3_population_expression_idx,Index Scan,e3_population_expression_idx,90dc592e72c2659e52d4c5b06c4c3f2e5facc96546a449b70a932878eeab1c5a,"{""filter"":null,""index_cond"":""((e3_data.population = 'LOW'::text) AND (e3_dynamic_loop(e3_data.value, e3_data.loop_count) >= 0))"",""index_name"":""e3_population_expression_idx"",""node_types"":[""Aggregate"",""Index Scan""],""scan_type"":""Index Scan""}",0.088,20.9,21.340538,2,51,5000
measured,10,12,800,HIGH,M1,505,0.63125,Index Scan:e3_population_expression_idx,Index Scan,e3_population_expression_idx,53cb1932e002e51fde0eb4d757f44c7f9ef68c4eac464ff6016c5168d8c3562a,"{""filter"":null,""index_cond"":""((e3_data.population = 'HIGH'::text) AND (e3_dynamic_loop(e3_data.value, e3_data.loop_count) >= 0))"",""index_name"":""e3_population_expression_idx"",""node_types"":[""Aggregate"",""Index Scan""],""scan_type"":""Index Scan""}",0.078,1018.043,1018.511579,2,66,5000
measured,10,13,1600,HIGH,M2,1000,0.625,Index Scan:e3_population_expression_idx,Index Scan,e3_population_expression_idx,53cb1932e002e51fde0eb4d757f44c7f9ef68c4eac464ff6016c5168d8c3562a,"{""filter"":null,""index_cond"":""((e3_data.population = 'HIGH'::text) AND (e3_dynamic_loop(e3_data.value, e3_data.loop_count) >= 0))"",""index_name"":""e3_population_expression_idx"",""node_types"":[""Aggregate"",""Index Scan""],""scan_type"":""Index Scan""}",0.116,1024.412,1024.991744,2,135,5000
measured,10,14,50,HIGH,M2,1000,20.0,Index Scan:e3_population_expression_idx,Index Scan,e3_population_expression_idx,53cb1932e002e51fde0eb4d757f44c7f9ef68c4eac464ff6016c5168d8c3562a,"{""filter"":null,""index_cond"":""((e3_data.population = 'HIGH'::text) AND (e3_dynamic_loop(e3_data.value, e3_data.loop_count) >= 0))"",""index_name"":""e3_population_expression_idx"",""node_types"":[""Aggregate"",""Index Scan""],""scan_type"":""Index Scan""}",0.12,995.713,996.184326,2,77,5000
measured,10,15,400,HIGH,M1,505,1.2625,Index Scan:e3_population_expression_idx,Index Scan,e3_population_expression_idx,53cb1932e002e51fde0eb4d757f44c7f9ef68c4eac464ff6016c5168d8c3562a,"{""filter"":null,""index_cond"":""((e3_data.population = 'HIGH'::text) AND (e3_dynamic_loop(e3_data.value, e3_data.loop_count) >= 0))"",""index_name"":""e3_population_expression_idx"",""node_types"":[""Aggregate"",""Index Scan""],""scan_type"":""Index Scan""}",0.108,1026.453,1026.981832,2,41,5000
measured,10,16,3200,HIGH,M1,505,0.1578125,Index Scan:e3_population_expression_idx,Index Scan,e3_population_expression_idx,53cb1932e002e51fde0eb4d757f44c7f9ef68c4eac464ff6016c5168d8c3562a,"{""filter"":null,""index_cond"":""((e3_data.population = 'HIGH'::text) AND (e3_dynamic_loop(e3_data.value, e3_data.loop_count) >= 0))"",""index_name"":""e3_population_expression_idx"",""node_types"":[""Aggregate"",""Index Scan""],""scan_type"":""Index Scan""}",0.111,996.952,997.517692,2,423,5000
measured,10,17,800,LOW,M2,10,0.0125,Seq Scan,Seq Scan,,98b88408a58947ad980b8fd95e5b82dd04316fa70b49a8d0dbfffc3a63a68d6b,"{""filter"":""((e3_data.population = 'LOW'::text) AND (e3_dynamic_loop(e3_data.value, e3_data.loop_count) >= 0))"",""index_cond"":null,""index_name"":"""",""node_types"":[""Aggregate"",""Seq Scan""],""scan_type"":""Seq Scan""}",0.111,43.902,44.420631,2,73,5000
measured,10,18,6400,HIGH,M1,505,0.07890625,Index Scan:e3_population_expression_idx,Index Scan,e3_population_expression_idx,53cb1932e002e51fde0eb4d757f44c7f9ef68c4eac464ff6016c5168d8c3562a,"{""filter"":null,""index_cond"":""((e3_data.population = 'HIGH'::text) AND (e3_dynamic_loop(e3_data.value, e3_data.loop_count) >= 0))"",""index_name"":""e3_population_expression_idx"",""node_types"":[""Aggregate"",""Index Scan""],""scan_type"":""Index Scan""}",0.112,996.393,996.974291,2,45,5000
measured,10,19,50,HIGH,M1,505,10.1,Index Scan:e3_population_expression_idx,Index Scan,e3_population_expression_idx,53cb1932e002e51fde0eb4d757f44c7f9ef68c4eac464ff6016c5168d8c3562a,"{""filter"":null,""index_cond"":""((e3_data.population = 'HIGH'::text) AND (e3_dynamic_loop(e3_data.value, e3_data.loop_count) >= 0))"",""index_name"":""e3_population_expression_idx"",""node_types"":[""Aggregate"",""Index Scan""],""scan_type"":""Index Scan""}",0.11,996.55,997.117469,2,123,5000
measured,10,20,200,HIGH,M2,1000,5.0,Index Scan:e3_population_expression_idx,Index Scan,e3_population_expression_idx,53cb1932e002e51fde0eb4d757f44c7f9ef68c4eac464ff6016c5168d8c3562a,"{""filter"":null,""index_cond"":""((e3_data.population = 'HIGH'::text) AND (e3_dynamic_loop(e3_data.value, e3_data.loop_count) >= 0))"",""index_name"":""e3_population_expression_idx"",""node_types"":[""Aggregate"",""Index Scan""],""scan_type"":""Index Scan""}",0.108,996.977,997.568068,2,76,5000
measured,10,21,100,HIGH,M1,505,5.05,Index Scan:e3_population_expression_idx,Index Scan,e3_population_expression_idx,53cb1932e002e51fde0eb4d757f44c7f9ef68c4eac464ff6016c5168d8c3562a,"{""filter"":null,""index_cond"":""((e3_data.population = 'HIGH'::text) AND (e3_dynamic_loop(e3_data.value, e3_data.loop_count) >= 0))"",""index_name"":""e3_population_expression_idx"",""node_types"":[""Aggregate"",""Index Scan""],""scan_type"":""Index Scan""}",0.124,997.138,997.644573,2,63,5000
measured,10,22,200,HIGH,M1,505,2.525,Index Scan:e3_population_expression_idx,Index Scan,e3_population_expression_idx,53cb1932e002e51fde0eb4d757f44c7f9ef68c4eac464ff6016c5168d8c3562a,"{""filter"":null,""index_cond"":""((e3_data.population = 'HIGH'::text) AND (e3_dynamic_loop(e3_data.value, e3_data.loop_count) >= 0))"",""index_name"":""e3_population_expression_idx"",""node_types"":[""Aggregate"",""Index Scan""],""scan_type"":""Index Scan""}",0.118,1010.574,1011.146571,2,129,5000
measured,10,23,1600,LOW,M2,10,0.00625,Seq Scan,Seq Scan,,98b88408a58947ad980b8fd95e5b82dd04316fa70b49a8d0dbfffc3a63a68d6b,"{""filter"":""((e3_data.population = 'LOW'::text) AND (e3_dynamic_loop(e3_data.value, e3_data.loop_count) >= 0))"",""index_cond"":null,""index_name"":"""",""node_types"":[""Aggregate"",""Seq Scan""],""scan_type"":""Seq Scan""}",0.112,44.116,44.648227,2,78,5000
measured,10,24,100,HIGH,M2,1000,10.0,Index Scan:e3_population_expression_idx,Index Scan,e3_population_expression_idx,53cb1932e002e51fde0eb4d757f44c7f9ef68c4eac464ff6016c5168d8c3562a,"{""filter"":null,""index_cond"":""((e3_data.population = 'HIGH'::text) AND (e3_dynamic_loop(e3_data.value, e3_data.loop_count) >= 0))"",""index_name"":""e3_population_expression_idx"",""node_types"":[""Aggregate"",""Index Scan""],""scan_type"":""Index Scan""}",0.103,997.365,997.854446,2,88,5000
measured,10,25,1600,LOW,M1,505,0.315625,Index Scan:e3_population_expression_idx,Index Scan,e3_population_expression_idx,90dc592e72c2659e52d4c5b06c4c3f2e5facc96546a449b70a932878eeab1c5a,"{""filter"":null,""index_cond"":""((e3_data.population = 'LOW'::text) AND (e3_dynamic_loop(e3_data.value, e3_data.loop_count) >= 0))"",""index_name"":""e3_population_expression_idx"",""node_types"":[""Aggregate"",""Index Scan""],""scan_type"":""Index Scan""}",0.104,25.583,26.016946,2,49,5000
measured,10,26,6400,LOW,M2,10,0.0015625,Seq Scan,Seq Scan,,98b88408a58947ad980b8fd95e5b82dd04316fa70b49a8d0dbfffc3a63a68d6b,"{""filter"":""((e3_data.population = 'LOW'::text) AND (e3_dynamic_loop(e3_data.value, e3_data.loop_count) >= 0))"",""index_cond"":null,""index_name"":"""",""node_types"":[""Aggregate"",""Seq Scan""],""scan_type"":""Seq Scan""}",0.095,44.141,44.518973,2,57,5000
measured,10,27,25,LOW,M2,10,0.4,Index Scan:e3_population_expression_idx,Index Scan,e3_population_expression_idx,90dc592e72c2659e52d4c5b06c4c3f2e5facc96546a449b70a932878eeab1c5a,"{""filter"":null,""index_cond"":""((e3_data.population = 'LOW'::text) AND (e3_dynamic_loop(e3_data.value, e3_data.loop_count) >= 0))"",""index_name"":""e3_population_expression_idx"",""node_types"":[""Aggregate"",""Index Scan""],""scan_type"":""Index Scan""}",0.095,25.452,25.824249,2,48,5000
measured,10,28,6400,HIGH,M2,1000,0.15625,Index Scan:e3_population_expression_idx,Index Scan,e3_population_expression_idx,53cb1932e002e51fde0eb4d757f44c7f9ef68c4eac464ff6016c5168d8c3562a,"{""filter"":null,""index_cond"":""((e3_data.population = 'HIGH'::text) AND (e3_dynamic_loop(e3_data.value, e3_data.loop_count) >= 0))"",""index_name"":""e3_population_expression_idx"",""node_types"":[""Aggregate"",""Index Scan""],""scan_type"":""Index Scan""}",0.088,995.947,996.422681,2,79,5000
measured,10,29,3200,HIGH,M2,1000,0.3125,Index Scan:e3_population_expression_idx,Index Scan,e3_population_expression_idx,53cb1932e002e51fde0eb4d757f44c7f9ef68c4eac464ff6016c5168d8c3562a,"{""filter"":null,""index_cond"":""((e3_data.population = 'HIGH'::text) AND (e3_dynamic_loop(e3_data.value, e3_data.loop_count) >= 0))"",""index_name"":""e3_population_expression_idx"",""node_types"":[""Aggregate"",""Index Scan""],""scan_type"":""Index Scan""}",0.116,996.374,996.87019,2,214,5000
measured,10,30,400,LOW,M2,10,0.025,Bitmap Heap Scan:e3_population_expression_idx,Bitmap Heap Scan,e3_population_expression_idx,360968da2eeaa0506df7cf6ff7f05a2bce5169153021506237a138326d1ea27f,"{""filter"":null,""index_cond"":null,""index_name"":""e3_population_expression_idx"",""node_types"":[""Aggregate"",""Bitmap Heap Scan"",""Bitmap Index Scan""],""scan_type"":""Bitmap Heap Scan""}",0.108,22.553,23.01934,2,67,5000
measured,10,31,25,LOW,M1,505,20.2,Index Scan:e3_population_expression_idx,Index Scan,e3_population_expression_idx,90dc592e72c2659e52d4c5b06c4c3f2e5facc96546a449b70a932878eeab1c5a,"{""filter"":null,""index_cond"":""((e3_data.population = 'LOW'::text) AND (e3_dynamic_loop(e3_data.value, e3_data.loop_count) >= 0))"",""index_name"":""e3_population_expression_idx"",""node_types"":[""Aggregate"",""Index Scan""],""scan_type"":""Index Scan""}",0.101,25.878,26.293093,2,211,5000
measured,10,32,800,HIGH,M2,1000,1.25,Index Scan:e3_population_expression_idx,Index Scan,e3_population_expression_idx,53cb1932e002e51fde0eb4d757f44c7f9ef68c4eac464ff6016c5168d8c3562a,"{""filter"":null,""index_cond"":""((e3_data.population = 'HIGH'::text) AND (e3_dynamic_loop(e3_data.value, e3_data.loop_count) >= 0))"",""index_name"":""e3_population_expression_idx"",""node_types"":[""Aggregate"",""Index Scan""],""scan_type"":""Index Scan""}",0.1,996.162,996.630188,2,148,5000
measured,10,33,200,LOW,M1,505,2.525,Index Scan:e3_population_expression_idx,Index Scan,e3_population_expression_idx,90dc592e72c2659e52d4c5b06c4c3f2e5facc96546a449b70a932878eeab1c5a,"{""filter"":null,""index_cond"":""((e3_data.population = 'LOW'::text) AND (e3_dynamic_loop(e3_data.value, e3_data.loop_count) >= 0))"",""index_name"":""e3_population_expression_idx"",""node_types"":[""Aggregate"",""Index Scan""],""scan_type"":""Index Scan""}",0.111,25.633,26.018141,2,218,5000
measured,10,34,1600,HIGH,M1,505,0.315625,Index Scan:e3_population_expression_idx,Index Scan,e3_population_expression_idx,53cb1932e002e51fde0eb4d757f44c7f9ef68c4eac464ff6016c5168d8c3562a,"{""filter"":null,""index_cond"":""((e3_data.population = 'HIGH'::text) AND (e3_dynamic_loop(e3_data.value, e3_data.loop_count) >= 0))"",""index_name"":""e3_population_expression_idx"",""node_types"":[""Aggregate"",""Index Scan""],""scan_type"":""Index Scan""}",0.086,996.512,996.986214,2,41,5000
measured,10,35,800,LOW,M1,505,0.63125,Index Scan:e3_population_expression_idx,Index Scan,e3_population_expression_idx,90dc592e72c2659e52d4c5b06c4c3f2e5facc96546a449b70a932878eeab1c5a,"{""filter"":null,""index_cond"":""((e3_data.population = 'LOW'::text) AND (e3_dynamic_loop(e3_data.value, e3_data.loop_count) >= 0))"",""index_name"":""e3_population_expression_idx"",""node_types"":[""Aggregate"",""Index Scan""],""scan_type"":""Index Scan""}",0.109,25.734,26.10751,2,40,5000
measured,10,36,50,LOW,M1,505,10.1,Index Scan:e3_population_expression_idx,Index Scan,e3_population_expression_idx,90dc592e72c2659e52d4c5b06c4c3f2e5facc96546a449b70a932878eeab1c5a,"{""filter"":null,""index_cond"":""((e3_data.population = 'LOW'::text) AND (e3_dynamic_loop(e3_data.value, e3_data.loop_count) >= 0))"",""index_name"":""e3_population_expression_idx"",""node_types"":[""Aggregate"",""Index Scan""],""scan_type"":""Index Scan""}",0.094,25.617,25.995661,2,41,5000
