id,value,flag,loop_count,retained,lookup_key
0,490013,1,1,0,0
1,27527,0,1,1,1
2,46291,0,1,1,2
3,628319,1,1,1,3
4,51227,1,1,1,4
5,2932,1,1,1,5
6,694197,0,1,0,6
7,273978,1,1,0,7
8,928822,1,1,0,8
9,257544,0,1,1,9
10,396253,1,1,0,10
11,362128,1,1,1,11
12,667595,0,1,1,12
13,358078,0,1,0,13
14,92997,1,1,0,14
15,379026,0,1,0,15
16,759064,1,1,1,0
17,540951,1,1,1,1
18,288442,1,1,1,2
19,555783,1,1,0,3
20,157243,1,1,0,4
21,424866,0,1,0,5
22,396070,1,1,1,6
23,590350,1,1,0,7
24,128915,0,1,0,8
25,247257,0,1,0,9
26,433033,1,1,1,10
27,156525,0,1,1,11
28,836450,1,1,0,12
29,282497,0,1,1,13
30,536539,1,1,1,14
31,238913,0,1,0,15
32,337265,1,1,1,0
33,387519,1,1,1,1
34,693449,0,1,0,2
35,51379,1,1,1,3
36,384000,0,1,1,4
37,325192,1,1,1,5
38,861488,1,1,1,6
39,178506,1,1,0,7
40,823279,1,1,0,8
41,604846,1,1,1,9
42,393558,1,1,0,10
43,765041,0,1,1,11
44,43908,0,1,1,12
45,579384,1,1,0,13
46,748986,1,1,1,14
47,41289,1,1,0,15
48,655378,1,1,1,0
49,492589,1,1,0,1
50,55614,0,1,1,2
51,426490,0,1,1,3
52,218017,1,1,1,4
53,252068,0,1,1,5
54,430109,0,1,1,6
55,631351,0,1,1,7
56,897608,1,1,1,8
57,644045,0,1,0,9
58,585381,1,1,1,10
59,482370,0,1,1,11
60,648116,0,1,1,12
61,372326,1,1,0,13
62,824730,1,1,1,14
63,17820,0,1,1,15
64,809885,0,1,0,0
65,654729,1,1,1,1
66,816436,0,1,1,2
67,667152,1,1,0,3
68,999404,1,1,0,4
69,984191,0,1,1,5
70,897745,0,1,0,6
71,969558,1,1,1,7
72,551365,0,1,0,8
73,193742,1,1,1,9
74,131876,1,1,1,10
75,67649,1,1,0,11
76,63661,0,1,0,12
77,280820,0,1,0,13
78,840952,0,1,1,14
79,49270,0,1,0,15
80,973224,0,1,0,0
81,128357,0,1,0,1
82,907282,0,1,1,2
83,410703,1,1,0,3
84,265096,0,1,1,4
85,875455,1,1,0,5
86,554252,0,1,1,6
87,130301,0,1,0,7
88,933448,1,1,1,8
89,582792,1,1,1,9
90,959694,1,1,1,10
91,555001,1,1,1,11
92,774380,1,1,0,12
93,5214,1,1,0,13
94,274316,0,1,0,14
95,655967,0,1,1,15
96,768906,1,1,1,0
97,271227,0,1,0,1
98,898573,1,1,0,2
99,675050,0,1,0,3
100,186065,0,1,0,4
101,574072,0,1,1,5
102,994517,0,1,1,6
103,496650,1,1,0,7
104,522660,1,1,0,8
105,923223,0,1,0,9
106,976120,0,1,1,10
107,261112,0,1,1,11
108,540713,0,1,0,12
109,203273,0,1,0,13
110,396454,1,1,0,14
111,753068,1,1,0,15
112,800958,0,1,1,0
113,196801,1,1,0,1
114,553986,1,1,1,2
115,679208,1,1,0,3
116,67283,0,1,1,4
117,419125,1,1,0,5
118,280809,0,1,1,6
119,253994,1,1,1,7
120,162384,0,1,1,8
121,705692,0,1,0,9
122,68714,0,1,1,10
123,148375,0,1,0,11
124,730485,1,1,0,12
125,419518,0,1,1,13
126,649147,1,1,0,14
127,710833,1,1,1,15
128,309489,0,1,0,0
129,761256,0,1,0,1
130,179172,0,1,1,2
131,547067,1,1,0,3
132,599178,0,1,1,4
133,676527,1,1,0,5
134,702017,1,1,1,6
135,699379,1,1,0,7
136,766040,0,1,0,8
137,322434,0,1,1,9
138,427443,1,1,1,10
139,312043,0,1,0,11
140,166297,1,1,1,12
141,21716,1,1,1,13
142,254507,1,1,1,14
143,922167,1,1,1,15
144,440192,0,1,0,0
145,793227,0,1,0,1
146,751820,1,1,0,2
147,136851,0,1,1,3
148,386145,0,1,0,4
149,757334,1,1,1,5
150,760458,1,1,0,6
151,886089,1,1,1,7
152,553985,0,1,1,8
153,451820,1,1,1,9
154,224264,1,1,1,10
155,109150,0,1,1,11
156,324624,0,1,0,12
157,816102,0,1,0,13
158,264084,0,1,1,14
159,86160,0,1,0,15
160,484406,0,1,1,0
161,915873,0,1,0,1
162,42760,1,1,0,2
163,861969,1,1,0,3
164,409138,0,1,0,4
165,305792,1,1,0,5
166,991380,1,1,1,6
167,662315,1,1,0,7
168,408820,0,1,1,8
169,164283,0,1,1,9
170,371905,0,1,0,10
171,992102,0,1,1,11
172,786740,0,1,0,12
173,391817,0,1,1,13
174,794463,1,1,1,14
175,304729,1,1,1,15
176,908354,0,1,1,0
177,915897,1,1,1,1
178,44375,0,1,1,2
179,195653,0,1,0,3
180,422869,1,1,0,4
181,826969,1,1,0,5
182,240207,1,1,0,6
183,756154,1,1,0,7
184,708577,1,1,1,8
185,386975,1,1,0,9
186,356444,1,1,0,10
187,569869,0,1,1,11
188,716370,0,1,1,12
189,196037,0,1,0,13
190,308107,1,1,1,14
191,200983,0,1,0,15
192,907510,1,1,0,0
193,955707,0,1,1,1
194,764671,0,1,0,2
195,24395,0,1,0,3
196,701146,1,1,0,4
197,88717,1,1,0,5
198,492655,0,1,0,6
199,395598,0,1,0,7
200,322678,0,1,0,8
201,431166,0,1,1,9
202,830571,1,1,1,10
203,293379,0,1,0,11
204,905010,1,1,0,12
205,304717,1,1,1,13
206,537899,1,1,0,14
207,603676,0,1,0,15
208,854298,0,1,0,0
209,556118,1,1,1,1
210,529758,0,1,1,2
211,960784,0,1,1,3
212,962647,1,1,1,4
213,23585,0,1,0,5
214,809540,1,1,0,6
215,236839,1,1,1,7
216,766279,0,1,1,8
217,114259,1,1,1,9
218,386266,0,1,0,10
219,253172,1,1,1,11
220,583103,1,1,1,12
221,731284,0,1,1,13
222,525305,0,1,1,14
223,543946,0,1,1,15
224,187124,0,1,1,0
225,870754,0,1,0,1
226,288813,1,1,1,2
227,347657,0,1,0,3
228,760737,0,1,0,4
229,140776,0,1,1,5
230,488304,1,1,1,6
231,639732,1,1,0,7
232,872157,0,1,1,8
233,731058,0,1,0,9
234,64519,0,1,1,10
235,706403,0,1,0,11
236,721691,1,1,1,12
237,356442,0,1,1,13
238,39365,1,1,0,14
239,303769,1,1,1,15
240,720191,1,1,0,0
241,670126,1,1,0,1
242,60318,1,1,0,2
243,894400,1,1,0,3
244,305531,0,1,0,4
245,250418,0,1,0,5
246,214581,1,1,0,6
247,961006,0,1,1,7
248,226633,0,1,1,8
249,219087,0,1,0,9
250,802210,0,1,1,10
251,863962,0,1,0,11
252,372312,1,1,0,12
253,203769,1,1,1,13
254,868773,0,1,1,14
255,551774,0,1,0,15
256,270236,1,1,0,0
257,615642,1,1,1,1
258,330379,0,1,0,2
259,926397,0,1,1,3
260,743313,0,1,1,4
261,128116,1,1,0,5
262,413894,0,1,1,6
263,763837,0,1,1,7
264,232657,1,1,0,8
265,845892,0,1,0,9
266,148286,1,1,1,10
267,845098,1,1,0,11
268,107139,1,1,1,12
269,94433,1,1,1,13
270,99169,0,1,1,14
271,745858,1,1,1,15
272,628994,1,1,0,0
273,476834,1,1,0,1
274,551773,0,1,1,2
275,489109,0,1,1,3
276,756288,1,1,0,4
277,921276,0,1,0,5
278,825621,0,1,0,6
279,129792,1,1,0,7
280,570822,0,1,1,8
281,50679,0,1,1,9
282,635916,0,1,1,10
283,208267,1,1,1,11
284,252808,0,1,0,12
285,622139,0,1,1,13
286,95860,1,1,0,14
287,661519,1,1,0,15
288,711756,1,1,1,0
289,207608,0,1,1,1
290,516509,1,1,1,2
291,227313,0,1,1,3
292,141251,1,1,0,4
293,424668,0,1,0,5
294,675313,1,1,0,6
295,338712,0,1,0,7
296,236683,0,1,0,8
297,41116,1,1,1,9
298,925246,0,1,1,10
299,426401,1,1,0,11
300,896337,0,1,1,12
301,36446,1,1,0,13
302,758499,1,1,0,14
303,80574,1,1,1,15
304,87940,1,1,0,0
305,962730,1,1,1,1
306,786477,1,1,1,2
307,641598,0,1,0,3
308,798338,1,1,0,4
309,529412,1,1,0,5
310,520793,0,1,0,6
311,795239,0,1,0,7
312,343347,0,1,1,8
313,408254,0,1,1,9
314,99938,1,1,1,10
315,484142,0,1,1,11
316,525005,1,1,0,12
317,900076,1,1,0,13
318,426978,1,1,0,14
319,816750,1,1,0,15
320,579391,1,1,0,0
321,755275,0,1,0,1
322,905987,0,1,0,2
323,549951,1,1,1,3
324,935146,1,1,1,4
325,8790,1,1,0,5
326,11191,0,1,0,6
327,955789,1,1,1,7
328,193808,0,1,0,8
329,218842,1,1,0,9
330,860199,0,1,1,10
331,27860,1,1,1,11
332,850068,1,1,1,12
333,30827,0,1,1,13
334,614561,1,1,1,14
335,111932,1,1,1,15
336,350842,1,1,1,0
337,816456,1,1,0,1
338,435183,0,1,1,2
339,117456,1,1,1,3
340,576445,1,1,0,4
341,134121,0,1,1,5
342,878284,1,1,1,6
343,626207,0,1,1,7
344,549318,1,1,1,8
345,969227,1,1,1,9
346,13758,1,1,1,10
347,256258,1,1,1,11
348,721837,1,1,1,12
349,395619,1,1,1,13
350,350070,1,1,1,14
351,495215,1,1,0,15
352,667769,0,1,0,0
353,736980,0,1,0,1
354,521512,1,1,1,2
355,276706,0,1,0,3
356,764686,1,1,1,4
357,297428,1,1,0,5
358,863021,1,1,0,6
359,625027,1,1,1,7
360,125516,0,1,1,8
361,759985,1,1,1,9
362,952041,1,1,1,10
363,435695,1,1,0,11
364,961201,0,1,0,12
365,3224,1,1,1,13
366,925139,1,1,0,14
367,651227,1,1,0,15
368,713159,0,1,0,0
369,224083,0,1,1,1
370,410792,1,1,0,2
371,385777,1,1,0,3
372,639362,1,1,1,4
373,830559,0,1,0,5
374,362590,0,1,1,6
375,140432,0,1,0,7
376,928917,0,1,1,8
377,60760,1,1,0,9
378,79956,1,1,0,10
379,326347,0,1,1,11
380,633017,1,1,0,12
381,74358,0,1,0,13
382,847788,0,1,1,14
383,129157,1,1,0,15
384,913144,1,1,1,0
385,551511,0,1,1,1
386,670343,1,1,0,2
387,809362,1,1,0,3
388,602961,1,1,1,4
389,300770,1,1,0,5
390,114144,1,1,0,6
391,565423,1,1,0,7
392,306440,1,1,1,8
393,236815,0,1,1,9
394,242588,0,1,1,10
395,416287,0,1,1,11
396,555629,1,1,0,12
397,500535,0,1,0,13
398,359610,1,1,1,14
399,878776,1,1,1,15
400,27658,1,1,1,0
401,615050,0,1,0,1
402,146060,0,1,0,2
403,793270,1,1,0,3
404,427064,1,1,1,4
405,204164,1,1,1,5
406,178888,0,1,1,6
407,854534,0,1,1,7
408,758073,1,1,0,8
409,165338,1,1,0,9
410,987340,0,1,1,10
411,226058,1,1,0,11
412,636033,1,1,0,12
413,631206,0,1,0,13
414,530425,0,1,0,14
415,155066,1,1,0,15
416,77072,0,1,0,0
417,251808,1,1,0,1
418,473214,1,1,0,2
419,288380,1,1,1,3
420,351474,1,1,1,4
421,354099,1,1,0,5
422,438587,1,1,1,6
423,80473,0,1,1,7
424,96705,1,1,0,8
425,267542,1,1,1,9
426,979138,0,1,1,10
427,38256,0,1,0,11
428,729198,1,1,0,12
429,782255,1,1,0,13
430,898921,1,1,1,14
431,766224,1,1,1,15
432,308228,0,1,0,0
433,136370,0,1,1,1
434,544925,0,1,0,2
435,562147,1,1,1,3
436,427031,1,1,1,4
437,986362,1,1,1,5
438,783439,0,1,0,6
439,44936,0,1,1,7
440,869881,1,1,1,8
441,384656,0,1,1,9
442,661105,0,1,0,10
443,22287,1,1,0,11
444,815812,0,1,0,12
445,830506,0,1,0,13
446,353886,0,1,0,14
447,249193,0,1,1,15
448,516294,0,1,0,0
449,981040,1,1,1,1
450,414709,0,1,0,2
451,449493,1,1,0,3
452,456520,1,1,1,4
453,829143,1,1,0,5
454,779886,0,1,1,6
455,48611,0,1,0,7
456,544567,1,1,0,8
457,727383,0,1,1,9
458,100648,0,1,0,10
459,122173,1,1,1,11
460,782598,1,1,0,12
461,135043,0,1,0,13
462,447235,0,1,1,14
463,818211,1,1,1,15
464,887659,1,1,1,0
465,18842,1,1,1,1
466,984451,0,1,0,2
467,44207,0,1,1,3
468,989697,0,1,0,4
469,202311,0,1,0,5
470,917325,0,1,1,6
471,58078,1,1,0,7
472,545529,1,1,1,8
473,927925,1,1,0,9
474,213052,1,1,1,10
475,378874,0,1,0,11
476,409564,1,1,1,12
477,417156,1,1,1,13
478,927507,1,1,0,14
479,636934,1,1,0,15
480,92673,0,1,0,0
481,857916,0,1,0,1
482,913557,1,1,0,2
483,799787,1,1,0,3
484,28595,0,1,1,4
485,405049,0,1,1,5
486,161473,1,1,0,6
487,718179,1,1,0,7
488,477762,1,1,1,8
489,76210,1,1,1,9
490,335941,1,1,1,10
491,985986,1,1,0,11
492,781359,0,1,0,12
493,223194,1,1,1,13
494,104801,1,1,1,14
495,999070,1,1,1,15
496,184034,0,1,0,0
497,804882,0,1,0,1
498,229223,1,1,1,2
499,266367,1,1,1,3
500,941091,0,1,1,4
501,357076,1,1,0,5
502,373079,1,1,0,6
503,54581,0,1,1,7
504,857104,0,1,0,8
505,450672,1,1,0,9
506,533805,1,1,1,10
507,577023,0,1,0,11
508,192313,1,1,1,12
509,457432,1,1,1,13
510,599829,1,1,1,14
511,114058,0,1,1,15
512,508965,1,1,0,0
513,656806,1,1,1,1
514,888597,0,1,0,2
515,508843,0,1,0,3
516,445093,0,1,1,4
517,800118,1,1,1,5
518,588641,0,1,1,6
519,675442,1,1,0,7
520,946254,0,1,1,8
521,149523,1,1,1,9
522,651354,1,1,0,10
523,221102,0,1,1,11
524,549970,1,1,1,12
525,871778,1,1,0,13
526,276597,1,1,1,14
527,304508,0,1,0,15
528,786079,0,1,1,0
529,42302,0,1,1,1
530,121456,0,1,1,2
531,253861,1,1,0,3
532,318774,1,1,1,4
533,939903,0,1,1,5
534,581468,0,1,0,6
535,5200,1,1,1,7
536,832372,1,1,1,8
537,553449,1,1,1,9
538,469165,1,1,0,10
539,818145,1,1,1,11
540,203497,1,1,0,12
541,359252,1,1,0,13
542,312938,1,1,0,14
543,248959,1,1,1,15
544,500053,1,1,1,0
545,904747,1,1,0,1
546,699513,1,1,0,2
547,957061,1,1,1,3
548,577020,0,1,0,4
549,772443,0,1,1,5
550,937139,0,1,1,6
551,554286,1,1,1,7
552,143126,1,1,1,8
553,427250,0,1,1,9
554,48361,0,1,1,10
555,222257,0,1,1,11
556,245102,0,1,1,12
557,676474,1,1,0,13
558,392485,0,1,0,14
559,644359,1,1,1,15
560,759020,0,1,1,0
561,130168,0,1,1,1
562,55995,1,1,1,2
563,107453,1,1,1,3
564,699428,0,1,1,4
565,388564,0,1,0,5
566,473468,0,1,0,6
567,724680,1,1,0,7
568,727678,0,1,1,8
569,18932,1,1,0,9
570,635104,0,1,1,10
571,862199,1,1,1,11
572,49799,1,1,0,12
573,532047,0,1,0,13
574,386131,0,1,0,14
575,591882,1,1,0,15
576,609059,1,1,1,0
577,741918,1,1,0,1
578,67990,0,1,0,2
579,842307,1,1,1,3
580,303406,0,1,0,4
581,299646,1,1,0,5
582,601975,0,1,0,6
583,190609,1,1,1,7
584,980379,0,1,1,8
585,16540,0,1,0,9
586,749368,0,1,0,10
587,475119,1,1,1,11
588,267643,0,1,0,12
589,611215,0,1,1,13
590,846542,0,1,1,14
591,173646,1,1,1,15
592,422425,0,1,1,0
593,792953,0,1,0,1
594,626892,0,1,1,2
595,740465,1,1,1,3
596,600612,0,1,1,4
597,654077,1,1,0,5
598,988379,1,1,1,6
599,656370,0,1,1,7
600,441176,0,1,0,8
601,803869,1,1,1,9
602,654819,0,1,1,10
603,600536,0,1,0,11
604,847323,0,1,0,12
605,394127,1,1,0,13
606,911821,0,1,1,14
607,818434,1,1,1,15
608,688675,0,1,0,0
609,310811,1,1,0,1
610,870614,1,1,0,2
611,579547,1,1,0,3
612,672923,0,1,1,4
613,634033,1,1,1,5
614,796388,1,1,1,6
615,629472,0,1,1,7
616,782258,1,1,0,8
617,765207,0,1,0,9
618,708742,0,1,0,10
619,711228,1,1,1,11
620,798055,1,1,1,12
621,895696,1,1,1,13
622,478363,1,1,0,14
623,94010,0,1,0,15
624,932343,1,1,1,0
625,547580,1,1,0,1
626,309905,1,1,0,2
627,152234,1,1,0,3
628,561266,1,1,1,4
629,821592,1,1,0,5
630,383969,0,1,0,6
631,607419,0,1,0,7
632,402757,1,1,0,8
633,667710,1,1,0,9
634,998177,1,1,0,10
635,596390,0,1,0,11
636,260258,0,1,1,12
637,154070,1,1,1,13
638,346402,0,1,1,14
639,592802,0,1,0,15
640,107945,1,1,0,0
641,308709,0,1,1,1
642,22307,1,1,0,2
643,809815,1,1,0,3
644,524748,1,1,0,4
645,930442,1,1,1,5
646,324633,0,1,0,6
647,597145,1,1,0,7
648,648842,0,1,1,8
649,830786,1,1,1,9
650,898457,1,1,0,10
651,203897,0,1,0,11
652,999596,1,1,1,12
653,183631,1,1,0,13
654,933799,0,1,1,14
655,199624,1,1,0,15
656,113619,0,1,0,0
657,193939,1,1,0,1
658,879951,1,1,1,2
659,818241,1,1,0,3
660,846283,0,1,1,4
661,859168,0,1,0,5
662,233862,0,1,1,6
663,308734,0,1,1,7
664,818444,1,1,0,8
665,148156,0,1,1,9
666,813977,1,1,0,10
667,450757,1,1,1,11
668,423848,0,1,1,12
669,591308,0,1,0,13
670,587044,1,1,0,14
671,983071,0,1,0,15
672,57434,1,1,0,0
673,427630,1,1,0,1
674,652443,0,1,0,2
675,733666,1,1,0,3
676,24077,1,1,0,4
677,585010,1,1,1,5
678,495953,0,1,1,6
679,162531,1,1,0,7
680,417327,1,1,1,8
681,671340,0,1,1,9
682,123435,1,1,1,10
683,479390,0,1,0,11
684,800894,0,1,0,12
685,437995,1,1,0,13
686,934919,0,1,0,14
687,32003,1,1,1,15
688,673119,0,1,1,0
689,463460,0,1,0,1
690,182363,1,1,1,2
691,785674,0,1,0,3
692,226395,0,1,0,4
693,324537,1,1,1,5
694,588943,1,1,1,6
695,988841,0,1,1,7
696,759590,0,1,0,8
697,239192,0,1,0,9
698,545253,0,1,1,10
699,636204,1,1,1,11
700,231104,1,1,0,12
701,341604,0,1,1,13
702,702700,1,1,0,14
703,694728,1,1,1,15
704,631663,0,1,1,0
705,951961,1,1,0,1
706,379377,0,1,0,2
707,681774,0,1,0,3
708,255813,1,1,1,4
709,942169,1,1,1,5
710,996216,1,1,1,6
711,545479,1,1,0,7
712,145252,0,1,0,8
713,689187,1,1,0,9
714,940642,1,1,1,10
715,588412,1,1,0,11
716,793785,1,1,0,12
717,18350,1,1,1,13
718,876580,1,1,0,14
719,858546,0,1,0,15
720,298532,0,1,0,0
721,868236,0,1,1,1
722,3222,1,1,0,2
723,940836,0,1,0,3
724,361427,1,1,0,4
725,427266,1,1,0,5
726,930384,0,1,0,6
727,695818,1,1,0,7
728,123528,1,1,0,8
729,149377,1,1,0,9
730,946077,1,1,1,10
731,728911,0,1,0,11
732,593775,1,1,1,12
733,639639,0,1,0,13
734,455238,1,1,0,14
735,357921,0,1,0,15
736,31395,1,1,1,0
737,575933,1,1,0,1
738,843669,1,1,0,2
739,890212,1,1,1,3
740,822164,0,1,0,4
741,154395,0,1,1,5
742,425965,1,1,1,6
743,619197,0,1,0,7
744,800174,1,1,0,8
745,376148,0,1,0,9
746,570951,1,1,0,10
747,709419,1,1,1,11
748,153735,1,1,1,12
749,455235,1,1,1,13
750,693024,0,1,0,14
751,278962,1,1,0,15
752,98040,0,1,0,0
753,821666,0,1,0,1
754,577361,0,1,1,2
755,401011,1,1,0,3
756,600744,1,1,0,4
757,396673,0,1,1,5
758,361463,1,1,1,6
759,426692,0,1,0,7
760,660973,0,1,0,8
761,76341,1,1,1,9
762,968320,0,1,1,10
763,869495,1,1,1,11
764,227156,0,1,1,12
765,15659,1,1,1,13
766,589084,0,1,0,14
767,505340,1,1,1,15
768,848028,1,1,0,0
769,446645,1,1,1,1
770,103026,1,1,1,2
771,704656,1,1,0,3
772,870963,1,1,1,4
773,718979,1,1,0,5
774,925145,0,1,0,6
775,152796,1,1,1,7
776,803725,1,1,1,8
777,199530,1,1,0,9
778,846445,1,1,0,10
779,554178,1,1,1,11
780,328933,0,1,0,12
781,599269,1,1,0,13
782,353216,1,1,0,14
783,968702,1,1,0,15
784,786875,1,1,1,0
785,126025,0,1,1,1
786,264169,0,1,0,2
787,884273,1,1,0,3
788,201370,1,1,1,4
789,814973,0,1,0,5
790,280020,0,1,0,6
791,418037,0,1,0,7
792,567771,0,1,1,8
793,156188,0,1,1,9
794,252289,1,1,0,10
795,616156,0,1,1,11
796,834964,1,1,1,12
797,810702,0,1,1,13
798,325838,0,1,1,14
799,891042,1,1,1,15
800,533758,1,1,0,0
801,285110,1,1,0,1
802,656452,1,1,1,2
803,942664,0,1,1,3
804,42533,0,1,0,4
805,896152,1,1,0,5
806,30885,1,1,0,6
807,872971,1,1,1,7
808,172224,1,1,1,8
809,501657,1,1,1,9
810,788879,1,1,1,10
811,234603,1,1,1,11
812,1026,1,1,1,12
813,6830,0,1,1,13
814,700152,0,1,1,14
815,893605,0,1,0,15
816,538862,0,1,1,0
817,455343,1,1,1,1
818,629558,1,1,1,2
819,409651,1,1,0,3
820,951414,1,1,1,4
821,928235,0,1,0,5
822,408197,0,1,0,6
823,65647,1,1,0,7
824,57830,1,1,1,8
825,122457,0,1,0,9
826,874209,0,1,0,10
827,800330,1,1,1,11
828,405996,1,1,1,12
829,528377,1,1,1,13
830,211874,0,1,0,14
831,78703,1,1,0,15
832,85160,1,1,1,0
833,700780,0,1,1,1
834,202725,0,1,0,2
835,853870,1,1,1,3
836,641614,1,1,0,4
837,351107,1,1,0,5
838,863566,0,1,1,6
839,863319,0,1,1,7
840,895956,1,1,1,8
841,26724,0,1,1,9
842,50244,1,1,0,10
843,991265,1,1,1,11
844,69440,0,1,1,12
845,393417,0,1,1,13
846,553452,1,1,1,14
847,58706,0,1,1,15
848,641800,1,1,0,0
849,679777,1,1,0,1
850,292812,1,1,0,2
851,83996,1,1,1,3
852,307270,0,1,0,4
853,660459,0,1,0,5
854,635997,1,1,1,6
855,76717,1,1,1,7
856,899508,0,1,0,8
857,773567,0,1,1,9
858,337005,1,1,1,10
859,56963,0,1,1,11
860,475149,1,1,0,12
861,427600,1,1,1,13
862,811236,1,1,0,14
863,185797,0,1,0,15
864,904815,1,1,1,0
865,660118,0,1,0,1
866,547156,1,1,0,2
867,205416,0,1,0,3
868,914192,0,1,0,4
869,610757,1,1,1,5
870,995543,0,1,0,6
871,464849,0,1,0,7
872,673263,1,1,0,8
873,431107,1,1,0,9
874,657434,1,1,1,10
875,150626,0,1,1,11
876,52743,0,1,0,12
877,765436,0,1,1,13
878,386255,1,1,1,14
879,231223,1,1,1,15
880,668471,1,1,0,0
881,293392,0,1,1,1
882,283243,0,1,1,2
883,17635,0,1,0,3
884,939229,1,1,1,4
885,519327,0,1,0,5
886,462055,1,1,1,6
887,464200,1,1,1,7
888,627925,0,1,1,8
889,295176,1,1,0,9
890,409719,1,1,1,10
891,170197,1,1,0,11
892,61009,1,1,1,12
893,749014,0,1,1,13
894,988735,0,1,0,14
895,470837,1,1,1,15
896,928447,1,1,0,0
897,146519,1,1,0,1
898,761289,1,1,1,2
899,422807,1,1,1,3
900,800029,0,1,1,4
901,904939,0,1,0,5
902,431643,1,1,0,6
903,704008,1,1,1,7
904,136346,1,1,0,8
905,625279,0,1,0,9
906,143858,1,1,1,10
907,361288,0,1,1,11
908,20408,0,1,0,12
909,582447,1,1,1,13
910,837464,0,1,1,14
911,96542,0,1,0,15
912,782095,1,1,1,0
913,914829,0,1,0,1
914,515999,0,1,0,2
915,760206,1,1,1,3
916,655769,1,1,1,4
917,866131,0,1,1,5
918,497172,0,1,0,6
919,967657,0,1,0,7
920,403150,1,1,0,8
921,967931,0,1,1,9
922,50012,1,1,1,10
923,168792,1,1,1,11
924,592888,0,1,1,12
925,733249,0,1,1,13
926,977782,0,1,0,14
927,631032,1,1,0,15
928,70039,1,1,0,0
929,806474,1,1,1,1
930,815520,0,1,1,2
931,276348,0,1,0,3
932,23840,1,1,1,4
933,416578,0,1,1,5
934,982070,0,1,1,6
935,549435,0,1,1,7
936,707404,1,1,1,8
937,559454,0,1,0,9
938,275565,1,1,0,10
939,70421,0,1,0,11
940,204754,1,1,1,12
941,208079,0,1,1,13
942,212512,1,1,0,14
943,475914,0,1,1,15
944,243389,0,1,1,0
945,93520,0,1,0,1
946,982770,0,1,1,2
947,139111,0,1,0,3
948,976630,0,1,0,4
949,329463,1,1,1,5
950,375264,0,1,0,6
951,749647,0,1,1,7
952,975817,1,1,0,8
953,179568,0,1,1,9
954,212461,0,1,0,10
955,361488,1,1,0,11
956,960307,0,1,0,12
957,420807,0,1,1,13
958,113995,1,1,1,14
959,489888,1,1,0,15
960,571145,0,1,1,0
961,972205,0,1,0,1
962,82996,0,1,1,2
963,486807,0,1,0,3
964,11159,0,1,0,4
965,214872,1,1,1,5
966,890814,1,1,0,6
967,942790,0,1,1,7
968,951728,0,1,0,8
969,172253,0,1,0,9
970,710969,0,1,1,10
971,106595,1,1,0,11
972,82413,0,1,1,12
973,632215,1,1,0,13
974,171320,1,1,0,14
975,488,1,1,1,15
976,398281,1,1,0,0
977,118091,1,1,0,1
978,229503,1,1,1,2
979,786787,0,1,0,3
980,442394,1,1,0,4
981,249533,0,1,0,5
982,865251,1,1,0,6
983,538229,0,1,1,7
984,702161,0,1,0,8
985,333192,1,1,1,9
986,138786,0,1,0,10
987,490449,1,1,0,11
988,519830,0,1,1,12
989,572641,1,1,1,13
990,601291,1,1,0,14
991,361723,0,1,1,15
992,394245,1,1,1,0
993,127155,0,1,1,1
994,199636,0,1,1,2
995,228856,0,1,1,3
996,469227,0,1,0,4
997,77947,1,1,0,5
998,934702,0,1,1,6
999,700319,1,1,1,7
1000,571672,1,1,1,8
1001,311143,1,1,0,9
1002,322016,0,1,0,10
1003,277452,0,1,1,11
1004,621339,0,1,1,12
1005,51574,0,1,1,13
1006,761253,1,1,0,14
1007,176889,0,1,1,15
1008,906555,1,1,0,0
1009,606923,1,1,1,1
1010,338714,0,1,0,2
1011,50107,1,1,0,3
1012,147694,1,1,1,4
1013,906099,0,1,0,5
1014,414805,0,1,0,6
1015,308299,1,1,1,7
1016,535056,1,1,1,8
1017,45091,1,1,1,9
1018,857171,1,1,1,10
1019,99108,0,1,0,11
1020,452104,0,1,1,12
1021,288770,0,1,1,13
1022,298594,1,1,0,14
1023,55470,0,1,1,15
1024,247997,0,1,0,0
1025,473683,1,1,0,1
1026,214844,1,1,0,2
1027,715180,1,1,1,3
1028,262277,0,1,1,4
1029,872416,1,1,0,5
1030,106552,1,1,1,6
1031,417711,1,1,0,7
1032,493249,1,1,1,8
1033,560131,1,1,1,9
1034,113543,1,1,1,10
1035,972748,1,1,0,11
1036,148661,1,1,0,12
1037,949007,0,1,0,13
1038,485706,1,1,0,14
1039,776908,0,1,0,15
1040,829358,1,1,1,0
1041,523930,0,1,1,1
1042,699690,0,1,0,2
1043,538330,1,1,1,3
1044,178592,0,1,1,4
1045,959626,1,1,0,5
1046,195715,0,1,1,6
1047,78831,0,1,1,7
1048,14695,0,1,1,8
1049,874469,0,1,0,9
1050,169321,0,1,0,10
1051,670106,0,1,0,11
1052,96751,0,1,0,12
1053,920841,0,1,1,13
1054,515455,1,1,0,14
1055,937707,1,1,1,15
1056,860499,1,1,1,0
1057,617605,0,1,0,1
1058,562293,0,1,0,2
1059,867511,1,1,0,3
1060,191252,1,1,1,4
1061,107310,0,1,0,5
1062,658785,0,1,1,6
1063,202780,1,1,1,7
1064,273782,0,1,0,8
1065,544657,0,1,1,9
1066,975790,1,1,1,10
1067,440264,0,1,0,11
1068,179957,1,1,0,12
1069,600331,1,1,1,13
1070,572654,0,1,1,14
1071,356661,1,1,1,15
1072,770230,1,1,0,0
1073,870054,1,1,0,1
1074,515172,0,1,1,2
1075,822498,1,1,1,3
1076,766749,1,1,1,4
1077,720141,0,1,1,5
1078,635956,0,1,0,6
1079,459204,0,1,1,7
1080,245225,1,1,0,8
1081,794694,0,1,0,9
1082,446715,1,1,1,10
1083,908679,0,1,1,11
1084,866474,0,1,1,12
1085,242881,0,1,0,13
1086,917225,0,1,1,14
1087,862501,1,1,1,15
1088,565560,1,1,0,0
1089,254835,1,1,1,1
1090,919227,1,1,1,2
1091,120571,1,1,0,3
1092,889273,1,1,1,4
1093,540332,1,1,0,5
1094,185826,1,1,1,6
1095,569914,0,1,0,7
1096,714638,1,1,1,8
1097,333911,1,1,1,9
1098,428265,0,1,0,10
1099,30574,0,1,0,11
1100,354913,1,1,0,12
1101,240028,1,1,1,13
1102,600232,1,1,0,14
1103,786717,0,1,1,15
1104,471486,0,1,0,0
1105,774673,1,1,1,1
1106,24032,1,1,1,2
1107,516766,0,1,0,3
1108,823770,1,1,0,4
1109,736960,1,1,0,5
1110,617204,1,1,0,6
1111,571053,0,1,1,7
1112,754118,0,1,1,8
1113,667577,1,1,0,9
1114,449514,1,1,1,10
1115,422347,1,1,0,11
1116,713814,1,1,0,12
1117,972141,1,1,1,13
1118,124776,1,1,1,14
1119,475607,1,1,1,15
1120,501557,0,1,0,0
1121,734121,0,1,1,1
1122,64057,0,1,1,2
1123,422219,1,1,0,3
1124,902724,0,1,1,4
1125,983769,0,1,0,5
1126,520581,0,1,1,6
1127,247412,1,1,0,7
1128,944047,1,1,1,8
1129,424763,1,1,1,9
1130,543454,1,1,1,10
1131,817770,0,1,0,11
1132,846836,1,1,0,12
1133,153663,0,1,1,13
1134,901882,0,1,1,14
1135,830896,0,1,1,15
1136,16213,1,1,0,0
1137,382821,1,1,1,1
1138,801675,1,1,0,2
1139,2361,1,1,1,3
1140,394388,1,1,0,4
1141,566882,1,1,0,5
1142,150607,0,1,0,6
1143,88451,1,1,0,7
1144,690918,1,1,1,8
1145,881518,0,1,0,9
1146,179244,1,1,1,10
1147,189215,0,1,0,11
1148,234785,0,1,0,12
1149,659738,0,1,0,13
1150,366272,0,1,1,14
1151,343819,0,1,0,15
1152,706618,1,1,1,0
1153,166952,0,1,1,1
1154,90376,0,1,1,2
1155,412465,0,1,0,3
1156,711718,0,1,1,4
1157,915880,0,1,0,5
1158,691594,1,1,1,6
1159,383822,0,1,0,7
1160,15553,0,1,1,8
1161,815045,1,1,0,9
1162,351327,1,1,0,10
1163,565261,1,1,1,11
1164,469010,1,1,0,12
1165,982578,0,1,0,13
1166,109997,0,1,0,14
1167,720107,0,1,1,15
1168,277777,1,1,0,0
1169,424605,1,1,1,1
1170,597093,1,1,1,2
1171,157644,1,1,0,3
1172,768072,1,1,0,4
1173,76402,1,1,1,5
1174,548235,0,1,0,6
1175,682940,1,1,0,7
1176,807499,1,1,0,8
1177,982587,1,1,1,9
1178,182678,1,1,0,10
1179,76288,0,1,1,11
1180,598337,1,1,0,12
1181,145484,1,1,0,13
1182,343296,1,1,1,14
1183,595452,0,1,0,15
1184,417261,0,1,1,0
1185,478912,0,1,0,1
1186,791637,0,1,0,2
1187,623034,0,1,0,3
1188,41351,1,1,0,4
1189,584609,0,1,1,5
1190,619324,1,1,1,6
1191,560212,0,1,1,7
1192,810100,1,1,1,8
1193,714985,0,1,1,9
1194,281561,1,1,0,10
1195,246646,0,1,0,11
1196,450847,1,1,1,12
1197,653722,1,1,1,13
1198,638543,1,1,0,14
1199,568179,1,1,0,15
1200,302834,0,1,1,0
1201,821402,1,1,0,1
1202,573284,0,1,0,2
1203,910246,0,1,0,3
1204,16952,1,1,1,4
1205,999385,0,1,0,5
1206,166029,0,1,0,6
1207,133038,0,1,1,7
1208,935515,1,1,0,8
1209,963208,0,1,1,9
1210,39624,0,1,0,10
1211,892205,1,1,1,11
1212,346955,1,1,1,12
1213,837168,0,1,0,13
1214,35559,1,1,1,14
1215,997616,1,1,0,15
1216,634564,0,1,0,0
1217,725398,1,1,0,1
1218,765080,1,1,0,2
1219,240962,1,1,1,3
1220,694487,0,1,0,4
1221,882654,0,1,0,5
1222,568625,1,1,0,6
1223,454192,1,1,1,7
1224,754125,0,1,0,8
1225,627283,0,1,0,9
1226,751568,0,1,1,10
1227,724993,1,1,0,11
1228,262953,0,1,0,12
1229,532007,0,1,1,13
1230,306046,0,1,0,14
1231,679866,0,1,1,15
1232,136303,0,1,0,0
1233,312620,1,1,0,1
1234,925360,0,1,1,2
1235,635016,0,1,1,3
1236,354127,0,1,1,4
1237,887238,1,1,1,5
1238,771149,0,1,1,6
1239,639349,0,1,1,7
1240,537087,1,1,0,8
1241,580430,0,1,0,9
1242,660096,1,1,1,10
1243,69225,0,1,1,11
1244,678713,0,1,1,12
1245,88096,1,1,1,13
1246,297341,0,1,1,14
1247,363625,1,1,1,15
1248,473814,0,1,0,0
1249,656478,0,1,1,1
1250,572200,0,1,0,2
1251,532189,1,1,1,3
1252,480128,1,1,0,4
1253,849619,1,1,1,5
1254,787664,0,1,0,6
1255,957265,1,1,0,7
1256,37539,1,1,0,8
1257,729055,1,1,0,9
1258,686643,0,1,1,10
1259,462848,0,1,0,11
1260,96119,0,1,0,12
1261,374277,0,1,0,13
1262,968517,0,1,1,14
1263,187740,0,1,0,15
1264,246710,0,1,0,0
1265,938682,0,1,1,1
1266,570393,1,1,0,2
1267,421165,1,1,0,3
1268,469321,1,1,0,4
1269,409465,1,1,1,5
1270,500802,0,1,0,6
1271,205510,0,1,0,7
1272,565466,0,1,1,8
1273,806468,1,1,0,9
1274,688628,1,1,0,10
1275,195834,1,1,1,11
1276,27492,0,1,1,12
1277,979270,1,1,0,13
1278,645486,1,1,0,14
1279,473964,0,1,0,15
1280,288254,0,1,0,0
1281,398929,0,1,0,1
1282,818150,0,1,1,2
1283,81781,0,1,1,3
1284,643852,1,1,1,4
1285,66565,1,1,1,5
1286,754355,0,1,1,6
1287,658316,0,1,1,7
1288,695932,0,1,0,8
1289,483820,1,1,1,9
1290,518939,1,1,1,10
1291,640085,1,1,1,11
1292,558050,1,1,0,12
1293,516394,0,1,0,13
1294,403151,1,1,0,14
1295,568304,1,1,1,15
1296,157200,1,1,0,0
1297,898655,0,1,1,1
1298,653936,0,1,0,2
1299,602505,1,1,0,3
1300,959781,0,1,1,4
1301,457667,0,1,1,5
1302,530376,0,1,1,6
1303,521380,0,1,1,7
1304,753444,1,1,0,8
1305,886583,1,1,1,9
1306,161392,0,1,0,10
1307,877706,1,1,0,11
1308,874605,1,1,0,12
1309,135778,1,1,0,13
1310,335667,1,1,0,14
1311,541188,1,1,1,15
1312,604824,1,1,1,0
1313,205682,1,1,0,1
1314,517900,0,1,1,2
1315,786186,0,1,1,3
1316,40035,1,1,0,4
1317,828929,0,1,0,5
1318,674555,1,1,1,6
1319,557990,0,1,0,7
1320,333714,0,1,0,8
1321,714671,0,1,0,9
1322,549860,0,1,0,10
1323,687,1,1,1,11
1324,417956,1,1,1,12
1325,674811,1,1,1,13
1326,195284,1,1,1,14
1327,715485,0,1,0,15
1328,655570,0,1,0,0
1329,830898,0,1,0,1
1330,249018,1,1,1,2
1331,386590,1,1,1,3
1332,54392,1,1,0,4
1333,729287,0,1,0,5
1334,282411,1,1,0,6
1335,925915,0,1,0,7
1336,31351,1,1,0,8
1337,695804,0,1,1,9
1338,938179,0,1,0,10
1339,909942,1,1,0,11
1340,377862,0,1,1,12
1341,792270,0,1,1,13
1342,409107,1,1,0,14
1343,399444,0,1,0,15
1344,763037,1,1,0,0
1345,649634,0,1,1,1
1346,347999,1,1,0,2
1347,718917,1,1,0,3
1348,478817,0,1,1,4
1349,596843,1,1,1,5
1350,40178,0,1,0,6
1351,32123,0,1,0,7
1352,705704,0,1,1,8
1353,130890,1,1,0,9
1354,176077,0,1,1,10
1355,293179,1,1,0,11
1356,943474,0,1,1,12
1357,568088,0,1,1,13
1358,184453,1,1,0,14
1359,816190,1,1,1,15
1360,782734,0,1,1,0
1361,359276,0,1,1,1
1362,893892,0,1,1,2
1363,392723,0,1,1,3
1364,281357,1,1,0,4
1365,263409,1,1,0,5
1366,191424,1,1,0,6
1367,979613,1,1,1,7
1368,549019,0,1,0,8
1369,412273,0,1,0,9
1370,483065,1,1,0,10
1371,622430,1,1,0,11
1372,413210,1,1,0,12
1373,205634,1,1,0,13
1374,147173,1,1,0,14
1375,370169,1,1,0,15
1376,866615,1,1,1,0
1377,854828,0,1,0,1
1378,641087,0,1,1,2
1379,308454,0,1,1,3
1380,194709,1,1,0,4
1381,669308,1,1,0,5
1382,258605,1,1,0,6
1383,664744,0,1,0,7
1384,997867,0,1,0,8
1385,139564,1,1,0,9
1386,716729,1,1,1,10
1387,558580,0,1,0,11
1388,775276,1,1,0,12
1389,604036,1,1,1,13
1390,887875,1,1,1,14
1391,282332,1,1,1,15
1392,827888,0,1,1,0
1393,410398,0,1,0,1
1394,870642,1,1,1,2
1395,908458,0,1,1,3
1396,232991,1,1,0,4
1397,908374,1,1,0,5
1398,986297,0,1,1,6
1399,204020,1,1,1,7
1400,572714,1,1,1,8
1401,945311,1,1,0,9
1402,968645,1,1,0,10
1403,600409,0,1,1,11
1404,979933,0,1,0,12
1405,108111,0,1,1,13
1406,356711,1,1,1,14
1407,424570,1,1,1,15
1408,172409,0,1,0,0
1409,273394,0,1,1,1
1410,83474,0,1,0,2
1411,717719,1,1,1,3
1412,713587,1,1,1,4
1413,960493,0,1,1,5
1414,343808,1,1,0,6
1415,195667,0,1,1,7
1416,558934,0,1,0,8
1417,798489,0,1,0,9
1418,354302,1,1,0,10
1419,757514,0,1,1,11
1420,977442,0,1,0,12
1421,506780,1,1,1,13
1422,186541,1,1,0,14
1423,958351,0,1,1,15
1424,990930,1,1,1,0
1425,360030,0,1,0,1
1426,407977,1,1,0,2
1427,175825,1,1,1,3
1428,603397,1,1,0,4
1429,180206,0,1,1,5
1430,423260,0,1,0,6
1431,992021,1,1,1,7
1432,617742,0,1,1,8
1433,232420,0,1,1,9
1434,910515,0,1,0,10
1435,728339,1,1,1,11
1436,233068,1,1,1,12
1437,360003,1,1,0,13
1438,555474,0,1,1,14
1439,637469,0,1,0,15
1440,819654,0,1,1,0
1441,719782,0,1,0,1
1442,388028,1,1,0,2
1443,107187,1,1,0,3
1444,234413,0,1,1,4
1445,902248,1,1,0,5
1446,985221,1,1,1,6
1447,528987,0,1,1,7
1448,111370,1,1,1,8
1449,587133,0,1,1,9
1450,745135,1,1,1,10
1451,410224,0,1,0,11
1452,387168,1,1,1,12
1453,383574,1,1,1,13
1454,26906,1,1,1,14
1455,997855,0,1,0,15
1456,677193,1,1,1,0
1457,513417,1,1,0,1
1458,544143,0,1,0,2
1459,275618,1,1,0,3
1460,405043,0,1,1,4
1461,995704,1,1,0,5
1462,891418,1,1,0,6
1463,585824,0,1,1,7
1464,340134,1,1,0,8
1465,16392,1,1,1,9
1466,639510,0,1,0,10
1467,336008,0,1,0,11
1468,792711,1,1,1,12
1469,511463,0,1,0,13
1470,810553,0,1,0,14
1471,713140,1,1,0,15
1472,301261,1,1,1,0
1473,864931,1,1,1,1
1474,274420,0,1,1,2
1475,235098,1,1,1,3
1476,7972,0,1,0,4
1477,203592,0,1,0,5
1478,321514,0,1,1,6
1479,658640,1,1,0,7
1480,653452,0,1,0,8
1481,125806,1,1,1,9
1482,920388,0,1,0,10
1483,708237,0,1,1,11
1484,937288,1,1,0,12
1485,537197,0,1,1,13
1486,864372,1,1,1,14
1487,604992,0,1,1,15
1488,78130,1,1,0,0
1489,971316,0,1,1,1
1490,872832,0,1,1,2
1491,118696,1,1,1,3
1492,958274,0,1,1,4
1493,504593,0,1,0,5
1494,628099,0,1,0,6
1495,507772,1,1,1,7
1496,172821,1,1,1,8
1497,49168,1,1,0,9
1498,208822,0,1,0,10
1499,546878,0,1,1,11
1500,873490,0,1,1,12
1501,738917,1,1,1,13
1502,349821,1,1,1,14
1503,610248,1,1,1,15
1504,247483,0,1,1,0
1505,282208,0,1,1,1
1506,831995,1,1,1,2
1507,39522,0,1,0,3
1508,90189,1,1,0,4
1509,879297,0,1,0,5
1510,381917,0,1,1,6
1511,220396,0,1,1,7
1512,413696,1,1,1,8
1513,322522,0,1,1,9
1514,92493,0,1,0,10
1515,341046,0,1,0,11
1516,307915,0,1,0,12
1517,475715,0,1,1,13
1518,112746,1,1,1,14
1519,342641,0,1,0,15
1520,867801,0,1,1,0
1521,343688,1,1,0,1
1522,212124,0,1,1,2
1523,112431,1,1,0,3
1524,227118,0,1,1,4
1525,764342,1,1,1,5
1526,181939,1,1,1,6
1527,383895,0,1,1,7
1528,649467,0,1,1,8
1529,929143,1,1,0,9
1530,224886,0,1,0,10
1531,857252,0,1,0,11
1532,439861,1,1,1,12
1533,498971,1,1,1,13
1534,763198,0,1,0,14
1535,886965,0,1,1,15
1536,996801,1,1,1,0
1537,550005,0,1,1,1
1538,102109,0,1,1,2
1539,249718,1,1,0,3
1540,837607,1,1,0,4
1541,446956,0,1,0,5
1542,469057,1,1,1,6
1543,892925,1,1,1,7
1544,332735,0,1,1,8
1545,48017,0,1,1,9
1546,16837,1,1,0,10
1547,650926,1,1,0,11
1548,278664,1,1,0,12
1549,999011,0,1,0,13
1550,887730,1,1,1,14
1551,156958,0,1,1,15
1552,730990,0,1,0,0
1553,906242,1,1,0,1
1554,674562,1,1,0,2
1555,841360,0,1,1,3
1556,114405,0,1,0,4
1557,297250,1,1,1,5
1558,996553,1,1,1,6
1559,807152,0,1,0,7
1560,830949,1,1,0,8
1561,91370,0,1,0,9
1562,36902,0,1,1,10
1563,814045,1,1,1,11
1564,371049,0,1,1,12
1565,185939,0,1,0,13
1566,478815,0,1,1,14
1567,401534,1,1,1,15
1568,645628,1,1,0,0
1569,554920,1,1,0,1
1570,994024,1,1,1,2
1571,127941,0,1,1,3
1572,729892,1,1,0,4
1573,620479,0,1,1,5
1574,549162,0,1,1,6
1575,495859,0,1,1,7
1576,588761,1,1,0,8
1577,63064,0,1,1,9
1578,634464,0,1,0,10
1579,768084,1,1,0,11
1580,875469,1,1,0,12
1581,138029,1,1,0,13
1582,794574,1,1,0,14
1583,501234,1,1,0,15
1584,7054,0,1,0,0
1585,284880,0,1,0,1
1586,378522,0,1,0,2
1587,136080,0,1,1,3
1588,246426,1,1,0,4
1589,885735,0,1,1,5
1590,539237,1,1,1,6
1591,552373,1,1,0,7
1592,584901,0,1,0,8
1593,898057,0,1,1,9
1594,804244,0,1,0,10
1595,365237,1,1,1,11
1596,421731,0,1,1,12
1597,170698,1,1,1,13
1598,933427,1,1,0,14
1599,143498,0,1,0,15
1600,980601,1,1,0,0
1601,346967,1,1,0,1
1602,584484,0,1,0,2
1603,848401,1,1,0,3
1604,957238,0,1,0,4
1605,848709,0,1,1,5
1606,813548,1,1,1,6
1607,448950,0,1,0,7
1608,436295,0,1,1,8
1609,61205,0,1,1,9
1610,340216,0,1,0,10
1611,906006,1,1,0,11
1612,810472,1,1,0,12
1613,611915,1,1,1,13
1614,531041,0,1,0,14
1615,435697,0,1,1,15
1616,830783,0,1,1,0
1617,790931,0,1,0,1
1618,471629,1,1,1,2
1619,565094,1,1,1,3
1620,463682,1,1,0,4
1621,293117,1,1,0,5
1622,313158,1,1,0,6
1623,904494,0,1,1,7
1624,175731,1,1,0,8
1625,144934,0,1,1,9
1626,516646,0,1,1,10
1627,740402,0,1,0,11
1628,354304,0,1,1,12
1629,534993,0,1,0,13
1630,353670,1,1,1,14
1631,776788,1,1,1,15
1632,936558,1,1,0,0
1633,701828,1,1,1,1
1634,293197,1,1,1,2
1635,567647,0,1,1,3
1636,662881,1,1,0,4
1637,356030,1,1,1,5
1638,768489,0,1,1,6
1639,616900,1,1,1,7
1640,442462,0,1,0,8
1641,381378,1,1,0,9
1642,835299,1,1,1,10
1643,908900,0,1,0,11
1644,332742,0,1,1,12
1645,825867,1,1,0,13
1646,747296,0,1,0,14
1647,882457,0,1,1,15
1648,643457,0,1,0,0
1649,302025,0,1,1,1
1650,186411,0,1,0,2
1651,526418,0,1,1,3
1652,135159,0,1,1,4
1653,319336,1,1,1,5
1654,644227,1,1,1,6
1655,954715,1,1,0,7
1656,124422,0,1,0,8
1657,87009,1,1,0,9
1658,851882,1,1,1,10
1659,726853,1,1,1,11
1660,448904,1,1,1,12
1661,348437,0,1,0,13
1662,26630,0,1,1,14
1663,142738,1,1,0,15
1664,977876,0,1,0,0
1665,892352,0,1,1,1
1666,6562,0,1,1,2
1667,925358,1,1,0,3
1668,41317,0,1,0,4
1669,44958,1,1,1,5
1670,163519,0,1,0,6
1671,840562,1,1,1,7
1672,321747,0,1,0,8
1673,390599,1,1,0,9
1674,670214,0,1,0,10
1675,240726,1,1,0,11
1676,614813,1,1,0,12
1677,678786,1,1,1,13
1678,921078,0,1,0,14
1679,243364,0,1,0,15
1680,76282,0,1,0,0
1681,247906,0,1,1,1
1682,137498,0,1,1,2
1683,673868,0,1,0,3
1684,919991,1,1,0,4
1685,865933,0,1,1,5
1686,925981,0,1,1,6
1687,867253,1,1,0,7
1688,121356,0,1,0,8
1689,838140,0,1,1,9
1690,341814,1,1,0,10
1691,910673,0,1,0,11
1692,332794,0,1,1,12
1693,72607,1,1,1,13
1694,218465,0,1,1,14
1695,5841,1,1,0,15
1696,339715,1,1,1,0
1697,356443,0,1,0,1
1698,503872,1,1,0,2
1699,35431,1,1,0,3
1700,547134,1,1,1,4
1701,214006,0,1,1,5
1702,664187,1,1,1,6
1703,663754,0,1,0,7
1704,446361,0,1,1,8
1705,582533,1,1,0,9
1706,774012,0,1,1,10
1707,190998,1,1,0,11
1708,715124,1,1,0,12
1709,105245,0,1,1,13
1710,297701,0,1,1,14
1711,317994,0,1,0,15
1712,298177,1,1,1,0
1713,892467,1,1,0,1
1714,545060,1,1,0,2
1715,550285,1,1,0,3
1716,646876,0,1,0,4
1717,401676,0,1,1,5
1718,404568,1,1,0,6
1719,614921,1,1,0,7
1720,650078,0,1,0,8
1721,751554,0,1,0,9
1722,514463,1,1,1,10
1723,151071,1,1,0,11
1724,523853,0,1,0,12
1725,891649,0,1,0,13
1726,723896,1,1,1,14
1727,982152,1,1,1,15
1728,232874,0,1,0,0
1729,443624,0,1,1,1
1730,470816,0,1,0,2
1731,942533,1,1,0,3
1732,668281,1,1,1,4
1733,827146,0,1,0,5
1734,462489,0,1,0,6
1735,754305,1,1,0,7
1736,995579,0,1,1,8
1737,306885,1,1,0,9
1738,674388,0,1,0,10
1739,433355,0,1,1,11
1740,156977,0,1,1,12
1741,783182,0,1,1,13
1742,6675,1,1,0,14
1743,136039,0,1,0,15
1744,384088,0,1,1,0
1745,887057,0,1,0,1
1746,540346,0,1,0,2
1747,774634,0,1,0,3
1748,737867,1,1,1,4
1749,175856,0,1,0,5
1750,963895,0,1,0,6
1751,386751,1,1,0,7
1752,301899,1,1,0,8
1753,219311,1,1,1,9
1754,995836,1,1,1,10
1755,72974,0,1,1,11
1756,551371,0,1,0,12
1757,229050,0,1,0,13
1758,844508,0,1,1,14
1759,853088,0,1,0,15
1760,181272,0,1,1,0
1761,741937,0,1,0,1
1762,569760,1,1,1,2
1763,846966,0,1,1,3
1764,856012,1,1,1,4
1765,111004,1,1,0,5
1766,772849,1,1,0,6
1767,140222,0,1,0,7
1768,199674,1,1,0,8
1769,876965,1,1,1,9
1770,65972,0,1,1,10
1771,132431,1,1,1,11
1772,209906,0,1,1,12
1773,636045,1,1,1,13
1774,150170,0,1,1,14
1775,921347,0,1,0,15
1776,882028,0,1,0,0
1777,676487,1,1,1,1
1778,7429,1,1,0,2
1779,657365,0,1,0,3
1780,319679,0,1,1,4
1781,654383,1,1,1,5
1782,97103,1,1,0,6
1783,61850,1,1,1,7
1784,395478,1,1,1,8
1785,774160,1,1,0,9
1786,8510,0,1,1,10
1787,928496,1,1,0,11
1788,94216,0,1,0,12
1789,544831,0,1,1,13
1790,256638,0,1,0,14
1791,435545,0,1,1,15
1792,275137,1,1,0,0
1793,513318,0,1,1,1
1794,167931,0,1,0,2
1795,213865,1,1,1,3
1796,752401,1,1,1,4
1797,579597,0,1,0,5
1798,485686,1,1,1,6
1799,361767,0,1,1,7
1800,25403,1,1,1,8
1801,558381,0,1,0,9
1802,173078,1,1,0,10
1803,804190,0,1,0,11
1804,494573,1,1,0,12
1805,423652,1,1,1,13
1806,543877,0,1,0,14
1807,740470,1,1,0,15
1808,91323,0,1,1,0
1809,697468,1,1,0,1
1810,478180,0,1,0,2
1811,185537,1,1,0,3
1812,825149,0,1,0,4
1813,189442,1,1,1,5
1814,943563,1,1,1,6
1815,367094,0,1,1,7
1816,503400,0,1,0,8
1817,486814,0,1,1,9
1818,336435,1,1,0,10
1819,272987,0,1,0,11
1820,783105,1,1,1,12
1821,380830,0,1,1,13
1822,589344,0,1,1,14
1823,658228,0,1,0,15
1824,278534,1,1,1,0
1825,507337,0,1,0,1
1826,142257,0,1,0,2
1827,397316,1,1,1,3
1828,162273,1,1,0,4
1829,904647,0,1,0,5
1830,598967,0,1,0,6
1831,987904,0,1,1,7
1832,34282,0,1,1,8
1833,341243,1,1,0,9
1834,149366,0,1,1,10
1835,648662,0,1,0,11
1836,94618,1,1,1,12
1837,535748,0,1,0,13
1838,856339,1,1,0,14
1839,813190,1,1,0,15
1840,896406,0,1,1,0
1841,702320,0,1,0,1
1842,777940,1,1,0,2
1843,475607,0,1,1,3
1844,400989,0,1,0,4
1845,943353,0,1,1,5
1846,689626,1,1,0,6
1847,580702,1,1,0,7
1848,252801,1,1,1,8
1849,764996,1,1,0,9
1850,107217,0,1,0,10
1851,411562,0,1,1,11
1852,55676,0,1,1,12
1853,576061,0,1,1,13
1854,911245,0,1,0,14
1855,190477,1,1,1,15
1856,753181,0,1,1,0
1857,460888,1,1,1,1
1858,126805,1,1,0,2
1859,676773,0,1,0,3
1860,491544,1,1,0,4
1861,184077,1,1,0,5
1862,66398,0,1,1,6
1863,479375,1,1,1,7
1864,720879,1,1,0,8
1865,225516,0,1,1,9
1866,207955,1,1,1,10
1867,464413,1,1,1,11
1868,825452,1,1,0,12
1869,752033,1,1,0,13
1870,763682,1,1,1,14
1871,227825,1,1,0,15
1872,970767,0,1,1,0
1873,591906,1,1,0,1
1874,687233,1,1,0,2
1875,610853,1,1,1,3
1876,195191,1,1,1,4
1877,878561,0,1,0,5
1878,971073,1,1,0,6
1879,30689,0,1,0,7
1880,341650,1,1,1,8
1881,190620,1,1,0,9
1882,180926,0,1,0,10
1883,162731,1,1,1,11
1884,604660,0,1,0,12
1885,594412,0,1,0,13
1886,953829,0,1,0,14
1887,644675,0,1,1,15
1888,224499,0,1,0,0
1889,776990,0,1,1,1
1890,431951,1,1,1,2
1891,924382,0,1,1,3
1892,179509,0,1,0,4
1893,105707,0,1,0,5
1894,768402,1,1,0,6
1895,447847,1,1,0,7
1896,838235,0,1,0,8
1897,342837,0,1,1,9
1898,689174,0,1,1,10
1899,895345,1,1,0,11
1900,613603,0,1,1,12
1901,79024,0,1,0,13
1902,671464,1,1,1,14
1903,317927,1,1,0,15
1904,247750,1,1,1,0
1905,580006,0,1,1,1
1906,577408,0,1,1,2
1907,150862,0,1,1,3
1908,247941,0,1,0,4
1909,940265,1,1,0,5
1910,174655,0,1,0,6
1911,340895,1,1,1,7
1912,685056,1,1,0,8
1913,381360,1,1,1,9
1914,736594,0,1,0,10
1915,256400,0,1,0,11
1916,827696,1,1,1,12
1917,605663,1,1,1,13
1918,897266,1,1,1,14
1919,937974,0,1,0,15
1920,566403,0,1,0,0
1921,213057,0,1,0,1
1922,335758,1,1,0,2
1923,582950,0,1,0,3
1924,985343,0,1,0,4
1925,323026,1,1,0,5
1926,279738,0,1,1,6
1927,438175,1,1,0,7
1928,128091,0,1,0,8
1929,512862,0,1,0,9
1930,759994,0,1,1,10
1931,675919,0,1,0,11
1932,485520,0,1,1,12
1933,772922,0,1,0,13
1934,779785,1,1,0,14
1935,925375,1,1,0,15
1936,517055,0,1,0,0
1937,229498,0,1,1,1
1938,169410,0,1,0,2
1939,847503,1,1,1,3
1940,412177,0,1,1,4
1941,303923,1,1,0,5
1942,259141,1,1,0,6
1943,987653,0,1,1,7
1944,20511,0,1,1,8
1945,598783,0,1,1,9
1946,348782,1,1,1,10
1947,273719,1,1,0,11
1948,907473,1,1,0,12
1949,266230,0,1,0,13
1950,605667,0,1,1,14
1951,850148,1,1,1,15
1952,999375,0,1,1,0
1953,812575,1,1,0,1
1954,522314,1,1,0,2
1955,640904,1,1,0,3
1956,750247,1,1,0,4
1957,760249,1,1,0,5
1958,122137,0,1,0,6
1959,189227,0,1,0,7
1960,936664,1,1,1,8
1961,468532,1,1,0,9
1962,632929,0,1,0,10
1963,864938,0,1,1,11
1964,889134,1,1,1,12
1965,902420,0,1,0,13
1966,610550,0,1,0,14
1967,460111,1,1,0,15
1968,2819,1,1,1,0
1969,195869,1,1,1,1
1970,598783,1,1,0,2
1971,182799,1,1,0,3
1972,461523,1,1,1,4
1973,73278,0,1,1,5
1974,169964,1,1,0,6
1975,58131,1,1,1,7
1976,347194,0,1,1,8
1977,258463,0,1,1,9
1978,699108,0,1,0,10
1979,944844,1,1,0,11
1980,624843,0,1,0,12
1981,491270,1,1,1,13
1982,796652,1,1,0,14
1983,552600,1,1,0,15
1984,954900,1,1,1,0
1985,521878,0,1,1,1
1986,753680,0,1,0,2
1987,117979,0,1,0,3
1988,224644,1,1,0,4
1989,514146,1,1,0,5
1990,742307,1,1,1,6
1991,938877,0,1,0,7
1992,857212,0,1,1,8
1993,342756,1,1,1,9
1994,144993,0,1,0,10
1995,607733,1,1,0,11
1996,997444,1,1,1,12
1997,585433,1,1,0,13
1998,991748,1,1,0,14
1999,959427,0,1,0,15
2000,544154,1,1,0,0
2001,254833,1,1,0,1
2002,137016,1,1,0,2
2003,156490,0,1,0,3
2004,29443,1,1,1,4
2005,851781,1,1,1,5
2006,708021,1,1,1,6
2007,789315,0,1,0,7
2008,103344,0,1,0,8
2009,141261,0,1,1,9
2010,831766,0,1,1,10
2011,382004,0,1,1,11
2012,416423,0,1,1,12
2013,764625,1,1,0,13
2014,828990,0,1,1,14
2015,761381,1,1,1,15
2016,904899,1,1,1,0
2017,56928,0,1,1,1
2018,574599,1,1,1,2
2019,197595,1,1,0,3
2020,181683,1,1,1,4
2021,39487,1,1,1,5
2022,926283,0,1,0,6
2023,46626,0,1,1,7
2024,278200,1,1,0,8
2025,797963,1,1,0,9
2026,581132,1,1,0,10
2027,512697,1,1,1,11
2028,636046,1,1,1,12
2029,850220,1,1,1,13
2030,985376,1,1,0,14
2031,719339,1,1,0,15
2032,927807,1,1,1,0
2033,488220,1,1,0,1
2034,543817,0,1,0,2
2035,527917,0,1,1,3
2036,530491,0,1,0,4
2037,905575,0,1,0,5
2038,596558,0,1,1,6
2039,459665,0,1,1,7
2040,366282,0,1,0,8
2041,716804,1,1,0,9
2042,220816,1,1,1,10
2043,726999,1,1,0,11
2044,775927,0,1,1,12
2045,757119,1,1,0,13
2046,739197,0,1,1,14
2047,921191,0,1,0,15
2048,390273,0,1,1,0
2049,699765,0,1,1,1
2050,539319,0,1,0,2
2051,374724,1,1,1,3
2052,193627,1,1,1,4
2053,248299,1,1,0,5
2054,668391,0,1,1,6
2055,560978,1,1,1,7
2056,413502,0,1,0,8
2057,969202,0,1,0,9
2058,63839,1,1,1,10
2059,837490,0,1,0,11
2060,878555,0,1,1,12
2061,967362,1,1,1,13
2062,787069,1,1,0,14
2063,828728,1,1,1,15
2064,853133,1,1,1,0
2065,805903,0,1,0,1
2066,42403,0,1,0,2
2067,211808,1,1,1,3
2068,18180,1,1,1,4
2069,291641,0,1,0,5
2070,316779,1,1,0,6
2071,247766,0,1,0,7
2072,967359,0,1,1,8
2073,406692,0,1,1,9
2074,676759,0,1,0,10
2075,85994,1,1,1,11
2076,854247,0,1,1,12
2077,600484,0,1,1,13
2078,896728,1,1,0,14
2079,832831,1,1,1,15
2080,601728,0,1,0,0
2081,336315,1,1,1,1
2082,114799,1,1,0,2
2083,482571,0,1,0,3
2084,69635,0,1,1,4
2085,363738,1,1,1,5
2086,875754,0,1,1,6
2087,914176,1,1,1,7
2088,170923,1,1,0,8
2089,220255,1,1,1,9
2090,914366,0,1,0,10
2091,763320,1,1,1,11
2092,598230,0,1,0,12
2093,942188,1,1,1,13
2094,973642,1,1,1,14
2095,909737,0,1,1,15
2096,98115,1,1,0,0
2097,23951,0,1,0,1
2098,816783,1,1,0,2
2099,156464,1,1,0,3
2100,674142,0,1,1,4
2101,605226,1,1,0,5
2102,175616,1,1,0,6
2103,817072,1,1,1,7
2104,971886,1,1,1,8
2105,765216,0,1,0,9
2106,987578,0,1,0,10
2107,615388,1,1,1,11
2108,785676,1,1,1,12
2109,365165,1,1,0,13
2110,696264,1,1,1,14
2111,25198,0,1,1,15
2112,96968,0,1,1,0
2113,317500,1,1,1,1
2114,208499,1,1,1,2
2115,501187,0,1,0,3
2116,290649,1,1,1,4
2117,685512,0,1,1,5
2118,910014,0,1,1,6
2119,770622,0,1,1,7
2120,536222,0,1,1,8
2121,202220,0,1,1,9
2122,59443,0,1,1,10
2123,641813,1,1,1,11
2124,863240,0,1,1,12
2125,205870,0,1,0,13
2126,955939,0,1,0,14
2127,5152,0,1,0,15
2128,604556,1,1,1,0
2129,435772,1,1,0,1
2130,492933,0,1,1,2
2131,86663,0,1,0,3
2132,220639,0,1,1,4
2133,720135,1,1,1,5
2134,622315,1,1,0,6
2135,524147,0,1,1,7
2136,97444,1,1,0,8
2137,638266,1,1,0,9
2138,120765,0,1,0,10
2139,152237,0,1,1,11
2140,417144,1,1,1,12
2141,50769,1,1,0,13
2142,664054,0,1,0,14
2143,158264,0,1,0,15
2144,767302,1,1,0,0
2145,159161,0,1,1,1
2146,121174,1,1,0,2
2147,217313,1,1,0,3
2148,165051,1,1,0,4
2149,123816,1,1,1,5
2150,908834,1,1,1,6
2151,720148,1,1,1,7
2152,968872,0,1,1,8
2153,734425,1,1,0,9
2154,482707,1,1,0,10
2155,430034,1,1,1,11
2156,489217,0,1,1,12
2157,789222,1,1,1,13
2158,692252,1,1,0,14
2159,146418,0,1,1,15
2160,56103,1,1,1,0
2161,120761,0,1,0,1
2162,635267,0,1,0,2
2163,808848,1,1,0,3
2164,782260,1,1,1,4
2165,706151,0,1,0,5
2166,93572,1,1,0,6
2167,121566,1,1,1,7
2168,118185,0,1,0,8
2169,401167,0,1,0,9
2170,422258,0,1,1,10
2171,109582,0,1,0,11
2172,135794,1,1,0,12
2173,957650,1,1,1,13
2174,189486,1,1,0,14
2175,43885,1,1,1,15
2176,126833,0,1,0,0
2177,647505,1,1,1,1
2178,756727,0,1,1,2
2179,33468,0,1,1,3
2180,468180,0,1,1,4
2181,142593,1,1,0,5
2182,758120,0,1,1,6
2183,359598,0,1,0,7
2184,693862,0,1,1,8
2185,778652,0,1,0,9
2186,970490,0,1,1,10
2187,554860,0,1,1,11
2188,796868,0,1,1,12
2189,458896,1,1,1,13
2190,977695,1,1,1,14
2191,260754,0,1,0,15
2192,207568,1,1,0,0
2193,970440,1,1,0,1
2194,653236,1,1,0,2
2195,783049,1,1,0,3
2196,765126,0,1,0,4
2197,224489,0,1,1,5
2198,38822,0,1,0,6
2199,307875,0,1,1,7
2200,599664,0,1,1,8
2201,201793,0,1,1,9
2202,452407,1,1,0,10
2203,398757,0,1,1,11
2204,353699,0,1,1,12
2205,218526,1,1,1,13
2206,562193,1,1,1,14
2207,14061,1,1,1,15
2208,692414,0,1,1,0
2209,187525,0,1,0,1
2210,477463,0,1,0,2
2211,682232,1,1,1,3
2212,919468,0,1,0,4
2213,697454,0,1,0,5
2214,850667,1,1,1,6
2215,316110,0,1,1,7
2216,814376,1,1,0,8
2217,546301,1,1,1,9
2218,108664,0,1,1,10
2219,156901,0,1,0,11
2220,801490,1,1,0,12
2221,823134,0,1,0,13
2222,295746,0,1,1,14
2223,184694,0,1,1,15
2224,105339,1,1,0,0
2225,94478,0,1,0,1
2226,298268,1,1,0,2
2227,23813,0,1,1,3
2228,828205,0,1,0,4
2229,585511,0,1,0,5
2230,716222,1,1,1,6
2231,413961,0,1,1,7
2232,655726,0,1,1,8
2233,550310,1,1,0,9
2234,147442,0,1,0,10
2235,966713,0,1,0,11
2236,353534,1,1,1,12
2237,901612,0,1,0,13
2238,9167,0,1,1,14
2239,604431,0,1,1,15
2240,697223,1,1,0,0
2241,342507,1,1,1,1
2242,141175,0,1,1,2
2243,157421,0,1,1,3
2244,625291,0,1,1,4
2245,300641,0,1,0,5
2246,393821,0,1,0,6
2247,135065,0,1,0,7
2248,17947,1,1,1,8
2249,880795,1,1,1,9
2250,863228,0,1,1,10
2251,620130,1,1,1,11
2252,203061,1,1,1,12
2253,734660,0,1,0,13
2254,888011,1,1,0,14
2255,384542,0,1,0,15
2256,366976,0,1,1,0
2257,756626,0,1,1,1
2258,398979,1,1,1,2
2259,880433,0,1,0,3
2260,829399,1,1,0,4
2261,69225,1,1,1,5
2262,849834,1,1,1,6
2263,778161,1,1,1,7
2264,771735,0,1,1,8
2265,686982,1,1,1,9
2266,1297,0,1,0,10
2267,844484,0,1,0,11
2268,975911,1,1,0,12
2269,225044,1,1,0,13
2270,750438,0,1,0,14
2271,699349,1,1,0,15
2272,596504,1,1,0,0
2273,625164,0,1,0,1
2274,362010,1,1,0,2
2275,134431,0,1,1,3
2276,817071,1,1,0,4
2277,728300,1,1,0,5
2278,611801,0,1,0,6
2279,520679,0,1,0,7
2280,863496,1,1,1,8
2281,17919,0,1,1,9
2282,814076,0,1,1,10
2283,101889,1,1,1,11
2284,239981,0,1,0,12
2285,475775,1,1,1,13
2286,124414,1,1,0,14
2287,148771,0,1,0,15
2288,288843,0,1,0,0
2289,200023,0,1,1,1
2290,444452,0,1,0,2
2291,980596,1,1,1,3
2292,376456,0,1,0,4
2293,576397,0,1,0,5
2294,342506,0,1,0,6
2295,565853,0,1,0,7
2296,384503,0,1,0,8
2297,406186,1,1,0,9
2298,321856,1,1,0,10
2299,799615,1,1,1,11
2300,968906,1,1,1,12
2301,136665,0,1,0,13
2302,222312,0,1,0,14
2303,887455,0,1,0,15
2304,28356,1,1,0,0
2305,271956,1,1,1,1
2306,987248,0,1,1,2
2307,78590,1,1,0,3
2308,931243,0,1,0,4
2309,778721,1,1,1,5
2310,816339,0,1,1,6
2311,163757,0,1,1,7
2312,26892,1,1,1,8
2313,147688,1,1,1,9
2314,505259,1,1,1,10
2315,975370,1,1,0,11
2316,56430,1,1,0,12
2317,442982,0,1,1,13
2318,129094,1,1,0,14
2319,379399,1,1,0,15
2320,644090,0,1,1,0
2321,169821,1,1,1,1
2322,502594,1,1,1,2
2323,242019,1,1,0,3
2324,584611,1,1,0,4
2325,518896,0,1,1,5
2326,291432,0,1,1,6
2327,63239,0,1,0,7
2328,174433,0,1,1,8
2329,628168,1,1,0,9
2330,649514,0,1,0,10
2331,64507,0,1,1,11
2332,464640,1,1,1,12
2333,753760,1,1,1,13
2334,756598,1,1,1,14
2335,89521,0,1,0,15
2336,452169,1,1,0,0
2337,446902,1,1,0,1
2338,903836,0,1,0,2
2339,619512,0,1,0,3
2340,23468,1,1,0,4
2341,432372,1,1,0,5
2342,239287,0,1,1,6
2343,136302,0,1,1,7
2344,132627,0,1,1,8
2345,901787,1,1,0,9
2346,295069,1,1,0,10
2347,556844,1,1,1,11
2348,681674,1,1,1,12
2349,991065,0,1,0,13
2350,944893,0,1,0,14
2351,112240,0,1,0,15
2352,359023,0,1,0,0
2353,334953,0,1,1,1
2354,273744,0,1,0,2
2355,999204,0,1,1,3
2356,906028,0,1,0,4
2357,166303,0,1,0,5
2358,867978,0,1,1,6
2359,921266,1,1,0,7
2360,717697,0,1,0,8
2361,662422,1,1,1,9
2362,673229,1,1,1,10
2363,7946,1,1,0,11
2364,232613,1,1,0,12
2365,735263,0,1,0,13
2366,744837,1,1,0,14
2367,908544,0,1,1,15
2368,299323,1,1,1,0
2369,33957,1,1,0,1
2370,261827,1,1,1,2
2371,61497,1,1,0,3
2372,130752,1,1,1,4
2373,17680,1,1,0,5
2374,646067,0,1,0,6
2375,380829,0,1,0,7
2376,952087,1,1,1,8
2377,949063,1,1,0,9
2378,425240,0,1,0,10
2379,520500,1,1,1,11
2380,591846,0,1,0,12
2381,958616,0,1,0,13
2382,805739,1,1,0,14
2383,670920,0,1,0,15
2384,473405,0,1,1,0
2385,386470,1,1,0,1
2386,443746,0,1,0,2
2387,936423,1,1,1,3
2388,825062,0,1,0,4
2389,323234,0,1,0,5
2390,653165,0,1,0,6
2391,68035,1,1,0,7
2392,388905,0,1,1,8
2393,464323,1,1,1,9
2394,618789,0,1,1,10
2395,709958,1,1,0,11
2396,816191,0,1,0,12
2397,364939,0,1,1,13
2398,390039,0,1,0,14
2399,298890,1,1,0,15
2400,445824,0,1,0,0
2401,884480,0,1,0,1
2402,180862,0,1,1,2
2403,991712,1,1,0,3
2404,258052,0,1,1,4
2405,263488,1,1,1,5
2406,502868,1,1,0,6
2407,882460,1,1,0,7
2408,111595,0,1,1,8
2409,143508,1,1,1,9
2410,877418,0,1,1,10
2411,849439,0,1,1,11
2412,263297,1,1,0,12
2413,484176,1,1,1,13
2414,455276,0,1,1,14
2415,2865,1,1,0,15
2416,115931,1,1,0,0
2417,46267,1,1,0,1
2418,581899,1,1,1,2
2419,62284,0,1,1,3
2420,806520,0,1,1,4
2421,124267,0,1,0,5
2422,835987,1,1,0,6
2423,821665,1,1,1,7
2424,539160,0,1,1,8
2425,128595,0,1,0,9
2426,40612,0,1,1,10
2427,217286,1,1,0,11
2428,27940,0,1,1,12
2429,845254,1,1,1,13
2430,955744,0,1,0,14
2431,772469,0,1,0,15
2432,831028,0,1,0,0
2433,432614,0,1,1,1
2434,580747,1,1,1,2
2435,241017,1,1,1,3
2436,105254,0,1,0,4
2437,471153,0,1,1,5
2438,418003,0,1,0,6
2439,289586,0,1,0,7
2440,800530,1,1,0,8
2441,989027,0,1,0,9
2442,94352,0,1,0,10
2443,512738,1,1,0,11
2444,169738,1,1,1,12
2445,444393,0,1,1,13
2446,541359,1,1,0,14
2447,44694,1,1,1,15
2448,570817,0,1,1,0
2449,13767,1,1,0,1
2450,541959,0,1,1,2
2451,102162,0,1,0,3
2452,851797,0,1,1,4
2453,762067,1,1,0,5
2454,702750,0,1,1,6
2455,384035,0,1,0,7
2456,469512,0,1,0,8
2457,112620,1,1,0,9
2458,155328,1,1,1,10
2459,621541,1,1,0,11
2460,31963,0,1,1,12
2461,910618,1,1,0,13
2462,754758,1,1,0,14
2463,113437,1,1,1,15
2464,359367,1,1,1,0
2465,738517,1,1,1,1
2466,63756,0,1,1,2
2467,485969,0,1,1,3
2468,88537,1,1,0,4
2469,204982,0,1,1,5
2470,533058,1,1,1,6
2471,44513,0,1,1,7
2472,428435,1,1,0,8
2473,474967,0,1,1,9
2474,106605,0,1,0,10
2475,258478,1,1,1,11
2476,56501,1,1,0,12
2477,484386,1,1,1,13
2478,747238,0,1,0,14
2479,240323,0,1,1,15
2480,348274,0,1,1,0
2481,83580,0,1,0,1
2482,50121,0,1,0,2
2483,852490,0,1,1,3
2484,912502,1,1,1,4
2485,301702,0,1,1,5
2486,378663,0,1,0,6
2487,556474,1,1,0,7
2488,288933,1,1,0,8
2489,515935,1,1,1,9
2490,314821,0,1,0,10
2491,209186,0,1,0,11
2492,839938,0,1,0,12
2493,420078,0,1,1,13
2494,183481,1,1,1,14
2495,119754,0,1,0,15
2496,738266,1,1,1,0
2497,206102,1,1,1,1
2498,25995,0,1,1,2
2499,18277,0,1,0,3
2500,592584,0,1,1,4
2501,456232,0,1,0,5
2502,190554,0,1,0,6
2503,365884,1,1,1,7
2504,557520,1,1,0,8
2505,901151,0,1,1,9
2506,553777,0,1,1,10
2507,709222,1,1,1,11
2508,372595,1,1,0,12
2509,468525,1,1,1,13
2510,446598,1,1,0,14
2511,737577,1,1,1,15
2512,450348,0,1,1,0
2513,625120,0,1,1,1
2514,266088,0,1,0,2
2515,520277,1,1,0,3
2516,31126,1,1,1,4
2517,214499,0,1,1,5
2518,126350,1,1,0,6
2519,588522,0,1,1,7
2520,5733,1,1,1,8
2521,349976,0,1,0,9
2522,208630,0,1,1,10
2523,703648,0,1,1,11
2524,842692,1,1,1,12
2525,914535,1,1,0,13
2526,814749,0,1,1,14
2527,210099,0,1,0,15
2528,636447,0,1,0,0
2529,422136,1,1,0,1
2530,164191,0,1,1,2
2531,862544,1,1,1,3
2532,849207,1,1,0,4
2533,964120,1,1,0,5
2534,984341,1,1,0,6
2535,460825,1,1,0,7
2536,966755,1,1,1,8
2537,266571,0,1,1,9
2538,879054,1,1,0,10
2539,458726,1,1,1,11
2540,932852,0,1,1,12
2541,412745,1,1,0,13
2542,458028,1,1,1,14
2543,863181,1,1,1,15
2544,156148,0,1,1,0
2545,82768,0,1,0,1
2546,370393,1,1,0,2
2547,613572,1,1,0,3
2548,67188,1,1,0,4
2549,550100,1,1,1,5
2550,252233,0,1,0,6
2551,871045,0,1,0,7
2552,144937,0,1,1,8
2553,733456,1,1,0,9
2554,895222,1,1,1,10
2555,498078,1,1,1,11
2556,19903,1,1,0,12
2557,33644,0,1,1,13
2558,60378,1,1,1,14
2559,278926,0,1,1,15
2560,422560,0,1,0,0
2561,434954,1,1,1,1
2562,446236,0,1,1,2
2563,105033,0,1,1,3
2564,325690,1,1,1,4
2565,346378,1,1,0,5
2566,657287,0,1,0,6
2567,617941,0,1,1,7
2568,26145,1,1,1,8
2569,791776,0,1,1,9
2570,71106,0,1,1,10
2571,833727,1,1,0,11
2572,122138,1,1,0,12
2573,53035,0,1,1,13
2574,468642,1,1,0,14
2575,617102,0,1,1,15
2576,509245,1,1,0,0
2577,698915,1,1,0,1
2578,490062,1,1,1,2
2579,130363,1,1,1,3
2580,958325,1,1,1,4
2581,264574,0,1,0,5
2582,39166,0,1,1,6
2583,20603,1,1,1,7
2584,785408,1,1,0,8
2585,686926,0,1,1,9
2586,275455,0,1,1,10
2587,614009,0,1,0,11
2588,247414,1,1,0,12
2589,570298,0,1,0,13
2590,805593,0,1,1,14
2591,987210,1,1,0,15
2592,578851,1,1,0,0
2593,71246,1,1,1,1
2594,860407,1,1,1,2
2595,749630,0,1,1,3
2596,590266,0,1,0,4
2597,794074,0,1,1,5
2598,733934,1,1,0,6
2599,899595,1,1,0,7
2600,741876,1,1,1,8
2601,661730,0,1,1,9
2602,730269,1,1,0,10
2603,282651,1,1,0,11
2604,602060,0,1,1,12
2605,3174,1,1,1,13
2606,330351,0,1,0,14
2607,261401,1,1,0,15
2608,700145,0,1,1,0
2609,742108,1,1,0,1
2610,68975,1,1,1,2
2611,332049,0,1,1,3
2612,822564,0,1,1,4
2613,180482,0,1,1,5
2614,44352,0,1,1,6
2615,267934,1,1,1,7
2616,640217,0,1,0,8
2617,638425,1,1,0,9
2618,526214,1,1,1,10
2619,39739,0,1,1,11
2620,847074,1,1,0,12
2621,618289,1,1,1,13
2622,312087,0,1,1,14
2623,677993,0,1,0,15
2624,870456,0,1,1,0
2625,626979,1,1,0,1
2626,861628,1,1,0,2
2627,521044,0,1,1,3
2628,974401,1,1,0,4
2629,956906,1,1,1,5
2630,414188,1,1,1,6
2631,821377,0,1,0,7
2632,635552,1,1,0,8
2633,554894,0,1,1,9
2634,516764,1,1,1,10
2635,669916,0,1,1,11
2636,234547,0,1,0,12
2637,679506,0,1,1,13
2638,68282,0,1,1,14
2639,208315,1,1,0,15
2640,485751,1,1,1,0
2641,618993,0,1,1,1
2642,460344,0,1,0,2
2643,718438,1,1,1,3
2644,126121,0,1,0,4
2645,853190,0,1,1,5
2646,434715,1,1,0,6
2647,400789,1,1,0,7
2648,632278,1,1,0,8
2649,583577,1,1,1,9
2650,786335,1,1,1,10
2651,306831,1,1,1,11
2652,107013,1,1,1,12
2653,430847,0,1,1,13
2654,952187,0,1,1,14
2655,400561,1,1,0,15
2656,104414,0,1,0,0
2657,155651,1,1,0,1
2658,226790,1,1,1,2
2659,508513,0,1,0,3
2660,300580,0,1,1,4
2661,998818,0,1,1,5
2662,51490,0,1,0,6
2663,508582,0,1,0,7
2664,503204,0,1,1,8
2665,598756,1,1,1,9
2666,279104,1,1,0,10
2667,260301,0,1,0,11
2668,244632,0,1,0,12
2669,871280,1,1,1,13
2670,182658,1,1,0,14
2671,799220,0,1,1,15
2672,337977,0,1,0,0
2673,458117,0,1,1,1
2674,191906,0,1,0,2
2675,221182,1,1,0,3
2676,772767,1,1,1,4
2677,722348,0,1,1,5
2678,540424,1,1,0,6
2679,702265,0,1,0,7
2680,619683,1,1,1,8
2681,624030,1,1,0,9
2682,303150,1,1,1,10
2683,611178,1,1,0,11
2684,596077,1,1,1,12
2685,956270,1,1,1,13
2686,119474,0,1,1,14
2687,640205,1,1,1,15
2688,467737,0,1,0,0
2689,846215,1,1,1,1
2690,15373,1,1,0,2
2691,70250,1,1,1,3
2692,746049,0,1,0,4
2693,862502,0,1,1,5
2694,955328,1,1,1,6
2695,276944,1,1,1,7
2696,173165,0,1,1,8
2697,926339,1,1,0,9
2698,451713,1,1,0,10
2699,889320,0,1,1,11
2700,692399,1,1,0,12
2701,146347,1,1,0,13
2702,27585,1,1,0,14
2703,224755,1,1,1,15
2704,489967,1,1,0,0
2705,53458,1,1,0,1
2706,540616,0,1,0,2
2707,483123,1,1,0,3
2708,859637,0,1,1,4
2709,947993,0,1,0,5
2710,566809,0,1,0,6
2711,885262,0,1,1,7
2712,179861,1,1,1,8
2713,110826,1,1,0,9
2714,93348,0,1,1,10
2715,430695,0,1,1,11
2716,57591,1,1,1,12
2717,881882,1,1,1,13
2718,166051,1,1,0,14
2719,692853,1,1,0,15
2720,697679,1,1,0,0
2721,691289,1,1,1,1
2722,28762,0,1,0,2
2723,661468,1,1,0,3
2724,842269,0,1,0,4
2725,692522,1,1,0,5
2726,658265,1,1,0,6
2727,272097,0,1,0,7
2728,99697,0,1,1,8
2729,890891,1,1,0,9
2730,976108,1,1,1,10
2731,945749,0,1,0,11
2732,982005,0,1,0,12
2733,572258,0,1,0,13
2734,989557,0,1,1,14
2735,838008,1,1,1,15
2736,87754,0,1,0,0
2737,246637,0,1,1,1
2738,387320,1,1,1,2
2739,717589,1,1,1,3
2740,735909,0,1,0,4
2741,787403,0,1,0,5
2742,645094,0,1,1,6
2743,599327,1,1,1,7
2744,537873,1,1,1,8
2745,624400,1,1,1,9
2746,528962,0,1,1,10
2747,927939,0,1,1,11
2748,817931,1,1,1,12
2749,613116,1,1,1,13
2750,470371,1,1,1,14
2751,944592,1,1,0,15
2752,153728,0,1,0,0
2753,941042,0,1,0,1
2754,117396,0,1,1,2
2755,87557,0,1,0,3
2756,466047,0,1,0,4
2757,23502,1,1,1,5
2758,766464,1,1,0,6
2759,876904,0,1,0,7
2760,563612,1,1,0,8
2761,528115,1,1,1,9
2762,656368,1,1,0,10
2763,616193,0,1,1,11
2764,303843,1,1,1,12
2765,972873,0,1,1,13
2766,693619,0,1,0,14
2767,532905,0,1,1,15
2768,32020,0,1,1,0
2769,854924,0,1,0,1
2770,860198,1,1,1,2
2771,892759,1,1,0,3
2772,74040,0,1,1,4
2773,573171,1,1,1,5
2774,973158,1,1,0,6
2775,418384,0,1,0,7
2776,937599,1,1,0,8
2777,272668,1,1,0,9
2778,318887,0,1,1,10
2779,561098,1,1,0,11
2780,144956,1,1,1,12
2781,168524,0,1,0,13
2782,794646,1,1,1,14
2783,126084,0,1,0,15
2784,473214,0,1,0,0
2785,992796,0,1,1,1
2786,922933,1,1,1,2
2787,926356,1,1,1,3
2788,373347,0,1,0,4
2789,547301,0,1,1,5
2790,538072,1,1,1,6
2791,773268,0,1,1,7
2792,972138,0,1,1,8
2793,244463,0,1,1,9
2794,598829,0,1,0,10
2795,461745,0,1,0,11
2796,531469,1,1,1,12
2797,391957,1,1,1,13
2798,458928,0,1,0,14
2799,977805,0,1,1,15
2800,12095,1,1,0,0
2801,565288,1,1,1,1
2802,180959,0,1,1,2
2803,64713,1,1,1,3
2804,851308,0,1,0,4
2805,26942,0,1,1,5
2806,272107,1,1,1,6
2807,566331,1,1,0,7
2808,49097,1,1,0,8
2809,439131,1,1,0,9
2810,497348,1,1,0,10
2811,335753,1,1,1,11
2812,496266,1,1,0,12
2813,698965,1,1,0,13
2814,98249,0,1,1,14
2815,869071,0,1,0,15
2816,883523,0,1,1,0
2817,188566,0,1,0,1
2818,883026,0,1,1,2
2819,198092,0,1,0,3
2820,398721,1,1,1,4
2821,590799,0,1,1,5
2822,89264,0,1,1,6
2823,314107,0,1,0,7
2824,624617,0,1,1,8
2825,422817,0,1,1,9
2826,95949,0,1,1,10
2827,801752,0,1,0,11
2828,679427,1,1,0,12
2829,700432,1,1,0,13
2830,88115,0,1,1,14
2831,979526,1,1,0,15
2832,165498,0,1,0,0
2833,535716,0,1,1,1
2834,934271,1,1,0,2
2835,523958,1,1,1,3
2836,707098,0,1,0,4
2837,856836,1,1,0,5
2838,619111,1,1,1,6
2839,283552,0,1,0,7
2840,829910,1,1,1,8
2841,173382,1,1,1,9
2842,629043,1,1,0,10
2843,702979,1,1,1,11
2844,444046,0,1,0,12
2845,586877,0,1,0,13
2846,947716,0,1,0,14
2847,529203,1,1,1,15
2848,157745,1,1,0,0
2849,485868,0,1,1,1
2850,761482,1,1,1,2
2851,788694,0,1,1,3
2852,411152,0,1,0,4
2853,606702,1,1,1,5
2854,989091,1,1,0,6
2855,702836,0,1,1,7
2856,975402,1,1,0,8
2857,889122,1,1,1,9
2858,500314,1,1,1,10
2859,696867,1,1,0,11
2860,666254,1,1,0,12
2861,52456,1,1,0,13
2862,280111,1,1,1,14
2863,45231,0,1,1,15
2864,617446,0,1,0,0
2865,371869,1,1,0,1
2866,240478,1,1,1,2
2867,748036,0,1,0,3
2868,123642,0,1,1,4
2869,271216,0,1,0,5
2870,948670,0,1,0,6
2871,828869,0,1,0,7
2872,92733,1,1,1,8
2873,828498,1,1,0,9
2874,609197,0,1,0,10
2875,444096,1,1,1,11
2876,117958,0,1,1,12
2877,371836,0,1,1,13
2878,447899,0,1,1,14
2879,46160,1,1,0,15
2880,518370,1,1,0,0
2881,943286,1,1,0,1
2882,578655,1,1,0,2
2883,673529,0,1,1,3
2884,260164,1,1,1,4
2885,185629,0,1,1,5
2886,511188,0,1,1,6
2887,297919,0,1,0,7
2888,706943,0,1,1,8
2889,937179,0,1,0,9
2890,847753,0,1,0,10
2891,724494,0,1,0,11
2892,580085,0,1,1,12
2893,585303,0,1,0,13
2894,235019,0,1,1,14
2895,349498,0,1,1,15
2896,757980,0,1,1,0
2897,395719,0,1,0,1
2898,371241,1,1,1,2
2899,112207,0,1,0,3
2900,816873,1,1,1,4
2901,976235,1,1,1,5
2902,482597,1,1,1,6
2903,609259,0,1,1,7
2904,836622,0,1,1,8
2905,900720,0,1,0,9
2906,843907,1,1,0,10
2907,690625,0,1,1,11
2908,702576,0,1,0,12
2909,672323,1,1,0,13
2910,417500,1,1,0,14
2911,190553,1,1,0,15
2912,307076,1,1,1,0
2913,671088,0,1,0,1
2914,47362,0,1,0,2
2915,927746,0,1,0,3
2916,634123,1,1,0,4
2917,971220,0,1,0,5
2918,442114,0,1,0,6
2919,736112,0,1,0,7
2920,670726,1,1,1,8
2921,296789,0,1,1,9
2922,875652,0,1,0,10
2923,639448,0,1,0,11
2924,394595,1,1,0,12
2925,402371,0,1,0,13
2926,573360,1,1,0,14
2927,260734,1,1,0,15
2928,755347,0,1,1,0
2929,277696,1,1,0,1
2930,981003,0,1,1,2
2931,641523,1,1,0,3
2932,450163,1,1,0,4
2933,26866,1,1,1,5
2934,278549,0,1,1,6
2935,475068,1,1,0,7
2936,536557,0,1,1,8
2937,327569,0,1,1,9
2938,159058,0,1,0,10
2939,67906,1,1,0,11
2940,465512,0,1,0,12
2941,12180,0,1,1,13
2942,160379,0,1,1,14
2943,588077,0,1,1,15
2944,354438,1,1,1,0
2945,107175,1,1,0,1
2946,404683,0,1,1,2
2947,149254,0,1,0,3
2948,167571,1,1,0,4
2949,978760,0,1,1,5
2950,372844,1,1,0,6
2951,608172,1,1,1,7
2952,796970,1,1,1,8
2953,254970,1,1,1,9
2954,865621,0,1,0,10
2955,660935,1,1,0,11
2956,426384,1,1,1,12
2957,288587,0,1,1,13
2958,568978,1,1,0,14
2959,573269,1,1,1,15
2960,131133,0,1,1,0
2961,360,0,1,0,1
2962,526944,0,1,0,2
2963,601747,1,1,0,3
2964,827688,1,1,1,4
2965,816490,0,1,1,5
2966,232787,1,1,0,6
2967,278836,0,1,1,7
2968,560592,1,1,0,8
2969,419568,0,1,0,9
2970,558581,1,1,0,10
2971,730531,0,1,1,11
2972,526185,1,1,0,12
2973,239026,0,1,0,13
2974,643910,1,1,0,14
2975,43084,1,1,1,15
2976,923098,1,1,0,0
2977,457083,0,1,1,1
2978,144137,1,1,1,2
2979,271091,1,1,0,3
2980,414386,1,1,0,4
2981,502817,0,1,0,5
2982,158691,0,1,0,6
2983,789468,1,1,0,7
2984,552820,1,1,0,8
2985,466800,1,1,1,9
2986,631183,1,1,1,10
2987,603718,1,1,1,11
2988,71461,1,1,1,12
2989,445556,0,1,0,13
2990,23127,0,1,1,14
2991,653514,0,1,0,15
2992,873486,0,1,1,0
2993,66491,1,1,1,1
2994,93514,0,1,1,2
2995,314468,1,1,1,3
2996,77441,1,1,1,4
2997,224870,0,1,0,5
2998,870000,1,1,0,6
2999,118433,1,1,1,7
3000,614988,0,1,0,8
3001,939587,1,1,0,9
3002,793446,0,1,0,10
3003,759978,1,1,1,11
3004,260346,1,1,0,12
3005,375126,1,1,1,13
3006,693299,1,1,1,14
3007,792190,0,1,1,15
3008,628821,1,1,0,0
3009,671191,0,1,1,1
3010,854447,1,1,0,2
3011,171175,1,1,1,3
3012,860618,0,1,1,4
3013,915547,0,1,0,5
3014,214509,1,1,0,6
3015,749454,0,1,0,7
3016,427169,0,1,1,8
3017,113205,1,1,0,9
3018,243951,1,1,1,10
3019,223708,1,1,0,11
3020,498190,1,1,0,12
3021,754676,1,1,1,13
3022,427434,1,1,1,14
3023,937891,1,1,1,15
3024,446,0,1,0,0
3025,358329,1,1,1,1
3026,195644,0,1,0,2
3027,260703,1,1,1,3
3028,45919,0,1,1,4
3029,962961,0,1,1,5
3030,266876,1,1,1,6
3031,336822,0,1,1,7
3032,583317,1,1,1,8
3033,535869,0,1,0,9
3034,98981,1,1,0,10
3035,420069,1,1,1,11
3036,348600,0,1,1,12
3037,817637,1,1,1,13
3038,870380,0,1,0,14
3039,734352,0,1,0,15
3040,22997,0,1,0,0
3041,954215,0,1,0,1
3042,173617,0,1,1,2
3043,377819,1,1,0,3
3044,950460,0,1,0,4
3045,291942,0,1,0,5
3046,786932,1,1,0,6
3047,316763,0,1,0,7
3048,519666,1,1,1,8
3049,151671,1,1,1,9
3050,274919,1,1,1,10
3051,130621,1,1,0,11
3052,646217,1,1,0,12
3053,102091,0,1,0,13
3054,449753,1,1,1,14
3055,333326,0,1,1,15
3056,681875,0,1,1,0
3057,33100,0,1,1,1
3058,915451,0,1,0,2
3059,202636,1,1,0,3
3060,730873,1,1,1,4
3061,303199,1,1,1,5
3062,286891,0,1,1,6
3063,29628,1,1,1,7
3064,825962,1,1,0,8
3065,594773,0,1,1,9
3066,436618,0,1,0,10
3067,421596,0,1,0,11
3068,886181,0,1,1,12
3069,66249,0,1,0,13
3070,492880,0,1,1,14
3071,792310,0,1,0,15
3072,776299,0,1,0,0
3073,507763,1,1,1,1
3074,940128,1,1,1,2
3075,955834,0,1,0,3
3076,976600,0,1,0,4
3077,783834,1,1,1,5
3078,68508,0,1,0,6
3079,809920,0,1,1,7
3080,540843,1,1,0,8
3081,132936,1,1,0,9
3082,734208,1,1,0,10
3083,271259,0,1,1,11
3084,623428,0,1,1,12
3085,564386,0,1,1,13
3086,601081,1,1,1,14
3087,789587,1,1,0,15
3088,573174,0,1,0,0
3089,661114,1,1,1,1
3090,43863,1,1,0,2
3091,573262,1,1,1,3
3092,567324,0,1,0,4
3093,951639,1,1,1,5
3094,764922,1,1,0,6
3095,2991,0,1,0,7
3096,908381,1,1,0,8
3097,420170,0,1,0,9
3098,484154,1,1,1,10
3099,873808,1,1,1,11
3100,577926,0,1,1,12
3101,152527,1,1,0,13
3102,101606,0,1,1,14
3103,284687,0,1,0,15
3104,83488,0,1,1,0
3105,464363,1,1,0,1
3106,284028,0,1,0,2
3107,433796,1,1,0,3
3108,542085,0,1,0,4
3109,888974,1,1,0,5
3110,109667,0,1,1,6
3111,825520,0,1,1,7
3112,237476,0,1,0,8
3113,880526,1,1,0,9
3114,342306,1,1,0,10
3115,652789,0,1,1,11
3116,193681,0,1,1,12
3117,963764,0,1,1,13
3118,413684,1,1,0,14
3119,657028,1,1,1,15
3120,394823,0,1,0,0
3121,993196,0,1,0,1
3122,277901,0,1,1,2
3123,572434,0,1,0,3
3124,442694,1,1,1,4
3125,646414,0,1,0,5
3126,695382,0,1,0,6
3127,564558,0,1,1,7
3128,647398,0,1,1,8
3129,843859,1,1,0,9
3130,959592,1,1,1,10
3131,261071,0,1,1,11
3132,732830,0,1,1,12
3133,610030,0,1,0,13
3134,415056,0,1,1,14
3135,730312,1,1,1,15
3136,648592,1,1,0,0
3137,576248,0,1,0,1
3138,461737,1,1,1,2
3139,326753,1,1,1,3
3140,975501,0,1,0,4
3141,531338,0,1,0,5
3142,399678,1,1,1,6
3143,594775,1,1,1,7
3144,327524,1,1,0,8
3145,722143,0,1,1,9
3146,935879,1,1,1,10
3147,908835,1,1,1,11
3148,94683,0,1,1,12
3149,343227,1,1,1,13
3150,356815,0,1,0,14
3151,616932,0,1,1,15
3152,273908,0,1,0,0
3153,328787,1,1,1,1
3154,842614,1,1,0,2
3155,691963,0,1,0,3
3156,51696,1,1,1,4
3157,116021,0,1,0,5
3158,130146,1,1,0,6
3159,643509,1,1,1,7
3160,141315,0,1,1,8
3161,757472,0,1,1,9
3162,628211,0,1,1,10
3163,712532,0,1,1,11
3164,189354,0,1,1,12
3165,61435,0,1,1,13
3166,885857,0,1,1,14
3167,720847,0,1,1,15
3168,818987,0,1,0,0
3169,500965,0,1,0,1
3170,378868,1,1,0,2
3171,258366,0,1,1,3
3172,730848,1,1,0,4
3173,973864,0,1,0,5
3174,400022,0,1,0,6
3175,932346,0,1,1,7
3176,728516,0,1,1,8
3177,46650,1,1,0,9
3178,368324,0,1,1,10
3179,118897,1,1,0,11
3180,73803,1,1,0,12
3181,497530,1,1,1,13
3182,82425,1,1,0,14
3183,443005,1,1,1,15
3184,715933,0,1,1,0
3185,763571,0,1,0,1
3186,64873,1,1,0,2
3187,238100,0,1,0,3
3188,872965,0,1,0,4
3189,624959,1,1,0,5
3190,563943,0,1,0,6
3191,789270,1,1,1,7
3192,808759,1,1,1,8
3193,582211,1,1,1,9
3194,846730,0,1,0,10
3195,414068,0,1,0,11
3196,217204,1,1,0,12
3197,441712,1,1,1,13
3198,329660,0,1,1,14
3199,260627,1,1,1,15
3200,430745,1,1,1,0
3201,743815,1,1,1,1
3202,679078,1,1,1,2
3203,131873,1,1,1,3
3204,104867,0,1,0,4
3205,539669,0,1,0,5
3206,607408,0,1,0,6
3207,272531,0,1,1,7
3208,343570,1,1,1,8
3209,390478,0,1,1,9
3210,628615,1,1,1,10
3211,58523,0,1,0,11
3212,397393,1,1,0,12
3213,509093,1,1,1,13
3214,8052,0,1,0,14
3215,51540,0,1,1,15
3216,25977,1,1,1,0
3217,622978,1,1,0,1
3218,687933,1,1,0,2
3219,682967,1,1,0,3
3220,600205,0,1,1,4
3221,315761,0,1,1,5
3222,846195,0,1,1,6
3223,142488,1,1,1,7
3224,313224,1,1,1,8
3225,556116,0,1,0,9
3226,608556,0,1,1,10
3227,262373,0,1,1,11
3228,187620,1,1,0,12
3229,49240,0,1,1,13
3230,307566,1,1,1,14
3231,965224,1,1,1,15
3232,394617,1,1,1,0
3233,393263,1,1,1,1
3234,715558,1,1,1,2
3235,907212,1,1,1,3
3236,287281,0,1,0,4
3237,823675,0,1,0,5
3238,946896,0,1,1,6
3239,776534,0,1,1,7
3240,903416,1,1,0,8
3241,583798,1,1,1,9
3242,643187,0,1,0,10
3243,456035,0,1,0,11
3244,452293,1,1,0,12
3245,521671,0,1,0,13
3246,430399,0,1,1,14
3247,52432,1,1,0,15
3248,342753,0,1,1,0
3249,827514,0,1,1,1
3250,456974,0,1,0,2
3251,274865,0,1,0,3
3252,169691,1,1,1,4
3253,15053,0,1,1,5
3254,860033,1,1,0,6
3255,828903,1,1,1,7
3256,976637,0,1,0,8
3257,325837,1,1,0,9
3258,330037,1,1,1,10
3259,444168,0,1,1,11
3260,907206,0,1,1,12
3261,381879,0,1,1,13
3262,513833,0,1,0,14
3263,793003,1,1,0,15
3264,464620,0,1,0,0
3265,356429,1,1,1,1
3266,563629,1,1,0,2
3267,935816,0,1,1,3
3268,30602,1,1,0,4
3269,598958,1,1,1,5
3270,472511,0,1,1,6
3271,820529,0,1,1,7
3272,999284,0,1,1,8
3273,323509,1,1,0,9
3274,805313,1,1,0,10
3275,334425,0,1,0,11
3276,231455,1,1,0,12
3277,201629,0,1,0,13
3278,819210,0,1,1,14
3279,531022,1,1,1,15
3280,844382,0,1,1,0
3281,638175,1,1,1,1
3282,30295,1,1,0,2
3283,445804,1,1,0,3
3284,137213,0,1,1,4
3285,254298,0,1,0,5
3286,898669,0,1,0,6
3287,820229,1,1,0,7
3288,387480,1,1,0,8
3289,270626,1,1,0,9
3290,837739,0,1,0,10
3291,424083,1,1,0,11
3292,918433,1,1,1,12
3293,399781,1,1,0,13
3294,821328,1,1,0,14
3295,137161,0,1,0,15
3296,895787,0,1,1,0
3297,664308,0,1,0,1
3298,193280,1,1,0,2
3299,807849,1,1,0,3
3300,439075,1,1,1,4
3301,352854,0,1,1,5
3302,734631,1,1,1,6
3303,303239,0,1,1,7
3304,56825,0,1,0,8
3305,113665,0,1,0,9
3306,415751,0,1,0,10
3307,663355,0,1,0,11
3308,350227,0,1,0,12
3309,632974,0,1,1,13
3310,637787,0,1,0,14
3311,363881,0,1,0,15
3312,240022,1,1,0,0
3313,970303,0,1,1,1
3314,56308,1,1,1,2
3315,9601,1,1,0,3
3316,728543,0,1,0,4
3317,977185,0,1,0,5
3318,708070,0,1,0,6
3319,446165,1,1,0,7
3320,168050,1,1,0,8
3321,897136,1,1,1,9
3322,195810,0,1,0,10
3323,124167,1,1,0,11
3324,183405,0,1,1,12
3325,159547,0,1,0,13
3326,308400,1,1,0,14
3327,189839,0,1,0,15
3328,799054,1,1,1,0
3329,836965,0,1,1,1
3330,473880,0,1,0,2
3331,448982,1,1,0,3
3332,924167,1,1,0,4
3333,501602,0,1,0,5
3334,727659,0,1,1,6
3335,688542,0,1,0,7
3336,496971,0,1,1,8
3337,325705,1,1,1,9
3338,420727,1,1,1,10
3339,140863,0,1,1,11
3340,800912,0,1,1,12
3341,331356,1,1,1,13
3342,643064,0,1,0,14
3343,70604,0,1,0,15
3344,409096,0,1,0,0
3345,29097,1,1,0,1
3346,108692,1,1,1,2
3347,82906,1,1,0,3
3348,185470,0,1,0,4
3349,294578,0,1,0,5
3350,743589,1,1,1,6
3351,104769,0,1,0,7
3352,96784,0,1,0,8
3353,390605,1,1,0,9
3354,954959,0,1,1,10
3355,893164,1,1,0,11
3356,527812,1,1,0,12
3357,854889,1,1,1,13
3358,263404,0,1,0,14
3359,559320,0,1,0,15
3360,835592,1,1,0,0
3361,542187,1,1,0,1
3362,670479,0,1,0,2
3363,407105,1,1,0,3
3364,62882,1,1,0,4
3365,6417,0,1,0,5
3366,797435,0,1,1,6
3367,948372,0,1,0,7
3368,562929,1,1,1,8
3369,15744,1,1,0,9
3370,113611,0,1,1,10
3371,497639,0,1,1,11
3372,617412,0,1,1,12
3373,541349,1,1,0,13
3374,415321,1,1,0,14
3375,504576,0,1,0,15
3376,745503,0,1,0,0
3377,518557,1,1,1,1
3378,585976,0,1,0,2
3379,134063,0,1,1,3
3380,205400,1,1,1,4
3381,917105,0,1,0,5
3382,82977,1,1,1,6
3383,181288,1,1,0,7
3384,605909,0,1,1,8
3385,624453,0,1,1,9
3386,925346,0,1,0,10
3387,987516,1,1,0,11
3388,375773,0,1,1,12
3389,465661,1,1,0,13
3390,975937,0,1,1,14
3391,823755,1,1,0,15
3392,940851,0,1,1,0
3393,14282,0,1,0,1
3394,976209,1,1,1,2
3395,840868,0,1,0,3
3396,286468,1,1,1,4
3397,467786,1,1,1,5
3398,141464,1,1,0,6
3399,753170,1,1,0,7
3400,428395,1,1,0,8
3401,831027,0,1,0,9
3402,275904,0,1,0,10
3403,894165,1,1,0,11
3404,172082,1,1,0,12
3405,669615,1,1,0,13
3406,851433,0,1,0,14
3407,445633,1,1,0,15
3408,79839,1,1,1,0
3409,154429,1,1,0,1
3410,765930,1,1,0,2
3411,116296,1,1,0,3
3412,964189,0,1,0,4
3413,172621,0,1,0,5
3414,56069,1,1,0,6
3415,213796,0,1,0,7
3416,554448,0,1,0,8
3417,263433,1,1,1,9
3418,239923,1,1,0,10
3419,771140,1,1,1,11
3420,796627,1,1,1,12
3421,927464,1,1,0,13
3422,501977,1,1,1,14
3423,358771,1,1,0,15
3424,239051,0,1,1,0
3425,450976,1,1,0,1
3426,362513,1,1,0,2
3427,730265,0,1,1,3
3428,617341,1,1,0,4
3429,764933,1,1,1,5
3430,404614,1,1,0,6
3431,908485,0,1,1,7
3432,789116,0,1,1,8
3433,558147,1,1,1,9
3434,50430,1,1,1,10
3435,483608,0,1,1,11
3436,581024,1,1,1,12
3437,367374,1,1,1,13
3438,858785,1,1,1,14
3439,666431,0,1,0,15
3440,177004,0,1,0,0
3441,386396,1,1,0,1
3442,277587,1,1,0,2
3443,994038,0,1,0,3
3444,539027,1,1,0,4
3445,183321,1,1,0,5
3446,324810,0,1,1,6
3447,134131,1,1,0,7
3448,129401,0,1,0,8
3449,704381,0,1,1,9
3450,584573,0,1,1,10
3451,728463,0,1,0,11
3452,787668,1,1,0,12
3453,243858,1,1,0,13
3454,527919,1,1,0,14
3455,340053,1,1,1,15
3456,921332,0,1,0,0
3457,265519,1,1,1,1
3458,379616,0,1,0,2
3459,835627,0,1,0,3
3460,788972,1,1,1,4
3461,996172,0,1,1,5
3462,281391,0,1,0,6
3463,49440,0,1,0,7
3464,32963,0,1,1,8
3465,708650,0,1,1,9
3466,990457,1,1,1,10
3467,450088,1,1,0,11
3468,266826,1,1,1,12
3469,320344,1,1,1,13
3470,684533,1,1,0,14
3471,385276,1,1,0,15
3472,299062,0,1,1,0
3473,683889,1,1,0,1
3474,489920,1,1,0,2
3475,354985,1,1,0,3
3476,775703,1,1,0,4
3477,152717,0,1,0,5
3478,912126,1,1,1,6
3479,206370,1,1,1,7
3480,886582,0,1,1,8
3481,922805,0,1,1,9
3482,80430,0,1,0,10
3483,116816,1,1,0,11
3484,146742,0,1,1,12
3485,990343,0,1,0,13
3486,202951,0,1,1,14
3487,161653,1,1,1,15
3488,980057,0,1,1,0
3489,747557,0,1,0,1
3490,469185,0,1,0,2
3491,299333,0,1,0,3
3492,807143,0,1,1,4
3493,563366,1,1,0,5
3494,644641,1,1,1,6
3495,802528,1,1,1,7
3496,772255,1,1,0,8
3497,766480,1,1,0,9
3498,515117,0,1,0,10
3499,715310,1,1,0,11
3500,985751,0,1,0,12
3501,650946,1,1,0,13
3502,769068,0,1,1,14
3503,855218,0,1,1,15
3504,88990,0,1,0,0
3505,472646,0,1,1,1
3506,459684,1,1,1,2
3507,944946,1,1,1,3
3508,811130,0,1,1,4
3509,417485,1,1,1,5
3510,801277,0,1,0,6
3511,216301,0,1,1,7
3512,254696,1,1,1,8
3513,696777,0,1,0,9
3514,307726,0,1,1,10
3515,676400,0,1,0,11
3516,672678,1,1,1,12
3517,711478,0,1,1,13
3518,778318,0,1,0,14
3519,174439,0,1,1,15
3520,513053,1,1,1,0
3521,177966,0,1,0,1
3522,32197,1,1,0,2
3523,200937,1,1,0,3
3524,909755,0,1,1,4
3525,873049,0,1,1,5
3526,582053,0,1,0,6
3527,565074,1,1,1,7
3528,397942,1,1,1,8
3529,718362,1,1,0,9
3530,177961,1,1,0,10
3531,859463,1,1,1,11
3532,76312,1,1,1,12
3533,941348,1,1,0,13
3534,497794,0,1,0,14
3535,370809,0,1,0,15
3536,748911,0,1,0,0
3537,13229,1,1,0,1
3538,686875,1,1,1,2
3539,569274,1,1,0,3
3540,63731,0,1,1,4
3541,840116,1,1,0,5
3542,887929,0,1,0,6
3543,70540,0,1,0,7
3544,636214,1,1,1,8
3545,822124,0,1,0,9
3546,405825,0,1,0,10
3547,258934,1,1,0,11
3548,866860,1,1,0,12
3549,43729,1,1,0,13
3550,267314,0,1,0,14
3551,344931,1,1,0,15
3552,749479,1,1,0,0
3553,666205,1,1,0,1
3554,203804,1,1,0,2
3555,34813,0,1,1,3
3556,405394,0,1,0,4
3557,638458,1,1,0,5
3558,831339,1,1,1,6
3559,240695,0,1,1,7
3560,340787,1,1,0,8
3561,754122,1,1,0,9
3562,571809,1,1,0,10
3563,527478,0,1,1,11
3564,870050,0,1,0,12
3565,151862,0,1,0,13
3566,279724,1,1,1,14
3567,654447,0,1,1,15
3568,937212,1,1,0,0
3569,240583,0,1,1,1
3570,347104,0,1,1,2
3571,888952,0,1,1,3
3572,240668,1,1,0,4
3573,923897,1,1,1,5
3574,320428,0,1,1,6
3575,12390,0,1,1,7
3576,37502,0,1,1,8
3577,899509,0,1,0,9
3578,965563,1,1,1,10
3579,905155,0,1,0,11
3580,734009,1,1,0,12
3581,826110,0,1,0,13
3582,665185,0,1,0,14
3583,776268,1,1,0,15
3584,108881,0,1,0,0
3585,539705,1,1,0,1
3586,72482,1,1,1,2
3587,749895,1,1,1,3
3588,914974,1,1,0,4
3589,415592,1,1,0,5
3590,461942,1,1,1,6
3591,497204,1,1,0,7
3592,529695,0,1,0,8
3593,300528,0,1,1,9
3594,539166,0,1,0,10
3595,948965,1,1,1,11
3596,70214,0,1,1,12
3597,883489,0,1,0,13
3598,445629,1,1,1,14
3599,362116,1,1,0,15
3600,180618,0,1,1,0
3601,292400,0,1,0,1
3602,266446,0,1,1,2
3603,266751,1,1,1,3
3604,961324,0,1,0,4
3605,702574,0,1,0,5
3606,376926,1,1,0,6
3607,274363,0,1,0,7
3608,274610,1,1,0,8
3609,448264,0,1,0,9
3610,56086,0,1,0,10
3611,865969,1,1,1,11
3612,557567,0,1,0,12
3613,220480,1,1,0,13
3614,859255,1,1,0,14
3615,561073,0,1,1,15
3616,921707,1,1,0,0
3617,379199,1,1,1,1
3618,721876,0,1,1,2
3619,69162,0,1,0,3
3620,498191,0,1,0,4
3621,632048,0,1,0,5
3622,649636,0,1,1,6
3623,228006,0,1,1,7
3624,472212,1,1,0,8
3625,738803,1,1,0,9
3626,822376,1,1,0,10
3627,579308,0,1,1,11
3628,112359,0,1,1,12
3629,16326,0,1,0,13
3630,672963,0,1,0,14
3631,719576,1,1,1,15
3632,682530,1,1,0,0
3633,792359,0,1,1,1
3634,954570,0,1,0,2
3635,839336,1,1,1,3
3636,761295,0,1,1,4
3637,702041,0,1,0,5
3638,336068,0,1,1,6
3639,252627,0,1,0,7
3640,674916,0,1,0,8
3641,624696,0,1,1,9
3642,129324,1,1,1,10
3643,154229,1,1,1,11
3644,562699,1,1,1,12
3645,478668,0,1,0,13
3646,526741,1,1,0,14
3647,537388,1,1,0,15
3648,693183,0,1,0,0
3649,267866,0,1,1,1
3650,916596,0,1,1,2
3651,565043,1,1,1,3
3652,771062,1,1,1,4
3653,404747,0,1,0,5
3654,842956,1,1,1,6
3655,652318,0,1,1,7
3656,595485,1,1,1,8
3657,607419,1,1,0,9
3658,446259,1,1,0,10
3659,614808,1,1,0,11
3660,553328,0,1,0,12
3661,539485,1,1,0,13
3662,814127,1,1,0,14
3663,162534,0,1,1,15
3664,927780,0,1,1,0
3665,929799,1,1,0,1
3666,801463,1,1,1,2
3667,724147,0,1,1,3
3668,627941,0,1,0,4
3669,63881,0,1,0,5
3670,320943,0,1,1,6
3671,329780,1,1,0,7
3672,504618,1,1,0,8
3673,606890,0,1,1,9
3674,737231,1,1,0,10
3675,139298,0,1,0,11
3676,878194,1,1,1,12
3677,502626,1,1,0,13
3678,109738,0,1,0,14
3679,287563,0,1,0,15
3680,880538,0,1,1,0
3681,471245,1,1,0,1
3682,714106,1,1,1,2
3683,144211,1,1,0,3
3684,266122,1,1,0,4
3685,395148,1,1,0,5
3686,243848,1,1,0,6
3687,38199,1,1,1,7
3688,849582,1,1,1,8
3689,93892,0,1,1,9
3690,903714,1,1,0,10
3691,764307,1,1,0,11
3692,627277,0,1,0,12
3693,566700,0,1,0,13
3694,784020,0,1,0,14
3695,399863,0,1,1,15
3696,744985,1,1,1,0
3697,264906,0,1,0,1
3698,183532,1,1,1,2
3699,280809,1,1,0,3
3700,138623,0,1,0,4
3701,948499,0,1,1,5
3702,213632,1,1,0,6
3703,872040,0,1,0,7
3704,583792,0,1,1,8
3705,680209,0,1,0,9
3706,237381,1,1,1,10
3707,621169,0,1,0,11
3708,471367,1,1,0,12
3709,170640,0,1,1,13
3710,546795,1,1,1,14
3711,246904,1,1,1,15
3712,249842,1,1,0,0
3713,595605,1,1,0,1
3714,830838,0,1,1,2
3715,108217,0,1,1,3
3716,158281,1,1,0,4
3717,118206,0,1,0,5
3718,677455,1,1,0,6
3719,691569,0,1,1,7
3720,576409,1,1,0,8
3721,524256,0,1,0,9
3722,31545,0,1,1,10
3723,410934,1,1,1,11
3724,964639,0,1,0,12
3725,856594,1,1,1,13
3726,164749,0,1,1,14
3727,989543,0,1,1,15
3728,924387,0,1,1,0
3729,594104,0,1,1,1
3730,220296,0,1,0,2
3731,180778,0,1,1,3
3732,542199,1,1,1,4
3733,909047,1,1,0,5
3734,539686,1,1,0,6
3735,969046,1,1,0,7
3736,51775,0,1,0,8
3737,746262,0,1,1,9
3738,606155,0,1,1,10
3739,584105,0,1,1,11
3740,969014,0,1,0,12
3741,222394,1,1,1,13
3742,175934,0,1,0,14
3743,152784,0,1,1,15
3744,127011,1,1,0,0
3745,46958,0,1,0,1
3746,855863,0,1,1,2
3747,122656,0,1,1,3
3748,15627,1,1,1,4
3749,194107,0,1,1,5
3750,241193,0,1,1,6
3751,184266,1,1,0,7
3752,932146,0,1,0,8
3753,2216,1,1,0,9
3754,17069,1,1,0,10
3755,66093,1,1,1,11
3756,725264,0,1,1,12
3757,547380,0,1,1,13
3758,404688,0,1,0,14
3759,483718,0,1,0,15
3760,455052,1,1,1,0
3761,397833,0,1,0,1
3762,120182,0,1,0,2
3763,47511,0,1,0,3
3764,954247,1,1,0,4
3765,31249,1,1,0,5
3766,532597,1,1,0,6
3767,882141,1,1,1,7
3768,662049,1,1,0,8
3769,625860,1,1,0,9
3770,704091,0,1,1,10
3771,909992,0,1,1,11
3772,585220,1,1,0,12
3773,964219,0,1,0,13
3774,840998,0,1,1,14
3775,709609,1,1,0,15
3776,504205,1,1,0,0
3777,749592,1,1,0,1
3778,404996,1,1,1,2
3779,127615,0,1,1,3
3780,11749,0,1,1,4
3781,574349,0,1,1,5
3782,87673,1,1,1,6
3783,857557,0,1,1,7
3784,309825,1,1,1,8
3785,198549,1,1,0,9
3786,390775,0,1,0,10
3787,402356,0,1,1,11
3788,835568,1,1,0,12
3789,97456,0,1,0,13
3790,302791,0,1,0,14
3791,64710,1,1,0,15
3792,961827,1,1,1,0
3793,759700,0,1,1,1
3794,246659,1,1,0,2
3795,941350,1,1,0,3
3796,579897,0,1,1,4
3797,303420,1,1,1,5
3798,973662,1,1,1,6
3799,334837,0,1,1,7
3800,681445,0,1,0,8
3801,255820,0,1,0,9
3802,672298,0,1,0,10
3803,989233,1,1,1,11
3804,89184,0,1,1,12
3805,618275,0,1,0,13
3806,535125,1,1,1,14
3807,791798,1,1,1,15
3808,49666,0,1,1,0
3809,824358,1,1,0,1
3810,506031,1,1,0,2
3811,289789,0,1,1,3
3812,441598,1,1,0,4
3813,821076,1,1,1,5
3814,787560,1,1,1,6
3815,803665,1,1,0,7
3816,897807,0,1,0,8
3817,577065,0,1,1,9
3818,672677,1,1,0,10
3819,144969,0,1,0,11
3820,204460,0,1,0,12
3821,330157,0,1,0,13
3822,324357,0,1,1,14
3823,428520,1,1,1,15
3824,908439,0,1,1,0
3825,617299,1,1,0,1
3826,331762,1,1,1,2
3827,872476,0,1,1,3
3828,709133,1,1,1,4
3829,828486,0,1,1,5
3830,102402,1,1,0,6
3831,36564,0,1,0,7
3832,3828,0,1,1,8
3833,208201,1,1,1,9
3834,768958,1,1,0,10
3835,810649,0,1,1,11
3836,17723,1,1,0,12
3837,479246,0,1,1,13
3838,875877,0,1,1,14
3839,788107,1,1,0,15
3840,423916,1,1,0,0
3841,960495,1,1,0,1
3842,191239,0,1,1,2
3843,3679,0,1,0,3
3844,388035,0,1,1,4
3845,857075,1,1,0,5
3846,855198,0,1,0,6
3847,292498,1,1,0,7
3848,989288,1,1,0,8
3849,345427,0,1,0,9
3850,998766,1,1,1,10
3851,778248,1,1,0,11
3852,616905,1,1,1,12
3853,397609,0,1,1,13
3854,458789,1,1,0,14
3855,874608,0,1,0,15
3856,78154,0,1,1,0
3857,347506,0,1,0,1
3858,20495,0,1,0,2
3859,946801,1,1,0,3
3860,722503,1,1,1,4
3861,48316,1,1,0,5
3862,457087,1,1,1,6
3863,453877,1,1,1,7
3864,940454,0,1,1,8
3865,700913,1,1,0,9
3866,408876,0,1,1,10
3867,442585,1,1,0,11
3868,281724,0,1,0,12
3869,96498,0,1,1,13
3870,77412,1,1,1,14
3871,13676,1,1,1,15
3872,948948,0,1,0,0
3873,678749,1,1,0,1
3874,412078,0,1,1,2
3875,960643,1,1,1,3
3876,388989,1,1,0,4
3877,313620,1,1,0,5
3878,909644,0,1,1,6
3879,90746,1,1,1,7
3880,743398,0,1,0,8
3881,94683,1,1,1,9
3882,738282,1,1,0,10
3883,881563,1,1,1,11
3884,935130,1,1,0,12
3885,988384,0,1,0,13
3886,235716,0,1,0,14
3887,295901,0,1,0,15
3888,1663,1,1,0,0
3889,847001,1,1,0,1
3890,468736,1,1,0,2
3891,567966,1,1,0,3
3892,339667,1,1,0,4
3893,105457,1,1,1,5
3894,418197,0,1,0,6
3895,643950,1,1,0,7
3896,857678,0,1,1,8
3897,967202,0,1,1,9
3898,960819,0,1,0,10
3899,620214,0,1,0,11
3900,281925,1,1,0,12
3901,809948,1,1,0,13
3902,648664,0,1,0,14
3903,492237,0,1,0,15
3904,43996,1,1,0,0
3905,548188,0,1,1,1
3906,645059,0,1,0,2
3907,15776,0,1,1,3
3908,385126,1,1,0,4
3909,810556,0,1,1,5
3910,588983,0,1,0,6
3911,797137,1,1,0,7
3912,204103,1,1,1,8
3913,450780,0,1,0,9
3914,440078,0,1,1,10
3915,574866,1,1,1,11
3916,212130,0,1,1,12
3917,308493,1,1,0,13
3918,580871,0,1,1,14
3919,147668,0,1,0,15
3920,396279,0,1,1,0
3921,560250,0,1,1,1
3922,760864,0,1,0,2
3923,595034,0,1,0,3
3924,592028,1,1,0,4
3925,652037,1,1,0,5
3926,424943,0,1,0,6
3927,167045,1,1,1,7
3928,407282,1,1,1,8
3929,636416,0,1,0,9
3930,481416,0,1,1,10
3931,823040,0,1,0,11
3932,16176,0,1,1,12
3933,553601,1,1,0,13
3934,245451,1,1,0,14
3935,566164,1,1,0,15
3936,454505,1,1,1,0
3937,585137,1,1,1,1
3938,582401,0,1,1,2
3939,545301,0,1,1,3
3940,941314,0,1,1,4
3941,666139,0,1,0,5
3942,593235,0,1,0,6
3943,124061,0,1,0,7
3944,495430,0,1,1,8
3945,554843,0,1,0,9
3946,715264,1,1,0,10
3947,692493,1,1,0,11
3948,671969,0,1,0,12
3949,508869,0,1,0,13
3950,819556,0,1,0,14
3951,644209,0,1,0,15
3952,76177,0,1,1,0
3953,381771,0,1,0,1
3954,32123,0,1,1,2
3955,389018,0,1,0,3
3956,841851,1,1,1,4
3957,620088,1,1,0,5
3958,449582,1,1,0,6
3959,189384,1,1,0,7
3960,380656,1,1,1,8
3961,475566,0,1,1,9
3962,884886,1,1,0,10
3963,81301,0,1,0,11
3964,597007,1,1,1,12
3965,476548,0,1,0,13
3966,940355,0,1,0,14
3967,395371,0,1,0,15
3968,24510,0,1,1,0
3969,726887,1,1,0,1
3970,623590,0,1,1,2
3971,248248,0,1,1,3
3972,132650,1,1,1,4
3973,23360,1,1,1,5
3974,989089,1,1,1,6
3975,91201,1,1,0,7
3976,139148,0,1,1,8
3977,452579,0,1,0,9
3978,923984,1,1,0,10
3979,735621,0,1,1,11
3980,801113,0,1,0,12
3981,375922,1,1,1,13
3982,476633,1,1,0,14
3983,890525,0,1,0,15
3984,661715,0,1,0,0
3985,547333,1,1,0,1
3986,605356,1,1,1,2
3987,586226,1,1,0,3
3988,871406,1,1,0,4
3989,915074,1,1,1,5
3990,195845,0,1,0,6
3991,398607,1,1,0,7
3992,15407,1,1,1,8
3993,317431,0,1,1,9
3994,82481,1,1,1,10
3995,580173,0,1,1,11
3996,896303,0,1,1,12
3997,6129,0,1,0,13
3998,798022,0,1,1,14
3999,989445,0,1,1,15
4000,940911,1,1,1,0
4001,599408,0,1,1,1
4002,386447,0,1,0,2
4003,979920,1,1,1,3
4004,145962,0,1,1,4
4005,986443,0,1,0,5
4006,76378,1,1,1,6
4007,822047,1,1,1,7
4008,483379,1,1,1,8
4009,378753,0,1,0,9
4010,351918,1,1,0,10
4011,535295,0,1,1,11
4012,329625,0,1,0,12
4013,123500,0,1,1,13
4014,482944,0,1,0,14
4015,510298,0,1,1,15
4016,479114,0,1,0,0
4017,304913,1,1,1,1
4018,740365,1,1,0,2
4019,94595,0,1,1,3
4020,703557,0,1,0,4
4021,784286,0,1,1,5
4022,144672,0,1,0,6
4023,511997,1,1,0,7
4024,311216,1,1,0,8
4025,403804,1,1,1,9
4026,631372,0,1,0,10
4027,193859,0,1,1,11
4028,822145,0,1,0,12
4029,78254,0,1,0,13
4030,101264,1,1,1,14
4031,568130,0,1,0,15
4032,705665,1,1,1,0
4033,835962,0,1,0,1
4034,875337,0,1,1,2
4035,676312,0,1,0,3
4036,578212,0,1,0,4
4037,151681,1,1,1,5
4038,293949,0,1,1,6
4039,96367,0,1,1,7
4040,638113,0,1,1,8
4041,747394,1,1,0,9
4042,620989,1,1,1,10
4043,422380,1,1,1,11
4044,985626,1,1,0,12
4045,144464,1,1,1,13
4046,456910,1,1,1,14
4047,279206,1,1,0,15
4048,185626,0,1,1,0
4049,170624,1,1,0,1
4050,147759,1,1,0,2
4051,632458,1,1,1,3
4052,988834,0,1,0,4
4053,500725,1,1,1,5
4054,350505,1,1,0,6
4055,537109,0,1,1,7
4056,616180,0,1,1,8
4057,78065,1,1,0,9
4058,471104,1,1,1,10
4059,55989,0,1,1,11
4060,850566,0,1,1,12
4061,741483,0,1,1,13
4062,924469,0,1,0,14
4063,957783,0,1,1,15
4064,926815,1,1,0,0
4065,277175,0,1,0,1
4066,756030,0,1,1,2
4067,766941,0,1,0,3
4068,384242,0,1,1,4
4069,279342,1,1,1,5
4070,960756,1,1,0,6
4071,138298,0,1,0,7
4072,110348,1,1,0,8
4073,863301,1,1,0,9
4074,580442,1,1,1,10
4075,363449,0,1,1,11
4076,714097,1,1,1,12
4077,307913,1,1,1,13
4078,390960,0,1,0,14
4079,509720,1,1,0,15
4080,873925,1,1,1,0
4081,875570,0,1,1,1
4082,47576,0,1,1,2
4083,334455,1,1,1,3
4084,456254,0,1,0,4
4085,817368,0,1,1,5
4086,530368,0,1,1,6
4087,132560,1,1,1,7
4088,3027,0,1,0,8
4089,885965,0,1,0,9
4090,606054,1,1,0,10
4091,148412,1,1,0,11
4092,132466,1,1,0,12
4093,885590,1,1,1,13
4094,911888,0,1,1,14
4095,385005,1,1,0,15
4096,521085,0,1,1,0
4097,870848,0,1,1,1
4098,64,0,1,1,2
4099,744811,1,1,1,3
4100,602431,1,1,0,4
4101,18940,0,1,0,5
4102,983666,1,1,1,6
4103,769988,0,1,1,7
4104,52200,0,1,1,8
4105,66448,0,1,0,9
4106,662825,1,1,1,10
4107,418695,0,1,1,11
4108,230223,1,1,1,12
4109,970291,1,1,1,13
4110,738331,1,1,0,14
4111,942121,0,1,1,15
4112,358793,1,1,0,0
4113,429926,0,1,0,1
4114,288473,0,1,0,2
4115,996818,0,1,0,3
4116,55408,1,1,0,4
4117,481672,0,1,1,5
4118,180017,1,1,0,6
4119,221535,1,1,1,7
4120,867467,1,1,1,8
4121,142620,0,1,0,9
4122,291972,0,1,0,10
4123,888793,1,1,1,11
4124,906512,1,1,0,12
4125,492834,0,1,1,13
4126,186254,0,1,0,14
4127,527538,1,1,0,15
4128,170871,0,1,0,0
4129,964211,0,1,0,1
4130,587193,0,1,1,2
4131,640708,0,1,0,3
4132,344037,1,1,1,4
4133,930532,1,1,0,5
4134,756149,0,1,0,6
4135,928492,1,1,1,7
4136,825804,1,1,1,8
4137,293600,0,1,1,9
4138,5303,1,1,0,10
4139,61249,0,1,0,11
4140,93281,0,1,0,12
4141,509058,1,1,0,13
4142,545439,0,1,0,14
4143,683619,0,1,1,15
4144,991240,1,1,0,0
4145,956736,0,1,1,1
4146,856506,0,1,1,2
4147,541810,0,1,0,3
4148,191647,1,1,0,4
4149,168735,1,1,0,5
4150,722309,1,1,1,6
4151,274536,1,1,0,7
4152,751910,1,1,1,8
4153,474611,0,1,0,9
4154,252047,0,1,0,10
4155,94466,0,1,1,11
4156,142869,1,1,1,12
4157,440072,1,1,1,13
4158,76010,1,1,1,14
4159,408406,0,1,1,15
4160,987337,0,1,0,0
4161,979329,1,1,1,1
4162,568586,0,1,0,2
4163,969090,1,1,1,3
4164,976468,0,1,0,4
4165,833452,0,1,1,5
4166,809951,1,1,1,6
4167,391268,0,1,0,7
4168,6551,0,1,0,8
4169,504859,1,1,0,9
4170,69113,1,1,1,10
4171,61780,1,1,0,11
4172,824497,1,1,1,12
4173,368504,1,1,1,13
4174,988777,1,1,0,14
4175,589781,0,1,1,15
4176,672641,0,1,1,0
4177,731922,1,1,0,1
4178,789639,0,1,1,2
4179,994880,1,1,0,3
4180,61868,0,1,0,4
4181,95910,1,1,1,5
4182,121812,1,1,1,6
4183,602262,0,1,1,7
4184,389863,1,1,1,8
4185,1076,1,1,1,9
4186,640071,0,1,1,10
4187,186647,0,1,0,11
4188,884831,1,1,0,12
4189,486353,1,1,0,13
4190,928943,0,1,1,14
4191,846476,1,1,1,15
4192,114513,0,1,1,0
4193,855934,1,1,1,1
4194,688849,0,1,0,2
4195,90360,1,1,0,3
4196,330285,1,1,1,4
4197,194962,1,1,0,5
4198,448166,0,1,1,6
4199,84800,1,1,0,7
4200,783844,1,1,0,8
4201,922865,0,1,0,9
4202,45739,1,1,0,10
4203,780003,0,1,0,11
4204,380348,0,1,1,12
4205,238460,1,1,1,13
4206,993006,0,1,0,14
4207,856625,1,1,0,15
4208,904077,0,1,0,0
4209,832512,0,1,1,1
4210,461991,0,1,0,2
4211,55827,1,1,0,3
4212,860688,1,1,1,4
4213,597177,0,1,1,5
4214,142779,0,1,0,6
4215,209306,1,1,1,7
4216,45981,0,1,0,8
4217,34423,0,1,0,9
4218,484836,1,1,0,10
4219,74324,0,1,1,11
4220,848993,1,1,0,12
4221,451085,1,1,0,13
4222,622486,1,1,0,14
4223,329159,0,1,1,15
4224,713541,1,1,1,0
4225,15421,0,1,1,1
4226,4828,1,1,1,2
4227,507372,0,1,1,3
4228,268882,1,1,0,4
4229,950064,1,1,1,5
4230,734697,0,1,0,6
4231,870295,0,1,0,7
4232,685398,0,1,0,8
4233,90832,0,1,1,9
4234,919871,1,1,0,10
4235,528672,0,1,1,11
4236,601886,0,1,1,12
4237,823350,0,1,0,13
4238,327427,0,1,0,14
4239,589064,1,1,0,15
4240,745933,0,1,1,0
4241,343125,1,1,1,1
4242,733088,0,1,1,2
4243,307271,1,1,0,3
4244,238031,1,1,0,4
4245,850111,1,1,0,5
4246,677234,1,1,0,6
4247,147692,1,1,1,7
4248,836186,0,1,0,8
4249,595054,1,1,1,9
4250,547255,0,1,0,10
4251,491075,0,1,0,11
4252,433277,1,1,1,12
4253,621909,0,1,1,13
4254,582309,0,1,1,14
4255,600923,0,1,0,15
4256,223702,1,1,0,0
4257,907233,1,1,1,1
4258,899116,0,1,0,2
4259,432145,1,1,0,3
4260,361354,0,1,1,4
4261,137894,0,1,0,5
4262,624090,1,1,1,6
4263,269580,1,1,0,7
4264,292583,0,1,0,8
4265,495156,1,1,0,9
4266,803200,1,1,0,10
4267,121181,1,1,1,11
4268,433502,0,1,0,12
4269,876959,0,1,0,13
4270,768295,0,1,1,14
4271,92370,1,1,0,15
4272,654737,1,1,1,0
4273,831554,1,1,0,1
4274,755972,1,1,1,2
4275,539672,0,1,1,3
4276,970663,0,1,1,4
4277,148113,1,1,1,5
4278,497167,1,1,1,6
4279,212006,1,1,1,7
4280,843867,1,1,1,8
4281,325955,1,1,0,9
4282,850329,0,1,1,10
4283,564575,0,1,1,11
4284,86657,1,1,1,12
4285,223575,1,1,0,13
4286,945498,1,1,1,14
4287,807941,0,1,0,15
4288,760588,0,1,1,0
4289,811018,0,1,0,1
4290,74159,1,1,1,2
4291,37248,0,1,0,3
4292,270341,0,1,0,4
4293,348432,1,1,1,5
4294,47610,0,1,0,6
4295,161197,0,1,1,7
4296,368884,1,1,1,8
4297,812315,0,1,0,9
4298,588755,0,1,0,10
4299,696242,1,1,0,11
4300,640443,1,1,0,12
4301,422872,0,1,0,13
4302,232553,1,1,1,14
4303,717858,0,1,0,15
4304,192074,0,1,0,0
4305,72059,1,1,1,1
4306,491019,1,1,1,2
4307,935752,1,1,1,3
4308,311186,0,1,0,4
4309,223699,0,1,0,5
4310,924476,1,1,1,6
4311,821740,0,1,0,7
4312,829076,0,1,0,8
4313,763754,1,1,1,9
4314,377428,1,1,1,10
4315,459120,0,1,1,11
4316,268471,0,1,0,12
4317,549473,1,1,0,13
4318,801051,1,1,0,14
4319,924120,1,1,0,15
4320,863877,1,1,1,0
4321,253710,1,1,1,1
4322,353785,1,1,1,2
4323,913685,1,1,1,3
4324,963009,1,1,1,4
4325,158738,0,1,0,5
4326,441112,0,1,1,6
4327,555683,1,1,0,7
4328,63414,0,1,0,8
4329,425336,1,1,1,9
4330,903919,0,1,0,10
4331,286271,1,1,1,11
4332,572177,0,1,1,12
4333,456573,0,1,1,13
4334,40809,0,1,1,14
4335,781538,0,1,1,15
4336,450119,1,1,1,0
4337,469558,0,1,0,1
4338,203169,0,1,1,2
4339,616863,1,1,0,3
4340,574572,1,1,0,4
4341,229669,1,1,0,5
4342,752614,1,1,1,6
4343,263582,1,1,0,7
4344,934277,1,1,0,8
4345,314128,1,1,0,9
4346,976171,1,1,1,10
4347,568268,1,1,1,11
4348,527833,1,1,0,12
4349,204716,0,1,0,13
4350,573742,0,1,0,14
4351,318390,1,1,0,15
4352,185469,1,1,1,0
4353,333363,1,1,1,1
4354,839073,1,1,0,2
4355,238920,0,1,1,3
4356,401212,1,1,1,4
4357,965883,1,1,0,5
4358,836548,0,1,1,6
4359,951849,0,1,0,7
4360,661256,1,1,1,8
4361,891091,1,1,1,9
4362,312387,0,1,1,10
4363,425609,0,1,0,11
4364,959452,0,1,0,12
4365,144599,1,1,1,13
4366,566433,0,1,1,14
4367,49737,1,1,1,15
4368,346920,0,1,1,0
4369,350217,1,1,0,1
4370,55652,1,1,0,2
4371,467158,0,1,0,3
4372,855958,0,1,0,4
4373,465918,1,1,0,5
4374,972043,0,1,0,6
4375,290142,1,1,0,7
4376,738919,1,1,1,8
4377,52556,0,1,0,9
4378,412587,0,1,1,10
4379,377599,1,1,0,11
4380,470796,0,1,1,12
4381,649986,0,1,1,13
4382,351864,0,1,0,14
4383,369560,0,1,1,15
4384,83951,1,1,0,0
4385,381915,1,1,1,1
4386,416354,1,1,1,2
4387,167202,0,1,0,3
4388,215997,0,1,1,4
4389,591996,0,1,0,5
4390,191651,0,1,1,6
4391,764608,1,1,1,7
4392,864711,1,1,0,8
4393,10206,1,1,1,9
4394,622925,0,1,0,10
4395,35667,0,1,1,11
4396,567115,1,1,1,12
4397,982430,0,1,0,13
4398,349498,1,1,1,14
4399,946145,1,1,1,15
4400,802853,1,1,1,0
4401,340318,0,1,0,1
4402,112345,0,1,1,2
4403,44570,1,1,0,3
4404,517352,1,1,1,4
4405,659496,1,1,0,5
4406,733833,1,1,0,6
4407,324507,0,1,0,7
4408,766111,0,1,1,8
4409,28895,0,1,1,9
4410,698439,1,1,1,10
4411,629239,1,1,0,11
4412,106658,0,1,1,12
4413,932691,0,1,1,13
4414,244917,0,1,1,14
4415,104575,0,1,0,15
4416,997240,1,1,0,0
4417,87383,1,1,0,1
4418,104981,1,1,0,2
4419,485176,1,1,0,3
4420,816746,0,1,0,4
4421,532164,1,1,1,5
4422,987134,1,1,0,6
4423,406743,0,1,0,7
4424,99358,1,1,0,8
4425,630223,0,1,1,9
4426,720035,0,1,0,10
4427,20025,1,1,0,11
4428,149238,1,1,0,12
4429,344493,1,1,1,13
4430,844567,1,1,1,14
4431,309259,1,1,1,15
4432,738365,1,1,1,0
4433,988209,0,1,1,1
4434,466811,0,1,1,2
4435,715105,1,1,1,3
4436,407965,1,1,0,4
4437,56606,1,1,0,5
4438,720097,0,1,1,6
4439,736832,1,1,1,7
4440,185753,1,1,1,8
4441,176361,0,1,0,9
4442,664636,1,1,0,10
4443,24949,0,1,1,11
4444,425851,1,1,1,12
4445,751920,0,1,1,13
4446,651148,1,1,0,14
4447,388969,0,1,0,15
4448,964037,1,1,0,0
4449,245166,0,1,1,1
4450,330435,0,1,1,2
4451,857288,1,1,0,3
4452,964604,0,1,0,4
4453,977449,1,1,0,5
4454,281071,0,1,0,6
4455,732570,0,1,0,7
4456,986183,1,1,0,8
4457,87198,0,1,1,9
4458,715746,0,1,1,10
4459,185731,0,1,1,11
4460,682,0,1,0,12
4461,936346,0,1,1,13
4462,86710,0,1,0,14
4463,699255,0,1,1,15
4464,141803,0,1,1,0
4465,191094,1,1,0,1
4466,459001,0,1,0,2
4467,944890,1,1,1,3
4468,328988,1,1,1,4
4469,823063,1,1,1,5
4470,832451,1,1,1,6
4471,943821,0,1,1,7
4472,593379,0,1,1,8
4473,374703,0,1,0,9
4474,914278,1,1,0,10
4475,62413,0,1,1,11
4476,11090,1,1,0,12
4477,165580,1,1,1,13
4478,901704,1,1,0,14
4479,437971,0,1,0,15
4480,796443,1,1,1,0
4481,851922,0,1,1,1
4482,733622,1,1,0,2
4483,963613,1,1,0,3
4484,53241,0,1,0,4
4485,82775,0,1,1,5
4486,335028,0,1,1,6
4487,116386,0,1,0,7
4488,353644,0,1,0,8
4489,225024,1,1,1,9
4490,904737,1,1,1,10
4491,754424,1,1,0,11
4492,975702,0,1,1,12
4493,191987,1,1,1,13
4494,950541,0,1,1,14
4495,921183,1,1,1,15
4496,363882,0,1,0,0
4497,836709,0,1,0,1
4498,686478,1,1,0,2
4499,719728,1,1,0,3
4500,719736,0,1,1,4
4501,616773,0,1,1,5
4502,272242,1,1,1,6
4503,461536,1,1,0,7
4504,664500,0,1,0,8
4505,933859,0,1,0,9
4506,647638,0,1,1,10
4507,356290,1,1,1,11
4508,33545,1,1,1,12
4509,459341,0,1,1,13
4510,296244,0,1,0,14
4511,45955,0,1,1,15
4512,875303,1,1,0,0
4513,516228,1,1,0,1
4514,104746,1,1,1,2
4515,802145,1,1,1,3
4516,464459,0,1,1,4
4517,738391,0,1,1,5
4518,200554,0,1,1,6
4519,885549,1,1,0,7
4520,135409,1,1,0,8
4521,486221,0,1,1,9
4522,623862,1,1,0,10
4523,577498,0,1,1,11
4524,51923,1,1,1,12
4525,975963,0,1,1,13
4526,371055,1,1,1,14
4527,742704,0,1,1,15
4528,779264,1,1,0,0
4529,618542,0,1,0,1
4530,706816,1,1,0,2
4531,383944,0,1,0,3
4532,675193,1,1,0,4
4533,29413,0,1,1,5
4534,957828,1,1,1,6
4535,241802,1,1,0,7
4536,698800,0,1,1,8
4537,787477,0,1,1,9
4538,869515,0,1,0,10
4539,68958,1,1,0,11
4540,50484,1,1,1,12
4541,10196,0,1,1,13
4542,411745,1,1,0,14
4543,301829,1,1,1,15
4544,710451,0,1,1,0
4545,652257,1,1,0,1
4546,226736,1,1,0,2
4547,318833,0,1,1,3
4548,810404,0,1,0,4
4549,756409,0,1,0,5
4550,12798,0,1,1,6
4551,213138,0,1,0,7
4552,723549,0,1,0,8
4553,940848,0,1,1,9
4554,607103,1,1,1,10
4555,124275,1,1,0,11
4556,3151,0,1,0,12
4557,290911,1,1,0,13
4558,365125,0,1,1,14
4559,132180,0,1,1,15
4560,983237,1,1,1,0
4561,32960,0,1,0,1
4562,920951,1,1,0,2
4563,224934,0,1,1,3
4564,449219,1,1,1,4
4565,47823,1,1,0,5
4566,531086,0,1,1,6
4567,641283,1,1,0,7
4568,732672,0,1,1,8
4569,797251,1,1,0,9
4570,298018,1,1,0,10
4571,67539,1,1,1,11
4572,75507,0,1,0,12
4573,569127,1,1,0,13
4574,314460,1,1,1,14
4575,657312,1,1,0,15
4576,643229,1,1,1,0
4577,954055,0,1,0,1
4578,98352,0,1,1,2
4579,232136,1,1,1,3
4580,685708,0,1,0,4
4581,353172,1,1,0,5
4582,923272,0,1,1,6
4583,645267,0,1,1,7
4584,646552,1,1,0,8
4585,935233,1,1,1,9
4586,182728,1,1,0,10
4587,571939,1,1,0,11
4588,376622,1,1,1,12
4589,362921,1,1,1,13
4590,796882,0,1,0,14
4591,786477,0,1,1,15
4592,255466,1,1,0,0
4593,953473,0,1,0,1
4594,391958,1,1,0,2
4595,719350,0,1,0,3
4596,594629,0,1,0,4
4597,357007,0,1,1,5
4598,153625,0,1,1,6
4599,47925,0,1,1,7
4600,378899,1,1,1,8
4601,406767,0,1,1,9
4602,74095,1,1,0,10
4603,34874,1,1,1,11
4604,62207,1,1,0,12
4605,427355,1,1,1,13
4606,510545,0,1,1,14
4607,597054,1,1,0,15
4608,986260,0,1,1,0
4609,605667,0,1,1,1
4610,13683,1,1,0,2
4611,675415,0,1,1,3
4612,20156,0,1,0,4
4613,417107,0,1,0,5
4614,598940,1,1,0,6
4615,449287,1,1,0,7
4616,988708,1,1,0,8
4617,958406,0,1,1,9
4618,952981,0,1,1,10
4619,864287,1,1,0,11
4620,574094,1,1,0,12
4621,61646,1,1,1,13
4622,77268,0,1,0,14
4623,573294,1,1,0,15
4624,405650,0,1,0,0
4625,751965,0,1,1,1
4626,460569,1,1,0,2
4627,500696,0,1,1,3
4628,275533,0,1,0,4
4629,46231,1,1,0,5
4630,816101,0,1,1,6
4631,729235,1,1,1,7
4632,938936,0,1,0,8
4633,253374,0,1,1,9
4634,502250,0,1,0,10
4635,525289,1,1,0,11
4636,280029,0,1,1,12
4637,728119,1,1,0,13
4638,713261,1,1,1,14
4639,131394,0,1,0,15
4640,751469,0,1,0,0
4641,932985,1,1,1,1
4642,228385,1,1,0,2
4643,694380,0,1,0,3
4644,203262,1,1,1,4
4645,597978,1,1,0,5
4646,889485,0,1,1,6
4647,303014,1,1,0,7
4648,321658,0,1,1,8
4649,609279,0,1,0,9
4650,732839,1,1,0,10
4651,393184,0,1,1,11
4652,903756,0,1,0,12
4653,235960,0,1,1,13
4654,21508,0,1,0,14
4655,2915,1,1,0,15
4656,411703,0,1,1,0
4657,514617,1,1,0,1
4658,480748,0,1,1,2
4659,395289,1,1,1,3
4660,795621,1,1,0,4
4661,889262,1,1,0,5
4662,887632,0,1,1,6
4663,164811,1,1,0,7
4664,350408,1,1,1,8
4665,344030,0,1,0,9
4666,8441,0,1,1,10
4667,228555,1,1,0,11
4668,168486,0,1,0,12
4669,663627,1,1,1,13
4670,364841,0,1,0,14
4671,868685,0,1,1,15
4672,11592,1,1,1,0
4673,76419,1,1,1,1
4674,517190,1,1,0,2
4675,222840,1,1,0,3
4676,397917,1,1,1,4
4677,328313,1,1,1,5
4678,267496,1,1,1,6
4679,136324,0,1,1,7
4680,942507,1,1,0,8
4681,410165,0,1,1,9
4682,192566,0,1,1,10
4683,299756,1,1,1,11
4684,110906,0,1,0,12
4685,481694,1,1,0,13
4686,563336,1,1,1,14
4687,267147,1,1,0,15
4688,192698,0,1,0,0
4689,610390,1,1,0,1
4690,64119,0,1,0,2
4691,658230,0,1,0,3
4692,195843,1,1,0,4
4693,693625,1,1,1,5
4694,993028,0,1,0,6
4695,600501,1,1,1,7
4696,736579,1,1,0,8
4697,816944,1,1,1,9
4698,156712,1,1,0,10
4699,229466,0,1,0,11
4700,827617,0,1,1,12
4701,232074,1,1,1,13
4702,322663,1,1,1,14
4703,347111,1,1,0,15
4704,897594,1,1,1,0
4705,99876,0,1,0,1
4706,73132,1,1,0,2
4707,15974,1,1,1,3
4708,773041,1,1,1,4
4709,825707,0,1,0,5
4710,33501,1,1,0,6
4711,599071,1,1,0,7
4712,41769,1,1,0,8
4713,674393,0,1,0,9
4714,938508,0,1,0,10
4715,935694,0,1,1,11
4716,442243,0,1,0,12
4717,879683,1,1,0,13
4718,709642,1,1,1,14
4719,48649,1,1,1,15
4720,373471,0,1,0,0
4721,256152,0,1,0,1
4722,5892,1,1,1,2
4723,668160,0,1,1,3
4724,801433,0,1,1,4
4725,567295,1,1,0,5
4726,582784,0,1,1,6
4727,957900,1,1,0,7
4728,434116,0,1,0,8
4729,535232,0,1,1,9
4730,265581,0,1,1,10
4731,254779,1,1,0,11
4732,14622,0,1,0,12
4733,158825,1,1,0,13
4734,929457,1,1,0,14
4735,946710,0,1,1,15
4736,122315,1,1,1,0
4737,92680,1,1,1,1
4738,402681,0,1,0,2
4739,411653,0,1,1,3
4740,465644,0,1,0,4
4741,230629,1,1,1,5
4742,833176,0,1,0,6
4743,142692,0,1,0,7
4744,646203,1,1,0,8
4745,972574,0,1,0,9
4746,6811,1,1,1,10
4747,295269,1,1,0,11
4748,939928,0,1,1,12
4749,711290,1,1,0,13
4750,350761,1,1,0,14
4751,968391,1,1,1,15
4752,956401,1,1,1,0
4753,478716,0,1,1,1
4754,350312,1,1,0,2
4755,790875,1,1,1,3
4756,919033,1,1,0,4
4757,589901,0,1,0,5
4758,583516,0,1,0,6
4759,828328,1,1,1,7
4760,569409,1,1,1,8
4761,473063,1,1,1,9
4762,338982,1,1,1,10
4763,898850,0,1,0,11
4764,593068,1,1,1,12
4765,902514,0,1,1,13
4766,195107,1,1,1,14
4767,91989,0,1,1,15
4768,179299,0,1,0,0
4769,622246,0,1,1,1
4770,772745,0,1,1,2
4771,622432,0,1,0,3
4772,808522,0,1,0,4
4773,444070,1,1,0,5
4774,326826,0,1,1,6
4775,175623,1,1,0,7
4776,414441,1,1,1,8
4777,48682,1,1,0,9
4778,242164,0,1,0,10
4779,999557,0,1,1,11
4780,884122,1,1,0,12
4781,251941,1,1,0,13
4782,439438,1,1,1,14
4783,703633,0,1,1,15
4784,843168,1,1,1,0
4785,925165,0,1,0,1
4786,187885,0,1,1,2
4787,836072,0,1,0,3
4788,8883,0,1,1,4
4789,927722,0,1,0,5
4790,727938,1,1,0,6
4791,148338,0,1,1,7
4792,479801,1,1,1,8
4793,388020,1,1,0,9
4794,370906,0,1,1,10
4795,545953,1,1,1,11
4796,195600,0,1,1,12
4797,81514,0,1,1,13
4798,268262,1,1,0,14
4799,484384,1,1,0,15
4800,485876,1,1,0,0
4801,933158,0,1,1,1
4802,25863,0,1,0,2
4803,728659,1,1,1,3
4804,624782,0,1,1,4
4805,132207,1,1,0,5
4806,1151,1,1,1,6
4807,951406,1,1,0,7
4808,466530,0,1,0,8
4809,120099,1,1,1,9
4810,95247,0,1,1,10
4811,840070,1,1,0,11
4812,360975,0,1,0,12
4813,882748,1,1,1,13
4814,169977,0,1,1,14
4815,236611,0,1,0,15
4816,748363,0,1,0,0
4817,788461,1,1,0,1
4818,577484,0,1,1,2
4819,6417,1,1,1,3
4820,189722,1,1,1,4
4821,198229,1,1,0,5
4822,452408,0,1,0,6
4823,734448,0,1,0,7
4824,176422,1,1,1,8
4825,103783,0,1,0,9
4826,678466,1,1,1,10
4827,833893,0,1,1,11
4828,637529,1,1,1,12
4829,760802,0,1,1,13
4830,692326,0,1,1,14
4831,179220,0,1,0,15
4832,70806,1,1,1,0
4833,369699,1,1,1,1
4834,950959,0,1,1,2
4835,954609,0,1,0,3
4836,549908,0,1,1,4
4837,823842,1,1,1,5
4838,130541,0,1,0,6
4839,547623,0,1,0,7
4840,600678,1,1,0,8
4841,954059,0,1,0,9
4842,512579,1,1,1,10
4843,757900,1,1,0,11
4844,4484,1,1,0,12
4845,719738,1,1,0,13
4846,383823,0,1,1,14
4847,593016,0,1,1,15
4848,99052,1,1,1,0
4849,454804,0,1,0,1
4850,111586,0,1,0,2
4851,810343,0,1,0,3
4852,117509,0,1,0,4
4853,527574,0,1,1,5
4854,457736,0,1,1,6
4855,221707,0,1,1,7
4856,561545,1,1,1,8
4857,389471,0,1,0,9
4858,348459,1,1,0,10
4859,576967,1,1,1,11
4860,577348,1,1,0,12
4861,85515,0,1,0,13
4862,765807,1,1,0,14
4863,617131,1,1,0,15
4864,923507,1,1,1,0
4865,328150,0,1,1,1
4866,596614,0,1,1,2
4867,786039,1,1,0,3
4868,486278,0,1,1,4
4869,723798,1,1,1,5
4870,493298,0,1,1,6
4871,175615,0,1,1,7
4872,738175,0,1,0,8
4873,724285,0,1,0,9
4874,98773,1,1,0,10
4875,400263,1,1,0,11
4876,583022,0,1,1,12
4877,541867,1,1,1,13
4878,46617,1,1,1,14
4879,743262,1,1,1,15
4880,52790,1,1,1,0
4881,786865,0,1,1,1
4882,810683,1,1,1,2
4883,356170,1,1,0,3
4884,961721,0,1,0,4
4885,247814,0,1,0,5
4886,502006,1,1,1,6
4887,560966,1,1,0,7
4888,802778,1,1,1,8
4889,847560,1,1,1,9
4890,733337,0,1,1,10
4891,633208,1,1,1,11
4892,899763,0,1,1,12
4893,226438,1,1,0,13
4894,70432,1,1,0,14
4895,574084,0,1,1,15
4896,393675,1,1,0,0
4897,638223,0,1,1,1
4898,988393,1,1,1,2
4899,162082,1,1,0,3
4900,533223,1,1,1,4
4901,952752,0,1,0,5
4902,610151,1,1,0,6
4903,502889,1,1,0,7
4904,942895,1,1,1,8
4905,180752,0,1,0,9
4906,842747,1,1,0,10
4907,533793,0,1,0,11
4908,289524,0,1,1,12
4909,347812,1,1,0,13
4910,924916,1,1,1,14
4911,326099,0,1,1,15
4912,908311,0,1,0,0
4913,56016,1,1,0,1
4914,689289,0,1,0,2
4915,100637,1,1,0,3
4916,538878,1,1,0,4
4917,144811,0,1,0,5
4918,176289,0,1,0,6
4919,757473,1,1,0,7
4920,790619,1,1,1,8
4921,499932,1,1,0,9
4922,170408,0,1,1,10
4923,1279,1,1,1,11
4924,56597,1,1,1,12
4925,186261,0,1,1,13
4926,577975,0,1,0,14
4927,224135,0,1,1,15
4928,644919,0,1,1,0
4929,308854,1,1,1,1
4930,562724,0,1,1,2
4931,133653,0,1,0,3
4932,655646,1,1,0,4
4933,971633,1,1,0,5
4934,879423,1,1,0,6
4935,239745,1,1,1,7
4936,141842,0,1,1,8
4937,694667,0,1,1,9
4938,991444,1,1,1,10
4939,163041,1,1,1,11
4940,62034,1,1,1,12
4941,264202,0,1,1,13
4942,92989,1,1,1,14
4943,290901,1,1,1,15
4944,292285,1,1,0,0
4945,510945,1,1,1,1
4946,292303,1,1,1,2
4947,686643,1,1,0,3
4948,221693,1,1,1,4
4949,766659,1,1,1,5
4950,138076,0,1,0,6
4951,969466,1,1,1,7
4952,785705,0,1,1,8
4953,902042,1,1,1,9
4954,550399,0,1,1,10
4955,784097,1,1,0,11
4956,115036,0,1,0,12
4957,69247,1,1,1,13
4958,441934,0,1,0,14
4959,999803,1,1,0,15
4960,377385,1,1,0,0
4961,605317,0,1,1,1
4962,631708,0,1,0,2
4963,745056,1,1,0,3
4964,205818,0,1,0,4
4965,735158,0,1,1,5
4966,10704,0,1,1,6
4967,705825,1,1,0,7
4968,132680,0,1,1,8
4969,771458,0,1,0,9
4970,657775,0,1,0,10
4971,770480,0,1,1,11
4972,13680,0,1,0,12
4973,133779,1,1,1,13
4974,37871,0,1,1,14
4975,664844,0,1,1,15
4976,217955,1,1,1,0
4977,53171,0,1,0,1
4978,290454,0,1,1,2
4979,982626,0,1,1,3
4980,749097,1,1,0,4
4981,729682,1,1,0,5
4982,156519,0,1,1,6
4983,229657,0,1,1,7
4984,893781,0,1,0,8
4985,137574,0,1,0,9
4986,136928,1,1,1,10
4987,751766,0,1,1,11
4988,460228,1,1,1,12
4989,522220,0,1,0,13
4990,376623,0,1,1,14
4991,891800,0,1,0,15
4992,975562,1,1,0,0
4993,133371,1,1,1,1
4994,729235,0,1,0,2
4995,918354,0,1,1,3
4996,108251,0,1,0,4
4997,255538,1,1,0,5
4998,391047,1,1,1,6
4999,752723,1,1,1,7
5000,203386,1,1,0,8
5001,43442,0,1,0,9
5002,942158,0,1,0,10
5003,814583,0,1,0,11
5004,796189,0,1,1,12
5005,136989,1,1,1,13
5006,527789,1,1,0,14
5007,98081,1,1,1,15
5008,438230,0,1,1,0
5009,351761,0,1,1,1
5010,929391,1,1,1,2
5011,49320,0,1,0,3
5012,426937,0,1,0,4
5013,265779,1,1,1,5
5014,415103,0,1,0,6
5015,206613,0,1,1,7
5016,3027,1,1,1,8
5017,715320,0,1,0,9
5018,864948,0,1,1,10
5019,60232,0,1,1,11
5020,361166,1,1,0,12
5021,749992,1,1,1,13
5022,831571,0,1,1,14
5023,623768,0,1,1,15
5024,242021,0,1,1,0
5025,980317,0,1,0,1
5026,868407,0,1,0,2
5027,461343,0,1,1,3
5028,479114,1,1,1,4
5029,481925,1,1,1,5
5030,373146,0,1,1,6
5031,417212,1,1,0,7
5032,946963,1,1,1,8
5033,612958,0,1,1,9
5034,100615,0,1,0,10
5035,640791,0,1,1,11
5036,563368,1,1,0,12
5037,235138,0,1,1,13
5038,138433,0,1,1,14
5039,805207,1,1,1,15
5040,74489,0,1,1,0
5041,717003,0,1,0,1
5042,24032,1,1,1,2
5043,683422,0,1,1,3
5044,169764,0,1,1,4
5045,627274,0,1,0,5
5046,94015,0,1,0,6
5047,435905,0,1,1,7
5048,715796,0,1,1,8
5049,926376,0,1,0,9
5050,852445,1,1,0,10
5051,719101,0,1,1,11
5052,778355,0,1,1,12
5053,77624,0,1,0,13
5054,492492,1,1,0,14
5055,313040,0,1,1,15
5056,396488,0,1,0,0
5057,907217,0,1,1,1
5058,637659,1,1,1,2
5059,42863,1,1,1,3
5060,902406,0,1,1,4
5061,990790,1,1,1,5
5062,166851,1,1,0,6
5063,610314,0,1,0,7
5064,785462,0,1,1,8
5065,556675,1,1,0,9
5066,228768,0,1,1,10
5067,125129,0,1,0,11
5068,989974,1,1,0,12
5069,823299,1,1,1,13
5070,30589,1,1,0,14
5071,276479,1,1,0,15
5072,259986,1,1,1,0
5073,883055,0,1,0,1
5074,777912,0,1,0,2
5075,567503,0,1,0,3
5076,861068,1,1,1,4
5077,289309,1,1,1,5
5078,70130,1,1,1,6
5079,650211,0,1,0,7
5080,405904,1,1,1,8
5081,410919,1,1,0,9
5082,170082,0,1,0,10
5083,158163,0,1,1,11
5084,595056,0,1,1,12
5085,85103,0,1,1,13
5086,840391,1,1,0,14
5087,910830,1,1,0,15
5088,212887,1,1,0,0
5089,984494,1,1,1,1
5090,124273,0,1,1,2
5091,440192,1,1,0,3
5092,510498,0,1,0,4
5093,14672,1,1,1,5
5094,525429,0,1,1,6
5095,58592,1,1,0,7
5096,384715,1,1,0,8
5097,425578,1,1,1,9
5098,584246,1,1,1,10
5099,927779,1,1,0,11
5100,386479,1,1,1,12
5101,882103,0,1,0,13
5102,437974,0,1,1,14
5103,882309,0,1,0,15
5104,951490,1,1,1,0
5105,412360,1,1,1,1
5106,482875,0,1,0,2
5107,789728,1,1,1,3
5108,919615,1,1,1,4
5109,934203,1,1,1,5
5110,42551,1,1,0,6
5111,401778,1,1,0,7
5112,245229,1,1,1,8
5113,734451,1,1,1,9
5114,413141,1,1,1,10
5115,975031,0,1,0,11
5116,160403,0,1,1,12
5117,88199,1,1,0,13
5118,598033,0,1,0,14
5119,537023,0,1,1,15
5120,843246,0,1,1,0
5121,412842,1,1,1,1
5122,379638,0,1,0,2
5123,379240,0,1,1,3
5124,63381,1,1,0,4
5125,317925,0,1,0,5
5126,609447,1,1,1,6
5127,300879,0,1,0,7
5128,816635,0,1,1,8
5129,800134,1,1,0,9
5130,821269,1,1,1,10
5131,267110,1,1,1,11
5132,315101,0,1,0,12
5133,687895,1,1,0,13
5134,37936,0,1,1,14
5135,462397,0,1,1,15
5136,452446,1,1,1,0
5137,410535,1,1,0,1
5138,205885,0,1,0,2
5139,718126,0,1,0,3
5140,321043,1,1,1,4
5141,634032,0,1,0,5
5142,807624,0,1,1,6
5143,197725,1,1,0,7
5144,752123,0,1,1,8
5145,235636,0,1,1,9
5146,595123,1,1,0,10
5147,437081,0,1,0,11
5148,360490,0,1,1,12
5149,8951,0,1,1,13
5150,316986,0,1,0,14
5151,678663,1,1,1,15
5152,633884,1,1,0,0
5153,395239,0,1,0,1
5154,175401,1,1,0,2
5155,475651,1,1,1,3
5156,198992,1,1,1,4
5157,135766,1,1,1,5
5158,887630,0,1,0,6
5159,177150,1,1,1,7
5160,404059,1,1,1,8
5161,141233,1,1,1,9
5162,454915,0,1,0,10
5163,924912,0,1,1,11
5164,874537,0,1,0,12
5165,123178,0,1,0,13
5166,92757,1,1,0,14
5167,309873,1,1,0,15
5168,153992,0,1,0,0
5169,268149,1,1,0,1
5170,226957,0,1,0,2
5171,824003,1,1,1,3
5172,430898,1,1,1,4
5173,697791,1,1,1,5
5174,144122,0,1,1,6
5175,964308,1,1,1,7
5176,869006,1,1,0,8
5177,774735,0,1,1,9
5178,360210,0,1,1,10
5179,986541,0,1,1,11
5180,686342,0,1,0,12
5181,581756,1,1,0,13
5182,729208,0,1,0,14
5183,336134,0,1,1,15
5184,279504,1,1,0,0
5185,706223,1,1,1,1
5186,158656,0,1,1,2
5187,106339,1,1,0,3
5188,712170,1,1,0,4
5189,539689,0,1,0,5
5190,891448,1,1,1,6
5191,538170,0,1,1,7
5192,667138,1,1,1,8
5193,929337,1,1,0,9
5194,41200,0,1,0,10
5195,559731,1,1,1,11
5196,770654,1,1,0,12
5197,516940,1,1,1,13
5198,995250,0,1,0,14
5199,622979,0,1,0,15
5200,996537,1,1,0,0
5201,720627,0,1,0,1
5202,647705,1,1,1,2
5203,102851,1,1,1,3
5204,775847,0,1,1,4
5205,653027,1,1,0,5
5206,975496,1,1,0,6
5207,427362,1,1,0,7
5208,154685,1,1,0,8
5209,670533,1,1,1,9
5210,251766,0,1,0,10
5211,759542,0,1,0,11
5212,326249,0,1,0,12
5213,951520,1,1,1,13
5214,860526,0,1,1,14
5215,745764,1,1,0,15
5216,88747,1,1,1,0
5217,689979,1,1,1,1
5218,629969,1,1,1,2
5219,598626,0,1,0,3
5220,715862,0,1,1,4
5221,398739,0,1,0,5
5222,276478,0,1,1,6
5223,231320,1,1,1,7
5224,210778,1,1,1,8
5225,586894,1,1,0,9
5226,355295,1,1,0,10
5227,844102,0,1,1,11
5228,251053,0,1,0,12
5229,930467,0,1,1,13
5230,140487,0,1,0,14
5231,755149,1,1,1,15
5232,295419,1,1,0,0
5233,993248,1,1,1,1
5234,483324,0,1,1,2
5235,195727,0,1,0,3
5236,932146,1,1,0,4
5237,383395,0,1,0,5
5238,699097,1,1,1,6
5239,60402,0,1,0,7
5240,382385,0,1,0,8
5241,557454,0,1,1,9
5242,247307,1,1,1,10
5243,235839,0,1,1,11
5244,257450,1,1,0,12
5245,273408,0,1,1,13
5246,995346,1,1,0,14
5247,212135,0,1,0,15
5248,995481,1,1,1,0
5249,854838,0,1,1,1
5250,36422,1,1,0,2
5251,848211,0,1,0,3
5252,723019,0,1,0,4
5253,252587,1,1,1,5
5254,81316,0,1,0,6
5255,82508,1,1,1,7
5256,740721,0,1,1,8
5257,874989,1,1,1,9
5258,383616,1,1,1,10
5259,889549,1,1,0,11
5260,700933,0,1,0,12
5261,554699,1,1,1,13
5262,523773,0,1,1,14
5263,425374,1,1,0,15
5264,29350,0,1,0,0
5265,392023,1,1,0,1
5266,753683,0,1,1,2
5267,280050,1,1,1,3
5268,387759,1,1,0,4
5269,905516,0,1,0,5
5270,489585,1,1,0,6
5271,816172,0,1,1,7
5272,763117,0,1,1,8
5273,409369,1,1,0,9
5274,960640,0,1,1,10
5275,723339,1,1,1,11
5276,591099,1,1,0,12
5277,707936,1,1,0,13
5278,281609,0,1,0,14
5279,523638,0,1,1,15
5280,346896,0,1,0,0
5281,834736,1,1,1,1
5282,475563,0,1,0,2
5283,420874,0,1,1,3
5284,615333,1,1,1,4
5285,746698,1,1,1,5
5286,938386,1,1,1,6
5287,755554,0,1,1,7
5288,836227,1,1,0,8
5289,281282,0,1,0,9
5290,756806,0,1,0,10
5291,809594,1,1,0,11
5292,988537,0,1,0,12
5293,945279,1,1,1,13
5294,960692,1,1,0,14
5295,666609,0,1,0,15
5296,351801,1,1,0,0
5297,992991,0,1,1,1
5298,209053,1,1,0,2
5299,378004,0,1,0,3
5300,251584,1,1,1,4
5301,457794,0,1,0,5
5302,388727,1,1,1,6
5303,591730,0,1,0,7
5304,495126,0,1,1,8
5305,898888,1,1,1,9
5306,284012,0,1,0,10
5307,412120,1,1,0,11
5308,405442,1,1,0,12
5309,976427,0,1,0,13
5310,763504,1,1,1,14
5311,623533,1,1,0,15
5312,814661,1,1,1,0
5313,527214,1,1,1,1
5314,400879,1,1,0,2
5315,846089,0,1,0,3
5316,66671,0,1,1,4
5317,451840,1,1,1,5
5318,218756,0,1,1,6
5319,949952,1,1,1,7
5320,293976,1,1,0,8
5321,132617,1,1,0,9
5322,82920,0,1,1,10
5323,185686,1,1,1,11
5324,359932,1,1,0,12
5325,299422,1,1,0,13
5326,387910,1,1,1,14
5327,23201,0,1,0,15
5328,561499,0,1,0,0
5329,731635,0,1,1,1
5330,952379,0,1,0,2
5331,8305,1,1,0,3
5332,600506,1,1,1,4
5333,348170,0,1,1,5
5334,970241,0,1,1,6
5335,879516,0,1,0,7
5336,982355,0,1,0,8
5337,648362,0,1,1,9
5338,961613,1,1,1,10
5339,985553,1,1,1,11
5340,321231,0,1,1,12
5341,532725,0,1,0,13
5342,91791,0,1,0,14
5343,854345,1,1,0,15
5344,358289,0,1,1,0
5345,194370,0,1,0,1
5346,797356,0,1,1,2
5347,418488,0,1,1,3
5348,624894,0,1,0,4
5349,149523,0,1,0,5
5350,338792,0,1,0,6
5351,824734,0,1,1,7
5352,985611,0,1,0,8
5353,389248,1,1,0,9
5354,603683,0,1,0,10
5355,399809,1,1,1,11
5356,416364,0,1,0,12
5357,316762,1,1,0,13
5358,885250,0,1,0,14
5359,468383,1,1,1,15
5360,190552,1,1,0,0
5361,118324,1,1,1,1
5362,894906,0,1,1,2
5363,967457,0,1,0,3
5364,251165,1,1,1,4
5365,14205,0,1,1,5
5366,475215,0,1,1,6
5367,912383,0,1,1,7
5368,289600,1,1,1,8
5369,143350,1,1,0,9
5370,251237,0,1,0,10
5371,385816,0,1,1,11
5372,814660,0,1,0,12
5373,752254,0,1,1,13
5374,617089,1,1,1,14
5375,124428,0,1,1,15
5376,278602,1,1,0,0
5377,190414,0,1,1,1
5378,403499,1,1,0,2
5379,128493,0,1,1,3
5380,978453,1,1,1,4
5381,853161,1,1,1,5
5382,299804,1,1,0,6
5383,55197,0,1,1,7
5384,700132,1,1,1,8
5385,999982,0,1,0,9
5386,277634,1,1,1,10
5387,682272,0,1,1,11
5388,570910,1,1,1,12
5389,611867,1,1,0,13
5390,204906,0,1,0,14
5391,259851,1,1,0,15
5392,831142,0,1,0,0
5393,940846,0,1,1,1
5394,165060,1,1,1,2
5395,986667,0,1,1,3
5396,435638,0,1,0,4
5397,856245,1,1,0,5
5398,121996,1,1,1,6
5399,315619,0,1,1,7
5400,814484,0,1,0,8
5401,332121,0,1,1,9
5402,929176,1,1,0,10
5403,323954,0,1,1,11
5404,223862,1,1,1,12
5405,753292,1,1,0,13
5406,848921,0,1,0,14
5407,58549,0,1,1,15
5408,474801,1,1,1,0
5409,594094,1,1,1,1
5410,432695,0,1,0,2
5411,230698,0,1,0,3
5412,689739,1,1,0,4
5413,807739,0,1,1,5
5414,480141,1,1,0,6
5415,236984,1,1,0,7
5416,109314,1,1,1,8
5417,951542,0,1,1,9
5418,713734,1,1,0,10
5419,947564,0,1,0,11
5420,18950,0,1,0,12
5421,31445,0,1,0,13
5422,560106,1,1,1,14
5423,676979,1,1,1,15
5424,719595,0,1,1,0
5425,766374,1,1,1,1
5426,127908,0,1,1,2
5427,519761,1,1,0,3
5428,985816,0,1,0,4
5429,556616,0,1,1,5
5430,861879,0,1,1,6
5431,373574,1,1,0,7
5432,964431,0,1,0,8
5433,175125,1,1,1,9
5434,148991,1,1,1,10
5435,977191,0,1,1,11
5436,126089,1,1,0,12
5437,83258,0,1,0,13
5438,386254,0,1,0,14
5439,765345,1,1,1,15
5440,575651,0,1,1,0
5441,468330,1,1,1,1
5442,96866,1,1,0,2
5443,960654,0,1,0,3
5444,977831,0,1,1,4
5445,584038,0,1,1,5
5446,294494,1,1,1,6
5447,333800,0,1,0,7
5448,164017,0,1,0,8
5449,219274,1,1,0,9
5450,380369,1,1,0,10
5451,855267,1,1,0,11
5452,689902,0,1,1,12
5453,292931,0,1,1,13
5454,775029,0,1,0,14
5455,939798,1,1,0,15
5456,184779,0,1,1,0
5457,453977,1,1,1,1
5458,932373,1,1,1,2
5459,949846,1,1,1,3
5460,530041,0,1,0,4
5461,836251,1,1,0,5
5462,483032,1,1,0,6
5463,272380,0,1,1,7
5464,280032,0,1,1,8
5465,885147,1,1,1,9
5466,713322,0,1,1,10
5467,682085,0,1,1,11
5468,933541,1,1,1,12
5469,711682,0,1,1,13
5470,522249,1,1,0,14
5471,50971,0,1,1,15
5472,117890,1,1,0,0
5473,521374,0,1,1,1
5474,203420,0,1,1,2
5475,674042,0,1,0,3
5476,171548,1,1,1,4
5477,911940,0,1,1,5
5478,679588,1,1,0,6
5479,979118,1,1,0,7
5480,855500,1,1,1,8
5481,709578,1,1,1,9
5482,26545,0,1,1,10
5483,725092,1,1,1,11
5484,554736,1,1,1,12
5485,430884,1,1,1,13
5486,835330,1,1,0,14
5487,358023,1,1,0,15
5488,917832,0,1,1,0
5489,778014,0,1,1,1
5490,860206,0,1,0,2
5491,154758,0,1,0,3
5492,233376,0,1,0,4
5493,948896,1,1,1,5
5494,466312,0,1,0,6
5495,485281,1,1,0,7
5496,474970,1,1,1,8
5497,138472,0,1,0,9
5498,605348,1,1,0,10
5499,450862,1,1,0,11
5500,419751,0,1,1,12
5501,715096,0,1,1,13
5502,339649,1,1,0,14
5503,426496,0,1,1,15
5504,197448,0,1,0,0
5505,204451,1,1,0,1
5506,490766,0,1,0,2
5507,3571,1,1,0,3
5508,116891,0,1,1,4
5509,292194,1,1,1,5
5510,955281,0,1,1,6
5511,64955,1,1,0,7
5512,677072,0,1,0,8
5513,867608,0,1,0,9
5514,48907,1,1,0,10
5515,969934,0,1,0,11
5516,800265,0,1,0,12
5517,659869,1,1,1,13
5518,734283,1,1,1,14
5519,374457,1,1,0,15
5520,854895,0,1,0,0
5521,159909,0,1,1,1
5522,853197,0,1,1,2
5523,460670,1,1,1,3
5524,977723,0,1,0,4
5525,563096,1,1,1,5
5526,65937,0,1,0,6
5527,25781,1,1,0,7
5528,972630,0,1,1,8
5529,981521,1,1,1,9
5530,385339,1,1,1,10
5531,341295,0,1,1,11
5532,680607,1,1,0,12
5533,544362,1,1,0,13
5534,690263,1,1,1,14
5535,47847,0,1,1,15
5536,38134,0,1,0,0
5537,26548,0,1,1,1
5538,965503,0,1,0,2
5539,159366,1,1,0,3
5540,507349,0,1,1,4
5541,897933,1,1,1,5
5542,715568,0,1,0,6
5543,186837,0,1,1,7
5544,764924,0,1,1,8
5545,134243,0,1,0,9
5546,68905,0,1,0,10
5547,324208,1,1,0,11
5548,195359,1,1,1,12
5549,335323,0,1,1,13
5550,485611,0,1,0,14
5551,694753,1,1,0,15
5552,887811,1,1,0,0
5553,991285,0,1,0,1
5554,204334,1,1,0,2
5555,125741,1,1,1,3
5556,446088,0,1,1,4
5557,27756,1,1,1,5
5558,633566,1,1,1,6
5559,315752,0,1,0,7
5560,237722,1,1,1,8
5561,601531,0,1,0,9
5562,725929,1,1,1,10
5563,830222,1,1,0,11
5564,129414,1,1,0,12
5565,806606,1,1,0,13
5566,963089,0,1,0,14
5567,228188,1,1,1,15
5568,800131,0,1,1,0
5569,417330,1,1,1,1
5570,554788,0,1,0,2
5571,845282,0,1,0,3
5572,658031,0,1,0,4
5573,727846,1,1,0,5
5574,91064,0,1,0,6
5575,518392,1,1,1,7
5576,172469,0,1,0,8
5577,952562,1,1,1,9
5578,36787,0,1,0,10
5579,208100,0,1,0,11
5580,127532,1,1,1,12
5581,207740,1,1,1,13
5582,396450,1,1,1,14
5583,652670,0,1,0,15
5584,362664,0,1,1,0
5585,368118,1,1,0,1
5586,743637,0,1,0,2
5587,161664,1,1,0,3
5588,543265,1,1,0,4
5589,813240,0,1,0,5
5590,409748,1,1,1,6
5591,184561,0,1,1,7
5592,950518,1,1,1,8
5593,755862,1,1,0,9
5594,28091,0,1,1,10
5595,630124,1,1,0,11
5596,676201,0,1,1,12
5597,195546,1,1,1,13
5598,603575,0,1,1,14
5599,761533,1,1,1,15
5600,661828,0,1,0,0
5601,897524,1,1,1,1
5602,508182,1,1,1,2
5603,822182,1,1,0,3
5604,258088,1,1,1,4
5605,360679,1,1,0,5
5606,134030,0,1,1,6
5607,754070,0,1,0,7
5608,391674,1,1,1,8
5609,645263,1,1,1,9
5610,369360,0,1,1,10
5611,867432,0,1,0,11
5612,936642,0,1,1,12
5613,901573,1,1,1,13
5614,691299,1,1,1,14
5615,716058,0,1,1,15
5616,223566,1,1,0,0
5617,953727,0,1,0,1
5618,246029,0,1,0,2
5619,155566,1,1,0,3
5620,177185,1,1,1,4
5621,158101,0,1,0,5
5622,671023,0,1,1,6
5623,726900,1,1,1,7
5624,808304,0,1,0,8
5625,854256,0,1,1,9
5626,464199,0,1,1,10
5627,237859,1,1,0,11
5628,733281,1,1,1,12
5629,645869,0,1,1,13
5630,199339,0,1,1,14
5631,937031,0,1,0,15
5632,547580,0,1,1,0
5633,632701,1,1,0,1
5634,637455,0,1,1,2
5635,182774,0,1,0,3
5636,1494,1,1,1,4
5637,301287,1,1,1,5
5638,381253,1,1,1,6
5639,894293,1,1,1,7
5640,496691,1,1,0,8
5641,724766,0,1,0,9
5642,727180,0,1,1,10
5643,868542,0,1,0,11
5644,937849,1,1,0,12
5645,819685,1,1,1,13
5646,871993,1,1,1,14
5647,232847,0,1,0,15
5648,819839,0,1,0,0
5649,371237,1,1,0,1
5650,236456,1,1,0,2
5651,135479,0,1,0,3
5652,237647,0,1,1,4
5653,443786,0,1,1,5
5654,447555,1,1,1,6
5655,91339,1,1,0,7
5656,531918,1,1,0,8
5657,367011,0,1,1,9
5658,36447,0,1,1,10
5659,492351,1,1,1,11
5660,416386,1,1,0,12
5661,96090,1,1,1,13
5662,951476,0,1,0,14
5663,51333,1,1,0,15
5664,578004,0,1,0,0
5665,481417,0,1,0,1
5666,47775,1,1,0,2
5667,536295,1,1,0,3
5668,196543,1,1,1,4
5669,407991,0,1,1,5
5670,636627,0,1,0,6
5671,522017,1,1,0,7
5672,826186,1,1,1,8
5673,126661,1,1,1,9
5674,801628,0,1,1,10
5675,530230,1,1,1,11
5676,846124,1,1,1,12
5677,166090,0,1,1,13
5678,870072,1,1,1,14
5679,895002,0,1,0,15
5680,209614,0,1,1,0
5681,399647,0,1,1,1
5682,40449,1,1,1,2
5683,103464,1,1,0,3
5684,14848,1,1,1,4
5685,515263,1,1,1,5
5686,130738,0,1,0,6
5687,163548,1,1,1,7
5688,415683,1,1,0,8
5689,104624,1,1,0,9
5690,371428,1,1,1,10
5691,676129,0,1,1,11
5692,886385,0,1,1,12
5693,998402,1,1,1,13
5694,863636,1,1,0,14
5695,580515,0,1,0,15
5696,233058,0,1,0,0
5697,936325,1,1,1,1
5698,585395,0,1,0,2
5699,710695,1,1,0,3
5700,587434,0,1,1,4
5701,662826,0,1,0,5
5702,191769,1,1,0,6
5703,740386,0,1,0,7
5704,93995,1,1,1,8
5705,900759,1,1,0,9
5706,516943,0,1,1,10
5707,698583,1,1,1,11
5708,832314,1,1,1,12
5709,882707,0,1,1,13
5710,660883,0,1,0,14
5711,455860,0,1,1,15
5712,967881,0,1,0,0
5713,741817,0,1,1,1
5714,799062,1,1,1,2
5715,274873,0,1,1,3
5716,560079,1,1,1,4
5717,901282,1,1,0,5
5718,270817,0,1,1,6
5719,817209,1,1,0,7
5720,422091,0,1,0,8
5721,501719,1,1,1,9
5722,210035,0,1,0,10
5723,340066,1,1,1,11
5724,464117,1,1,0,12
5725,790366,0,1,0,13
5726,275415,1,1,0,14
5727,137389,1,1,1,15
5728,152200,0,1,0,0
5729,220013,0,1,0,1
5730,227217,0,1,0,2
5731,724411,0,1,0,3
5732,160188,0,1,0,4
5733,148515,1,1,0,5
5734,998543,0,1,1,6
5735,169226,0,1,1,7
5736,964316,1,1,0,8
5737,746661,0,1,0,9
5738,533053,0,1,0,10
5739,17708,1,1,0,11
5740,665574,0,1,0,12
5741,111286,1,1,0,13
5742,791027,1,1,0,14
5743,636935,0,1,1,15
5744,306223,0,1,0,0
5745,266083,0,1,0,1
5746,161448,1,1,1,2
5747,362919,1,1,0,3
5748,587427,1,1,1,4
5749,702917,1,1,0,5
5750,899746,1,1,0,6
5751,776541,1,1,1,7
5752,593572,0,1,0,8
5753,161778,1,1,1,9
5754,752202,1,1,0,10
5755,855310,0,1,1,11
5756,697308,1,1,1,12
5757,718619,0,1,1,13
5758,662004,0,1,0,14
5759,902020,1,1,1,15
5760,193077,1,1,1,0
5761,187316,1,1,1,1
5762,769920,0,1,0,2
5763,370923,1,1,1,3
5764,424702,1,1,1,4
5765,59937,0,1,1,5
5766,395342,0,1,0,6
5767,191932,1,1,0,7
5768,860937,1,1,0,8
5769,931585,0,1,1,9
5770,647950,0,1,0,10
5771,353930,0,1,1,11
5772,221317,0,1,0,12
5773,389642,0,1,0,13
5774,687960,1,1,0,14
5775,51705,1,1,0,15
5776,943948,1,1,1,0
5777,408538,0,1,0,1
5778,254011,1,1,1,2
5779,873586,1,1,0,3
5780,940666,1,1,0,4
5781,666299,1,1,0,5
5782,828749,1,1,0,6
5783,757135,1,1,1,7
5784,502047,0,1,1,8
5785,906487,0,1,1,9
5786,837538,1,1,1,10
5787,256526,1,1,0,11
5788,69908,0,1,1,12
5789,896621,1,1,1,13
5790,679220,1,1,1,14
5791,120314,1,1,0,15
5792,557395,0,1,1,0
5793,58115,1,1,1,1
5794,284748,0,1,0,2
5795,416096,0,1,1,3
5796,716885,1,1,0,4
5797,831503,0,1,1,5
5798,515665,1,1,1,6
5799,289176,0,1,0,7
5800,109620,1,1,1,8
5801,867879,0,1,1,9
5802,247794,1,1,0,10
5803,6620,0,1,0,11
5804,509154,0,1,1,12
5805,701500,1,1,0,13
5806,330570,0,1,0,14
5807,240245,1,1,1,15
5808,898391,1,1,1,0
5809,586040,1,1,1,1
5810,995915,1,1,0,2
5811,319701,1,1,1,3
5812,809680,0,1,0,4
5813,127953,0,1,1,5
5814,684932,0,1,1,6
5815,588970,0,1,1,7
5816,339696,0,1,0,8
5817,155711,1,1,0,9
5818,14211,0,1,1,10
5819,931638,1,1,0,11
5820,692052,1,1,0,12
5821,75222,1,1,1,13
5822,230427,1,1,0,14
5823,812404,1,1,1,15
5824,404087,0,1,0,0
5825,182993,0,1,1,1
5826,420786,1,1,0,2
5827,693212,1,1,1,3
5828,60117,0,1,1,4
5829,533430,0,1,0,5
5830,822656,0,1,0,6
5831,300757,1,1,0,7
5832,696224,1,1,0,8
5833,418693,1,1,1,9
5834,240375,0,1,0,10
5835,598644,1,1,1,11
5836,868402,0,1,1,12
5837,755075,0,1,0,13
5838,496529,0,1,0,14
5839,688759,1,1,1,15
5840,383124,1,1,0,0
5841,404873,1,1,0,1
5842,66331,1,1,0,2
5843,329076,1,1,0,3
5844,765983,1,1,0,4
5845,290298,0,1,1,5
5846,829166,0,1,1,6
5847,499274,1,1,1,7
5848,47221,0,1,0,8
5849,379094,0,1,0,9
5850,333889,0,1,0,10
5851,263641,1,1,0,11
5852,596302,1,1,1,12
5853,76254,0,1,0,13
5854,838109,1,1,0,14
5855,182746,0,1,1,15
5856,982289,1,1,0,0
5857,656628,0,1,1,1
5858,691734,1,1,1,2
5859,70562,1,1,1,3
5860,386178,1,1,1,4
5861,90679,0,1,1,5
5862,448916,1,1,1,6
5863,755374,1,1,0,7
5864,280671,1,1,0,8
5865,75520,1,1,0,9
5866,81258,1,1,0,10
5867,593732,1,1,0,11
5868,803658,0,1,0,12
5869,962920,1,1,1,13
5870,705934,1,1,0,14
5871,358845,0,1,1,15
5872,345976,0,1,0,0
5873,449069,1,1,1,1
5874,284814,0,1,1,2
5875,17729,1,1,0,3
5876,597244,1,1,1,4
5877,978684,1,1,0,5
5878,703097,0,1,0,6
5879,95761,1,1,1,7
5880,604224,0,1,1,8
5881,755915,1,1,0,9
5882,394239,0,1,1,10
5883,621203,1,1,0,11
5884,221795,0,1,0,12
5885,619640,0,1,0,13
5886,336636,1,1,0,14
5887,472761,1,1,0,15
5888,573699,1,1,1,0
5889,520777,0,1,1,1
5890,375131,1,1,1,2
5891,843951,1,1,1,3
5892,193843,0,1,0,4
5893,63123,1,1,1,5
5894,500339,0,1,1,6
5895,842456,1,1,1,7
5896,554,0,1,1,8
5897,850609,1,1,1,9
5898,143748,1,1,0,10
5899,19043,0,1,0,11
5900,265941,0,1,0,12
5901,176924,0,1,0,13
5902,455708,0,1,0,14
5903,165986,0,1,0,15
5904,699048,0,1,0,0
5905,15634,1,1,0,1
5906,74576,1,1,1,2
5907,653001,1,1,1,3
5908,908987,1,1,1,4
5909,683702,0,1,1,5
5910,520231,1,1,1,6
5911,100762,0,1,0,7
5912,142560,1,1,0,8
5913,764375,0,1,0,9
5914,693772,0,1,0,10
5915,94168,0,1,0,11
5916,156942,0,1,0,12
5917,322418,1,1,0,13
5918,76852,0,1,1,14
5919,986502,1,1,0,15
5920,211588,1,1,1,0
5921,599339,1,1,1,1
5922,255487,1,1,1,2
5923,788422,1,1,0,3
5924,751255,0,1,1,4
5925,450884,1,1,1,5
5926,949944,0,1,1,6
5927,992619,0,1,0,7
5928,650437,1,1,1,8
5929,423136,0,1,1,9
5930,485237,0,1,0,10
5931,557822,1,1,1,11
5932,594050,1,1,0,12
5933,678708,1,1,1,13
5934,475953,0,1,1,14
5935,425705,0,1,1,15
5936,38101,1,1,1,0
5937,593908,0,1,1,1
5938,548636,0,1,1,2
5939,497620,1,1,1,3
5940,226094,0,1,1,4
5941,77798,1,1,0,5
5942,172988,1,1,1,6
5943,447074,0,1,1,7
5944,514379,1,1,0,8
5945,936585,0,1,0,9
5946,507378,1,1,1,10
5947,242562,0,1,1,11
5948,83785,1,1,1,12
5949,836649,1,1,0,13
5950,631183,0,1,1,14
5951,807919,1,1,1,15
5952,194380,1,1,1,0
5953,138257,1,1,1,1
5954,459119,0,1,1,2
5955,683708,0,1,0,3
5956,408320,0,1,0,4
5957,707737,0,1,1,5
5958,801784,1,1,1,6
5959,29694,1,1,1,7
5960,482746,1,1,1,8
5961,355592,1,1,1,9
5962,729236,0,1,0,10
5963,604794,0,1,0,11
5964,556184,1,1,1,12
5965,560742,0,1,0,13
5966,651835,1,1,1,14
5967,498236,1,1,0,15
5968,680262,0,1,1,0
5969,571156,1,1,1,1
5970,440776,0,1,1,2
5971,369536,1,1,1,3
5972,248756,1,1,0,4
5973,881496,1,1,1,5
5974,668365,0,1,1,6
5975,981436,0,1,0,7
5976,218109,0,1,1,8
5977,986401,1,1,1,9
5978,661615,0,1,0,10
5979,718210,1,1,1,11
5980,599436,1,1,0,12
5981,943833,1,1,0,13
5982,960332,1,1,1,14
5983,732204,1,1,0,15
5984,726631,1,1,1,0
5985,323767,1,1,1,1
5986,212877,1,1,0,2
5987,120889,0,1,0,3
5988,631891,0,1,0,4
5989,96150,0,1,0,5
5990,660567,1,1,0,6
5991,807366,1,1,0,7
5992,400799,1,1,0,8
5993,344789,0,1,0,9
5994,323766,1,1,1,10
5995,197527,1,1,1,11
5996,32378,1,1,1,12
5997,537390,0,1,1,13
5998,704763,0,1,0,14
5999,760303,0,1,1,15
6000,823801,0,1,1,0
6001,606306,0,1,0,1
6002,667874,0,1,0,2
6003,351138,0,1,1,3
6004,190515,0,1,0,4
6005,244502,1,1,1,5
6006,130747,0,1,0,6
6007,151763,1,1,1,7
6008,47900,1,1,1,8
6009,166241,0,1,1,9
6010,126932,1,1,0,10
6011,614564,1,1,1,11
6012,72618,1,1,1,12
6013,369071,0,1,1,13
6014,883074,1,1,1,14
6015,24662,1,1,0,15
6016,812223,0,1,0,0
6017,366064,0,1,1,1
6018,509912,0,1,0,2
6019,846782,0,1,0,3
6020,396505,1,1,1,4
6021,285515,0,1,1,5
6022,296526,1,1,0,6
6023,590391,1,1,1,7
6024,671177,0,1,0,8
6025,478251,1,1,0,9
6026,838380,1,1,1,10
6027,966432,0,1,1,11
6028,297893,1,1,1,12
6029,503252,0,1,0,13
6030,7223,0,1,1,14
6031,745503,1,1,1,15
6032,52368,0,1,0,0
6033,1249,1,1,1,1
6034,147095,0,1,0,2
6035,441309,0,1,1,3
6036,588527,1,1,1,4
6037,486820,0,1,0,5
6038,414862,1,1,0,6
6039,321043,1,1,1,7
6040,324206,0,1,1,8
6041,571218,0,1,0,9
6042,697703,0,1,1,10
6043,799556,0,1,1,11
6044,456402,0,1,0,12
6045,520526,1,1,0,13
6046,420389,0,1,0,14
6047,312208,0,1,1,15
6048,600201,0,1,1,0
6049,469580,1,1,0,1
6050,621896,0,1,1,2
6051,472005,0,1,0,3
6052,968211,0,1,0,4
6053,324545,0,1,0,5
6054,927795,0,1,0,6
6055,986707,0,1,1,7
6056,93352,1,1,0,8
6057,440182,0,1,0,9
6058,855865,0,1,1,10
6059,211085,1,1,0,11
6060,404391,1,1,1,12
6061,933785,1,1,0,13
6062,364442,0,1,0,14
6063,447355,0,1,1,15
6064,724175,0,1,1,0
6065,35416,0,1,1,1
6066,269413,0,1,0,2
6067,899575,0,1,1,3
6068,346687,1,1,1,4
6069,34631,1,1,0,5
6070,24174,1,1,0,6
6071,426463,0,1,1,7
6072,256130,1,1,0,8
6073,370151,1,1,0,9
6074,330024,1,1,0,10
6075,732988,0,1,1,11
6076,231307,0,1,0,12
6077,493104,1,1,0,13
6078,208856,0,1,1,14
6079,39464,0,1,0,15
6080,617468,0,1,0,0
6081,775019,0,1,1,1
6082,404878,1,1,1,2
6083,285632,0,1,0,3
6084,592494,1,1,0,4
6085,447349,0,1,1,5
6086,646404,1,1,1,6
6087,195530,0,1,0,7
6088,486962,1,1,0,8
6089,462820,0,1,1,9
6090,82920,0,1,0,10
6091,115249,0,1,1,11
6092,925612,0,1,0,12
6093,665835,1,1,1,13
6094,592900,1,1,1,14
6095,681652,0,1,1,15
6096,375489,1,1,1,0
6097,144026,1,1,0,1
6098,596965,0,1,1,2
6099,729752,1,1,1,3
6100,398624,1,1,0,4
6101,233560,1,1,0,5
6102,336694,1,1,1,6
6103,215890,1,1,1,7
6104,51953,0,1,1,8
6105,728469,0,1,1,9
6106,388982,0,1,0,10
6107,622398,1,1,1,11
6108,488586,0,1,0,12
6109,753943,0,1,1,13
6110,8344,0,1,0,14
6111,187954,1,1,1,15
6112,385884,0,1,0,0
6113,366755,0,1,1,1
6114,115472,1,1,1,2
6115,169358,0,1,1,3
6116,554714,1,1,0,4
6117,168928,0,1,1,5
6118,485148,1,1,0,6
6119,433613,1,1,1,7
6120,707182,0,1,1,8
6121,216395,0,1,1,9
6122,447288,1,1,0,10
6123,314269,1,1,1,11
6124,246175,1,1,1,12
6125,82170,0,1,1,13
6126,894777,0,1,1,14
6127,329268,1,1,1,15
6128,643912,0,1,0,0
6129,304067,1,1,0,1
6130,960669,1,1,1,2
6131,550000,0,1,1,3
6132,650920,0,1,0,4
6133,891226,0,1,1,5
6134,586774,0,1,1,6
6135,881324,0,1,0,7
6136,597602,0,1,0,8
6137,800537,1,1,0,9
6138,351692,1,1,1,10
6139,641440,1,1,0,11
6140,412585,1,1,1,12
6141,365619,0,1,1,13
6142,967420,0,1,1,14
6143,295377,0,1,0,15
6144,434056,0,1,0,0
6145,689396,0,1,1,1
6146,455737,1,1,1,2
6147,260062,0,1,1,3
6148,313039,0,1,0,4
6149,346458,1,1,1,5
6150,790332,0,1,0,6
6151,274439,0,1,0,7
6152,917147,1,1,1,8
6153,944900,1,1,1,9
6154,987859,1,1,0,10
6155,968199,1,1,0,11
6156,306352,1,1,0,12
6157,781535,1,1,0,13
6158,232162,0,1,0,14
6159,322324,0,1,0,15
6160,743479,0,1,0,0
6161,269902,1,1,0,1
6162,823725,1,1,0,2
6163,76540,1,1,1,3
6164,830166,1,1,1,4
6165,940246,0,1,1,5
6166,320186,1,1,1,6
6167,641715,1,1,1,7
6168,127206,1,1,0,8
6169,414735,1,1,1,9
6170,597044,1,1,1,10
6171,973082,1,1,0,11
6172,632796,1,1,0,12
6173,617704,0,1,1,13
6174,256470,0,1,0,14
6175,789559,0,1,1,15
6176,636969,0,1,1,0
6177,254236,1,1,1,1
6178,874286,1,1,0,2
6179,739967,1,1,1,3
6180,990643,0,1,0,4
6181,899390,0,1,0,5
6182,271035,1,1,1,6
6183,289185,0,1,1,7
6184,606412,0,1,1,8
6185,472793,1,1,1,9
6186,298938,1,1,1,10
6187,237414,1,1,1,11
6188,602848,0,1,0,12
6189,923709,1,1,1,13
6190,282738,0,1,1,14
6191,919679,0,1,1,15
6192,429831,0,1,1,0
6193,276609,1,1,1,1
6194,18011,0,1,1,2
6195,551367,0,1,1,3
6196,795944,1,1,1,4
6197,708861,0,1,0,5
6198,877419,1,1,1,6
6199,689316,1,1,0,7
6200,733593,1,1,0,8
6201,588626,0,1,0,9
6202,179661,0,1,1,10
6203,153202,1,1,0,11
6204,235436,0,1,0,12
6205,50064,0,1,0,13
6206,622143,1,1,0,14
6207,344131,1,1,1,15
6208,524817,1,1,1,0
6209,440537,1,1,1,1
6210,134537,1,1,0,2
6211,634849,0,1,0,3
6212,758069,1,1,0,4
6213,500201,1,1,0,5
6214,758694,0,1,0,6
6215,980607,0,1,0,7
6216,229142,1,1,0,8
6217,603581,0,1,0,9
6218,701506,0,1,1,10
6219,857287,1,1,1,11
6220,559079,0,1,0,12
6221,673758,0,1,1,13
6222,807967,0,1,0,14
6223,925198,0,1,0,15
6224,547761,0,1,0,0
6225,610940,1,1,0,1
6226,899819,1,1,1,2
6227,979116,1,1,1,3
6228,282706,1,1,1,4
6229,104605,0,1,0,5
6230,261282,0,1,1,6
6231,165354,1,1,1,7
6232,108645,0,1,0,8
6233,8364,0,1,1,9
6234,937654,0,1,1,10
6235,797179,1,1,1,11
6236,598745,1,1,0,12
6237,467186,0,1,0,13
6238,135360,1,1,0,14
6239,64177,1,1,0,15
6240,724852,0,1,0,0
6241,181758,0,1,1,1
6242,120737,0,1,0,2
6243,902218,1,1,0,3
6244,501993,1,1,0,4
6245,798684,1,1,1,5
6246,45458,1,1,0,6
6247,502195,1,1,0,7
6248,342700,1,1,1,8
6249,315998,1,1,0,9
6250,942920,0,1,0,10
6251,892995,1,1,1,11
6252,543763,0,1,0,12
6253,364640,1,1,1,13
6254,202078,1,1,0,14
6255,301010,1,1,0,15
6256,660915,1,1,0,0
6257,744233,1,1,1,1
6258,822471,0,1,1,2
6259,432851,1,1,0,3
6260,388544,1,1,0,4
6261,353033,0,1,0,5
6262,495576,1,1,1,6
6263,839231,0,1,0,7
6264,614052,1,1,1,8
6265,138320,0,1,0,9
6266,900878,1,1,1,10
6267,815526,1,1,0,11
6268,131766,0,1,1,12
6269,39104,0,1,0,13
6270,256308,1,1,0,14
6271,10655,0,1,1,15
6272,44996,1,1,0,0
6273,316431,0,1,0,1
6274,291649,1,1,1,2
6275,594213,1,1,1,3
6276,453863,1,1,0,4
6277,889462,0,1,0,5
6278,319173,0,1,1,6
6279,400034,0,1,1,7
6280,974023,1,1,1,8
6281,67202,1,1,0,9
6282,155590,1,1,0,10
6283,758681,0,1,1,11
6284,640616,1,1,1,12
6285,234301,0,1,1,13
6286,594096,1,1,1,14
6287,57261,0,1,0,15
6288,862937,1,1,1,0
6289,28717,0,1,0,1
6290,148306,1,1,1,2
6291,940824,1,1,1,3
6292,773112,1,1,1,4
6293,917129,0,1,0,5
6294,373054,1,1,0,6
6295,111817,1,1,1,7
6296,142985,0,1,0,8
6297,816616,0,1,0,9
6298,120376,1,1,0,10
6299,213952,0,1,1,11
6300,769486,1,1,0,12
6301,905734,0,1,1,13
6302,483888,1,1,1,14
6303,349510,0,1,0,15
6304,900173,0,1,1,0
6305,412597,0,1,1,1
6306,906305,1,1,0,2
6307,373544,0,1,1,3
6308,554451,0,1,0,4
6309,741321,0,1,1,5
6310,623804,1,1,1,6
6311,410629,1,1,1,7
6312,199560,0,1,1,8
6313,346835,1,1,1,9
6314,610639,0,1,0,10
6315,353771,1,1,0,11
6316,658511,1,1,0,12
6317,710454,0,1,0,13
6318,880367,1,1,0,14
6319,494250,0,1,1,15
6320,2430,0,1,1,0
6321,582356,1,1,0,1
6322,985579,0,1,1,2
6323,451144,1,1,0,3
6324,845325,0,1,1,4
6325,82714,0,1,1,5
6326,967519,0,1,1,6
6327,601531,0,1,0,7
6328,639091,0,1,0,8
6329,229010,1,1,0,9
6330,990257,1,1,1,10
6331,72126,0,1,1,11
6332,273775,1,1,0,12
6333,740103,1,1,1,13
6334,378008,1,1,0,14
6335,579392,0,1,1,15
6336,312838,1,1,0,0
6337,198341,1,1,1,1
6338,271975,0,1,0,2
6339,729561,0,1,1,3
6340,343153,0,1,0,4
6341,415812,1,1,1,5
6342,406729,1,1,0,6
6343,232037,0,1,0,7
6344,88754,0,1,0,8
6345,76000,0,1,1,9
6346,233647,0,1,1,10
6347,979946,0,1,1,11
6348,568370,1,1,0,12
6349,577483,1,1,0,13
6350,389008,1,1,0,14
6351,50393,0,1,1,15
6352,928009,0,1,0,0
6353,214648,0,1,0,1
6354,311033,0,1,0,2
6355,933494,1,1,1,3
6356,192485,0,1,1,4
6357,199748,0,1,0,5
6358,869075,0,1,0,6
6359,427186,0,1,0,7
6360,165226,1,1,0,8
6361,978100,0,1,1,9
6362,703331,1,1,0,10
6363,776850,1,1,0,11
6364,142326,0,1,0,12
6365,35113,0,1,0,13
6366,899653,0,1,1,14
6367,260740,0,1,0,15
6368,204371,0,1,0,0
6369,325088,1,1,0,1
6370,479744,1,1,1,2
6371,306976,1,1,1,3
6372,192007,1,1,0,4
6373,278002,1,1,0,5
6374,426328,0,1,1,6
6375,218012,1,1,1,7
6376,687891,0,1,1,8
6377,113018,0,1,0,9
6378,19626,1,1,0,10
6379,315892,0,1,1,11
6380,243260,1,1,1,12
6381,695506,0,1,0,13
6382,472659,0,1,0,14
6383,748899,1,1,1,15
6384,607593,0,1,0,0
6385,435878,0,1,0,1
6386,528939,0,1,1,2
6387,777469,0,1,1,3
6388,726817,1,1,1,4
6389,707577,0,1,1,5
6390,839906,0,1,0,6
6391,689998,1,1,0,7
6392,415494,0,1,1,8
6393,819390,0,1,0,9
6394,861463,1,1,1,10
6395,566517,0,1,0,11
6396,871572,1,1,0,12
6397,29382,0,1,0,13
6398,34257,1,1,0,14
6399,578992,1,1,0,15
6400,829917,0,1,1,0
6401,945403,1,1,1,1
6402,995666,1,1,1,2
6403,682755,1,1,1,3
6404,329036,0,1,1,4
6405,745282,1,1,1,5
6406,742231,0,1,1,6
6407,940769,1,1,0,7
6408,147712,0,1,1,8
6409,596725,1,1,0,9
6410,902149,0,1,0,10
6411,294210,0,1,0,11
6412,399958,1,1,1,12
6413,789854,1,1,0,13
6414,610866,1,1,1,14
6415,52558,1,1,0,15
6416,160423,1,1,0,0
6417,929166,1,1,0,1
6418,843808,0,1,0,2
6419,685579,1,1,1,3
6420,94027,1,1,0,4
6421,678045,1,1,1,5
6422,694854,0,1,1,6
6423,510967,0,1,0,7
6424,459438,0,1,1,8
6425,932466,0,1,0,9
6426,299942,1,1,1,10
6427,67541,1,1,0,11
6428,488444,0,1,0,12
6429,276296,0,1,1,13
6430,197472,0,1,1,14
6431,39364,1,1,1,15
6432,316773,0,1,0,0
6433,217936,1,1,0,1
6434,882348,1,1,0,2
6435,334011,0,1,0,3
6436,61285,0,1,0,4
6437,162704,1,1,1,5
6438,239475,1,1,1,6
6439,562626,1,1,1,7
6440,832506,1,1,1,8
6441,829817,0,1,1,9
6442,875263,0,1,1,10
6443,384422,1,1,0,11
6444,993263,0,1,1,12
6445,49212,0,1,1,13
6446,171306,1,1,0,14
6447,169856,1,1,0,15
6448,854660,0,1,0,0
6449,586243,0,1,1,1
6450,639110,1,1,0,2
6451,990192,0,1,0,3
6452,293949,0,1,1,4
6453,442630,1,1,0,5
6454,409830,0,1,0,6
6455,354776,1,1,1,7
6456,189975,1,1,1,8
6457,470240,0,1,1,9
6458,788117,0,1,1,10
6459,353134,1,1,0,11
6460,765286,1,1,1,12
6461,914506,0,1,1,13
6462,790513,0,1,1,14
6463,967083,1,1,0,15
6464,795635,1,1,1,0
6465,167231,0,1,1,1
6466,208636,0,1,1,2
6467,210808,0,1,1,3
6468,139961,0,1,0,4
6469,545589,0,1,0,5
6470,160766,1,1,1,6
6471,653901,0,1,0,7
6472,831739,0,1,1,8
6473,245129,1,1,0,9
6474,9772,0,1,1,10
6475,142913,0,1,0,11
6476,17031,0,1,0,12
6477,140973,1,1,1,13
6478,346229,0,1,0,14
6479,420765,1,1,0,15
6480,601481,1,1,0,0
6481,113044,1,1,1,1
6482,225996,0,1,1,2
6483,214341,0,1,0,3
6484,920456,1,1,1,4
6485,10445,1,1,0,5
6486,240881,0,1,0,6
6487,23034,1,1,0,7
6488,230121,1,1,0,8
6489,206852,0,1,0,9
6490,265960,0,1,0,10
6491,428125,1,1,1,11
6492,491202,0,1,0,12
6493,462394,0,1,0,13
6494,71011,1,1,0,14
6495,769722,1,1,1,15
6496,725886,0,1,0,0
6497,128824,1,1,1,1
6498,702890,1,1,1,2
6499,944666,0,1,1,3
6500,448556,1,1,0,4
6501,821364,0,1,0,5
6502,478460,1,1,1,6
6503,382941,0,1,0,7
6504,978128,1,1,0,8
6505,855413,1,1,0,9
6506,11227,1,1,0,10
6507,458794,1,1,0,11
6508,897480,0,1,1,12
6509,447604,1,1,0,13
6510,148892,1,1,1,14
6511,813597,1,1,1,15
6512,501627,0,1,1,0
6513,639288,0,1,0,1
6514,639591,1,1,0,2
6515,364248,1,1,1,3
6516,787380,0,1,1,4
6517,853364,1,1,1,5
6518,330500,1,1,0,6
6519,261225,0,1,1,7
6520,942298,0,1,0,8
6521,784747,1,1,1,9
6522,59419,0,1,0,10
6523,181992,1,1,1,11
6524,291498,1,1,0,12
6525,672929,1,1,1,13
6526,388178,0,1,1,14
6527,220840,1,1,1,15
6528,58773,0,1,0,0
6529,82043,1,1,0,1
6530,987300,0,1,1,2
6531,947401,0,1,0,3
6532,181448,0,1,1,4
6533,954451,0,1,1,5
6534,242044,1,1,0,6
6535,770406,0,1,1,7
6536,609979,1,1,1,8
6537,583144,0,1,1,9
6538,806966,1,1,0,10
6539,270864,0,1,0,11
6540,855706,0,1,0,12
6541,511324,1,1,1,13
6542,178916,1,1,1,14
6543,246403,1,1,0,15
6544,30455,1,1,0,0
6545,227316,0,1,0,1
6546,284011,1,1,0,2
6547,751556,1,1,1,3
6548,962488,1,1,0,4
6549,996946,0,1,0,5
6550,830896,0,1,1,6
6551,138213,0,1,1,7
6552,48934,0,1,1,8
6553,133228,0,1,0,9
6554,566424,1,1,0,10
6555,310384,1,1,1,11
6556,480723,1,1,1,12
6557,71410,0,1,0,13
6558,992528,1,1,0,14
6559,838395,1,1,1,15
6560,609776,1,1,1,0
6561,848822,1,1,1,1
6562,777414,0,1,1,2
6563,835887,0,1,0,3
6564,961829,0,1,0,4
6565,808004,1,1,1,5
6566,17182,1,1,0,6
6567,95281,0,1,1,7
6568,476284,0,1,0,8
6569,752563,0,1,0,9
6570,170965,0,1,1,10
6571,171345,1,1,1,11
6572,694071,1,1,1,12
6573,835788,1,1,0,13
6574,138835,1,1,1,14
6575,306892,1,1,1,15
6576,54651,1,1,0,0
6577,923880,1,1,0,1
6578,391434,1,1,1,2
6579,61331,0,1,0,3
6580,460689,1,1,0,4
6581,853881,0,1,0,5
6582,921357,1,1,0,6
6583,757295,1,1,1,7
6584,433678,0,1,1,8
6585,960802,1,1,1,9
6586,871708,0,1,1,10
6587,271522,0,1,0,11
6588,692641,1,1,1,12
6589,925996,0,1,1,13
6590,573010,0,1,1,14
6591,485040,0,1,0,15
6592,765091,1,1,0,0
6593,813893,0,1,1,1
6594,106526,1,1,1,2
6595,872098,0,1,1,3
6596,961906,0,1,0,4
6597,499424,1,1,1,5
6598,673389,1,1,0,6
6599,666960,1,1,0,7
6600,724550,1,1,0,8
6601,519247,1,1,1,9
6602,336714,1,1,1,10
6603,864908,0,1,0,11
6604,273102,1,1,0,12
6605,434027,0,1,1,13
6606,111014,0,1,1,14
6607,652528,1,1,0,15
6608,824873,0,1,0,0
6609,872840,0,1,1,1
6610,629901,0,1,1,2
6611,981169,0,1,1,3
6612,904151,0,1,0,4
6613,191761,1,1,0,5
6614,970625,0,1,0,6
6615,276520,1,1,0,7
6616,52478,0,1,0,8
6617,405084,1,1,1,9
6618,377237,0,1,0,10
6619,670899,0,1,0,11
6620,567934,1,1,0,12
6621,238436,0,1,0,13
6622,562900,1,1,0,14
6623,914775,0,1,1,15
6624,965213,0,1,1,0
6625,462114,0,1,0,1
6626,161572,1,1,1,2
6627,826928,0,1,0,3
6628,710556,1,1,1,4
6629,491951,0,1,0,5
6630,659473,1,1,0,6
6631,155544,0,1,1,7
6632,355969,1,1,0,8
6633,530359,0,1,0,9
6634,914579,1,1,1,10
6635,976365,1,1,1,11
6636,67203,1,1,1,12
6637,188617,0,1,0,13
6638,163108,0,1,1,14
6639,332040,1,1,0,15
6640,627885,1,1,1,0
6641,42052,0,1,1,1
6642,841655,1,1,1,2
6643,613347,1,1,0,3
6644,819925,0,1,1,4
6645,721518,0,1,0,5
6646,359916,1,1,0,6
6647,403993,0,1,1,7
6648,413352,1,1,1,8
6649,795083,1,1,1,9
6650,559706,1,1,1,10
6651,295434,0,1,1,11
6652,747228,1,1,1,12
6653,267096,0,1,0,13
6654,959299,1,1,1,14
6655,531768,0,1,0,15
6656,759911,1,1,1,0
6657,775420,0,1,1,1
6658,154595,0,1,0,2
6659,993164,1,1,1,3
6660,259424,0,1,0,4
6661,509050,0,1,0,5
6662,261205,0,1,1,6
6663,657668,1,1,0,7
6664,196741,1,1,1,8
6665,473296,0,1,0,9
6666,601258,1,1,1,10
6667,806797,0,1,0,11
6668,986174,1,1,1,12
6669,80016,0,1,1,13
6670,833020,1,1,0,14
6671,195357,0,1,0,15
6672,104575,0,1,1,0
6673,136306,1,1,0,1
6674,88643,1,1,1,2
6675,90128,0,1,0,3
6676,49437,0,1,1,4
6677,125018,0,1,0,5
6678,556706,1,1,0,6
6679,480133,1,1,1,7
6680,538458,1,1,0,8
6681,44003,1,1,1,9
6682,247156,0,1,0,10
6683,730742,1,1,0,11
6684,363495,0,1,1,12
6685,721798,0,1,0,13
6686,579652,0,1,1,14
6687,436133,0,1,0,15
6688,846560,0,1,0,0
6689,962817,1,1,1,1
6690,778827,1,1,0,2
6691,644026,0,1,0,3
6692,52426,0,1,1,4
6693,702137,1,1,1,5
6694,960843,0,1,1,6
6695,934130,0,1,0,7
6696,942469,1,1,1,8
6697,77526,0,1,1,9
6698,476489,1,1,1,10
6699,896594,1,1,0,11
6700,51888,0,1,1,12
6701,904873,0,1,1,13
6702,864425,1,1,0,14
6703,508278,0,1,1,15
6704,305501,0,1,0,0
6705,727278,1,1,0,1
6706,37806,0,1,0,2
6707,836699,1,1,0,3
6708,659848,1,1,0,4
6709,977832,0,1,1,5
6710,236491,0,1,0,6
6711,627326,0,1,1,7
6712,158389,1,1,1,8
6713,369646,1,1,1,9
6714,108600,0,1,0,10
6715,616308,1,1,1,11
6716,649516,0,1,1,12
6717,647235,1,1,1,13
6718,264052,1,1,1,14
6719,728179,1,1,0,15
6720,372203,1,1,1,0
6721,186860,0,1,0,1
6722,627235,1,1,1,2
6723,333804,0,1,1,3
6724,770933,0,1,1,4
6725,928776,1,1,0,5
6726,940992,1,1,1,6
6727,801446,0,1,0,7
6728,114706,1,1,1,8
6729,517988,1,1,0,9
6730,106980,1,1,1,10
6731,181051,0,1,1,11
6732,184029,0,1,0,12
6733,149008,1,1,0,13
6734,949293,0,1,0,14
6735,516141,0,1,1,15
6736,991268,0,1,1,0
6737,406649,0,1,1,1
6738,784795,0,1,0,2
6739,266892,1,1,1,3
6740,261907,0,1,1,4
6741,231014,0,1,1,5
6742,584641,1,1,1,6
6743,476477,0,1,1,7
6744,190619,1,1,0,8
6745,171495,1,1,0,9
6746,22507,1,1,0,10
6747,378239,0,1,1,11
6748,898793,0,1,0,12
6749,303313,0,1,1,13
6750,156924,1,1,1,14
6751,151354,1,1,0,15
6752,118476,1,1,1,0
6753,393930,1,1,1,1
6754,184705,0,1,0,2
6755,395192,1,1,0,3
6756,712117,1,1,1,4
6757,336072,0,1,1,5
6758,718379,0,1,1,6
6759,850300,0,1,0,7
6760,273336,1,1,0,8
6761,619817,0,1,0,9
6762,921772,0,1,1,10
6763,677432,0,1,0,11
6764,401081,1,1,0,12
6765,891287,0,1,0,13
6766,201702,0,1,1,14
6767,952917,0,1,1,15
6768,204786,1,1,1,0
6769,775986,0,1,0,1
6770,771690,1,1,0,2
6771,1581,1,1,0,3
6772,725988,1,1,0,4
6773,565790,0,1,1,5
6774,856115,1,1,1,6
6775,204999,1,1,0,7
6776,212187,0,1,0,8
6777,303979,1,1,0,9
6778,308730,1,1,0,10
6779,316714,1,1,1,11
6780,464329,1,1,1,12
6781,919821,0,1,1,13
6782,948798,0,1,1,14
6783,874003,1,1,1,15
6784,19422,1,1,1,0
6785,319536,0,1,1,1
6786,526599,1,1,1,2
6787,881452,0,1,0,3
6788,543755,0,1,1,4
6789,523340,0,1,0,5
6790,533280,0,1,0,6
6791,628329,1,1,0,7
6792,608291,0,1,1,8
6793,967258,0,1,0,9
6794,346653,1,1,0,10
6795,12315,1,1,1,11
6796,284125,1,1,0,12
6797,487195,0,1,0,13
6798,21821,1,1,1,14
6799,843516,0,1,1,15
6800,174284,1,1,0,0
6801,10826,0,1,1,1
6802,901966,1,1,0,2
6803,392368,0,1,0,3
6804,643669,1,1,1,4
6805,716300,1,1,0,5
6806,395862,0,1,1,6
6807,803163,1,1,0,7
6808,532139,1,1,0,8
6809,717598,1,1,0,9
6810,366332,1,1,0,10
6811,74839,1,1,1,11
6812,641810,0,1,0,12
6813,803303,0,1,0,13
6814,917458,0,1,1,14
6815,328437,0,1,0,15
6816,198671,1,1,1,0
6817,826302,1,1,0,1
6818,714994,1,1,1,2
6819,469967,0,1,0,3
6820,520970,0,1,0,4
6821,269882,0,1,1,5
6822,654222,0,1,0,6
6823,736091,1,1,1,7
6824,947676,1,1,0,8
6825,190484,1,1,0,9
6826,416559,0,1,1,10
6827,447888,1,1,1,11
6828,665491,0,1,0,12
6829,689893,1,1,0,13
6830,219366,0,1,0,14
6831,167729,1,1,1,15
6832,993661,1,1,1,0
6833,920281,0,1,0,1
6834,626769,0,1,0,2
6835,777080,1,1,0,3
6836,331909,1,1,1,4
6837,434231,1,1,0,5
6838,244498,0,1,1,6
6839,281027,0,1,1,7
6840,193973,0,1,0,8
6841,474324,1,1,0,9
6842,966035,0,1,1,10
6843,522200,1,1,0,11
6844,497199,0,1,1,12
6845,334398,0,1,0,13
6846,833399,1,1,0,14
6847,178779,0,1,0,15
6848,167792,1,1,1,0
6849,956353,1,1,1,1
6850,376117,0,1,0,2
6851,594793,1,1,0,3
6852,161073,1,1,0,4
6853,18389,1,1,0,5
6854,438684,1,1,1,6
6855,84467,0,1,1,7
6856,928852,1,1,0,8
6857,418768,0,1,0,9
6858,366257,0,1,1,10
6859,569101,0,1,1,11
6860,87782,0,1,0,12
6861,148647,0,1,0,13
6862,848845,1,1,1,14
6863,633955,1,1,0,15
6864,140322,0,1,0,0
6865,29127,0,1,1,1
6866,685895,1,1,0,2
6867,386805,1,1,1,3
6868,600525,1,1,1,4
6869,760352,0,1,1,5
6870,972499,1,1,1,6
6871,165327,0,1,1,7
6872,158240,0,1,1,8
6873,621312,1,1,1,9
6874,299723,1,1,1,10
6875,122711,1,1,1,11
6876,74802,0,1,1,12
6877,338250,1,1,1,13
6878,968948,0,1,0,14
6879,906689,1,1,1,15
6880,974062,0,1,1,0
6881,805941,1,1,1,1
6882,430454,1,1,0,2
6883,228974,1,1,1,3
6884,44084,1,1,0,4
6885,159001,0,1,0,5
6886,620141,0,1,0,6
6887,333181,0,1,1,7
6888,331146,1,1,0,8
6889,794245,1,1,0,9
6890,697136,1,1,0,10
6891,735190,1,1,0,11
6892,609816,1,1,0,12
6893,421762,0,1,1,13
6894,243890,1,1,1,14
6895,457066,1,1,1,15
6896,256234,0,1,0,0
6897,485777,1,1,0,1
6898,700843,0,1,1,2
6899,755187,1,1,1,3
6900,851826,0,1,1,4
6901,161659,0,1,1,5
6902,677121,0,1,1,6
6903,428454,1,1,1,7
6904,180734,1,1,0,8
6905,866825,1,1,0,9
6906,652658,0,1,0,10
6907,757827,0,1,1,11
6908,311070,0,1,1,12
6909,696339,1,1,0,13
6910,801055,0,1,0,14
6911,188624,0,1,1,15
6912,44822,0,1,0,0
6913,452424,0,1,0,1
6914,395296,1,1,1,2
6915,79690,1,1,1,3
6916,351509,0,1,1,4
6917,695464,0,1,0,5
6918,271801,1,1,0,6
6919,653790,1,1,0,7
6920,539359,0,1,1,8
6921,28383,1,1,0,9
6922,677703,0,1,0,10
6923,701312,1,1,1,11
6924,578002,0,1,1,12
6925,356141,0,1,0,13
6926,101813,0,1,1,14
6927,203982,1,1,0,15
6928,214710,0,1,0,0
6929,759014,0,1,1,1
6930,112166,0,1,0,2
6931,233870,1,1,0,3
6932,686505,1,1,1,4
6933,564459,0,1,1,5
6934,797215,0,1,1,6
6935,892688,0,1,0,7
6936,42413,0,1,1,8
6937,45728,1,1,1,9
6938,285854,1,1,1,10
6939,601775,0,1,0,11
6940,560394,0,1,0,12
6941,893039,1,1,1,13
6942,892330,0,1,1,14
6943,235353,0,1,1,15
6944,738589,0,1,0,0
6945,897098,0,1,1,1
6946,164663,1,1,0,2
6947,67353,1,1,0,3
6948,858703,1,1,1,4
6949,673570,0,1,1,5
6950,87775,0,1,1,6
6951,185368,0,1,0,7
6952,891818,0,1,0,8
6953,159216,1,1,0,9
6954,98945,1,1,0,10
6955,995893,0,1,1,11
6956,869098,0,1,0,12
6957,181295,0,1,1,13
6958,820103,1,1,1,14
6959,79975,0,1,0,15
6960,390189,1,1,1,0
6961,785576,0,1,1,1
6962,310455,1,1,0,2
6963,536202,0,1,1,3
6964,694940,1,1,1,4
6965,955984,0,1,0,5
6966,926350,1,1,0,6
6967,118125,0,1,1,7
6968,745778,0,1,0,8
6969,390584,0,1,0,9
6970,564477,0,1,1,10
6971,161118,1,1,1,11
6972,911979,0,1,0,12
6973,456593,0,1,1,13
6974,569839,0,1,0,14
6975,437421,0,1,0,15
6976,561812,1,1,1,0
6977,523768,0,1,1,1
6978,420965,0,1,0,2
6979,312428,1,1,1,3
6980,937039,0,1,0,4
6981,8846,1,1,1,5
6982,109033,1,1,0,6
6983,800668,0,1,0,7
6984,611162,1,1,1,8
6985,115066,0,1,0,9
6986,556625,1,1,0,10
6987,342588,0,1,1,11
6988,274878,0,1,0,12
6989,583294,0,1,1,13
6990,563331,1,1,0,14
6991,61329,0,1,0,15
6992,408382,1,1,0,0
6993,324329,1,1,0,1
6994,320440,0,1,1,2
6995,786513,0,1,0,3
6996,140054,1,1,0,4
6997,877839,1,1,1,5
6998,877470,0,1,1,6
6999,706446,0,1,1,7
7000,1007,0,1,0,8
7001,44649,1,1,0,9
7002,833212,1,1,0,10
7003,407128,1,1,1,11
7004,186292,0,1,0,12
7005,597707,1,1,1,13
7006,973151,0,1,0,14
7007,526885,0,1,1,15
7008,960041,0,1,1,0
7009,977733,0,1,0,1
7010,522011,1,1,0,2
7011,463727,0,1,1,3
7012,669287,0,1,1,4
7013,549892,1,1,1,5
7014,503780,0,1,0,6
7015,256432,0,1,0,7
7016,872320,1,1,0,8
7017,328916,0,1,1,9
7018,546079,0,1,1,10
7019,343191,0,1,0,11
7020,813631,0,1,1,12
7021,772538,1,1,0,13
7022,406551,1,1,0,14
7023,668788,0,1,0,15
7024,421241,0,1,0,0
7025,295457,0,1,0,1
7026,991672,0,1,1,2
7027,912488,1,1,0,3
7028,418692,1,1,0,4
7029,785315,1,1,1,5
7030,325890,0,1,1,6
7031,812721,0,1,1,7
7032,781563,0,1,1,8
7033,124521,0,1,1,9
7034,624735,1,1,0,10
7035,456492,0,1,1,11
7036,759401,0,1,1,12
7037,135583,1,1,1,13
7038,228288,0,1,0,14
7039,310583,0,1,0,15
7040,690492,0,1,1,0
7041,189051,1,1,0,1
7042,117224,0,1,0,2
7043,640172,1,1,1,3
7044,147755,0,1,1,4
7045,749585,0,1,0,5
7046,975346,0,1,1,6
7047,457304,1,1,1,7
7048,847945,1,1,1,8
7049,151866,1,1,1,9
7050,187744,0,1,1,10
7051,78752,0,1,1,11
7052,202699,0,1,1,12
7053,191913,0,1,1,13
7054,17939,1,1,1,14
7055,320485,1,1,1,15
7056,723704,1,1,0,0
7057,67071,1,1,1,1
7058,47681,1,1,0,2
7059,298134,0,1,1,3
7060,171018,1,1,1,4
7061,641450,1,1,0,5
7062,265223,1,1,1,6
7063,557735,1,1,1,7
7064,227498,0,1,1,8
7065,834497,0,1,1,9
7066,118246,0,1,1,10
7067,295075,0,1,0,11
7068,768333,0,1,0,12
7069,509186,1,1,0,13
7070,983209,1,1,1,14
7071,535907,0,1,1,15
7072,961583,0,1,0,0
7073,922721,0,1,0,1
7074,595961,0,1,1,2
7075,810010,0,1,1,3
7076,903739,0,1,0,4
7077,734022,1,1,1,5
7078,907901,1,1,1,6
7079,117354,1,1,1,7
7080,94422,0,1,1,8
7081,493942,0,1,0,9
7082,904608,1,1,0,10
7083,644872,0,1,1,11
7084,468204,1,1,1,12
7085,160877,1,1,1,13
7086,865477,1,1,1,14
7087,797287,1,1,1,15
7088,425986,1,1,0,0
7089,616697,1,1,1,1
7090,639014,1,1,0,2
7091,622919,1,1,0,3
7092,642742,0,1,1,4
7093,291174,1,1,1,5
7094,603317,1,1,1,6
7095,724204,0,1,0,7
7096,552439,1,1,1,8
7097,101225,0,1,1,9
7098,683345,0,1,0,10
7099,168699,0,1,1,11
7100,538641,1,1,1,12
7101,732231,1,1,0,13
7102,208838,0,1,0,14
7103,116281,0,1,0,15
7104,771077,1,1,1,0
7105,576248,1,1,0,1
7106,20870,1,1,1,2
7107,59783,0,1,0,3
7108,229995,1,1,0,4
7109,917697,0,1,0,5
7110,452976,1,1,1,6
7111,442760,0,1,0,7
7112,429729,1,1,1,8
7113,21954,0,1,1,9
7114,773326,0,1,0,10
7115,721619,0,1,1,11
7116,781322,0,1,1,12
7117,176257,0,1,0,13
7118,740537,1,1,1,14
7119,2235,1,1,0,15
7120,65419,1,1,1,0
7121,5645,0,1,0,1
7122,364732,0,1,0,2
7123,981726,0,1,0,3
7124,206264,1,1,1,4
7125,784331,0,1,0,5
7126,169129,0,1,1,6
7127,565436,0,1,0,7
7128,353015,0,1,0,8
7129,202786,1,1,1,9
7130,570396,1,1,0,10
7131,415268,0,1,0,11
7132,197712,1,1,1,12
7133,915374,0,1,1,13
7134,101043,1,1,0,14
7135,4036,1,1,1,15
7136,337396,1,1,1,0
7137,662500,0,1,0,1
7138,48668,1,1,1,2
7139,342505,0,1,0,3
7140,848941,1,1,0,4
7141,188178,1,1,1,5
7142,283276,0,1,1,6
7143,256138,1,1,0,7
7144,929349,0,1,1,8
7145,555180,1,1,1,9
7146,942822,1,1,1,10
7147,246356,0,1,0,11
7148,576543,0,1,0,12
7149,744263,1,1,0,13
7150,2004,0,1,0,14
7151,980752,0,1,0,15
7152,372537,1,1,0,0
7153,580021,1,1,1,1
7154,722587,1,1,0,2
7155,169701,0,1,0,3
7156,969834,1,1,1,4
7157,438232,1,1,0,5
7158,883375,1,1,1,6
7159,849679,1,1,0,7
7160,645865,1,1,1,8
7161,179219,0,1,0,9
7162,692045,0,1,1,10
7163,816163,1,1,1,11
7164,591980,0,1,1,12
7165,804580,0,1,1,13
7166,641168,0,1,0,14
7167,65482,0,1,0,15
7168,62539,0,1,1,0
7169,473015,0,1,1,1
7170,417447,1,1,0,2
7171,559921,1,1,0,3
7172,731389,1,1,1,4
7173,453190,0,1,1,5
7174,171982,1,1,1,6
7175,862596,0,1,1,7
7176,479607,0,1,0,8
7177,793024,1,1,1,9
7178,457335,1,1,0,10
7179,978912,0,1,1,11
7180,255922,0,1,0,12
7181,899463,0,1,1,13
7182,238172,1,1,0,14
7183,185924,0,1,1,15
7184,884827,0,1,0,0
7185,582810,0,1,1,1
7186,932746,0,1,0,2
7187,216856,0,1,1,3
7188,924859,0,1,0,4
7189,914443,0,1,1,5
7190,525968,0,1,0,6
7191,639017,0,1,1,7
7192,936334,1,1,1,8
7193,404084,0,1,1,9
7194,705876,1,1,0,10
7195,827960,0,1,1,11
7196,925646,0,1,1,12
7197,213749,0,1,0,13
7198,224910,1,1,0,14
7199,854126,0,1,0,15
7200,507147,0,1,0,0
7201,427305,0,1,1,1
7202,943853,1,1,1,2
7203,783270,1,1,0,3
7204,87349,1,1,1,4
7205,530222,1,1,0,5
7206,352555,0,1,1,6
7207,665846,0,1,0,7
7208,119585,1,1,0,8
7209,926179,0,1,1,9
7210,661763,1,1,1,10
7211,568676,0,1,0,11
7212,957404,0,1,0,12
7213,850737,0,1,1,13
7214,786477,1,1,0,14
7215,867332,0,1,0,15
7216,805269,0,1,1,0
7217,422042,0,1,0,1
7218,185633,1,1,0,2
7219,416966,0,1,0,3
7220,476972,1,1,0,4
7221,109844,1,1,1,5
7222,259871,0,1,0,6
7223,455139,0,1,1,7
7224,578972,1,1,0,8
7225,319505,0,1,0,9
7226,814714,1,1,0,10
7227,113939,0,1,0,11
7228,861,1,1,0,12
7229,77999,0,1,1,13
7230,199096,1,1,1,14
7231,162585,1,1,0,15
7232,696070,1,1,1,0
7233,530414,0,1,1,1
7234,829531,0,1,1,2
7235,164471,0,1,1,3
7236,210895,0,1,0,4
7237,943791,0,1,0,5
7238,236569,1,1,0,6
7239,751721,0,1,0,7
7240,638346,0,1,0,8
7241,159756,0,1,0,9
7242,103966,1,1,1,10
7243,705720,1,1,0,11
7244,566823,0,1,0,12
7245,890397,1,1,1,13
7246,532784,1,1,0,14
7247,766604,1,1,1,15
7248,234678,1,1,0,0
7249,366297,1,1,1,1
7250,941319,0,1,1,2
7251,195911,1,1,0,3
7252,483485,0,1,1,4
7253,772983,1,1,1,5
7254,629237,1,1,1,6
7255,763702,0,1,1,7
7256,897727,0,1,0,8
7257,66376,1,1,1,9
7258,554021,0,1,1,10
7259,500036,1,1,1,11
7260,341172,0,1,0,12
7261,742651,1,1,1,13
7262,983455,0,1,0,14
7263,801379,1,1,0,15
7264,772049,1,1,0,0
7265,986684,1,1,0,1
7266,734336,0,1,1,2
7267,20746,0,1,1,3
7268,425786,0,1,0,4
7269,998945,0,1,1,5
7270,939161,0,1,1,6
7271,505706,0,1,1,7
7272,516957,1,1,1,8
7273,404376,1,1,1,9
7274,99586,1,1,0,10
7275,682249,1,1,0,11
7276,45560,0,1,1,12
7277,443015,0,1,1,13
7278,792218,1,1,1,14
7279,659712,1,1,1,15
7280,758490,1,1,1,0
7281,388219,1,1,0,1
7282,865623,1,1,0,2
7283,610273,1,1,0,3
7284,175163,0,1,1,4
7285,6579,1,1,1,5
7286,665641,0,1,1,6
7287,942517,1,1,1,7
7288,979719,0,1,1,8
7289,564372,0,1,1,9
7290,548035,0,1,1,10
7291,105331,0,1,1,11
7292,897897,1,1,1,12
7293,685968,0,1,0,13
7294,852722,1,1,1,14
7295,279342,1,1,1,15
7296,259379,1,1,0,0
7297,807744,1,1,0,1
7298,78707,1,1,0,2
7299,651344,0,1,1,3
7300,133626,1,1,1,4
7301,489779,1,1,0,5
7302,636170,0,1,0,6
7303,466192,0,1,1,7
7304,429656,0,1,1,8
7305,122452,1,1,0,9
7306,483021,1,1,0,10
7307,962825,0,1,0,11
7308,527610,1,1,1,12
7309,728544,0,1,1,13
7310,116045,0,1,0,14
7311,369459,1,1,0,15
7312,622247,0,1,1,0
7313,439353,0,1,0,1
7314,607708,1,1,0,2
7315,894676,1,1,1,3
7316,559144,1,1,1,4
7317,674499,0,1,0,5
7318,258946,1,1,0,6
7319,567299,0,1,0,7
7320,726432,1,1,0,8
7321,313429,0,1,1,9
7322,366943,0,1,0,10
7323,692838,0,1,1,11
7324,521645,0,1,1,12
7325,186852,1,1,1,13
7326,770100,0,1,1,14
7327,708373,0,1,1,15
7328,17445,0,1,1,0
7329,750981,1,1,1,1
7330,861834,1,1,0,2
7331,767437,1,1,1,3
7332,157995,0,1,1,4
7333,735572,0,1,1,5
7334,409773,0,1,1,6
7335,395178,0,1,1,7
7336,386547,0,1,0,8
7337,729737,0,1,1,9
7338,999651,1,1,1,10
7339,861904,1,1,1,11
7340,418648,0,1,1,12
7341,559800,0,1,0,13
7342,403149,1,1,0,14
7343,800818,1,1,0,15
7344,179113,1,1,1,0
7345,641347,0,1,1,1
7346,912133,1,1,1,2
7347,371094,0,1,0,3
7348,602666,1,1,0,4
7349,869724,1,1,1,5
7350,98777,1,1,1,6
7351,145088,1,1,1,7
7352,339396,1,1,0,8
7353,469990,1,1,1,9
7354,214057,0,1,1,10
7355,323012,1,1,0,11
7356,646702,1,1,1,12
7357,531869,0,1,1,13
7358,621991,0,1,0,14
7359,592975,0,1,1,15
7360,934396,0,1,0,0
7361,998690,0,1,0,1
7362,170402,1,1,1,2
7363,360111,0,1,0,3
7364,341994,1,1,0,4
7365,234374,1,1,0,5
7366,631604,1,1,0,6
7367,286082,1,1,1,7
7368,703765,1,1,0,8
7369,456294,1,1,0,9
7370,658794,1,1,0,10
7371,667379,0,1,1,11
7372,9472,0,1,1,12
7373,801109,0,1,1,13
7374,465922,0,1,0,14
7375,774032,0,1,1,15
7376,312331,1,1,1,0
7377,929662,0,1,1,1
7378,143135,0,1,0,2
7379,607474,0,1,1,3
7380,903509,1,1,1,4
7381,637356,1,1,0,5
7382,23567,0,1,0,6
7383,466671,0,1,0,7
7384,281142,1,1,0,8
7385,657879,0,1,1,9
7386,498262,0,1,1,10
7387,149653,1,1,1,11
7388,801985,1,1,1,12
7389,647331,1,1,1,13
7390,432020,0,1,1,14
7391,443602,0,1,1,15
7392,618939,1,1,1,0
7393,319305,0,1,0,1
7394,65986,0,1,1,2
7395,801605,1,1,0,3
7396,459143,0,1,1,4
7397,601982,0,1,0,5
7398,648792,0,1,1,6
7399,415611,1,1,0,7
7400,507963,0,1,0,8
7401,22643,0,1,0,9
7402,589757,0,1,1,10
7403,4035,0,1,1,11
7404,580121,0,1,0,12
7405,819826,1,1,1,13
7406,624206,1,1,0,14
7407,479498,0,1,1,15
7408,321907,1,1,1,0
7409,719325,1,1,1,1
7410,712734,0,1,0,2
7411,522223,1,1,0,3
7412,267293,1,1,0,4
7413,586312,1,1,1,5
7414,369040,1,1,1,6
7415,718887,0,1,1,7
7416,647818,0,1,0,8
7417,891928,0,1,0,9
7418,598715,0,1,0,10
7419,298034,0,1,0,11
7420,425332,1,1,1,12
7421,289197,1,1,1,13
7422,78925,0,1,1,14
7423,999931,1,1,1,15
7424,533787,1,1,0,0
7425,202943,1,1,1,1
7426,841722,0,1,1,2
7427,637810,1,1,1,3
7428,840940,1,1,0,4
7429,528554,0,1,0,5
7430,888123,1,1,0,6
7431,316952,0,1,1,7
7432,118012,0,1,0,8
7433,430916,1,1,1,9
7434,484488,0,1,0,10
7435,254314,1,1,0,11
7436,303013,0,1,1,12
7437,879646,1,1,1,13
7438,480600,0,1,0,14
7439,544198,0,1,1,15
7440,989567,0,1,0,0
7441,660513,1,1,1,1
7442,360042,0,1,0,2
7443,216278,0,1,0,3
7444,418034,1,1,0,4
7445,768687,1,1,1,5
7446,609774,1,1,1,6
7447,562493,1,1,1,7
7448,847698,0,1,1,8
7449,559120,1,1,1,9
7450,112007,1,1,0,10
7451,399320,0,1,0,11
7452,307199,1,1,1,12
7453,814121,0,1,0,13
7454,612662,1,1,1,14
7455,559630,0,1,0,15
7456,29313,0,1,0,0
7457,278105,0,1,1,1
7458,304104,1,1,1,2
7459,331389,0,1,1,3
7460,10357,1,1,1,4
7461,830824,1,1,1,5
7462,634313,1,1,1,6
7463,174762,0,1,1,7
7464,695082,1,1,0,8
7465,671099,1,1,1,9
7466,539776,1,1,0,10
7467,845366,1,1,1,11
7468,413662,1,1,0,12
7469,918384,1,1,1,13
7470,10395,0,1,0,14
7471,342536,1,1,1,15
7472,179204,1,1,0,0
7473,124013,0,1,1,1
7474,876289,0,1,1,2
7475,930748,0,1,0,3
7476,32925,0,1,1,4
7477,171995,1,1,1,5
7478,417828,1,1,0,6
7479,146320,1,1,1,7
7480,480962,1,1,0,8
7481,40984,1,1,1,9
7482,415979,0,1,0,10
7483,419656,0,1,1,11
7484,303960,0,1,0,12
7485,579734,0,1,1,13
7486,631064,0,1,1,14
7487,945535,0,1,1,15
7488,64180,0,1,0,0
7489,18957,1,1,0,1
7490,880665,1,1,1,2
7491,570808,0,1,0,3
7492,187844,1,1,0,4
7493,283703,1,1,1,5
7494,560613,1,1,0,6
7495,874056,1,1,1,7
7496,264937,0,1,1,8
7497,375988,1,1,0,9
7498,545348,0,1,1,10
7499,109445,1,1,1,11
7500,807585,0,1,0,12
7501,232197,0,1,1,13
7502,572,0,1,1,14
7503,583304,0,1,1,15
7504,919874,0,1,1,0
7505,565837,1,1,0,1
7506,600975,1,1,1,2
7507,582531,1,1,1,3
7508,199182,0,1,0,4
7509,917435,0,1,1,5
7510,698064,0,1,0,6
7511,843578,0,1,0,7
7512,43148,1,1,0,8
7513,345905,0,1,0,9
7514,505904,1,1,1,10
7515,319943,1,1,1,11
7516,699146,1,1,1,12
7517,854384,0,1,1,13
7518,567130,0,1,0,14
7519,577834,0,1,1,15
7520,248472,1,1,0,0
7521,648916,1,1,0,1
7522,623908,1,1,1,2
7523,772689,0,1,0,3
7524,496739,0,1,1,4
7525,274635,1,1,1,5
7526,873892,0,1,1,6
7527,896124,1,1,1,7
7528,779630,0,1,0,8
7529,111135,0,1,1,9
7530,580211,0,1,0,10
7531,364520,0,1,1,11
7532,436202,1,1,0,12
7533,907536,0,1,1,13
7534,248054,1,1,1,14
7535,15277,1,1,1,15
7536,156634,1,1,1,0
7537,970410,1,1,0,1
7538,468796,1,1,1,2
7539,826596,1,1,0,3
7540,388559,0,1,1,4
7541,959656,0,1,0,5
7542,13344,0,1,0,6
7543,49539,0,1,0,7
7544,663,0,1,0,8
7545,223194,1,1,1,9
7546,48156,0,1,0,10
7547,712673,0,1,0,11
7548,361668,1,1,0,12
7549,755189,1,1,0,13
7550,409341,0,1,1,14
7551,796679,0,1,0,15
7552,711800,0,1,0,0
7553,422888,1,1,1,1
7554,106769,1,1,1,2
7555,620940,1,1,0,3
7556,931770,1,1,0,4
7557,911673,1,1,0,5
7558,816374,0,1,0,6
7559,625413,1,1,1,7
7560,373179,0,1,1,8
7561,676384,1,1,0,9
7562,213182,1,1,0,10
7563,18128,1,1,1,11
7564,955421,0,1,1,12
7565,996479,0,1,1,13
7566,374800,0,1,0,14
7567,406222,0,1,0,15
7568,307007,0,1,0,0
7569,101808,1,1,0,1
7570,585062,0,1,0,2
7571,273741,1,1,0,3
7572,804525,0,1,0,4
7573,592795,0,1,1,5
7574,200889,0,1,0,6
7575,865566,1,1,0,7
7576,459565,0,1,1,8
7577,567660,0,1,0,9
7578,697268,1,1,0,10
7579,885702,1,1,0,11
7580,940786,1,1,0,12
7581,308481,1,1,1,13
7582,452978,0,1,0,14
7583,470628,0,1,0,15
7584,597146,1,1,1,0
7585,54302,1,1,0,1
7586,527071,0,1,1,2
7587,798145,0,1,0,3
7588,503162,0,1,0,4
7589,958379,1,1,0,5
7590,756038,1,1,0,6
7591,956581,1,1,0,7
7592,20454,0,1,0,8
7593,685379,0,1,0,9
7594,124063,0,1,0,10
7595,556605,0,1,1,11
7596,495038,1,1,1,12
7597,169865,0,1,1,13
7598,434578,1,1,0,14
7599,920846,0,1,0,15
7600,673961,0,1,1,0
7601,842684,0,1,1,1
7602,36616,0,1,0,2
7603,32748,0,1,1,3
7604,118488,1,1,1,4
7605,661676,0,1,1,5
7606,786559,1,1,0,6
7607,213957,0,1,1,7
7608,448505,1,1,1,8
7609,390450,1,1,0,9
7610,931719,1,1,1,10
7611,721350,1,1,0,11
7612,128845,0,1,1,12
7613,49918,1,1,1,13
7614,242144,1,1,1,14
7615,284567,1,1,0,15
7616,963573,0,1,1,0
7617,309987,1,1,0,1
7618,317736,0,1,1,2
7619,995827,0,1,0,3
7620,264310,1,1,0,4
7621,137916,1,1,1,5
7622,630670,1,1,0,6
7623,624224,0,1,1,7
7624,983714,1,1,1,8
7625,45368,0,1,1,9
7626,412505,1,1,1,10
7627,507457,1,1,1,11
7628,287582,1,1,1,12
7629,697582,0,1,1,13
7630,359603,1,1,1,14
7631,442436,0,1,0,15
7632,585762,0,1,0,0
7633,946222,1,1,1,1
7634,974259,1,1,0,2
7635,420342,0,1,0,3
7636,858260,1,1,1,4
7637,961069,1,1,0,5
7638,392404,1,1,0,6
7639,172842,1,1,1,7
7640,315500,1,1,1,8
7641,985660,1,1,0,9
7642,40496,1,1,1,10
7643,396184,0,1,0,11
7644,148650,1,1,0,12
7645,825647,1,1,1,13
7646,815917,0,1,1,14
7647,132169,0,1,0,15
7648,122505,1,1,0,0
7649,339327,1,1,0,1
7650,954374,0,1,0,2
7651,360913,1,1,0,3
7652,640976,0,1,0,4
7653,626374,1,1,0,5
7654,457377,1,1,1,6
7655,914613,0,1,0,7
7656,500891,0,1,0,8
7657,143579,1,1,1,9
7658,330749,1,1,0,10
7659,977734,1,1,1,11
7660,446138,0,1,1,12
7661,805431,1,1,0,13
7662,186920,1,1,1,14
7663,193187,0,1,1,15
7664,984551,0,1,1,0
7665,896647,1,1,0,1
7666,189583,0,1,0,2
7667,130951,1,1,0,3
7668,638571,0,1,0,4
7669,8299,1,1,0,5
7670,347903,0,1,0,6
7671,247372,1,1,0,7
7672,225921,1,1,1,8
7673,977137,0,1,0,9
7674,666058,1,1,0,10
7675,678971,0,1,0,11
7676,691963,0,1,1,12
7677,309221,1,1,0,13
7678,460930,0,1,0,14
7679,831656,0,1,1,15
7680,30828,1,1,0,0
7681,271183,0,1,1,1
7682,523139,0,1,1,2
7683,322231,1,1,0,3
7684,503737,0,1,0,4
7685,944523,1,1,1,5
7686,407684,0,1,0,6
7687,318321,0,1,1,7
7688,567473,0,1,0,8
7689,302592,1,1,1,9
7690,717996,0,1,0,10
7691,823623,1,1,1,11
7692,341501,0,1,0,12
7693,390454,0,1,1,13
7694,626302,0,1,1,14
7695,233662,1,1,1,15
7696,629966,0,1,0,0
7697,458305,1,1,1,1
7698,342106,0,1,1,2
7699,179016,0,1,0,3
7700,101072,1,1,0,4
7701,889301,1,1,0,5
7702,864121,1,1,0,6
7703,857506,1,1,1,7
7704,243019,1,1,1,8
7705,560336,0,1,0,9
7706,236165,1,1,0,10
7707,327722,0,1,0,11
7708,6404,0,1,1,12
7709,512858,0,1,0,13
7710,870776,0,1,1,14
7711,85811,1,1,1,15
7712,143844,0,1,0,0
7713,301434,0,1,0,1
7714,349194,0,1,0,2
7715,764050,0,1,1,3
7716,364588,0,1,0,4
7717,228759,0,1,0,5
7718,106565,0,1,0,6
7719,174299,1,1,0,7
7720,735594,0,1,0,8
7721,869165,0,1,0,9
7722,903719,0,1,1,10
7723,943164,0,1,0,11
7724,624881,1,1,1,12
7725,59095,1,1,0,13
7726,3486,0,1,0,14
7727,777019,0,1,0,15
7728,261239,1,1,0,0
7729,413545,0,1,1,1
7730,133931,1,1,1,2
7731,690396,0,1,1,3
7732,193814,0,1,1,4
7733,992483,1,1,1,5
7734,95845,1,1,0,6
7735,975720,0,1,0,7
7736,911131,0,1,1,8
7737,71293,0,1,1,9
7738,974438,1,1,1,10
7739,751967,1,1,0,11
7740,816980,0,1,1,12
7741,495244,1,1,0,13
7742,248333,0,1,1,14
7743,967978,1,1,1,15
7744,816632,1,1,0,0
7745,671186,1,1,1,1
7746,150142,1,1,1,2
7747,664071,0,1,1,3
7748,485821,1,1,0,4
7749,518682,0,1,0,5
7750,164682,1,1,1,6
7751,446273,1,1,1,7
7752,809922,1,1,1,8
7753,283850,0,1,1,9
7754,562112,1,1,0,10
7755,673750,0,1,1,11
7756,572080,0,1,0,12
7757,767041,1,1,1,13
7758,258349,1,1,0,14
7759,647481,0,1,0,15
7760,363337,1,1,0,0
7761,582679,0,1,0,1
7762,336578,0,1,0,2
7763,746970,0,1,1,3
7764,707901,0,1,0,4
7765,336833,1,1,1,5
7766,581062,0,1,0,6
7767,340498,0,1,1,7
7768,179275,0,1,1,8
7769,189735,1,1,1,9
7770,612847,1,1,0,10
7771,701071,0,1,0,11
7772,320103,1,1,1,12
7773,178585,0,1,1,13
7774,714362,1,1,1,14
7775,882585,1,1,1,15
7776,363097,0,1,1,0
7777,146741,1,1,1,1
7778,747428,0,1,0,2
7779,900955,1,1,0,3
7780,327815,0,1,0,4
7781,106329,0,1,1,5
7782,425806,1,1,0,6
7783,121275,1,1,0,7
7784,526760,0,1,0,8
7785,343610,1,1,1,9
7786,513020,1,1,1,10
7787,386132,1,1,0,11
7788,644820,0,1,0,12
7789,88116,0,1,1,13
7790,470420,0,1,0,14
7791,69794,0,1,1,15
7792,57399,0,1,0,0
7793,352310,1,1,0,1
7794,960745,0,1,0,2
7795,54763,1,1,1,3
7796,554795,0,1,1,4
7797,893051,1,1,0,5
7798,667662,1,1,1,6
7799,49455,1,1,1,7
7800,380920,0,1,1,8
7801,323501,1,1,0,9
7802,628398,1,1,0,10
7803,97252,1,1,1,11
7804,270875,0,1,0,12
7805,470011,1,1,0,13
7806,476167,1,1,0,14
7807,322182,0,1,0,15
7808,282324,1,1,0,0
7809,494526,0,1,1,1
7810,241510,0,1,0,2
7811,801832,0,1,1,3
7812,383907,0,1,1,4
7813,669651,1,1,1,5
7814,225260,1,1,0,6
7815,373946,0,1,0,7
7816,809897,1,1,0,8
7817,148003,0,1,0,9
7818,312018,1,1,0,10
7819,459655,0,1,0,11
7820,916293,0,1,0,12
7821,554618,1,1,0,13
7822,767349,0,1,1,14
7823,779459,0,1,1,15
7824,894619,1,1,0,0
7825,767819,1,1,1,1
7826,310166,0,1,0,2
7827,117583,0,1,0,3
7828,873744,1,1,0,4
7829,827821,0,1,0,5
7830,885108,0,1,0,6
7831,483650,0,1,0,7
7832,124868,0,1,0,8
7833,373720,1,1,0,9
7834,608784,0,1,1,10
7835,314867,0,1,0,11
7836,736445,0,1,1,12
7837,844920,1,1,1,13
7838,598817,0,1,0,14
7839,481782,0,1,0,15
7840,209127,1,1,1,0
7841,272586,0,1,1,1
7842,303443,1,1,0,2
7843,888569,1,1,0,3
7844,945084,0,1,0,4
7845,632328,0,1,0,5
7846,213044,0,1,1,6
7847,38428,0,1,1,7
7848,349564,1,1,1,8
7849,242607,1,1,0,9
7850,512052,0,1,0,10
7851,535346,0,1,1,11
7852,560271,0,1,1,12
7853,31757,0,1,1,13
7854,233042,1,1,1,14
7855,204720,0,1,0,15
7856,130875,0,1,1,0
7857,555590,1,1,1,1
7858,228352,0,1,0,2
7859,441750,1,1,0,3
7860,87185,0,1,1,4
7861,916295,0,1,1,5
7862,825770,0,1,0,6
7863,71983,1,1,1,7
7864,721820,0,1,1,8
7865,210805,0,1,0,9
7866,251287,1,1,0,10
7867,865598,1,1,1,11
7868,675608,0,1,1,12
7869,546482,1,1,0,13
7870,963059,0,1,0,14
7871,630064,1,1,0,15
7872,191072,1,1,0,0
7873,447872,0,1,0,1
7874,981823,0,1,1,2
7875,39253,1,1,0,3
7876,537899,1,1,1,4
7877,497481,1,1,1,5
7878,530609,0,1,1,6
7879,560934,0,1,1,7
7880,932839,0,1,1,8
7881,183588,1,1,1,9
7882,851533,0,1,0,10
7883,957989,1,1,0,11
7884,583865,0,1,1,12
7885,71636,1,1,1,13
7886,369756,0,1,0,14
7887,832993,1,1,0,15
7888,182545,1,1,0,0
7889,503232,0,1,1,1
7890,569697,1,1,0,2
7891,498303,1,1,1,3
7892,205835,1,1,1,4
7893,10112,0,1,0,5
7894,299097,1,1,1,6
7895,867393,0,1,1,7
7896,581805,1,1,0,8
7897,455916,0,1,1,9
7898,192891,1,1,0,10
7899,331319,1,1,0,11
7900,717511,0,1,1,12
7901,65636,0,1,0,13
7902,328688,1,1,0,14
7903,190358,0,1,1,15
7904,128165,1,1,0,0
7905,466795,1,1,0,1
7906,725101,0,1,1,2
7907,320581,0,1,1,3
7908,428442,0,1,0,4
7909,342586,0,1,1,5
7910,872135,0,1,1,6
7911,692998,0,1,0,7
7912,223040,0,1,1,8
7913,971592,1,1,1,9
7914,343344,1,1,1,10
7915,764348,0,1,1,11
7916,237426,1,1,1,12
7917,506076,0,1,1,13
7918,851620,1,1,1,14
7919,844919,0,1,0,15
7920,822345,0,1,0,0
7921,536722,0,1,1,1
7922,52432,0,1,0,2
7923,106459,0,1,1,3
7924,536750,1,1,1,4
7925,591948,1,1,1,5
7926,905422,1,1,1,6
7927,112597,1,1,1,7
7928,373546,1,1,1,8
7929,445494,0,1,1,9
7930,718861,0,1,1,10
7931,501604,0,1,0,11
7932,197124,0,1,0,12
7933,306748,1,1,0,13
7934,292780,0,1,0,14
7935,911587,1,1,0,15
7936,400049,0,1,1,0
7937,520686,1,1,0,1
7938,91879,1,1,0,2
7939,770935,1,1,1,3
7940,502468,1,1,1,4
7941,464198,1,1,0,5
7942,778366,0,1,0,6
7943,397306,1,1,0,7
7944,978862,1,1,1,8
7945,170484,1,1,0,9
7946,621271,0,1,1,10
7947,848374,0,1,1,11
7948,416799,0,1,1,12
7949,617455,0,1,1,13
7950,977423,0,1,0,14
7951,68477,0,1,1,15
7952,325470,0,1,0,0
7953,235389,0,1,1,1
7954,220097,0,1,0,2
7955,853156,0,1,1,3
7956,415293,0,1,0,4
7957,143185,0,1,0,5
7958,616207,1,1,0,6
7959,633971,0,1,1,7
7960,603552,1,1,1,8
7961,269435,1,1,1,9
7962,931827,0,1,1,10
7963,394339,1,1,0,11
7964,659665,1,1,1,12
7965,832430,0,1,1,13
7966,450900,0,1,1,14
7967,274720,0,1,0,15
7968,950047,0,1,0,0
7969,358042,1,1,1,1
7970,55217,0,1,0,2
7971,639203,1,1,0,3
7972,616083,1,1,1,4
7973,603053,0,1,0,5
7974,614295,0,1,0,6
7975,828687,0,1,1,7
7976,30402,0,1,0,8
7977,722987,0,1,0,9
7978,38726,0,1,0,10
7979,117615,1,1,0,11
7980,50567,0,1,0,12
7981,558122,0,1,1,13
7982,624509,0,1,1,14
7983,581020,1,1,0,15
7984,356814,1,1,1,0
7985,502993,1,1,0,1
7986,238945,0,1,0,2
7987,605490,1,1,0,3
7988,17786,1,1,0,4
7989,557100,1,1,0,5
7990,949927,1,1,0,6
7991,245318,0,1,1,7
7992,873108,1,1,1,8
7993,976354,1,1,1,9
7994,716973,1,1,0,10
7995,743305,0,1,0,11
7996,356915,0,1,0,12
7997,171679,1,1,0,13
7998,99825,0,1,1,14
7999,738483,1,1,1,15
8000,89113,0,1,1,0
8001,566549,0,1,0,1
8002,623328,0,1,0,2
8003,429496,0,1,0,3
8004,695805,0,1,1,4
8005,547428,0,1,1,5
8006,304622,0,1,0,6
8007,948545,0,1,0,7
8008,301455,0,1,0,8
8009,178469,1,1,1,9
8010,682153,1,1,0,10
8011,309130,1,1,0,11
8012,408801,1,1,1,12
8013,290388,0,1,0,13
8014,771881,0,1,0,14
8015,983442,0,1,1,15
8016,539597,1,1,0,0
8017,814198,1,1,1,1
8018,541803,0,1,1,2
8019,311995,0,1,1,3
8020,649335,0,1,0,4
8021,787568,0,1,0,5
8022,984784,0,1,1,6
8023,944709,1,1,1,7
8024,880146,1,1,1,8
8025,702538,0,1,1,9
8026,644950,1,1,1,10
8027,759376,0,1,1,11
8028,480061,0,1,1,12
8029,611151,0,1,1,13
8030,388720,0,1,1,14
8031,459319,0,1,0,15
8032,178989,0,1,0,0
8033,588294,1,1,1,1
8034,955084,0,1,0,2
8035,919436,1,1,1,3
8036,388954,0,1,1,4
8037,863907,0,1,0,5
8038,812784,0,1,1,6
8039,933058,1,1,0,7
8040,514095,1,1,0,8
8041,344556,1,1,0,9
8042,665961,0,1,0,10
8043,744467,1,1,0,11
8044,598753,1,1,1,12
8045,365460,1,1,0,13
8046,790872,0,1,0,14
8047,545154,0,1,0,15
8048,132560,1,1,0,0
8049,991374,1,1,1,1
8050,543491,0,1,0,2
8051,777936,0,1,0,3
8052,116562,1,1,1,4
8053,883517,1,1,0,5
8054,621110,1,1,1,6
8055,53837,0,1,1,7
8056,187853,0,1,0,8
8057,150428,0,1,1,9
8058,74929,1,1,0,10
8059,462535,1,1,0,11
8060,781391,1,1,1,12
8061,612166,0,1,1,13
8062,485240,0,1,1,14
8063,766644,1,1,0,15
8064,564987,1,1,0,0
8065,638796,1,1,0,1
8066,692410,0,1,0,2
8067,940777,1,1,1,3
8068,694760,1,1,1,4
8069,886811,0,1,0,5
8070,661862,1,1,0,6
8071,879328,1,1,0,7
8072,77573,0,1,1,8
8073,859835,1,1,1,9
8074,144346,0,1,1,10
8075,313776,0,1,1,11
8076,554505,1,1,0,12
8077,566701,1,1,1,13
8078,196641,1,1,1,14
8079,670353,0,1,0,15
8080,637992,1,1,0,0
8081,951378,1,1,1,1
8082,901649,1,1,0,2
8083,473803,1,1,0,3
8084,942370,1,1,0,4
8085,85931,0,1,1,5
8086,484571,1,1,1,6
8087,15088,0,1,0,7
8088,971223,0,1,1,8
8089,344108,1,1,0,9
8090,787075,0,1,0,10
8091,608803,0,1,1,11
8092,554824,1,1,0,12
8093,313786,1,1,0,13
8094,960396,1,1,0,14
8095,275453,0,1,1,15
8096,970395,1,1,0,0
8097,344700,1,1,1,1
8098,850275,0,1,0,2
8099,103685,0,1,0,3
8100,828279,0,1,1,4
8101,278792,0,1,0,5
8102,833414,1,1,0,6
8103,970945,1,1,1,7
8104,216123,0,1,1,8
8105,446121,1,1,0,9
8106,520450,1,1,1,10
8107,797494,0,1,1,11
8108,916297,1,1,1,12
8109,167643,1,1,1,13
8110,548482,1,1,0,14
8111,410223,1,1,0,15
8112,548794,1,1,1,0
8113,109903,1,1,1,1
8114,87032,1,1,1,2
8115,191077,1,1,0,3
8116,761392,1,1,1,4
8117,228210,1,1,0,5
8118,669197,1,1,0,6
8119,31127,1,1,0,7
8120,220118,0,1,0,8
8121,553820,1,1,1,9
8122,527201,0,1,1,10
8123,358319,1,1,1,11
8124,788514,0,1,0,12
8125,455520,1,1,0,13
8126,890159,1,1,1,14
8127,562432,1,1,1,15
8128,119619,0,1,0,0
8129,813025,1,1,0,1
8130,85896,1,1,0,2
8131,606206,0,1,1,3
8132,257700,1,1,0,4
8133,639375,0,1,0,5
8134,515569,0,1,0,6
8135,874819,0,1,1,7
8136,564942,0,1,0,8
8137,83663,1,1,1,9
8138,288466,1,1,1,10
8139,991177,1,1,1,11
8140,960953,0,1,1,12
8141,352909,1,1,0,13
8142,604439,1,1,1,14
8143,11909,1,1,0,15
8144,930620,1,1,1,0
8145,860951,1,1,0,1
8146,23765,0,1,1,2
8147,773733,1,1,1,3
8148,833542,1,1,0,4
8149,647177,1,1,1,5
8150,688591,0,1,1,6
8151,961461,1,1,0,7
8152,908556,1,1,1,8
8153,884695,1,1,1,9
8154,755117,0,1,0,10
8155,600686,0,1,0,11
8156,660892,1,1,1,12
8157,887015,0,1,1,13
8158,175033,1,1,0,14
8159,873878,0,1,1,15
8160,110485,1,1,0,0
8161,466926,1,1,1,1
8162,490745,0,1,1,2
8163,605126,1,1,1,3
8164,49277,1,1,1,4
8165,388400,0,1,0,5
8166,330955,1,1,0,6
8167,154987,0,1,1,7
8168,587490,1,1,0,8
8169,903289,0,1,1,9
8170,445882,1,1,1,10
8171,969526,0,1,0,11
8172,443505,0,1,0,12
8173,613628,0,1,1,13
8174,217817,1,1,0,14
8175,231747,1,1,1,15
8176,863097,0,1,1,0
8177,827661,0,1,0,1
8178,391821,1,1,1,2
8179,93775,0,1,0,3
8180,658511,1,1,1,4
8181,869332,1,1,1,5
8182,688908,1,1,1,6
8183,328290,1,1,0,7
8184,780680,1,1,0,8
8185,529104,0,1,0,9
8186,564618,1,1,1,10
8187,787332,1,1,0,11
8188,21672,1,1,1,12
8189,791197,1,1,0,13
8190,756980,1,1,1,14
8191,487252,1,1,1,15
8192,785386,0,1,1,0
8193,12467,1,1,0,1
8194,806148,0,1,0,2
8195,876751,0,1,1,3
8196,701431,0,1,0,4
8197,333885,0,1,0,5
8198,204639,1,1,0,6
8199,132684,0,1,0,7
8200,706043,1,1,0,8
8201,413731,0,1,0,9
8202,20946,0,1,1,10
8203,782373,0,1,1,11
8204,780574,0,1,0,12
8205,127442,1,1,0,13
8206,127781,1,1,1,14
8207,603638,1,1,0,15
8208,252845,0,1,1,0
8209,825507,1,1,1,1
8210,612886,0,1,0,2
8211,83698,0,1,1,3
8212,10943,0,1,1,4
8213,260697,0,1,1,5
8214,899311,1,1,0,6
8215,558512,0,1,1,7
8216,131754,1,1,0,8
8217,894259,0,1,1,9
8218,601364,1,1,0,10
8219,497351,1,1,0,11
8220,322305,0,1,0,12
8221,140930,0,1,1,13
8222,677714,1,1,1,14
8223,908214,1,1,1,15
8224,330458,0,1,1,0
8225,366543,1,1,1,1
8226,127154,1,1,1,2
8227,255171,1,1,1,3
8228,758653,0,1,1,4
8229,447315,0,1,1,5
8230,44316,1,1,0,6
8231,601849,1,1,0,7
8232,61941,1,1,0,8
8233,723606,1,1,0,9
8234,556919,1,1,1,10
8235,344028,1,1,1,11
8236,866493,0,1,0,12
8237,561001,1,1,1,13
8238,836346,0,1,1,14
8239,105974,1,1,0,15
8240,897147,0,1,1,0
8241,526688,0,1,1,1
8242,752017,1,1,0,2
8243,128993,1,1,1,3
8244,44792,1,1,1,4
8245,297174,0,1,0,5
8246,343661,0,1,1,6
8247,63960,1,1,1,7
8248,922034,1,1,1,8
8249,142218,1,1,0,9
8250,313878,0,1,0,10
8251,222485,0,1,1,11
8252,749348,0,1,0,12
8253,483434,0,1,0,13
8254,216620,0,1,0,14
8255,419914,1,1,1,15
8256,73064,1,1,0,0
8257,949776,0,1,1,1
8258,359925,0,1,1,2
8259,977972,0,1,1,3
8260,731026,0,1,0,4
8261,833697,0,1,1,5
8262,825248,1,1,1,6
8263,556721,1,1,1,7
8264,520293,1,1,0,8
8265,215631,0,1,1,9
8266,397531,0,1,0,10
8267,794324,0,1,1,11
8268,421588,0,1,1,12
8269,146655,0,1,0,13
8270,959461,0,1,0,14
8271,461238,1,1,1,15
8272,82697,1,1,0,0
8273,227576,0,1,1,1
8274,723735,0,1,0,2
8275,365617,0,1,0,3
8276,534415,1,1,1,4
8277,755630,1,1,1,5
8278,628710,1,1,1,6
8279,420420,1,1,0,7
8280,595959,1,1,1,8
8281,257264,0,1,0,9
8282,219138,0,1,1,10
8283,370389,1,1,0,11
8284,253750,0,1,0,12
8285,837267,1,1,0,13
8286,648736,0,1,1,14
8287,63286,0,1,0,15
8288,738528,0,1,0,0
8289,7460,1,1,0,1
8290,657071,1,1,0,2
8291,350082,0,1,1,3
8292,571005,1,1,1,4
8293,337387,1,1,0,5
8294,916262,0,1,0,6
8295,787770,1,1,0,7
8296,882434,1,1,0,8
8297,451100,1,1,0,9
8298,94737,0,1,0,10
8299,384532,0,1,0,11
8300,663612,1,1,0,12
8301,306079,1,1,1,13
8302,472240,0,1,0,14
8303,697995,1,1,0,15
8304,258276,1,1,0,0
8305,90124,0,1,0,1
8306,682269,0,1,0,2
8307,350552,0,1,0,3
8308,902588,1,1,1,4
8309,404577,1,1,1,5
8310,860264,0,1,0,6
8311,393818,0,1,0,7
8312,251039,0,1,0,8
8313,613190,0,1,1,9
8314,511017,1,1,0,10
8315,595696,1,1,1,11
8316,194970,0,1,1,12
8317,374414,0,1,1,13
8318,363560,0,1,1,14
8319,828222,1,1,1,15
8320,919833,1,1,0,0
8321,121310,0,1,0,1
8322,106181,1,1,1,2
8323,398282,0,1,1,3
8324,304273,1,1,0,4
8325,258054,0,1,1,5
8326,411973,0,1,0,6
8327,711819,0,1,1,7
8328,643243,0,1,0,8
8329,44657,0,1,1,9
8330,692086,1,1,0,10
8331,140535,1,1,0,11
8332,879042,0,1,1,12
8333,532738,0,1,1,13
8334,955267,0,1,1,14
8335,251642,0,1,1,15
8336,494443,0,1,0,0
8337,509775,0,1,1,1
8338,190538,1,1,0,2
8339,479132,0,1,1,3
8340,29542,0,1,0,4
8341,896806,0,1,0,5
8342,166103,1,1,1,6
8343,571162,0,1,1,7
8344,623380,1,1,1,8
8345,442315,0,1,1,9
8346,802905,0,1,0,10
8347,681739,1,1,1,11
8348,396583,1,1,0,12
8349,429769,0,1,1,13
8350,4914,0,1,0,14
8351,359783,0,1,0,15
8352,958517,1,1,0,0
8353,261488,1,1,0,1
8354,309315,0,1,0,2
8355,185692,0,1,1,3
8356,546560,0,1,1,4
8357,86201,1,1,1,5
8358,396059,0,1,1,6
8359,846451,0,1,1,7
8360,267269,0,1,0,8
8361,268881,0,1,1,9
8362,72025,0,1,1,10
8363,856687,0,1,0,11
8364,739032,1,1,1,12
8365,716134,1,1,0,13
8366,432233,0,1,0,14
8367,80262,1,1,1,15
8368,36661,0,1,1,0
8369,936695,1,1,1,1
8370,109936,1,1,1,2
8371,653737,1,1,0,3
8372,730405,1,1,0,4
8373,484261,0,1,0,5
8374,994879,0,1,1,6
8375,339036,0,1,0,7
8376,665433,0,1,0,8
8377,934957,1,1,1,9
8378,214684,1,1,1,10
8379,351024,1,1,1,11
8380,561422,1,1,0,12
8381,914561,1,1,0,13
8382,857878,1,1,1,14
8383,665651,0,1,1,15
8384,963690,1,1,1,0
8385,314168,1,1,1,1
8386,429492,1,1,1,2
8387,868468,0,1,0,3
8388,278503,0,1,1,4
8389,44936,0,1,1,5
8390,391439,0,1,1,6
8391,130485,0,1,0,7
8392,39294,1,1,1,8
8393,198086,1,1,0,9
8394,701790,0,1,0,10
8395,587430,1,1,1,11
8396,573428,1,1,1,12
8397,1282,0,1,1,13
8398,141945,1,1,1,14
8399,514238,0,1,0,15
8400,224389,1,1,0,0
8401,8675,1,1,1,1
8402,276886,0,1,0,2
8403,149643,0,1,1,3
8404,510244,1,1,1,4
8405,440086,0,1,1,5
8406,218661,0,1,0,6
8407,442731,0,1,0,7
8408,140846,0,1,1,8
8409,978979,0,1,1,9
8410,898856,1,1,0,10
8411,533841,0,1,1,11
8412,914739,0,1,1,12
8413,107426,1,1,1,13
8414,276088,0,1,0,14
8415,664546,1,1,1,15
8416,271753,0,1,1,0
8417,709291,1,1,1,1
8418,283733,0,1,0,2
8419,475307,1,1,1,3
8420,121697,1,1,0,4
8421,554559,1,1,1,5
8422,791652,1,1,0,6
8423,607138,0,1,1,7
8424,241086,0,1,0,8
8425,620734,1,1,0,9
8426,332387,0,1,1,10
8427,832829,0,1,0,11
8428,221685,1,1,1,12
8429,971574,1,1,0,13
8430,22658,1,1,1,14
8431,603293,1,1,1,15
8432,431764,1,1,0,0
8433,603071,0,1,1,1
8434,836017,1,1,0,2
8435,47085,0,1,1,3
8436,438713,1,1,1,4
8437,519357,1,1,0,5
8438,421666,0,1,1,6
8439,272764,1,1,1,7
8440,728942,1,1,1,8
8441,792904,1,1,1,9
8442,902367,0,1,1,10
8443,962009,0,1,1,11
8444,691301,1,1,0,12
8445,902056,0,1,1,13
8446,636289,0,1,1,14
8447,657139,1,1,0,15
8448,725673,1,1,0,0
8449,964550,1,1,0,1
8450,3769,0,1,1,2
8451,597340,1,1,1,3
8452,182139,0,1,0,4
8453,181544,1,1,0,5
8454,530220,1,1,0,6
8455,562647,0,1,0,7
8456,800621,1,1,1,8
8457,899884,0,1,1,9
8458,291735,1,1,1,10
8459,984073,0,1,0,11
8460,643476,0,1,1,12
8461,533880,0,1,1,13
8462,476415,1,1,1,14
8463,802435,0,1,1,15
8464,282720,1,1,1,0
8465,913487,0,1,0,1
8466,335441,0,1,1,2
8467,791045,1,1,1,3
8468,367636,1,1,1,4
8469,117321,0,1,1,5
8470,897245,0,1,1,6
8471,741251,0,1,1,7
8472,248649,0,1,1,8
8473,871533,1,1,1,9
8474,871821,1,1,1,10
8475,804174,1,1,1,11
8476,344616,1,1,1,12
8477,563754,1,1,0,13
8478,784982,0,1,0,14
8479,936124,0,1,0,15
8480,475713,0,1,0,0
8481,142381,0,1,1,1
8482,886947,1,1,1,2
8483,514809,1,1,1,3
8484,129275,0,1,1,4
8485,475543,1,1,1,5
8486,278798,1,1,1,6
8487,931415,0,1,0,7
8488,206094,0,1,0,8
8489,22307,0,1,0,9
8490,672980,0,1,0,10
8491,445455,0,1,0,11
8492,845199,0,1,1,12
8493,579649,0,1,1,13
8494,587151,1,1,0,14
8495,125639,0,1,0,15
8496,827155,0,1,0,0
8497,110791,1,1,1,1
8498,794359,1,1,1,2
8499,402389,0,1,1,3
8500,879906,1,1,1,4
8501,872521,0,1,1,5
8502,860631,1,1,1,6
8503,284153,0,1,1,7
8504,813339,0,1,1,8
8505,755859,0,1,0,9
8506,802860,0,1,0,10
8507,869270,1,1,0,11
8508,36821,1,1,1,12
8509,212961,1,1,0,13
8510,319886,1,1,1,14
8511,993118,0,1,0,15
8512,218382,1,1,0,0
8513,619339,0,1,0,1
8514,528354,1,1,1,2
8515,796925,0,1,0,3
8516,548109,1,1,0,4
8517,944920,1,1,0,5
8518,68164,1,1,1,6
8519,531898,1,1,1,7
8520,517386,1,1,0,8
8521,215532,1,1,0,9
8522,575015,1,1,0,10
8523,492719,0,1,0,11
8524,464716,0,1,1,12
8525,683567,1,1,1,13
8526,783720,1,1,0,14
8527,376591,0,1,1,15
8528,536839,0,1,1,0
8529,233251,1,1,1,1
8530,767871,0,1,1,2
8531,245405,0,1,1,3
8532,224867,0,1,1,4
8533,424362,1,1,1,5
8534,297759,1,1,0,6
8535,797947,0,1,1,7
8536,497965,0,1,1,8
8537,471343,0,1,1,9
8538,14601,1,1,0,10
8539,869690,1,1,0,11
8540,263265,0,1,0,12
8541,98874,0,1,0,13
8542,243845,0,1,1,14
8543,752312,1,1,0,15
8544,8839,1,1,0,0
8545,634434,0,1,1,1
8546,13062,1,1,1,2
8547,652937,1,1,0,3
8548,957502,1,1,0,4
8549,118193,0,1,0,5
8550,987843,1,1,1,6
8551,997735,0,1,1,7
8552,366065,1,1,0,8
8553,202377,0,1,1,9
8554,537554,1,1,1,10
8555,866024,0,1,0,11
8556,667855,0,1,1,12
8557,915772,0,1,1,13
8558,439491,0,1,0,14
8559,24319,0,1,1,15
8560,195339,0,1,1,0
8561,571423,1,1,1,1
8562,133921,0,1,1,2
8563,415130,0,1,1,3
8564,139713,1,1,0,4
8565,365619,1,1,1,5
8566,277357,1,1,0,6
8567,825780,0,1,0,7
8568,174965,1,1,1,8
8569,41439,0,1,0,9
8570,968706,1,1,1,10
8571,274692,0,1,1,11
8572,71115,1,1,1,12
8573,687037,0,1,1,13
8574,888545,0,1,0,14
8575,178663,0,1,0,15
8576,904247,0,1,1,0
8577,912147,1,1,0,1
8578,243945,0,1,0,2
8579,937887,0,1,0,3
8580,89122,0,1,1,4
8581,640904,0,1,1,5
8582,36544,0,1,0,6
8583,759339,0,1,0,7
8584,684063,1,1,0,8
8585,373398,1,1,0,9
8586,472080,0,1,1,10
8587,484259,1,1,1,11
8588,140458,1,1,0,12
8589,7679,0,1,0,13
8590,281576,0,1,1,14
8591,794781,0,1,0,15
8592,293076,1,1,1,0
8593,69505,0,1,1,1
8594,20637,0,1,0,2
8595,59347,1,1,1,3
8596,741633,1,1,1,4
8597,723666,1,1,1,5
8598,518781,0,1,1,6
8599,722959,0,1,1,7
8600,620302,1,1,1,8
8601,879615,0,1,0,9
8602,738360,1,1,1,10
8603,285330,0,1,0,11
8604,104549,0,1,1,12
8605,592473,0,1,0,13
8606,225540,0,1,1,14
8607,167312,0,1,1,15
8608,283874,1,1,1,0
8609,389265,1,1,1,1
8610,818711,0,1,1,2
8611,251866,1,1,1,3
8612,881002,1,1,0,4
8613,577596,1,1,1,5
8614,674493,1,1,1,6
8615,78941,0,1,0,7
8616,62388,1,1,0,8
8617,651569,1,1,0,9
8618,506170,0,1,1,10
8619,749299,0,1,1,11
8620,646055,1,1,0,12
8621,324604,0,1,0,13
8622,103590,1,1,1,14
8623,665104,0,1,0,15
8624,968462,1,1,0,0
8625,151460,1,1,1,1
8626,151203,0,1,1,2
8627,787117,0,1,1,3
8628,290506,0,1,0,4
8629,570411,0,1,0,5
8630,998369,0,1,1,6
8631,488234,1,1,1,7
8632,29530,0,1,1,8
8633,615915,0,1,1,9
8634,765660,0,1,1,10
8635,771101,0,1,1,11
8636,585128,1,1,0,12
8637,497727,0,1,0,13
8638,158360,1,1,0,14
8639,780570,0,1,0,15
8640,408709,0,1,0,0
8641,268184,1,1,0,1
8642,907596,0,1,0,2
8643,978638,1,1,0,3
8644,602236,0,1,0,4
8645,426639,1,1,1,5
8646,214629,1,1,0,6
8647,192238,0,1,0,7
8648,186077,0,1,1,8
8649,391323,0,1,1,9
8650,81924,0,1,0,10
8651,520104,1,1,0,11
8652,882883,0,1,0,12
8653,313050,1,1,1,13
8654,831994,0,1,1,14
8655,151156,1,1,1,15
8656,194535,0,1,0,0
8657,303681,1,1,1,1
8658,14669,0,1,1,2
8659,277889,0,1,0,3
8660,872816,0,1,1,4
8661,933311,0,1,0,5
8662,727604,1,1,0,6
8663,677052,1,1,0,7
8664,706163,0,1,1,8
8665,224380,0,1,0,9
8666,180766,1,1,0,10
8667,439580,1,1,1,11
8668,104521,0,1,1,12
8669,113123,1,1,1,13
8670,559489,1,1,0,14
8671,868680,1,1,0,15
8672,652065,1,1,1,0
8673,54126,1,1,0,1
8674,37168,1,1,0,2
8675,201766,1,1,0,3
8676,320318,1,1,1,4
8677,401156,0,1,1,5
8678,551384,1,1,1,6
8679,452588,1,1,1,7
8680,104037,0,1,0,8
8681,720941,0,1,1,9
8682,400014,0,1,0,10
8683,225562,1,1,0,11
8684,52702,1,1,0,12
8685,497960,0,1,0,13
8686,12583,0,1,0,14
8687,156563,1,1,0,15
8688,572686,0,1,0,0
8689,418756,1,1,0,1
8690,470445,1,1,1,2
8691,728193,0,1,1,3
8692,684509,0,1,0,4
8693,178086,0,1,0,5
8694,58816,0,1,1,6
8695,979633,0,1,0,7
8696,975142,1,1,1,8
8697,158804,1,1,1,9
8698,816879,1,1,0,10
8699,36856,0,1,0,11
8700,33343,1,1,0,12
8701,623439,1,1,0,13
8702,351505,1,1,1,14
8703,817295,0,1,0,15
8704,830916,0,1,1,0
8705,247932,0,1,0,1
8706,409914,1,1,0,2
8707,936654,0,1,1,3
8708,841575,0,1,0,4
8709,434221,0,1,1,5
8710,756487,0,1,1,6
8711,142127,1,1,0,7
8712,73483,0,1,1,8
8713,598990,1,1,1,9
8714,377898,1,1,1,10
8715,206144,1,1,1,11
8716,429151,1,1,0,12
8717,570113,0,1,1,13
8718,611732,1,1,1,14
8719,32692,1,1,1,15
8720,10462,1,1,1,0
8721,355430,0,1,0,1
8722,487427,0,1,1,2
8723,498909,0,1,0,3
8724,634300,1,1,1,4
8725,328193,1,1,0,5
8726,31484,0,1,0,6
8727,62844,1,1,0,7
8728,100433,1,1,1,8
8729,518975,0,1,0,9
8730,255219,1,1,0,10
8731,143196,0,1,1,11
8732,349741,1,1,0,12
8733,836703,0,1,1,13
8734,590439,0,1,1,14
8735,12923,1,1,0,15
8736,27260,1,1,0,0
8737,837320,0,1,1,1
8738,483808,1,1,0,2
8739,226690,1,1,1,3
8740,645227,0,1,0,4
8741,483896,0,1,1,5
8742,93822,0,1,0,6
8743,198713,0,1,0,7
8744,789196,0,1,1,8
8745,816519,1,1,1,9
8746,36289,0,1,1,10
8747,686135,0,1,0,11
8748,473402,0,1,0,12
8749,180004,1,1,0,13
8750,168032,0,1,0,14
8751,98068,1,1,0,15
8752,114460,1,1,0,0
8753,214113,0,1,1,1
8754,566793,1,1,0,2
8755,852490,0,1,0,3
8756,399167,0,1,0,4
8757,593884,1,1,0,5
8758,43261,0,1,1,6
8759,779349,1,1,1,7
8760,534057,0,1,1,8
8761,495572,1,1,1,9
8762,927570,0,1,1,10
8763,79242,1,1,1,11
8764,686908,0,1,1,12
8765,408785,0,1,1,13
8766,519690,0,1,1,14
8767,149459,1,1,0,15
8768,194656,0,1,0,0
8769,125778,0,1,0,1
8770,26164,0,1,1,2
8771,843333,0,1,0,3
8772,863636,0,1,1,4
8773,266219,1,1,0,5
8774,331574,0,1,0,6
8775,912407,0,1,1,7
8776,966839,1,1,1,8
8777,744432,0,1,0,9
8778,811047,1,1,0,10
8779,292897,0,1,0,11
8780,779597,0,1,0,12
8781,427309,0,1,1,13
8782,830837,1,1,0,14
8783,117310,0,1,0,15
8784,520071,0,1,0,0
8785,116350,0,1,0,1
8786,597143,1,1,1,2
8787,175305,1,1,1,3
8788,573737,1,1,0,4
8789,846981,1,1,0,5
8790,71726,0,1,1,6
8791,496985,1,1,1,7
8792,874759,1,1,0,8
8793,6595,0,1,0,9
8794,476880,0,1,0,10
8795,269312,1,1,1,11
8796,321277,0,1,0,12
8797,256774,0,1,0,13
8798,426836,0,1,0,14
8799,56407,1,1,0,15
8800,151729,1,1,0,0
8801,865131,0,1,0,1
8802,236541,0,1,0,2
8803,796474,0,1,1,3
8804,316182,1,1,1,4
8805,307376,1,1,1,5
8806,898450,0,1,1,6
8807,824725,0,1,1,7
8808,975882,1,1,0,8
8809,946227,0,1,0,9
8810,138145,0,1,0,10
8811,192589,0,1,0,11
8812,378060,0,1,0,12
8813,151231,1,1,0,13
8814,97353,1,1,1,14
8815,679421,0,1,1,15
8816,416612,0,1,1,0
8817,16145,1,1,0,1
8818,151070,1,1,1,2
8819,358950,1,1,0,3
8820,189881,1,1,1,4
8821,225102,1,1,1,5
8822,955641,0,1,1,6
8823,616262,1,1,1,7
8824,282988,0,1,1,8
8825,792020,1,1,0,9
8826,86280,1,1,0,10
8827,148810,1,1,0,11
8828,768154,1,1,1,12
8829,958255,1,1,0,13
8830,982012,0,1,1,14
8831,696589,1,1,0,15
8832,765907,1,1,1,0
8833,17845,1,1,0,1
8834,611678,1,1,1,2
8835,284791,0,1,1,3
8836,319912,0,1,1,4
8837,777947,1,1,1,5
8838,863286,1,1,1,6
8839,467747,1,1,0,7
8840,836592,0,1,0,8
8841,883499,1,1,0,9
8842,497508,1,1,0,10
8843,926210,1,1,0,11
8844,189053,0,1,1,12
8845,394084,0,1,0,13
8846,646997,1,1,0,14
8847,23702,0,1,1,15
8848,218360,1,1,1,0
8849,707163,0,1,1,1
8850,191504,1,1,1,2
8851,441101,1,1,0,3
8852,672717,1,1,1,4
8853,655895,0,1,0,5
8854,370276,1,1,1,6
8855,331147,0,1,1,7
8856,98958,0,1,0,8
8857,235562,1,1,0,9
8858,967783,0,1,1,10
8859,136892,1,1,0,11
8860,493172,0,1,1,12
8861,428842,0,1,1,13
8862,82736,1,1,1,14
8863,683196,0,1,0,15
8864,488237,1,1,1,0
8865,631954,1,1,1,1
8866,858093,0,1,0,2
8867,314686,0,1,1,3
8868,755185,1,1,1,4
8869,584258,0,1,1,5
8870,25278,1,1,1,6
8871,710020,0,1,1,7
8872,140443,0,1,1,8
8873,283481,0,1,1,9
8874,994070,0,1,1,10
8875,361703,0,1,1,11
8876,867342,1,1,1,12
8877,725659,0,1,0,13
8878,376534,0,1,0,14
8879,612732,1,1,0,15
8880,566284,1,1,0,0
8881,367794,0,1,0,1
8882,117385,1,1,0,2
8883,400834,1,1,0,3
8884,38856,1,1,1,4
8885,137797,1,1,0,5
8886,110907,1,1,0,6
8887,111465,0,1,1,7
8888,602903,1,1,0,8
8889,699836,0,1,0,9
8890,115805,1,1,1,10
8891,335198,1,1,0,11
8892,975324,0,1,1,12
8893,563111,1,1,0,13
8894,609687,0,1,1,14
8895,966984,1,1,0,15
8896,882475,1,1,1,0
8897,95336,0,1,0,1
8898,179023,0,1,1,2
8899,844548,1,1,1,3
8900,450749,0,1,1,4
8901,566748,0,1,1,5
8902,923631,1,1,1,6
8903,424258,0,1,1,7
8904,794242,1,1,1,8
8905,737274,1,1,1,9
8906,299406,0,1,1,10
8907,768090,1,1,1,11
8908,636119,0,1,0,12
8909,841308,0,1,0,13
8910,561891,1,1,1,14
8911,927881,1,1,1,15
8912,433717,1,1,1,0
8913,267701,0,1,0,1
8914,502236,1,1,1,2
8915,583011,0,1,1,3
8916,448749,0,1,0,4
8917,829596,0,1,0,5
8918,921498,1,1,1,6
8919,952423,1,1,0,7
8920,538649,1,1,0,8
8921,707228,0,1,0,9
8922,441767,0,1,0,10
8923,133067,0,1,1,11
8924,224285,0,1,0,12
8925,486130,1,1,1,13
8926,397798,1,1,0,14
8927,61644,1,1,1,15
8928,951955,0,1,0,0
8929,10142,0,1,1,1
8930,524498,1,1,1,2
8931,551047,1,1,1,3
8932,282313,1,1,0,4
8933,327116,0,1,0,5
8934,478347,1,1,0,6
8935,271391,0,1,1,7
8936,24784,0,1,1,8
8937,536003,1,1,1,9
8938,785595,1,1,0,10
8939,241929,1,1,1,11
8940,459614,1,1,1,12
8941,860739,1,1,0,13
8942,689281,1,1,0,14
8943,584571,0,1,1,15
8944,92874,0,1,1,0
8945,591979,1,1,1,1
8946,114857,0,1,1,2
8947,599668,1,1,1,3
8948,34110,1,1,0,4
8949,514532,1,1,0,5
8950,305740,0,1,1,6
8951,649815,1,1,0,7
8952,887485,1,1,0,8
8953,594809,1,1,1,9
8954,136975,0,1,0,10
8955,89920,0,1,1,11
8956,458420,1,1,0,12
8957,315387,1,1,0,13
8958,45731,0,1,0,14
8959,52798,0,1,0,15
8960,423273,1,1,1,0
8961,599032,1,1,1,1
8962,772777,0,1,1,2
8963,761371,1,1,0,3
8964,801208,0,1,0,4
8965,554788,1,1,0,5
8966,978626,0,1,0,6
8967,863901,0,1,0,7
8968,805868,1,1,1,8
8969,937148,1,1,1,9
8970,988166,0,1,1,10
8971,211393,1,1,0,11
8972,412131,0,1,0,12
8973,637461,1,1,1,13
8974,765841,1,1,1,14
8975,655704,0,1,1,15
8976,134069,1,1,0,0
8977,874099,0,1,0,1
8978,206969,1,1,1,2
8979,823576,1,1,1,3
8980,341873,0,1,0,4
8981,241657,1,1,1,5
8982,292136,0,1,1,6
8983,566580,1,1,1,7
8984,282084,1,1,1,8
8985,534629,1,1,1,9
8986,458277,1,1,0,10
8987,283555,0,1,0,11
8988,470861,0,1,0,12
8989,990432,1,1,0,13
8990,996760,1,1,1,14
8991,40971,0,1,0,15
8992,528661,0,1,1,0
8993,165382,0,1,1,1
8994,122965,1,1,0,2
8995,234883,1,1,1,3
8996,601971,0,1,1,4
8997,553422,1,1,0,5
8998,430146,1,1,0,6
8999,334036,1,1,0,7
9000,287647,1,1,1,8
9001,452664,0,1,1,9
9002,196600,1,1,0,10
9003,155226,0,1,1,11
9004,749120,0,1,0,12
9005,897249,1,1,0,13
9006,10201,0,1,0,14
9007,176342,1,1,0,15
9008,69121,1,1,0,0
9009,174588,1,1,0,1
9010,208984,1,1,0,2
9011,779596,0,1,0,3
9012,762161,0,1,1,4
9013,515552,0,1,1,5
9014,719658,0,1,1,6
9015,984404,0,1,0,7
9016,778614,0,1,0,8
9017,155593,1,1,1,9
9018,908298,0,1,1,10
9019,15252,0,1,1,11
9020,376732,0,1,1,12
9021,946511,0,1,1,13
9022,344828,1,1,0,14
9023,1563,1,1,1,15
9024,921331,0,1,0,0
9025,218248,1,1,1,1
9026,798347,1,1,0,2
9027,228385,0,1,1,3
9028,2075,0,1,0,4
9029,63921,1,1,1,5
9030,21623,0,1,1,6
9031,19057,1,1,0,7
9032,575190,0,1,0,8
9033,544208,0,1,0,9
9034,395212,0,1,1,10
9035,260747,1,1,1,11
9036,831814,0,1,1,12
9037,305860,1,1,0,13
9038,779907,0,1,0,14
9039,749016,0,1,0,15
9040,422898,0,1,1,0
9041,475464,0,1,1,1
9042,250896,1,1,1,2
9043,622586,0,1,0,3
9044,116633,1,1,0,4
9045,641925,0,1,0,5
9046,5064,1,1,1,6
9047,3522,1,1,0,7
9048,541231,0,1,1,8
9049,546405,0,1,1,9
9050,599510,0,1,0,10
9051,805431,0,1,1,11
9052,815945,0,1,0,12
9053,595726,0,1,0,13
9054,94353,0,1,0,14
9055,127212,0,1,0,15
9056,264370,0,1,1,0
9057,124897,0,1,0,1
9058,425926,1,1,1,2
9059,837101,0,1,0,3
9060,2779,1,1,1,4
9061,24267,1,1,0,5
9062,607802,1,1,0,6
9063,897449,1,1,1,7
9064,891704,0,1,0,8
9065,96832,0,1,1,9
9066,403160,0,1,1,10
9067,595295,0,1,0,11
9068,789545,1,1,1,12
9069,777396,1,1,1,13
9070,658271,0,1,1,14
9071,159665,1,1,1,15
9072,860252,0,1,0,0
9073,246518,1,1,1,1
9074,145610,0,1,1,2
9075,718811,0,1,1,3
9076,518492,1,1,0,4
9077,211332,0,1,0,5
9078,979180,0,1,0,6
9079,478934,0,1,0,7
9080,778216,1,1,1,8
9081,872069,0,1,1,9
9082,610243,1,1,0,10
9083,705959,0,1,1,11
9084,557772,1,1,0,12
9085,990979,1,1,0,13
9086,810900,0,1,1,14
9087,605207,1,1,1,15
9088,762059,0,1,0,0
9089,482168,1,1,1,1
9090,775960,0,1,1,2
9091,751159,0,1,1,3
9092,647786,1,1,0,4
9093,46903,0,1,0,5
9094,407063,0,1,1,6
9095,9340,1,1,1,7
9096,568095,1,1,0,8
9097,833783,1,1,1,9
9098,768665,1,1,1,10
9099,353201,0,1,1,11
9100,314785,0,1,1,12
9101,569720,1,1,1,13
9102,883578,1,1,1,14
9103,997149,0,1,0,15
9104,86194,1,1,0,0
9105,988601,0,1,1,1
9106,896082,1,1,0,2
9107,908697,0,1,1,3
9108,953933,0,1,0,4
9109,574215,0,1,0,5
9110,445915,0,1,1,6
9111,503347,1,1,1,7
9112,270547,1,1,0,8
9113,407381,0,1,1,9
9114,256843,0,1,1,10
9115,42605,0,1,0,11
9116,53124,1,1,0,12
9117,24178,0,1,1,13
9118,966116,0,1,1,14
9119,625712,1,1,1,15
9120,855571,0,1,0,0
9121,882018,1,1,1,1
9122,618122,0,1,0,2
9123,540070,1,1,0,3
9124,290802,0,1,0,4
9125,717538,1,1,0,5
9126,229762,0,1,0,6
9127,261139,0,1,0,7
9128,455672,1,1,1,8
9129,124509,0,1,0,9
9130,933567,0,1,0,10
9131,101483,0,1,1,11
9132,758134,1,1,0,12
9133,875596,1,1,1,13
9134,256187,0,1,0,14
9135,999390,0,1,1,15
9136,467319,0,1,1,0
9137,86489,0,1,0,1
9138,974724,0,1,0,2
9139,100791,1,1,0,3
9140,548816,0,1,0,4
9141,925243,0,1,0,5
9142,89300,1,1,1,6
9143,333805,0,1,1,7
9144,96959,0,1,0,8
9145,694318,0,1,1,9
9146,633476,0,1,1,10
9147,582271,1,1,1,11
9148,677131,0,1,0,12
9149,387324,1,1,0,13
9150,728030,1,1,1,14
9151,271726,0,1,1,15
9152,345743,1,1,0,0
9153,525598,1,1,0,1
9154,148397,1,1,1,2
9155,796110,0,1,0,3
9156,601182,0,1,0,4
9157,843953,0,1,0,5
9158,324059,1,1,1,6
9159,157372,0,1,0,7
9160,19054,0,1,0,8
9161,198299,0,1,0,9
9162,666813,0,1,0,10
9163,272394,1,1,0,11
9164,844020,0,1,0,12
9165,889051,1,1,0,13
9166,697021,0,1,0,14
9167,12624,1,1,1,15
9168,71737,0,1,0,0
9169,380653,1,1,0,1
9170,213337,0,1,0,2
9171,339678,1,1,0,3
9172,799686,1,1,1,4
9173,250792,0,1,1,5
9174,291226,1,1,1,6
9175,432929,1,1,1,7
9176,431087,1,1,1,8
9177,31428,1,1,1,9
9178,468166,0,1,1,10
9179,337277,1,1,1,11
9180,393281,0,1,0,12
9181,989279,1,1,0,13
9182,602674,1,1,1,14
9183,636706,1,1,0,15
9184,626242,1,1,0,0
9185,262546,0,1,1,1
9186,297150,1,1,1,2
9187,610277,1,1,1,3
9188,933832,1,1,0,4
9189,738254,1,1,1,5
9190,286616,1,1,1,6
9191,905163,0,1,1,7
9192,424068,0,1,1,8
9193,452925,0,1,1,9
9194,463069,1,1,0,10
9195,155473,1,1,0,11
9196,750900,1,1,1,12
9197,56276,0,1,1,13
9198,100130,1,1,1,14
9199,61405,1,1,1,15
9200,577280,1,1,1,0
9201,144650,1,1,1,1
9202,279967,1,1,1,2
9203,924042,1,1,0,3
9204,675244,1,1,1,4
9205,756042,1,1,0,5
9206,16811,1,1,1,6
9207,849466,0,1,0,7
9208,146045,0,1,1,8
9209,740652,1,1,0,9
9210,807395,0,1,1,10
9211,565261,0,1,0,11
9212,954467,0,1,0,12
9213,96052,0,1,1,13
9214,722174,1,1,0,14
9215,531624,0,1,1,15
9216,159602,0,1,0,0
9217,965373,1,1,0,1
9218,144466,1,1,0,2
9219,684320,1,1,1,3
9220,233300,0,1,1,4
9221,538275,0,1,1,5
9222,468440,1,1,0,6
9223,625438,1,1,0,7
9224,967252,1,1,1,8
9225,804319,1,1,0,9
9226,303024,0,1,0,10
9227,1184,0,1,1,11
9228,156544,1,1,1,12
9229,933949,1,1,1,13
9230,410080,0,1,0,14
9231,147575,1,1,1,15
9232,35317,1,1,1,0
9233,556667,1,1,0,1
9234,363490,0,1,0,2
9235,525124,0,1,0,3
9236,930342,0,1,0,4
9237,73430,0,1,0,5
9238,521018,1,1,1,6
9239,274811,1,1,1,7
9240,722288,1,1,0,8
9241,340538,0,1,1,9
9242,948788,0,1,0,10
9243,142547,1,1,1,11
9244,490282,0,1,0,12
9245,238448,1,1,1,13
9246,828028,1,1,0,14
9247,957081,1,1,0,15
9248,375927,1,1,1,0
9249,668125,0,1,1,1
9250,202012,1,1,1,2
9251,431580,1,1,1,3
9252,326709,1,1,1,4
9253,167531,0,1,1,5
9254,997233,1,1,1,6
9255,975755,1,1,0,7
9256,233067,1,1,1,8
9257,361173,1,1,1,9
9258,476509,1,1,1,10
9259,18242,0,1,0,11
9260,8831,1,1,1,12
9261,308973,0,1,0,13
9262,91426,1,1,1,14
9263,167217,1,1,1,15
9264,649861,1,1,0,0
9265,99302,0,1,0,1
9266,809071,1,1,1,2
9267,587217,0,1,0,3
9268,996586,1,1,0,4
9269,146266,1,1,0,5
9270,578458,1,1,0,6
9271,735282,1,1,1,7
9272,348144,0,1,0,8
9273,112390,1,1,1,9
9274,575618,0,1,1,10
9275,121840,0,1,0,11
9276,719972,0,1,0,12
9277,439011,0,1,1,13
9278,983846,0,1,1,14
9279,72817,0,1,0,15
9280,658865,0,1,1,0
9281,185273,0,1,0,1
9282,824498,0,1,0,2
9283,662225,0,1,0,3
9284,343267,0,1,0,4
9285,362757,1,1,0,5
9286,591881,0,1,0,6
9287,18769,1,1,0,7
9288,300800,1,1,0,8
9289,697889,1,1,0,9
9290,908358,1,1,0,10
9291,935597,0,1,1,11
9292,416896,0,1,1,12
9293,119981,0,1,1,13
9294,926281,1,1,1,14
9295,33248,0,1,1,15
9296,63788,0,1,0,0
9297,487220,0,1,1,1
9298,630840,1,1,0,2
9299,181292,1,1,1,3
9300,229705,1,1,0,4
9301,58072,0,1,0,5
9302,277351,1,1,0,6
9303,447187,0,1,1,7
9304,428237,1,1,0,8
9305,24675,1,1,0,9
9306,56395,0,1,0,10
9307,89395,1,1,0,11
9308,133995,0,1,1,12
9309,588836,1,1,1,13
9310,254074,0,1,0,14
9311,547747,1,1,1,15
9312,150287,0,1,0,0
9313,480543,0,1,1,1
9314,90876,1,1,1,2
9315,31064,0,1,0,3
9316,94090,0,1,0,4
9317,758547,0,1,1,5
9318,921676,1,1,0,6
9319,781858,0,1,1,7
9320,951453,1,1,0,8
9321,184320,1,1,0,9
9322,210244,1,1,0,10
9323,947997,0,1,0,11
9324,133329,1,1,0,12
9325,595380,0,1,1,13
9326,770712,0,1,0,14
9327,970175,0,1,0,15
9328,657611,0,1,0,0
9329,447969,1,1,1,1
9330,71979,0,1,0,2
9331,367891,1,1,1,3
9332,93923,0,1,1,4
9333,131170,1,1,0,5
9334,30792,0,1,1,6
9335,686675,0,1,1,7
9336,948384,0,1,1,8
9337,277340,1,1,1,9
9338,992482,0,1,0,10
9339,558212,0,1,1,11
9340,750079,1,1,1,12
9341,392442,0,1,1,13
9342,12089,0,1,0,14
9343,521938,1,1,0,15
9344,771153,0,1,0,0
9345,450241,0,1,0,1
9346,456368,0,1,0,2
9347,787932,0,1,1,3
9348,340895,1,1,0,4
9349,235289,0,1,0,5
9350,854482,1,1,1,6
9351,809400,1,1,1,7
9352,934497,1,1,1,8
9353,765999,1,1,0,9
9354,957818,1,1,1,10
9355,790542,1,1,1,11
9356,271109,0,1,0,12
9357,327216,0,1,0,13
9358,400384,0,1,0,14
9359,760644,1,1,1,15
9360,48239,0,1,1,0
9361,917839,0,1,0,1
9362,320300,1,1,1,2
9363,686914,0,1,0,3
9364,186337,1,1,0,4
9365,937253,0,1,0,5
9366,151338,1,1,1,6
9367,461171,0,1,1,7
9368,439314,1,1,1,8
9369,229390,0,1,0,9
9370,893524,1,1,1,10
9371,664811,0,1,0,11
9372,314412,1,1,0,12
9373,401416,1,1,0,13
9374,865304,1,1,1,14
9375,26376,1,1,1,15
9376,112273,1,1,1,0
9377,652256,1,1,0,1
9378,92393,1,1,0,2
9379,349068,1,1,1,3
9380,248091,1,1,0,4
9381,7177,1,1,1,5
9382,383728,0,1,1,6
9383,523471,1,1,0,7
9384,754114,0,1,0,8
9385,779639,1,1,1,9
9386,837340,0,1,1,10
9387,656327,1,1,1,11
9388,214914,1,1,0,12
9389,767442,0,1,1,13
9390,324144,1,1,1,14
9391,515709,0,1,1,15
9392,886408,0,1,0,0
9393,156134,0,1,0,1
9394,272078,0,1,1,2
9395,246288,1,1,1,3
9396,366711,0,1,1,4
9397,585456,0,1,1,5
9398,442348,1,1,0,6
9399,87110,1,1,1,7
9400,515029,1,1,0,8
9401,429741,0,1,1,9
9402,560735,1,1,1,10
9403,177291,0,1,1,11
9404,171109,1,1,1,12
9405,985873,1,1,0,13
9406,333291,0,1,1,14
9407,793628,0,1,0,15
9408,106491,1,1,0,0
9409,785859,0,1,0,1
9410,712391,1,1,1,2
9411,132349,0,1,0,3
9412,866177,1,1,0,4
9413,481137,0,1,0,5
9414,700636,0,1,0,6
9415,998994,0,1,1,7
9416,192176,1,1,0,8
9417,413392,0,1,1,9
9418,475072,0,1,0,10
9419,3978,1,1,0,11
9420,534132,1,1,1,12
9421,411026,0,1,1,13
9422,888463,1,1,1,14
9423,438626,0,1,0,15
9424,737771,0,1,0,0
9425,848550,0,1,0,1
9426,406247,0,1,0,2
9427,980364,1,1,1,3
9428,368137,0,1,0,4
9429,977150,1,1,1,5
9430,732735,0,1,1,6
9431,821216,0,1,0,7
9432,419629,1,1,0,8
9433,998983,0,1,1,9
9434,160058,0,1,1,10
9435,897504,1,1,1,11
9436,136338,1,1,0,12
9437,289472,0,1,1,13
9438,80309,0,1,0,14
9439,971609,0,1,1,15
9440,651587,0,1,0,0
9441,922035,0,1,0,1
9442,463397,0,1,1,2
9443,926810,1,1,1,3
9444,428627,1,1,0,4
9445,893703,1,1,0,5
9446,572290,0,1,1,6
9447,463469,1,1,1,7
9448,535442,1,1,1,8
9449,897853,1,1,1,9
9450,885323,1,1,0,10
9451,282657,0,1,0,11
9452,828488,0,1,0,12
9453,653835,0,1,1,13
9454,307707,1,1,1,14
9455,496297,1,1,0,15
9456,489771,1,1,0,0
9457,870182,1,1,0,1
9458,84431,0,1,1,2
9459,694568,1,1,0,3
9460,167399,1,1,0,4
9461,606267,0,1,1,5
9462,63009,0,1,1,6
9463,670158,1,1,1,7
9464,217783,1,1,1,8
9465,379171,1,1,1,9
9466,15776,0,1,1,10
9467,38273,0,1,1,11
9468,432833,1,1,0,12
9469,977954,0,1,1,13
9470,114141,0,1,1,14
9471,845443,0,1,0,15
9472,535047,0,1,1,0
9473,318042,0,1,1,1
9474,524916,0,1,1,2
9475,593102,0,1,1,3
9476,506853,0,1,0,4
9477,315975,0,1,1,5
9478,152646,1,1,1,6
9479,131653,0,1,0,7
9480,246724,1,1,1,8
9481,328422,1,1,1,9
9482,906069,0,1,1,10
9483,285082,1,1,0,11
9484,851124,0,1,0,12
9485,219651,0,1,0,13
9486,322542,1,1,1,14
9487,56254,1,1,0,15
9488,322163,0,1,1,0
9489,761328,1,1,0,1
9490,439643,1,1,1,2
9491,921390,1,1,0,3
9492,774815,1,1,1,4
9493,790522,0,1,1,5
9494,396786,0,1,1,6
9495,574289,0,1,0,7
9496,159762,1,1,0,8
9497,993499,0,1,1,9
9498,115829,0,1,1,10
9499,158142,0,1,1,11
9500,91101,1,1,1,12
9501,352614,0,1,1,13
9502,829036,1,1,0,14
9503,668151,1,1,0,15
9504,453849,1,1,1,0
9505,884450,1,1,0,1
9506,265057,1,1,1,2
9507,633971,1,1,1,3
9508,774117,0,1,1,4
9509,787701,1,1,1,5
9510,373588,1,1,1,6
9511,171576,0,1,1,7
9512,374255,0,1,0,8
9513,269252,1,1,1,9
9514,602756,1,1,0,10
9515,823819,1,1,1,11
9516,180426,0,1,0,12
9517,18028,0,1,1,13
9518,419084,1,1,1,14
9519,691982,0,1,0,15
9520,724521,0,1,0,0
9521,289840,0,1,0,1
9522,839941,0,1,0,2
9523,296805,0,1,1,3
9524,674044,0,1,1,4
9525,858114,1,1,1,5
9526,92214,1,1,1,6
9527,803645,1,1,1,7
9528,129735,1,1,0,8
9529,105986,0,1,0,9
9530,703155,0,1,0,10
9531,744759,1,1,0,11
9532,642210,0,1,0,12
9533,517009,1,1,0,13
9534,811714,0,1,1,14
9535,205065,0,1,1,15
9536,573259,1,1,0,0
9537,577169,1,1,1,1
9538,84209,0,1,0,2
9539,557000,1,1,1,3
9540,153881,0,1,1,4
9541,486120,0,1,1,5
9542,261177,0,1,0,6
9543,2644,0,1,0,7
9544,898813,0,1,0,8
9545,701173,1,1,0,9
9546,449876,1,1,1,10
9547,244845,0,1,1,11
9548,321623,0,1,0,12
9549,236294,1,1,1,13
9550,353751,0,1,0,14
9551,710063,0,1,0,15
9552,615262,1,1,0,0
9553,827280,0,1,1,1
9554,301466,0,1,1,2
9555,524753,1,1,1,3
9556,916908,0,1,0,4
9557,905970,1,1,1,5
9558,527109,1,1,1,6
9559,845458,1,1,1,7
9560,187455,0,1,1,8
9561,759186,0,1,0,9
9562,67920,1,1,1,10
9563,553895,0,1,0,11
9564,541923,0,1,1,12
9565,290695,0,1,0,13
9566,615186,0,1,0,14
9567,840299,0,1,0,15
9568,440167,1,1,0,0
9569,562918,1,1,1,1
9570,24327,1,1,0,2
9571,424833,0,1,1,3
9572,424833,1,1,0,4
9573,272285,1,1,1,5
9574,908247,1,1,0,6
9575,811736,1,1,0,7
9576,19175,0,1,1,8
9577,364188,0,1,1,9
9578,887874,0,1,1,10
9579,103117,0,1,0,11
9580,856224,0,1,0,12
9581,105651,1,1,0,13
9582,45868,1,1,0,14
9583,190574,1,1,0,15
9584,95534,0,1,0,0
9585,168819,0,1,0,1
9586,854776,1,1,1,2
9587,920821,1,1,0,3
9588,389096,1,1,1,4
9589,326110,1,1,0,5
9590,205598,0,1,1,6
9591,688403,0,1,1,7
9592,786172,0,1,1,8
9593,292517,1,1,1,9
9594,86258,1,1,0,10
9595,841113,0,1,0,11
9596,761484,1,1,0,12
9597,195547,0,1,0,13
9598,259140,1,1,0,14
9599,905121,1,1,1,15
9600,30732,0,1,0,0
9601,124219,1,1,0,1
9602,742637,0,1,0,2
9603,420950,0,1,1,3
9604,53434,1,1,1,4
9605,326061,1,1,1,5
9606,640996,0,1,0,6
9607,780114,1,1,1,7
9608,997261,1,1,0,8
9609,553536,1,1,0,9
9610,444475,1,1,0,10
9611,4395,0,1,1,11
9612,863813,0,1,1,12
9613,991920,0,1,1,13
9614,251362,1,1,0,14
9615,520798,1,1,0,15
9616,149189,1,1,0,0
9617,105362,0,1,1,1
9618,748191,1,1,1,2
9619,765441,0,1,0,3
9620,673040,0,1,0,4
9621,914668,1,1,1,5
9622,529779,1,1,0,6
9623,403755,0,1,1,7
9624,55440,1,1,0,8
9625,61294,0,1,1,9
9626,212479,0,1,1,10
9627,171082,0,1,1,11
9628,65518,1,1,1,12
9629,732816,0,1,0,13
9630,211440,1,1,1,14
9631,110137,1,1,1,15
9632,623562,0,1,1,0
9633,468422,1,1,1,1
9634,577513,0,1,0,2
9635,868297,0,1,1,3
9636,620995,0,1,1,4
9637,653156,0,1,0,5
9638,633750,1,1,1,6
9639,956741,1,1,1,7
9640,51904,1,1,1,8
9641,84077,0,1,1,9
9642,93812,1,1,0,10
9643,846818,1,1,0,11
9644,289431,1,1,0,12
9645,34010,0,1,1,13
9646,983941,1,1,0,14
9647,13848,1,1,1,15
9648,220051,1,1,0,0
9649,312281,0,1,0,1
9650,963625,0,1,1,2
9651,982293,1,1,0,3
9652,497910,1,1,1,4
9653,852798,0,1,0,5
9654,122449,1,1,0,6
9655,252395,1,1,0,7
9656,112133,1,1,0,8
9657,786655,1,1,0,9
9658,723370,0,1,1,10
9659,520495,1,1,1,11
9660,783851,1,1,1,12
9661,103706,0,1,0,13
9662,618339,1,1,1,14
9663,862597,1,1,0,15
9664,489303,1,1,0,0
9665,798939,0,1,0,1
9666,683915,1,1,0,2
9667,581725,0,1,0,3
9668,435098,1,1,0,4
9669,47802,0,1,0,5
9670,818597,0,1,1,6
9671,785609,1,1,0,7
9672,110061,1,1,0,8
9673,927598,0,1,0,9
9674,660961,1,1,1,10
9675,794475,1,1,0,11
9676,406799,0,1,1,12
9677,927053,1,1,0,13
9678,972359,0,1,1,14
9679,163146,0,1,0,15
9680,797505,1,1,1,0
9681,985564,0,1,0,1
9682,372013,1,1,0,2
9683,716957,1,1,0,3
9684,750035,0,1,1,4
9685,646803,0,1,0,5
9686,787749,1,1,0,6
9687,53403,1,1,1,7
9688,756819,0,1,0,8
9689,531971,0,1,1,9
9690,270922,1,1,0,10
9691,103308,1,1,0,11
9692,610098,0,1,0,12
9693,679493,1,1,0,13
9694,298735,1,1,0,14
9695,886468,0,1,0,15
9696,667034,1,1,1,0
9697,489328,1,1,0,1
9698,861380,0,1,1,2
9699,549332,0,1,1,3
9700,344622,0,1,1,4
9701,909468,0,1,0,5
9702,382373,0,1,1,6
9703,966016,1,1,0,7
9704,9884,1,1,0,8
9705,659226,0,1,1,9
9706,126333,1,1,0,10
9707,80784,0,1,0,11
9708,216042,1,1,0,12
9709,458804,0,1,0,13
9710,357278,1,1,1,14
9711,234312,1,1,1,15
9712,354102,1,1,1,0
9713,555860,1,1,1,1
9714,173696,1,1,0,2
9715,740472,0,1,1,3
9716,125179,1,1,1,4
9717,23734,1,1,1,5
9718,495503,0,1,1,6
9719,967442,0,1,1,7
9720,174555,0,1,0,8
9721,585223,0,1,1,9
9722,554157,1,1,0,10
9723,708833,1,1,1,11
9724,909355,0,1,0,12
9725,877785,1,1,1,13
9726,465191,0,1,0,14
9727,547972,0,1,1,15
9728,780851,1,1,1,0
9729,3632,1,1,1,1
9730,494586,1,1,1,2
9731,144286,1,1,1,3
9732,817250,1,1,1,4
9733,490715,0,1,0,5
9734,627829,0,1,0,6
9735,797393,0,1,0,7
9736,58970,1,1,1,8
9737,749794,0,1,1,9
9738,237710,1,1,0,10
9739,490680,0,1,1,11
9740,117390,1,1,1,12
9741,991422,0,1,1,13
9742,435686,1,1,0,14
9743,110923,1,1,1,15
9744,447482,0,1,1,0
9745,28826,1,1,0,1
9746,579365,0,1,1,2
9747,723790,0,1,0,3
9748,536856,0,1,0,4
9749,116464,1,1,0,5
9750,817048,1,1,0,6
9751,645472,1,1,0,7
9752,492812,1,1,0,8
9753,875341,0,1,0,9
9754,162140,1,1,0,10
9755,136083,1,1,0,11
9756,937173,0,1,0,12
9757,212654,0,1,0,13
9758,709725,1,1,1,14
9759,624660,1,1,0,15
9760,921820,0,1,1,0
9761,794997,1,1,0,1
9762,616646,1,1,0,2
9763,664528,0,1,0,3
9764,402861,1,1,1,4
9765,263523,0,1,1,5
9766,504493,0,1,1,6
9767,514233,1,1,1,7
9768,812536,1,1,0,8
9769,126474,1,1,1,9
9770,561486,1,1,0,10
9771,207582,0,1,1,11
9772,508733,0,1,0,12
9773,355308,1,1,0,13
9774,878184,1,1,0,14
9775,237697,1,1,0,15
9776,42277,0,1,1,0
9777,469143,0,1,0,1
9778,920972,0,1,1,2
9779,439590,0,1,0,3
9780,586845,0,1,1,4
9781,905227,1,1,1,5
9782,111194,1,1,1,6
9783,943373,1,1,1,7
9784,946800,0,1,0,8
9785,7313,0,1,0,9
9786,190905,1,1,0,10
9787,837046,0,1,1,11
9788,300728,0,1,0,12
9789,573603,0,1,0,13
9790,15650,1,1,0,14
9791,706464,0,1,0,15
9792,757906,1,1,0,0
9793,751114,0,1,0,1
9794,575712,1,1,1,2
9795,384132,1,1,0,3
9796,822481,0,1,0,4
9797,368992,1,1,0,5
9798,488136,0,1,0,6
9799,909254,1,1,0,7
9800,524814,1,1,0,8
9801,33007,1,1,0,9
9802,15447,1,1,1,10
9803,177961,1,1,1,11
9804,682971,1,1,0,12
9805,269373,1,1,1,13
9806,701634,0,1,1,14
9807,910297,1,1,0,15
9808,307401,0,1,0,0
9809,203586,0,1,0,1
9810,837186,1,1,1,2
9811,805341,0,1,1,3
9812,141509,1,1,1,4
9813,223648,1,1,1,5
9814,918909,1,1,0,6
9815,414462,1,1,1,7
9816,195269,0,1,1,8
9817,170152,0,1,0,9
9818,864279,0,1,1,10
9819,127446,0,1,0,11
9820,409682,0,1,1,12
9821,613502,0,1,1,13
9822,39900,1,1,0,14
9823,827686,0,1,0,15
9824,403127,1,1,0,0
9825,631731,0,1,0,1
9826,701382,0,1,0,2
9827,800503,1,1,1,3
9828,401004,1,1,1,4
9829,578276,0,1,1,5
9830,369531,0,1,1,6
9831,888056,1,1,1,7
9832,478039,1,1,1,8
9833,272192,0,1,0,9
9834,417764,1,1,0,10
9835,698752,0,1,1,11
9836,495096,1,1,0,12
9837,20891,1,1,0,13
9838,407827,0,1,1,14
9839,839749,1,1,0,15
9840,463979,1,1,1,0
9841,715381,1,1,1,1
9842,715799,0,1,0,2
9843,373826,0,1,1,3
9844,69514,1,1,0,4
9845,458156,1,1,1,5
9846,649849,0,1,1,6
9847,723616,0,1,1,7
9848,124146,0,1,1,8
9849,257854,1,1,1,9
9850,606145,0,1,1,10
9851,890980,0,1,1,11
9852,958809,1,1,1,12
9853,976768,0,1,1,13
9854,382392,0,1,0,14
9855,730839,1,1,0,15
9856,784931,0,1,1,0
9857,985246,1,1,1,1
9858,920096,1,1,1,2
9859,989145,0,1,1,3
9860,148938,1,1,1,4
9861,93788,0,1,1,5
9862,337489,1,1,1,6
9863,57587,1,1,1,7
9864,771543,0,1,1,8
9865,121048,1,1,0,9
9866,879472,0,1,0,10
9867,426322,1,1,1,11
9868,938108,1,1,0,12
9869,312677,0,1,1,13
9870,863452,1,1,1,14
9871,152245,0,1,1,15
9872,407262,1,1,0,0
9873,76232,1,1,1,1
9874,4627,0,1,0,2
9875,503676,1,1,1,3
9876,972810,0,1,1,4
9877,10115,0,1,0,5
9878,228156,0,1,1,6
9879,207225,0,1,1,7
9880,381660,0,1,0,8
9881,48676,1,1,1,9
9882,986728,0,1,0,10
9883,852881,0,1,0,11
9884,680293,1,1,0,12
9885,548072,1,1,1,13
9886,804094,1,1,1,14
9887,270562,1,1,0,15
9888,936157,1,1,1,0
9889,819746,0,1,1,1
9890,164145,0,1,1,2
9891,295772,1,1,1,3
9892,889754,1,1,0,4
9893,222174,0,1,1,5
9894,736957,0,1,0,6
9895,784396,0,1,1,7
9896,728591,0,1,1,8
9897,117972,0,1,0,9
9898,650121,1,1,0,10
9899,564337,0,1,1,11
9900,907755,0,1,0,12
9901,232922,1,1,0,13
9902,605959,1,1,0,14
9903,143607,1,1,0,15
9904,302576,1,1,0,0
9905,568150,0,1,0,1
9906,896826,0,1,0,2
9907,307060,0,1,1,3
9908,527842,1,1,0,4
9909,69163,0,1,1,5
9910,231097,0,1,1,6
9911,24731,1,1,1,7
9912,10716,1,1,1,8
9913,316070,1,1,0,9
9914,957219,0,1,0,10
9915,112342,0,1,1,11
9916,774468,1,1,0,12
9917,445736,1,1,0,13
9918,629866,1,1,1,14
9919,848685,0,1,1,15
9920,848812,1,1,1,0
9921,78218,0,1,0,1
9922,853591,1,1,0,2
9923,16222,0,1,1,3
9924,331762,0,1,0,4
9925,899838,1,1,1,5
9926,239740,1,1,0,6
9927,49127,0,1,0,7
9928,154519,1,1,0,8
9929,105837,1,1,0,9
9930,386192,1,1,1,10
9931,955874,1,1,1,11
9932,74731,0,1,0,12
9933,395373,0,1,0,13
9934,499407,1,1,0,14
9935,754656,0,1,0,15
9936,382446,0,1,0,0
9937,800746,1,1,0,1
9938,846770,0,1,0,2
9939,749006,1,1,0,3
9940,576769,1,1,1,4
9941,406989,1,1,1,5
9942,732206,1,1,1,6
9943,304928,1,1,1,7
9944,423919,1,1,1,8
9945,747546,1,1,1,9
9946,832767,1,1,0,10
9947,256973,0,1,0,11
9948,242314,0,1,0,12
9949,700184,1,1,0,13
9950,909888,0,1,1,14
9951,981172,1,1,0,15
9952,644313,0,1,1,0
9953,904399,1,1,0,1
9954,346025,0,1,1,2
9955,243975,0,1,0,3
9956,324910,1,1,1,4
9957,576666,1,1,0,5
9958,95122,0,1,1,6
9959,98013,0,1,1,7
9960,3293,0,1,1,8
9961,341681,1,1,1,9
9962,17906,0,1,0,10
9963,860027,1,1,0,11
9964,124248,1,1,0,12
9965,923234,0,1,0,13
9966,798024,1,1,1,14
9967,289551,1,1,0,15
9968,956390,1,1,1,0
9969,522893,0,1,0,1
9970,441043,0,1,0,2
9971,272186,1,1,0,3
9972,806049,1,1,0,4
9973,163021,1,1,1,5
9974,514415,0,1,0,6
9975,530123,0,1,1,7
9976,860108,1,1,0,8
9977,847653,0,1,1,9
9978,613635,0,1,0,10
9979,825479,1,1,0,11
9980,445107,0,1,1,12
9981,897081,1,1,1,13
9982,128220,0,1,0,14
9983,335605,0,1,1,15
9984,495409,1,1,1,0
9985,258770,1,1,1,1
9986,578615,1,1,0,2
9987,353329,1,1,1,3
9988,336543,1,1,1,4
9989,780623,0,1,0,5
9990,802076,0,1,1,6
9991,958812,1,1,1,7
9992,906209,0,1,1,8
9993,116568,1,1,0,9
9994,143462,1,1,0,10
9995,572532,1,1,1,11
9996,807853,1,1,1,12
9997,80070,1,1,1,13
9998,949835,1,1,1,14
9999,470853,1,1,0,15
